from,to,weight
149,28,0.10594644800405419
149,50,0.10590162597889463
149,211,0.12053457816344217
149,245,0.10915673267332773
149,288,0.10523462791609992
149,316,0.10485278250001569
149,330,0.11758067515595183
149,373,0.11435989739699584
149,382,0.12599124202206505
149,478,0.10455250671600408
150,26,0.11010857888300417
150,79,0.11941989326477531
150,151,0.13185001571366312
150,161,0.11216447041852838
150,177,0.08657677838210662
150,198,0.11963647815417412
150,205,0.11976610655840117
150,289,0.09198156993371093
150,302,0.09289379562295386
150,387,0.11816785072780613
150,413,0.11360826451781085
150,442,0.11813807426278425
150,447,0.09178235252697563
150,504,0.12684694197385157
268,26,0.07758492108003111
268,86,0.07958945146613071
268,166,0.07795049562439342
268,230,0.0796831742135126
268,263,0.07866966700279426
268,269,0.07866753337270958
268,291,0.07724223207469062
268,339,0.07779759473805223
268,421,0.09466800127090838
268,445,0.06768985484923104
268,504,0.07768113710847385
369,2,0.08488819801305045
369,66,0.09400696505594267
369,85,0.08295302086910603
369,187,0.07314126489222715
369,222,0.0833973071312923
369,299,0.08627835976475663
369,305,0.08453292173914566
369,332,0.08443327806988266
369,367,0.07815985653953922
369,370,0.08385415030412313
369,381,0.06819285602386536
369,406,0.08478480137112152
369,481,0.09400389536848332
369,521,0.09518173828890898
60,81,0.07363949022574166
60,204,0.078552446713487
60,207,0.0728347680182744
60,227,0.07573931461851863
60,279,0.08070555055891485
60,339,0.0753723373745132
60,359,0.0790872832512044
60,395,0.07789824379079353
60,485,0.07360091062834062
60,499,0.07637848978806193
296,1,0.01132255895891199
296,20,0.08532105038015592
296,24,0.07946719181742534
296,62,0.08998684455731573
296,136,0.0616450891518461
296,156,0.06843567315580655
296,179,0.07563254259996588
296,202,0.07535687483005085
296,204,0.09037356839401896
296,226,0.05908705844404135
296,274,0.0792092292346845
296,308,0.07858277682426677
296,356,0.06675610982366016
296,365,0.06396470993138842
296,370,0.07563842100740853
296,426,0.07966333973911391
296,462,0.07715504798683226
296,530,0.058232138344818773
498,6,0.10220064047609582
498,79,0.10296927456858837
498,98,0.09284732002743859
498,132,0.105883062142108
498,139,0.10139300373485767
498,151,0.101564285692747
498,259,0.10477529408427556
498,321,0.12161505030154404
498,374,0.1043026468607519
498,387,0.10824265260751356
498,410,0.1026942656391733
498,507,0.08950240737197535
527,12,0.09347710841324545
527,27,0.0713380092389704
527,31,0.10322511530758392
527,89,0.0909481733403101
527,151,0.08731224929276737
527,187,0.07643884147245679
527,193,0.08931091878463629
527,222,0.09045638971565013
527,260,0.08825065685148625
527,264,0.07255935516566306
527,286,0.07979453029785834
527,299,0.09423351297925775
527,305,0.08696788586786382
527,338,0.08232366008706668
527,342,0.0854120652897251
527,377,0.08424551170717645
527,496,0.07842908013140382
527,522,0.09351147563814685
124,3,0.0988459083943619
124,5,0.06875692088145978
124,38,0.08739475302622071
124,73,0.10032096565748864
124,81,0.09684858394108518
124,125,0.09464505995046638
124,130,0.08143036409620551
124,137,0.10073818229680516
124,140,0.10038741437886829
124,145,0.07822014416798798
124,146,0.0868916862105804
124,154,0.0871758836603639
124,179,0.10736006412324878
124,184,0.10049736502425911
124,196,0.10134645922143641
124,208,0.08256745581048264
124,216,0.08974301823098756
124,233,0.08688108003725817
124,248,0.08317147079608926
124,249,0.09914085823948827
124,258,0.07446272516858875
124,263,0.09512905622593563
124,269,0.0887125681383335
124,283,0.10106556580774534
124,284,0.07968828861898755
124,287,0.08877490839426098
124,302,0.09270905234631582
124,314,0.054515075418496255
124,329,0.09589900813154575
124,339,0.1043300764277131
124,341,0.09172645920495806
124,344,0.0926812379255183
124,352,0.0856329675847802
124,355,0.08218948547458466
124,375,0.07834179871814931
124,376,0.07227064507945072
124,379,0.09249857513181663
124,391,0.08869793234982114
124,396,0.10619850502437338
124,397,0.0935444414984124
124,412,0.07530021822428555
124,417,0.08706063101106279
124,418,0.09417699740724653
124,427,0.09955519499181345
124,432,0.08058699480145756
124,455,0.07649346776368234
124,477,0.08355745510464833
124,485,0.07700772353804929
124,486,0.09097145602911967
124,495,0.0877092023884297
124,503,0.09646654757152076
124,515,0.0883755195209729
124,518,0.08939624884463557
124,524,0.09297569908619999
226,20,0.05945537225961846
226,33,0.054576074024378966
226,202,0.05505599902296602
226,204,0.0572722568091238
226,206,0.05490969491727807
226,279,0.05558056790574492
226,296,0.05908705844404135
226,335,0.05727591302169136
226,360,0.0551201836268087
226,365,0.05535990926298537
302,3,0.10357173149443852
302,32,0.0897903406851508
302,37,0.08027297088959989
302,47,0.08417104491498667
302,62,0.0774821669429772
302,124,0.09270905234631582
302,140,0.09345308517674963
302,145,0.07467704064448959
302,150,0.09289379562295386
302,196,0.08432024085679021
302,287,0.09124970251355129
302,339,0.10135922194831597
302,341,0.09810442508946811
302,365,0.060199780918098
302,383,0.0811716572504235
302,396,0.08729739401215186
302,412,0.07370915611829897
302,418,0.08751750414449933
302,427,0.09189323891795201
302,432,0.08582649971833083
302,447,0.08635192066913737
302,503,0.09464492520004741
302,518,0.0904339575636675
345,10,0.09902748489061372
345,26,0.10351903456216771
345,54,0.07637086383600455
345,137,0.10535922686786202
345,249,0.10154185724710693
345,291,0.09621779281185674
345,294,0.0814605608235748
345,326,0.09386960719544471
345,334,0.09169327661126263
345,344,0.09197179437589363
345,354,0.09964036545557242
345,361,0.07645476762364957
345,404,0.09879391805789033
345,413,0.09874614227658883
345,492,0.10918764224835154
88,75,0.09768327172866285
88,94,0.10113680427104182
88,95,0.10032384056539347
88,181,0.10072673941425288
88,242,0.12655531962333552
88,315,0.09795878083809156
88,350,0.11811644283365004
88,389,0.10224464833025425
88,434,0.09600121267917233
88,509,0.11641259511751204
201,11,0.13309132170756466
201,16,0.11087900329788597
201,48,0.13994339965926994
201,51,0.11161233490916024
201,75,0.1467631157839755
201,108,0.16142403962745736
201,112,0.17824603766022137
201,126,0.15499977701342688
201,148,0.10829628924240403
201,164,0.08017418096912993
201,165,0.14416632337237983
201,182,0.14158058177963098
201,209,0.1133314277233578
201,221,0.13150820709240998
201,251,0.11603453444248425
201,256,0.0770708299023604
201,272,0.12779102626808536
201,312,0.13332290493036117
201,313,0.09152769545603127
201,348,0.10959732004518827
201,368,0.09422021344593241
201,371,0.14216250658229893
201,372,0.14035891121470515
201,389,0.14466309956022025
201,399,0.0947570038370102
201,414,0.16646680432316
201,443,0.10905269868631347
201,471,0.09561534445348355
201,483,0.1406651801710198
201,490,0.14282046001053988
304,8,0.13973077762368938
304,59,0.1459114466628915
304,110,0.14625365840997634
304,112,0.14926302723566537
304,169,0.08913741453881492
304,229,0.1224326956478006
304,244,0.1486429006489991
304,247,0.11662865028255542
304,280,0.16654264174788896
304,315,0.15259230906113128
304,385,0.1327431915471569
304,394,0.1554772568058145
304,420,0.15011170742759153
304,428,0.1518707116225194
304,443,0.10935788176557266
304,461,0.15682065079756952
304,479,0.1421167270403622
304,526,0.1439240962325296
324,20,0.05773303581797066
324,58,0.057708582862244895
324,73,0.0563585318478764
324,114,0.056788597059612464
324,154,0.06103091600724919
324,163,0.05813338054198339
324,220,0.0606574192274737
324,416,0.06870255066035713
324,445,0.061891865102293726
324,455,0.0592132727380947
32,15,0.08413032774987303
32,47,0.0877147769677604
32,49,0.0833411800791118
32,90,0.08965771682607393
32,174,0.10651548615310807
32,222,0.091071945881223
32,233,0.08287371595109053
32,236,0.08669956872190634
32,249,0.08925736036110377
32,302,0.0897903406851508
32,343,0.08265883993462078
32,370,0.08999367282612739
32,381,0.06820130886048702
32,383,0.07984404014857661
32,427,0.09072305551752222
32,465,0.09293458852135834
210,39,0.07618267547066294
210,90,0.08237682239277935
210,196,0.08918445472974622
210,263,0.07564790634766344
210,274,0.07381050755152244
210,339,0.0769087615146209
210,343,0.0768940104966991
210,465,0.07925373687248706
210,480,0.07522972700600215
210,518,0.0742257958025118
338,31,0.07468129599569712
338,86,0.08217005339598285
338,115,0.07755504384881233
338,122,0.08423339192821394
338,222,0.08116699596962171
338,231,0.08227680713355068
338,260,0.08380006650818946
338,320,0.10116147118711434
338,374,0.07948612982176459
338,464,0.08061510977907274
338,494,0.0820000403631442
338,527,0.08232366008706668
360,1,0.01133380019376315
360,3,0.060851039624966324
360,46,0.06185660246908267
360,81,0.06230108411742073
360,84,0.06648296847359235
360,145,0.06740250037150201
360,180,0.06447369038667625
360,189,0.06178381296717392
360,207,0.06219527930627877
360,226,0.0551201836268087
360,335,0.059288645122128655
360,485,0.061455172063014804
360,530,0.05811216152484251
408,3,0.07861090663727952
408,13,0.07306215249046814
408,37,0.07283804370857921
408,39,0.07697737313975025
408,68,0.07513066934839455
408,72,0.08899960661011677
408,81,0.07500470513610705
408,163,0.07533151685844564
408,252,0.06296205688726302
408,283,0.07272930107989935
408,335,0.07739006063725026
494,57,0.10311209492719936
494,93,0.09865629388703473
494,107,0.08210702110726743
494,134,0.09072737371254298
494,171,0.10086301377995367
494,174,0.1005816197516309
494,176,0.08788881473707241
494,222,0.10320672168602008
494,260,0.094989548365076
494,305,0.10658905738967617
494,327,0.08953520725096241
494,338,0.0820000403631442
494,370,0.11696668396736157
494,397,0.09392401312406919
494,411,0.08352033915924431
494,427,0.09638135170801916
494,460,0.10120433749591104
494,465,0.0868733807681333
494,512,0.07929617446498981
494,520,0.0872597306989197
7,6,0.10996561121756097
7,45,0.11731078986136617
7,65,0.07618368447645801
7,79,0.11892013827961925
7,117,0.060795674284948545
7,118,0.0773199175483485
7,132,0.11479268564724178
7,139,0.1156959826097529
7,164,0.08001961943753637
7,165,0.11043864811080958
7,177,0.09724143098411969
7,205,0.11456379112206018
7,231,0.10357527578954724
7,254,0.08777414218666373
7,318,0.08568486960586226
7,320,0.0979556528273296
7,354,0.1176419322625155
7,442,0.10923445121004612
7,504,0.11951190413535362
254,7,0.08777414218666373
254,118,0.0801430199057214
254,142,0.08937320480434656
254,151,0.08533381608383958
254,213,0.0873629834910868
254,225,0.08460138410095278
254,374,0.08621072540553988
254,387,0.08581102069697583
254,410,0.09601737192413559
254,413,0.09207141760581984
254,504,0.08622001152277059
49,5,0.07067154020796432
49,32,0.0833411800791118
49,41,0.09431860799904769
49,47,0.08086320140702194
49,171,0.08885949086204278
49,176,0.08352722589839909
49,343,0.09193192191680472
49,379,0.08528323904269736
49,400,0.08169726497329519
49,435,0.07614402723904799
49,444,0.08461015072402434
49,464,0.08297118724948054
81,5,0.07187498724162775
81,13,0.09227640374168544
81,41,0.08998020645107171
81,60,0.07363949022574166
81,72,0.08419022210425303
81,84,0.08079780416594154
81,118,0.07442448548491053
81,124,0.09684858394108518
81,125,0.09770755058227691
81,179,0.08828552289980018
81,189,0.09184181523059061
81,216,0.09028058737514956
81,237,0.07136477751074115
81,238,0.08758271161709003
81,250,0.08795574595339688
81,262,0.06815955373790798
81,322,0.06451307154116045
81,360,0.06230108411742073
81,375,0.08228251037415635
81,408,0.07500470513610705
81,412,0.07372870063921297
81,416,0.07518693106821932
81,418,0.08301637276486253
81,458,0.0800170174028886
81,485,0.08647791919593946
81,486,0.08924968105848027
81,516,0.09670158289016305
267,2,0.06418039973381683
267,12,0.061744220499336575
267,138,0.06685726882049957
267,166,0.06260995663163432
267,282,0.07265612389395444
267,299,0.06582665630881887
267,347,0.06603295923825618
267,353,0.06728664350927215
267,378,0.06104267184624758
267,481,0.06271228824888103
340,142,0.112155212229084
340,151,0.10562098432200707
340,192,0.11244734601988607
340,198,0.12285372050853716
340,215,0.11452289521504845
340,218,0.13415211140806046
340,225,0.12515284443803545
340,362,0.08846670884048155
340,387,0.11325263202623931
340,431,0.10541217970301474
340,497,0.1198221502764985
508,52,0.07051026211020868
508,138,0.0672748319059436
508,140,0.06796764288799823
508,185,0.06660785565642165
508,207,0.07165783218024821
508,230,0.06851566925874693
508,248,0.06687023407942465
508,353,0.06775638979429344
508,466,0.06721693501268618
508,515,0.07218573388331372
87,19,0.1620599614892989
87,28,0.13498678095038133
87,34,0.16065341485869122
87,42,0.13683152095970536
87,44,0.13413069224831478
87,50,0.1203267997913065
87,55,0.11841115156675508
87,59,0.17009761102555196
87,83,0.11402345535337459
87,92,0.11399434471192399
87,99,0.15475536784561056
87,123,0.13304245399663372
87,133,0.18043798669853542
87,162,0.13970667119614563
87,169,0.09138717681368907
87,197,0.15452165385188274
87,224,0.10182493794262469
87,240,0.1469454422815621
87,244,0.16617175974123108
87,245,0.14214411975090677
87,277,0.1627717656671087
87,278,0.15596383886967383
87,301,0.1316981639118704
87,316,0.12960493371750534
87,330,0.12755345628069498
87,336,0.15448684132053705
87,373,0.10392298336359936
87,385,0.1328088509415134
87,392,0.14098313932117282
87,398,0.14635392209275447
87,403,0.09562036660004312
87,420,0.15358562378588073
87,473,0.15319762589396962
87,478,0.13443997715011988
87,492,0.13529069596427273
87,505,0.15060398598921623
87,519,0.09284735984003886
230,9,0.06287572449690257
230,73,0.08426011750782103
230,155,0.07983789558979225
230,207,0.08487227614992354
230,227,0.08514435121113662
230,268,0.0796831742135126
230,306,0.08166816857634429
230,339,0.08561268974428299
230,370,0.0844040974695506
230,395,0.08289461097283943
230,421,0.08379603488637036
230,460,0.08029778720189217
230,506,0.06666218378935274
230,508,0.06851566925874693
445,39,0.06523613559161016
445,114,0.06781144854932444
445,140,0.07232851879874326
445,196,0.06510443591451275
445,220,0.06684320407402988
445,268,0.06768985484923104
445,294,0.068628642584606
445,309,0.06719118040706912
445,324,0.061891865102293726
445,397,0.0661635236871045
445,458,0.06625194764488669
89,2,0.09344551899762334
89,12,0.0903774738745484
89,27,0.07510707805822264
89,31,0.07652903776017167
89,107,0.08150058862032485
89,151,0.09327333314810772
89,175,0.07658202156799374
89,188,0.07801064407483793
89,191,0.07367305266030431
89,232,0.0808747204403624
89,256,0.0724485967019019
89,260,0.09462792981923589
89,264,0.0826733434839355
89,293,0.07505113728596309
89,351,0.08416746966293766
89,370,0.0906592878868358
89,377,0.08412299489879067
89,444,0.09186761753458518
89,465,0.08674241575384362
89,469,0.06987042392664887
89,481,0.09839369022967052
89,493,0.08990974684782618
89,520,0.08611664915122415
89,521,0.08885125082435734
89,525,0.07570571849683813
89,527,0.0909481733403101
184,73,0.09037852800413121
184,90,0.09710922205100657
184,109,0.07770222709167
184,124,0.10049736502425911
184,129,0.07130285201409062
184,143,0.05412956134527295
184,154,0.08241682441151181
184,163,0.09637562840754497
184,196,0.08439232229803069
184,208,0.08592157386135484
184,249,0.09213005540339357
184,262,0.06876041895329146
184,263,0.09373590284353563
184,293,0.0722812893777072
184,352,0.09496782762565985
184,355,0.07329361821291905
184,358,0.05800344246133227
184,412,0.07523979587491067
184,417,0.08447458856664473
184,427,0.09140772801928061
184,432,0.08589917370129664
184,444,0.09230173874681065
184,457,0.07524618988486748
184,458,0.08296533759690371
184,465,0.09204473947862657
184,495,0.07993360325155228
184,515,0.0853949763936192
184,518,0.08452616648891036
477,29,0.07780272579884001
477,38,0.08695419350993495
477,124,0.08355745510464833
477,140,0.07766445478699839
477,179,0.08375870479249962
477,233,0.08212028978753307
477,236,0.0857137426253639
477,283,0.07856903905679409
477,308,0.07748541089017243
477,523,0.0840249056529617
482,29,0.07994176853840833
482,41,0.0775844214459999
482,115,0.10228205467132363
482,155,0.08306729410462435
482,208,0.077192861750204
482,269,0.07853724338158569
482,347,0.07612173679730638
482,359,0.07611291276688893
482,370,0.07920942899654046
482,378,0.07674645116846875
482,451,0.07510741503006212
482,532,0.06352625685818271
44,19,0.1569032193263078
44,50,0.12182085528996395
44,61,0.13546753583346507
44,87,0.13413069224831478
44,133,0.126078289324406
44,244,0.14262303797176118
44,277,0.13803232311186361
44,278,0.147454540205647
44,328,0.1103274155226552
44,331,0.08809821530283705
44,446,0.09930374601093953
44,473,0.13039797882788653
44,483,0.126172954731605
44,526,0.13001529629679903
77,130,0.07190907791572128
77,179,0.07505882351197866
77,194,0.07201479603800588
77,236,0.07490381487943351
77,279,0.07227199804782197
77,284,0.07373561919030508
77,311,0.07368467490631489
77,423,0.07261559915062586
77,455,0.07414659640995372
77,513,0.07102771375958492
77,532,0.06452615589879214
269,38,0.08648979297112762
269,54,0.07569998827961374
269,73,0.08789156314919044
269,90,0.09104432716212697
269,97,0.0869011296365647
269,107,0.07795153131043002
269,122,0.09705834317612883
269,124,0.0887125681383335
269,157,0.07893177225579054
269,174,0.10465051426564294
269,208,0.07397808461601672
269,220,0.07769845910600186
269,268,0.07866753337270958
269,305,0.08938972431833946
269,370,0.09303320178680476
269,421,0.07651260224970154
269,457,0.07149263793051341
269,460,0.09194859760801724
269,482,0.07853724338158569
269,517,0.08371831793499522
407,19,0.12385707437330903
407,42,0.12291102396974571
407,48,0.12329334166974049
407,112,0.12873048652617616
407,121,0.11483049472967534
407,209,0.11269493796172751
407,277,0.12926911985083323
407,278,0.1331274266428802
407,298,0.1186656083240094
407,336,0.13195545397628505
407,354,0.12860938098180053
407,414,0.1232061657219407
407,526,0.12867136522019174
71,57,0.0670899710120814
71,66,0.06522663221879454
71,189,0.07151514920707737
71,290,0.06728850643025713
71,305,0.06612473395582767
71,323,0.06580910908968378
71,460,0.0651327564349692
71,467,0.07275135279294968
71,514,0.06812931675565008
71,517,0.07388582850474108
258,3,0.07883917020714874
258,29,0.0890391601461017
258,46,0.07239169168092008
258,97,0.07773145547544745
258,116,0.07315879635262539
258,124,0.07446272516858875
258,155,0.07509796033299752
258,194,0.07972985929250005
258,206,0.07629587416568964
258,239,0.07110236240141611
258,287,0.07585342867784038
258,314,0.055067285226272654
260,2,0.08825136499669205
260,86,0.08742461642589236
260,89,0.09462792981923589
260,107,0.07909620399422611
260,151,0.08670207915272403
260,183,0.08574857341247628
260,187,0.07882468228448156
260,193,0.08759733068691897
260,286,0.08458148407209112
260,305,0.09018293419782819
260,338,0.08380006650818946
260,351,0.07542632357108023
260,481,0.08580345812638737
260,494,0.094989548365076
260,520,0.08224453502944772
260,527,0.08825065685148625
484,22,0.1233612066294105
484,78,0.13087644796901274
484,95,0.11853004120399946
484,99,0.13036970649804663
484,121,0.11510279652741459
484,158,0.1318648530578975
484,182,0.1486343247842209
484,261,0.11517056830623673
484,277,0.13688955164623737
484,371,0.13161195410911042
484,394,0.13465973287500468
484,428,0.15386409776259036
484,461,0.13291661198373705
484,483,0.1366536668965197
8,123,0.13695010811320718
8,168,0.12998562544392583
8,197,0.1651805421852157
8,288,0.14665463818327643
8,304,0.13973077762368938
8,366,0.13571661546426525
8,382,0.1276077918580838
8,390,0.1182369700161883
8,428,0.157689089716841
8,437,0.13642103265012986
8,473,0.1456377261719227
8,479,0.1472528286235784
8,526,0.13688296886866702
8,529,0.12969061522082337
86,13,0.08109198026696586
86,25,0.08390987867829834
86,39,0.0778522449417923
86,41,0.0943693345280395
86,54,0.0777296550840113
86,90,0.0967901740992638
86,129,0.07528841572757805
86,157,0.08041644510104858
86,172,0.0872273263262579
86,208,0.07539763432440968
86,217,0.08836182776676667
86,249,0.09489883659277941
86,260,0.08742461642589236
86,263,0.0977908670345149
86,268,0.07958945146613071
86,283,0.08791966125299651
86,287,0.09312378675878809
86,291,0.09471321409458944
86,311,0.07545789221527192
86,320,0.0912041658330105
86,327,0.0913426232762009
86,338,0.08217005339598285
86,353,0.07954385224339339
86,357,0.08545145715424636
86,378,0.09048610108859946
86,415,0.09290229546392638
86,441,0.0846118793797632
86,454,0.09467920738365822
86,515,0.09049228431179228
140,3,0.115334218569481
140,13,0.08687637485465326
140,38,0.09687816383802456
140,63,0.05867174450608967
140,73,0.09106526403105981
140,84,0.07985572351087143
140,124,0.10038741437886829
140,143,0.0554923662064385
140,196,0.08531444436038864
140,252,0.060124963971754146
140,283,0.08841664179006321
140,287,0.08865350375079346
140,302,0.09345308517674963
140,309,0.07708903940203196
140,339,0.10919144316229282
140,341,0.09014539436456824
140,347,0.087532750179201
140,352,0.09094247275492236
140,423,0.07873253609561905
140,427,0.08851244212979331
140,445,0.07232851879874326
140,477,0.07766445478699839
140,485,0.08345101513293511
140,506,0.06531942134423567
140,508,0.06796764288799823
140,513,0.0792245531615095
140,515,0.0841112085855257
374,12,0.08632105641862259
374,79,0.11052233681590297
374,118,0.07423333158113599
374,151,0.1324188862225768
374,183,0.11284869093269703
374,193,0.08731443761604402
374,222,0.0976275064531583
374,231,0.122928228119012
374,254,0.08621072540553988
374,259,0.11126496120773864
374,295,0.10189666628820113
374,318,0.09563936610711068
374,320,0.08735572062160911
374,338,0.07948612982176459
374,341,0.08845576399334643
374,342,0.07532372944112375
374,349,0.08995147629984933
374,387,0.12206101964934188
374,413,0.12107698396888054
374,440,0.08749217042427064
374,442,0.1111931800980111
374,449,0.11705741798338652
374,496,0.08244009730697867
374,498,0.1043026468607519
374,507,0.12773408025601393
374,522,0.10628133398342064
521,2,0.08606695772684249
521,4,0.07648085733016921
521,85,0.07701546613038553
521,89,0.08885125082435734
521,115,0.07618841936197016
521,174,0.09058152896999765
521,191,0.07699312836608171
521,208,0.0746829653575075
521,235,0.09282265846875601
521,257,0.06857706368513695
521,299,0.08718945692493289
521,305,0.08746492207671337
521,343,0.07834389810974611
521,351,0.07778276214734435
521,367,0.08242227420478286
521,369,0.09518173828890898
521,370,0.08718662306448839
521,381,0.06857368915491191
521,421,0.07812626556661868
521,460,0.08553490300147042
521,481,0.0879933692778838
33,41,0.07165795717039657
33,46,0.07071768238946281
33,68,0.06989685676802362
33,147,0.06976762659971307
33,155,0.08019011048846081
33,226,0.054576074024378966
33,424,0.07162661401376465
33,426,0.07913368229204117
33,427,0.07086735057399955
33,466,0.07552867121639667
33,524,0.06906449253402189
177,7,0.09724143098411969
177,52,0.07487083022150734
177,118,0.08082126259110468
177,131,0.07668145897310233
177,150,0.08657677838210662
177,151,0.08634234322342972
177,163,0.09007578643988651
177,185,0.07550013646326427
177,224,0.08513078793880921
177,294,0.07877405987839702
177,305,0.08545597146237584
177,341,0.08517362266298585
177,358,0.058138153454905375
177,387,0.0889647244157475
177,410,0.08701193547425695
177,413,0.0887622441906361
177,530,0.05614369401609068
229,96,0.12362224963362356
229,108,0.12090323466892751
229,110,0.12036153972477368
229,212,0.12668866338943277
229,247,0.1293175374168072
229,261,0.11017836520008624
229,280,0.14843820804779337
229,304,0.1224326956478006
229,315,0.13122224642416688
229,443,0.10790476600897786
229,490,0.1341902511713849
229,505,0.12244199838624888
295,10,0.09918488649752812
295,23,0.12049371485643665
295,26,0.1120021653313439
295,91,0.09748625100779858
295,132,0.09847844443514203
295,205,0.10199484388808892
295,354,0.10313028998655004
295,374,0.10189666628820113
295,413,0.10305739001890642
295,449,0.10295838913824848
178,6,0.06704729326410246
178,45,0.06398087949484162
178,64,0.06452238146416327
178,132,0.06181848529571305
178,139,0.0653838727715921
178,173,0.06296257451163477
178,213,0.06571662135222911
178,259,0.0647383785200685
178,346,0.062040792507355204
178,348,0.06540910654022963
274,43,0.09221995746951264
274,58,0.06836568659987582
274,90,0.0952218083792377
274,125,0.0837406200015757
274,154,0.08054853572981045
274,163,0.08819952235980595
274,179,0.08657446756799544
274,204,0.08519105804274343
274,210,0.07381050755152244
274,249,0.08557539445101577
274,250,0.08552826325976541
274,284,0.08071356007961265
274,296,0.0792092292346845
274,379,0.08724887125216221
274,391,0.08335860297724669
274,419,0.0701193485875039
274,436,0.08197241200470208
274,495,0.08295065734851839
274,503,0.09009614147152949
334,28,0.0850698387794191
334,34,0.08513642032351236
334,137,0.08890240929890639
334,278,0.08367709712522253
334,326,0.08321255425050043
334,344,0.09246357001153965
334,345,0.09169327661126263
334,404,0.08643107687411913
334,473,0.08417706244851875
334,476,0.08493185757126044
401,70,0.08955785803264592
401,106,0.10890237632002435
401,152,0.11312246128143917
401,165,0.079881798177717
401,199,0.11726561896837476
401,303,0.09130511791993245
401,315,0.07889137065718983
401,368,0.09806593146252167
401,403,0.1095510292040287
401,487,0.08214212052061208
20,1,0.011339697851875146
20,43,0.08015241638329153
20,62,0.07645866650165542
20,125,0.07510677008819538
20,155,0.07658867975030978
20,156,0.06969526769772588
20,179,0.07610574202499636
20,180,0.07607358187343455
20,204,0.09137903760658637
20,226,0.05945537225961846
20,236,0.07438655788612832
20,296,0.08532105038015592
20,324,0.05773303581797066
20,462,0.07831006593545445
103,10,0.09838437091399196
103,18,0.06771903664054954
103,26,0.09735496944251458
103,40,0.08597607274514327
103,131,0.09204022173933335
103,132,0.1008688163717035
103,137,0.09908147908596458
103,165,0.100704515071713
103,331,0.09805547040488354
103,415,0.10138131989437196
103,470,0.10898575066395345
103,476,0.09265762880855109
103,492,0.1017609101602953
103,504,0.09926794288683696
165,7,0.11043864811080958
165,26,0.13482386444776506
165,51,0.09803172029589531
165,76,0.1058678195385065
165,91,0.12253857850838577
165,103,0.100704515071713
165,112,0.14745879394187178
165,135,0.11842741697041953
165,137,0.10800923622674649
165,161,0.14415028245749578
165,169,0.09467190093461524
165,201,0.14416632337237983
165,209,0.11796131394856395
165,244,0.1443829101801051
165,255,0.10188797962196164
165,272,0.1303951881677421
165,280,0.146571021478059
165,297,0.1157715162742187
165,398,0.14077080308351095
165,401,0.079881798177717
165,402,0.10382215922086374
165,414,0.15074059415228183
165,415,0.10976638864500815
165,430,0.1289364627360519
165,442,0.15088810834058475
165,443,0.10648250179471665
165,454,0.10494502519030838
165,470,0.11900487923170724
165,476,0.0940614521128601
165,490,0.13883833230081863
165,505,0.15045072041881988
313,64,0.09167606118326785
313,108,0.09198813183364488
313,181,0.09274638567173389
313,201,0.09152769545603127
313,215,0.09549841351415773
313,251,0.09909529826115927
313,259,0.09369321820443907
313,348,0.0977057120914195
313,371,0.09228192536688351
313,491,0.09818039585698793
450,28,0.13134537270986293
450,61,0.13678314014571874
450,160,0.14129072511815713
450,200,0.1106448832827752
450,366,0.13559136285331436
450,372,0.13589000763456716
450,389,0.14186722791465517
450,398,0.15327249493730125
450,428,0.137278521260998
450,456,0.13900707323005657
450,483,0.13115991937213942
109,37,0.07404512692081212
109,100,0.07552744119663846
109,101,0.0816919806100999
109,163,0.09301384423715546
109,184,0.07770222709167
109,339,0.07637894057929219
109,341,0.07851633460548652
109,347,0.07810520195731839
109,370,0.07984319446177814
109,397,0.0789911539250626
109,440,0.07849751416071878
109,503,0.0824208600704076
290,15,0.08061956574929383
290,18,0.07061634632292697
290,46,0.08010668722748797
290,57,0.09113873272295742
290,66,0.07929574774355606
290,71,0.06728850643025713
290,134,0.08432489062607611
290,147,0.0845691176386571
290,179,0.08186517140189624
290,305,0.08437348058763265
290,308,0.08059186395267336
290,332,0.08352733286758744
290,451,0.0717978441675453
382,8,0.1276077918580838
382,17,0.11872560442735301
382,99,0.12340369932754863
382,149,0.12599124202206505
382,168,0.1363675120920272
382,197,0.1234506670236541
382,211,0.12006834217613895
382,245,0.13606372511459858
382,288,0.1531130641547292
382,330,0.11684243007666938
382,366,0.12174871758329689
382,373,0.11161246745664762
382,390,0.11188695352586421
382,428,0.12752559831709956
382,461,0.13241164401691558
192,67,0.09683780878459163
192,113,0.11609879736069317
192,142,0.1619753214040846
192,190,0.12507059061847356
192,198,0.1540063762872553
192,218,0.12577802502886876
192,225,0.19659949948326053
192,310,0.11671858393642018
192,340,0.11244734601988607
192,346,0.10373212379039343
192,362,0.10234808637643009
192,364,0.08718655303032043
192,387,0.14018249381574893
192,431,0.14051182308272855
192,438,0.1327669553669302
192,452,0.08486865031439611
192,453,0.13087182288541396
192,472,0.12579803830974676
192,488,0.11236483640206686
192,491,0.15132047780660543
192,497,0.1533663449726279
240,34,0.14382031972444756
240,56,0.11695377815880843
240,87,0.1469454422815621
240,123,0.1346244663638811
240,133,0.15586793528901405
240,169,0.08598931598186525
240,247,0.1110451467731391
240,255,0.09551263173303703
240,319,0.1484642868469322
240,380,0.13298488748546103
240,425,0.17324996401442297
240,428,0.15404298867863472
240,430,0.1361948535147781
240,437,0.1455256982513652
240,439,0.12649617603787944
240,479,0.14647086500951537
240,489,0.1540056905619882
240,501,0.13406336717842302
240,511,0.14894414629971142
240,531,0.1139225204206109
318,7,0.08568486960586226
318,26,0.08511568229456017
318,53,0.08350388494914145
318,183,0.09021988527938049
318,231,0.0898614853131509
318,326,0.08345642468052043
318,349,0.08200216889032702
318,374,0.09563936610711068
318,449,0.08988397115031384
318,507,0.0837464185499738
318,510,0.09015996784225444
384,21,0.1286464557678969
384,91,0.12107324554037079
384,96,0.13832209716412164
384,99,0.1407993865799377
384,110,0.128561486577871
384,119,0.11797863102338675
384,276,0.09599676134149132
384,337,0.13407142451448972
384,420,0.13780510872275722
384,425,0.14493774065086432
384,430,0.1231152719258861
384,439,0.12564183818228847
384,479,0.1313754380459897
384,490,0.13573581481729394
384,511,0.133900252693424
492,10,0.12859015004761865
492,26,0.1338977065817048
492,35,0.1109976455872899
492,40,0.08400405702248412
492,59,0.13600430354907952
492,76,0.10640313647937556
492,82,0.08484025063652692
492,87,0.13529069596427273
492,103,0.1017609101602953
492,112,0.13695740198584275
492,137,0.1181049832708544
492,148,0.10549013668679202
492,164,0.07887481320714973
492,182,0.1338142784340362
492,195,0.10175480999355363
492,200,0.10271938541560963
492,209,0.10922554229956395
492,224,0.10378436701395047
492,244,0.14059233796759626
492,270,0.10492071481711086
492,277,0.14998125816794947
492,331,0.09526156208038403
492,344,0.09174525668186974
492,345,0.10918764224835154
492,361,0.07661776071805332
492,398,0.1361315691382286
492,402,0.1153828990864896
492,414,0.13477564609525725
492,428,0.1356000102619677
492,454,0.1026537141167868
492,470,0.11430039283080815
492,474,0.11274948929955912
492,483,0.14098140670404696
492,519,0.09100784805646052
499,30,0.08762520872467404
499,52,0.07503899501798847
499,60,0.07637848978806193
499,136,0.06253499268887201
499,179,0.08111681593593331
499,204,0.07935562541004239
499,227,0.0807377375234813
499,237,0.07260062942317448
499,238,0.08859985886233641
499,246,0.07902903866249236
499,248,0.08580128426150757
499,250,0.08403461562594566
499,370,0.08037768108341999
499,524,0.0832135946487771
525,2,0.07319060599272462
525,41,0.07467163521825022
525,89,0.07570571849683813
525,175,0.07475092968744532
525,266,0.07493609262717013
525,341,0.07336275598063666
525,347,0.07945725509230296
525,353,0.07236454401715003
525,370,0.07261794376778181
525,481,0.07739322137020797
193,31,0.075754288977191
193,183,0.0999049126621477
193,222,0.0931592612993441
193,260,0.08759733068691897
193,342,0.09888977005323184
193,349,0.09815964074922712
193,374,0.08731443761604402
193,496,0.08461306166955554
193,520,0.09341069090718179
193,522,0.08843685128887638
193,527,0.08931091878463629
249,32,0.08925736036110377
249,86,0.09489883659277941
249,97,0.09032864367930732
249,124,0.09914085823948827
249,154,0.07997110625975076
249,174,0.0963723479592726
249,184,0.09213005540339357
249,195,0.09420645420720425
249,208,0.08030528409495957
249,223,0.08553267208917141
249,263,0.0939667803768596
249,274,0.08557539445101577
249,291,0.09663691026114558
249,293,0.06977518023698512
249,329,0.08014350495539657
249,345,0.10154185724710693
249,352,0.08710735599184566
249,358,0.057192094875818375
249,386,0.08545255504761894
249,413,0.09399720200525036
249,415,0.09426455936831608
249,417,0.08742193106124578
249,427,0.09810586488306806
249,502,0.07375294277180558
249,518,0.0884021353998584
122,25,0.08808628537421763
122,66,0.0909317088925362
122,73,0.08807324697914166
122,146,0.09306621614703788
122,157,0.08291612153483367
122,208,0.07411925546256262
122,220,0.09943383364926317
122,263,0.09206582362850421
122,269,0.09705834317612883
122,275,0.07346313992763821
122,338,0.08423339192821394
122,353,0.08201671240142455
122,417,0.0824460206437238
122,444,0.09386276004117225
122,457,0.07262751763584167
122,460,0.09266332766267463
122,515,0.08987339577897777
162,69,0.13158408190396154
162,87,0.13970667119614563
162,99,0.14543128729722485
162,133,0.1656853017559435
162,160,0.14005675698005385
162,197,0.15828063786417804
162,244,0.14066900990306413
162,255,0.09547906253952988
162,319,0.13854272473674567
162,325,0.09624451436670946
162,390,0.11456731537561686
162,394,0.13635591383644158
162,437,0.1440319162702027
162,456,0.14999091883670113
162,529,0.11709485685183275
303,70,0.11639885316675448
303,79,0.089308752957939
303,106,0.10654513286199714
303,139,0.08939766315916195
303,144,0.07971246521861132
303,152,0.11707066704665468
303,199,0.09733293228264128
303,205,0.0878094948428643
303,401,0.09130511791993245
303,403,0.10217493487347326
303,442,0.08917029764220469
352,25,0.10057691664407846
352,68,0.08297037955378748
352,90,0.08620670672140097
352,124,0.0856329675847802
352,140,0.09094247275492236
352,143,0.06191412357710278
352,184,0.09496782762565985
352,220,0.08034333461878242
352,249,0.08710735599184566
352,275,0.07306565547075754
352,341,0.09244233565847403
352,344,0.08599591477079159
352,415,0.08695537328346614
352,432,0.08542191799318265
352,435,0.08229962720154119
352,454,0.08698672740758348
352,458,0.07763426895374403
352,465,0.0828869209102083
352,495,0.08131772633523614
405,19,0.11878110219289038
405,53,0.1191935143560639
405,64,0.09644786344699288
405,75,0.11616745015634238
405,83,0.11494135674881711
405,106,0.07899937627369237
405,112,0.12032066336315807
405,139,0.11774158938683658
405,203,0.10128670092456395
405,312,0.11293856639064237
405,389,0.12123944436437471
405,490,0.11785011790587191
405,509,0.11888458849925479
12,2,0.10312425236174212
12,89,0.0903774738745484
12,151,0.09268625884380821
12,186,0.0912800299180572
12,187,0.08251158135539129
12,191,0.07831451895153986
12,232,0.08177001310045316
12,256,0.08490002725737436
12,264,0.07848053111903261
12,266,0.07442650550132507
12,267,0.061744220499336575
12,282,0.0797256572816905
12,299,0.08304572022151646
12,305,0.09251793261216072
12,327,0.08333554515202568
12,351,0.07722604568856464
12,374,0.08632105641862259
12,393,0.07425101323648374
12,502,0.07230024558336026
12,527,0.09347710841324545
195,23,0.10740167882202394
195,26,0.10505260601506981
195,35,0.10172032792299851
195,74,0.09048921092495525
195,82,0.08248608593069262
195,161,0.09989878298586954
195,166,0.10420184695272386
195,174,0.10061492336884093
195,249,0.09420645420720425
195,275,0.0690862266032932
195,289,0.0964073067383567
195,300,0.100938208611194
195,354,0.12054046077827599
195,409,0.08807425399788332
195,436,0.07926909406887002
195,492,0.10175480999355363
195,504,0.10684058928036125
195,523,0.0876264755975613
195,528,0.08576039979626546
311,15,0.08251038071290945
311,74,0.07511772230279644
311,77,0.07368467490631489
311,86,0.07545789221527192
311,137,0.07592179062330522
311,170,0.06356945376211773
311,347,0.07658228186262524
311,359,0.07757770974047293
311,386,0.07971680833966836
311,396,0.07551286298642552
311,464,0.07541363683245518
98,6,0.09423578554615157
98,132,0.11318431941385483
98,139,0.08598880879801642
98,173,0.09096738534882466
98,259,0.10474573418758465
98,321,0.10104178980487089
98,449,0.08936304844535621
98,487,0.09204723082598668
98,498,0.09284732002743859
98,510,0.10223610239784942
277,10,0.14252119046987155
277,16,0.11373275723329827
277,19,0.17568728534473707
277,21,0.15732940399422424
277,28,0.12993331928334886
277,34,0.14478881863509
277,35,0.09963537195857589
277,42,0.13230773041716756
277,44,0.13803232311186361
277,55,0.10611004573403035
277,59,0.14524351148419873
277,83,0.12732779244369238
277,87,0.1627717656671087
277,112,0.15645189922866007
277,119,0.11845405830418301
277,120,0.13808911206899815
277,121,0.11739610524915135
277,127,0.10464544850564217
277,139,0.1514511043059213
277,148,0.10165643171793001
277,158,0.14619854030967275
277,161,0.13884318654489528
277,173,0.14723734622392118
277,182,0.15302128172864993
277,197,0.15207888119568352
277,205,0.13974878268104132
277,234,0.13648162788320722
277,241,0.11128982900664826
277,244,0.16020898562431377
277,278,0.17879135905890756
277,298,0.11737632874044135
277,312,0.14244426192797532
277,315,0.1494440600448174
277,317,0.11224526139430939
277,337,0.135795772355037
277,354,0.13791890335883342
277,371,0.14189881668700152
277,372,0.14368345502536414
277,392,0.16107544506675608
277,394,0.14828191839908825
277,398,0.14918742526892928
277,407,0.12926911985083323
277,420,0.15078292859867054
277,428,0.19702788109707148
277,461,0.14930399199717492
277,473,0.19063711122201193
277,478,0.142159527421162
277,483,0.14664704298169767
277,484,0.13688955164623737
277,489,0.1362154382881811
277,492,0.14998125816794947
277,501,0.14226953804247805
277,505,0.1470635511308659
277,511,0.16575566042295542
277,526,0.16339370805878406
277,531,0.11307603335257611
441,41,0.08967164970295749
441,43,0.08523722033728195
441,86,0.0846118793797632
441,90,0.10620007188150436
441,163,0.08687720243820453
441,236,0.08392598122716899
441,279,0.0792116865783174
441,285,0.07954956171814308
441,370,0.08946404549787405
441,454,0.08471619577949899
441,466,0.08625860137835019
441,481,0.0873314414312598
15,18,0.0700019224485692
15,32,0.08413032774987303
15,41,0.08435685347931161
15,43,0.09655046501272443
15,66,0.0882197417624804
15,85,0.07636976970131569
15,166,0.08606633493034475
15,179,0.0981058054022972
15,185,0.08065773271389054
15,236,0.0861348250476396
15,285,0.08405454844067939
15,290,0.08061956574929383
15,311,0.08251038071290945
15,357,0.08305613731263368
15,406,0.08678802869373019
15,464,0.09427057102264544
15,466,0.09040482388891947
68,25,0.08047107336719149
68,30,0.08312244093155173
68,33,0.06989685676802362
68,41,0.0883125589335497
68,72,0.0833430706014675
68,129,0.07165932266912563
68,143,0.05574020959090159
68,238,0.0881086667287204
68,252,0.06045811822202094
68,352,0.08297037955378748
68,408,0.07513066934839455
68,424,0.09980876267768209
68,427,0.08465212792674229
68,432,0.08064723313214613
68,435,0.07865572211491208
68,444,0.09245244579708382
232,2,0.08637646705941662
232,12,0.08177001310045316
232,27,0.07766698890313402
232,89,0.0808747204403624
232,188,0.09434119765571015
232,256,0.08132450664447183
232,257,0.06974840171997224
232,264,0.08693868689731173
232,351,0.07540947933714359
232,393,0.07312397301215319
232,427,0.07943095789704156
232,429,0.07997190052036983
232,469,0.08118636879741851
232,493,0.08094869242468464
232,502,0.07918154642868228
357,15,0.08305613731263368
357,66,0.08234100702078641
357,86,0.08545145715424636
357,174,0.08669296489557134
357,217,0.10159450042959649
357,236,0.09109283998013201
357,253,0.0860524463180415
357,285,0.07879111422857533
357,377,0.08369137170005991
357,406,0.08834298243103315
357,464,0.09444411441811805
380,61,0.13485680476781073
380,161,0.12125037319958397
380,221,0.12141978650451334
380,240,0.13298488748546103
380,312,0.12738648688308463
380,428,0.1229171214773718
380,439,0.12508847939419496
380,479,0.12128737177964037
380,489,0.12732354007563937
380,511,0.12929765504126892
167,14,0.12088728497576501
167,94,0.10079480925262252
167,181,0.14056083719923465
167,214,0.10939001082091313
167,273,0.1319058624590825
167,434,0.11619868676024338
167,463,0.10820318915947337
167,472,0.10978310607545493
167,488,0.09663017214501178
167,491,0.09794534104539897
251,64,0.11604111629145827
251,79,0.10886954056648639
251,112,0.10421739927485722
251,139,0.10709560315259221
251,201,0.11603453444248425
251,203,0.10791504915056181
251,259,0.10737723656968884
251,313,0.09909529826115927
251,348,0.13576785673493896
251,368,0.09652121940482264
251,504,0.1041391793515901
251,509,0.1014353906240532
446,10,0.10018234826715454
446,19,0.09719423288429795
446,21,0.09855841302388428
446,44,0.09930374601093953
446,108,0.09742438616288283
446,278,0.09881990019263558
446,297,0.09765223317478743
446,483,0.1038175732287137
446,490,0.0987965958511317
446,511,0.09892882896399256
132,6,0.13778124488530685
132,7,0.11479268564724178
132,45,0.11600938928177441
132,79,0.12375863321065651
132,80,0.09625619104016721
132,98,0.11318431941385483
132,103,0.1008688163717035
132,139,0.139525983566801
132,173,0.1228990361397944
132,178,0.06181848529571305
132,205,0.12996445982187116
132,231,0.10388382270235641
132,259,0.11547239199263537
132,295,0.09847844443514203
132,321,0.12626453755057296
132,326,0.11672433539045679
132,354,0.1357871093418188
132,442,0.12364307709408
132,449,0.11758029447510518
132,487,0.1263434145541327
132,498,0.105883062142108
132,504,0.13178938234481702
132,510,0.10618606721728524
194,13,0.08000021320838731
194,29,0.08620332015113165
194,46,0.09418299679379095
194,52,0.08197705061094467
194,77,0.07201479603800588
194,114,0.07142753364061431
194,130,0.09323826665420246
194,153,0.08502587612955438
194,179,0.09038590958860052
194,185,0.07105754786568085
194,207,0.08572555286925072
194,216,0.08632286360953259
194,217,0.08778548434824898
194,219,0.08154600034465992
194,236,0.09058859167974634
194,243,0.07054010616953238
194,246,0.07958594774704777
194,258,0.07972985929250005
194,279,0.08304022401840387
194,306,0.09848919669056659
194,308,0.0838382017657377
194,395,0.08882198911125795
194,436,0.08250043760454977
194,455,0.08002614392681139
194,468,0.07781855430230566
194,476,0.09800217718855542
194,480,0.0921570181782196
194,513,0.07877877333124667
194,514,0.08899214246510238
194,528,0.07606156989044321
417,122,0.0824460206437238
417,124,0.08706063101106279
417,154,0.08158060909020276
417,163,0.08453717104348726
417,184,0.08447458856664473
417,208,0.07430372086554779
417,220,0.08538282172013137
417,249,0.08742193106124578
417,263,0.08616814418661435
417,314,0.053906607845824746
417,329,0.08460537440428463
417,444,0.08338760592671035
421,2,0.07920979774069671
421,29,0.08179201693646657
421,230,0.08379603488637036
421,235,0.07700645861526968
421,268,0.09466800127090838
421,269,0.07651260224970154
421,299,0.08192820609503329
421,305,0.07652186510793155
421,481,0.07627672393771655
421,521,0.07812626556661868
435,41,0.07504541276425805
435,43,0.07533954339342853
435,49,0.07614402723904799
435,68,0.07865572211491208
435,196,0.07625881063836933
435,343,0.07698491566841607
435,352,0.08229962720154119
435,391,0.08387886188185088
435,424,0.07544410181256937
435,444,0.08934332837746364
283,3,0.08892612894385542
283,41,0.09055214031678145
283,72,0.0835200586469757
283,86,0.08791966125299651
283,124,0.10106556580774534
283,138,0.08785221861116543
283,140,0.08841664179006321
283,143,0.057169703893198025
283,196,0.08666349624905388
283,208,0.07732215209843045
283,252,0.06641710183313623
283,287,0.08834628595820686
283,335,0.08390424129694626
283,339,0.0996451804035302
283,353,0.08241823091701975
283,355,0.0745222462097273
283,383,0.07670657392305119
283,408,0.07272930107989935
283,416,0.07309670131966922
283,422,0.08513615463111948
283,460,0.08857987076332444
283,477,0.07856903905679409
283,495,0.09575726571253126
283,503,0.09333926677186846
283,518,0.08157812359809004
316,69,0.13307718620530828
316,87,0.12960493371750534
316,99,0.14347796598213444
316,111,0.13027801488100277
316,133,0.15281171200934854
316,141,0.12612966781445015
316,149,0.10485278250001569
316,197,0.13604196006763705
316,211,0.10834761125241187
316,301,0.11763163230613358
316,328,0.10443407848332364
316,330,0.12270722102903737
316,437,0.1320082010469556
316,473,0.1302406637078807
316,489,0.1338131649611356
316,511,0.13559778280881515
34,10,0.12876564622838663
34,21,0.14982308874645556
34,28,0.12879830560902414
34,55,0.11200346405626037
34,59,0.1435799190747049
34,83,0.11517826070316205
34,87,0.16065341485869122
34,119,0.13724774134633191
34,133,0.14548658696617378
34,240,0.14382031972444756
34,277,0.14478881863509
34,278,0.17617360782080685
34,301,0.1323289402682733
34,319,0.14758421689365664
34,330,0.1248545412428433
34,334,0.08513642032351236
34,404,0.09858689475884437
34,437,0.15383706575186196
34,439,0.13421265815838337
34,476,0.09185246728775814
34,489,0.1523899766747475
34,531,0.1150946583582755
51,104,0.10020248933607508
51,112,0.09511243816836816
51,126,0.0967078549212516
51,165,0.09803172029589531
51,201,0.11161233490916024
51,244,0.09854242096530932
51,320,0.09056429746557644
51,389,0.09865941739359785
51,414,0.10097012761368376
51,456,0.09648594831864954
51,471,0.0943229379242017
51,505,0.10149864901381472
99,22,0.11935144720556931
99,69,0.1369170445382622
99,87,0.15475536784561056
99,123,0.13256525112046072
99,133,0.15632328758872077
99,158,0.140301209796389
99,162,0.14543128729722485
99,197,0.1399438928049591
99,245,0.14203954033304494
99,288,0.13739322874484253
99,316,0.14347796598213444
99,382,0.12340369932754863
99,384,0.1407993865799377
99,390,0.10836993857670799
99,428,0.14610009756002798
99,484,0.13036970649804663
99,489,0.13742359303801416
113,190,0.11532210465896629
113,192,0.11609879736069317
113,215,0.10429884788808912
113,362,0.097967143152907
113,364,0.1027067249813536
113,431,0.11983420937843779
113,438,0.11025469879375231
113,452,0.12572040495457631
113,463,0.13669286423304458
113,472,0.11494526884382404
113,488,0.12330379138523054
314,124,0.054515075418496255
314,258,0.055067285226272654
314,262,0.06390062171101947
314,287,0.05630045416505065
314,355,0.05496304777614029
314,417,0.053906607845824746
314,422,0.055083728992298395
314,457,0.05795118987585207
314,515,0.0558749429469561
314,518,0.058494892489147784
359,24,0.0863685432766102
359,60,0.0790872832512044
359,85,0.07525734879911146
359,93,0.08403483207902568
359,101,0.07999919968538889
359,117,0.0659539498098454
359,118,0.08256407135986638
359,137,0.08902593459645347
359,170,0.06263375856197284
359,171,0.08476146961344443
359,207,0.08465586453668193
359,238,0.08399718780641575
359,311,0.07757770974047293
359,339,0.0858322249888555
359,370,0.10296503250284755
359,440,0.08718753442369827
359,475,0.08277796900545532
359,480,0.08237263460652249
359,482,0.07611291276688893
359,512,0.08878414637971578
359,513,0.08262172294308977
36,46,0.07736774092942827
36,84,0.07673578550140747
36,125,0.07667215754734302
36,179,0.08184201838649807
36,189,0.08318415286648438
36,250,0.0786825544498782
36,379,0.0789622034877726
36,467,0.0875506657296398
36,480,0.08011355629941698
36,486,0.07650493806615073
50,44,0.12182085528996395
50,56,0.11931378840614923
50,87,0.1203267997913065
50,149,0.10590162597889463
50,197,0.12632651808051804
50,211,0.10791151070052196
50,278,0.12031483039059357
50,288,0.12413600238038854
50,373,0.10538712826682717
50,428,0.11990142649057778
50,456,0.12127061985187294
50,473,0.12628672513699768
50,478,0.12073344730078153
50,529,0.12655505615585233
126,16,0.10874907899441442
126,51,0.0967078549212516
126,75,0.1352302949549816
126,95,0.11269605542429648
126,96,0.12847529553465045
126,112,0.13522010402158935
126,127,0.12080450192136523
126,164,0.08557513198693001
126,201,0.15499977701342688
126,272,0.12378544739937478
126,300,0.13010084486284235
126,389,0.1399385721267039
126,414,0.13268938503191363
126,456,0.13385917421994967
126,470,0.11233358147197652
126,471,0.09279501516712442
126,474,0.10651058202117762
126,483,0.13458428889376872
126,505,0.1334336180255984
365,1,0.01132531280621481
365,18,0.06207625010963016
365,145,0.06254255718765202
365,155,0.06381477191652532
365,180,0.06637961873322226
365,226,0.05535990926298537
365,279,0.06061749146699282
365,296,0.06396470993138842
365,302,0.060199780918098
365,308,0.06292469843191863
365,335,0.07698650052240129
365,426,0.06208673223504529
377,31,0.07518648803677264
377,89,0.08412299489879067
377,107,0.08531409345533326
377,157,0.0901018238206841
377,299,0.08451558838245073
377,327,0.08333359946039233
377,332,0.08758637385563425
377,357,0.08369137170005991
377,370,0.08457402766832675
377,481,0.08875905033603754
377,520,0.0801396484723684
377,527,0.08424551170717645
239,29,0.07332031631613911
239,41,0.0687281204416673
239,97,0.074450273243336
239,116,0.06889353864424635
239,157,0.07380122144913363
239,258,0.07110236240141611
239,287,0.07280321464953257
239,327,0.06826578946550747
239,379,0.07066050221739467
239,514,0.06753155019991336
319,28,0.13164896296561765
319,34,0.14758421689365664
319,61,0.1402590882133178
319,69,0.12514103476352378
319,133,0.14893453692791983
319,162,0.13854272473674567
319,197,0.14600440618190685
319,240,0.1484642868469322
319,255,0.10215414187832535
319,325,0.09276887705046896
319,385,0.1611379209854576
319,398,0.13985909631379373
319,437,0.15617141219430658
319,456,0.13858031104770158
319,519,0.08999673173451744
319,531,0.11716602934257989
356,41,0.07370104825568302
356,46,0.06651326173562598
356,58,0.07484839544255958
356,73,0.06938195925011184
356,101,0.06663237321105178
356,189,0.06784360902187392
356,248,0.06944462058520702
356,296,0.06675610982366016
356,379,0.0740478891143206
356,516,0.068258383467804
21,19,0.1552990017661177
21,34,0.14982308874645556
21,55,0.11004013758212487
21,59,0.15364439504646776
21,69,0.1290513455907076
21,91,0.12040266956243467
21,96,0.1484644978144591
21,119,0.11445801423553721
21,120,0.12997423870344657
21,159,0.12299805413588108
21,161,0.1393667402739281
21,212,0.15481653447765525
21,255,0.09538832195019055
21,277,0.15732940399422424
21,278,0.15605064676139563
21,280,0.15468041059218302
21,301,0.12173815377749653
21,372,0.1517709034298591
21,384,0.1286464557678969
21,425,0.15479063345321473
21,437,0.16026695058908155
21,446,0.09855841302388428
21,490,0.1688143665268212
21,505,0.14319812337749235
21,511,0.16116594032277157
203,16,0.10612397769996981
203,64,0.11250869448691746
203,79,0.10380804902408249
203,106,0.08108752273107
203,139,0.11086006899992781
203,251,0.10791504915056181
203,312,0.11136743025814694
203,315,0.10301326871706333
203,348,0.10591851517825107
203,389,0.10781336863504562
203,405,0.10128670092456395
509,19,0.11972137846900184
509,64,0.09956212347368289
509,88,0.11641259511751204
509,112,0.11793883103168172
509,159,0.12046307775527558
509,242,0.11648999635596323
509,251,0.1014353906240532
509,261,0.11158228135828259
509,350,0.10099369082935014
509,368,0.09243450590136681
509,389,0.13260455254438555
509,405,0.11888458849925479
509,456,0.12047418397365892
509,483,0.1203647068094202
509,490,0.1370699172674828
54,76,0.07704462305314136
54,86,0.0777296550840113
54,90,0.07985506775049889
54,107,0.07554977231903355
54,129,0.07212653710966269
54,171,0.07660833141395804
54,263,0.08740229996026606
54,269,0.07569998827961374
54,345,0.07637086383600455
54,444,0.08549224114906276
54,454,0.07577716422110092
61,44,0.13546753583346507
61,56,0.12640997661437306
61,59,0.14807592921433166
61,91,0.12045354179676712
61,104,0.13285714924815567
61,121,0.11926680875650142
61,133,0.14821926294528215
61,160,0.1563236570310753
61,197,0.1410167008317034
61,319,0.1402590882133178
61,336,0.15281312199709207
61,380,0.13485680476781073
61,388,0.13230028661231324
61,437,0.1482936122300007
61,450,0.13678314014571874
61,456,0.15585231557813775
61,483,0.14224809303417743
61,511,0.14024671653112528
61,531,0.11462496365830945
350,14,0.10969439563399841
350,75,0.11034929502498939
350,78,0.10883110287178469
350,88,0.11811644283365004
350,95,0.1004912173337012
350,112,0.10058909355469924
350,181,0.12284908213423419
350,242,0.13343575363713744
350,434,0.12245008758486471
350,509,0.10099369082935014
354,7,0.1176419322625155
354,23,0.1208957758348257
354,26,0.14383259210329627
354,35,0.10655990833711437
354,45,0.11373389962405857
354,74,0.09346937995462029
354,127,0.10955044374431255
354,132,0.1357871093418188
354,137,0.1092036335065488
354,139,0.13837515895874014
354,144,0.0792995278125778
354,161,0.16466131733490624
354,164,0.07830218820890167
354,173,0.13843671125825066
354,195,0.12054046077827599
354,205,0.13995525032138223
354,224,0.1047784753036736
354,277,0.13791890335883342
354,278,0.14421685320173538
354,295,0.10313028998655004
354,320,0.08705476939658643
354,326,0.11262317573072808
354,345,0.09964036545557242
354,361,0.07661852747098225
354,398,0.13712665903901394
354,404,0.10469136491799232
354,407,0.12860938098180053
354,409,0.09441861102558739
354,470,0.1114916032112628
354,474,0.10667281441758295
354,505,0.1325157397380869
354,531,0.11491715234414943
379,36,0.0789622034877726
379,41,0.0918032503731971
379,49,0.08528323904269736
379,93,0.0881098184792103
379,124,0.09249857513181663
379,131,0.08025702410315608
379,174,0.08926277454171608
379,179,0.1155283256335431
379,180,0.07525913590772838
379,189,0.09709066184579476
379,204,0.08588709410202618
379,233,0.08582955920185044
379,236,0.08717758804583134
379,239,0.07066050221739467
379,274,0.08724887125216221
379,329,0.07961829745307879
379,356,0.0740478891143206
379,427,0.09412270571890839
379,464,0.09504134203424681
58,1,0.01133948443278626
58,63,0.05990199713271305
58,73,0.07058042129759301
58,84,0.06956899147357541
58,101,0.07160369817127245
58,116,0.07402791272123972
58,207,0.07675129798742258
58,250,0.06819657132764426
58,274,0.06836568659987582
58,324,0.057708582862244895
58,356,0.07484839544255958
58,412,0.07125572721487161
58,455,0.07116369557865224
119,21,0.11445801423553721
119,34,0.13724774134633191
119,234,0.12488532737599332
119,276,0.09389802070020878
119,277,0.11845405830418301
119,336,0.11857818629247352
119,337,0.1184106875495818
119,384,0.11797863102338675
119,437,0.12386551274086345
119,439,0.11526850770402508
119,479,0.11772886681358086
242,14,0.1153805976550173
242,64,0.09841216055896536
242,88,0.12655531962333552
242,94,0.1221534558315228
242,112,0.11442775305161033
242,181,0.12393555160908337
242,315,0.11608685339666762
242,350,0.13343575363713744
242,434,0.11613169542788788
242,490,0.11776658690253351
242,509,0.11648999635596323
410,6,0.11757568213331247
410,79,0.13523897461916667
410,80,0.09281923891804232
410,142,0.12646216019066875
410,151,0.12660646515407414
410,177,0.08701193547425695
410,198,0.1400024653009682
410,213,0.12812109896744509
410,225,0.14882968183372808
410,247,0.1138996498315942
410,254,0.09601737192413559
410,307,0.09441088712936913
410,310,0.11745423647976785
410,346,0.10712274574372599
410,387,0.14489560616887276
410,413,0.1267324092125047
410,442,0.13437382840807693
410,497,0.1340582086797862
410,498,0.1026942656391733
410,504,0.1381080988716463
220,122,0.09943383364926317
220,146,0.0846998233486833
220,163,0.08460667160546377
220,166,0.07979944526777956
220,233,0.08131139774818787
220,269,0.07769845910600186
220,275,0.06993724449360574
220,324,0.0606574192274737
220,352,0.08034333461878242
220,417,0.08538282172013137
220,427,0.08218253339128004
220,444,0.08719708739438789
220,445,0.06684320407402988
307,79,0.09114756747765904
307,117,0.061209488198642796
307,151,0.09843037719073044
307,183,0.09036761293003034
307,213,0.1043895166139548
307,310,0.09484316767384317
307,410,0.09441088712936913
307,413,0.09723454137844381
307,442,0.09343074666384023
307,443,0.09041674911861768
307,496,0.08296158952514178
307,504,0.10327830932201493
381,32,0.06820130886048702
381,38,0.07145694920148692
381,52,0.07182437823245975
381,174,0.07299434402372343
381,217,0.06937164733608608
381,236,0.072368786833377
381,369,0.06819285602386536
381,460,0.06920843449428193
381,517,0.0702865496938932
381,521,0.06857368915491191
394,69,0.13139145509250016
394,78,0.13076390109228206
394,110,0.14657739749815182
394,112,0.14610787307665196
394,120,0.13354370279661504
394,159,0.12880242260903016
394,162,0.13635591383644158
394,244,0.16926835629118714
394,277,0.14828191839908825
394,297,0.11852171358811203
394,304,0.1554772568058145
394,315,0.14117845521559866
394,336,0.13997549735771
394,398,0.17356918465964993
394,414,0.14223315354428862
394,420,0.1530503638840195
394,425,0.145474254850792
394,428,0.15876960369111537
394,461,0.14515256182115963
394,484,0.13465973287500468
394,490,0.15181690548601567
394,526,0.14509579972503173
9,29,0.05520828585020258
9,191,0.0647607351909231
9,230,0.06287572449690257
9,257,0.056917622761423724
9,266,0.05545790556843858
9,393,0.055746776633572095
9,429,0.05674645626171187
9,469,0.05847572595485327
9,502,0.05672756424073038
9,506,0.06620458713479248
186,2,0.08285581880766613
186,12,0.0912800299180572
186,125,0.08052609744257336
186,187,0.07533643447197919
186,223,0.08381768647674212
186,266,0.07413760782404322
186,282,0.07805501825912961
186,305,0.09368081180300607
186,339,0.08718227958592124
186,347,0.08136464393438225
186,370,0.08084126613349128
186,393,0.0901995467948481
186,397,0.09119271523748845
186,502,0.07676532298432209
439,34,0.13421265815838337
439,96,0.1304642561000647
439,119,0.11526850770402508
439,133,0.12825927131412018
439,240,0.12649617603787944
439,291,0.10270976777345964
439,337,0.14465724676067182
439,380,0.12508847939419496
439,384,0.12564183818228847
439,437,0.12850268603532794
439,479,0.12741943261510325
439,489,0.12986345976318
439,511,0.13756776541135715
444,4,0.07461433679460246
444,41,0.09376833416177204
444,49,0.08461015072402434
444,54,0.08549224114906276
444,66,0.11028833085887838
444,68,0.09245244579708382
444,89,0.09186761753458518
444,90,0.0927897332311918
444,115,0.0752347440011751
444,122,0.09386276004117225
444,128,0.08519608685948582
444,129,0.0793971443475832
444,163,0.09217548790393199
444,184,0.09230173874681065
444,220,0.08719708739438789
444,233,0.08739355947597013
444,263,0.09861019003671789
444,287,0.08717922105858787
444,294,0.08137510326133142
444,343,0.0795569067747247
444,417,0.08338760592671035
444,424,0.09237178852083557
444,427,0.09904834496192291
444,435,0.08934332837746364
444,457,0.06998452754803705
444,481,0.093348315802592
444,493,0.07508228671072423
444,500,0.08232265048215957
30,38,0.08850801621919577
30,68,0.08312244093155173
30,206,0.09193807635794213
30,227,0.08121536175671343
30,248,0.08466140840839213
30,275,0.07106957069728403
30,339,0.08880346676594991
30,370,0.09156620643440086
30,415,0.0871076541751518
30,424,0.08666001644320873
30,459,0.0772066652940191
30,474,0.08734827447859464
30,499,0.08762520872467404
30,523,0.08865063595790044
30,524,0.10227025731012662
37,13,0.07572627247700152
37,72,0.07938020151598232
37,109,0.07404512692081212
37,263,0.07558116559147345
37,287,0.07483500995996273
37,302,0.08027297088959989
37,333,0.05749030181438158
37,341,0.07386899724322953
37,408,0.07283804370857921
37,418,0.07318548646597393
37,515,0.07826049265507135
37,518,0.07979687203696444
281,79,0.0936180354840857
281,174,0.0808332873173448
281,198,0.08430659070532771
281,205,0.0800030479863938
281,213,0.08094481872323339
281,300,0.0885460349068224
281,387,0.08192480201200332
281,453,0.08235260957129514
281,497,0.08291693596306055
281,504,0.08694566983093233
326,26,0.11922414808048155
326,65,0.08047280872595848
326,79,0.11689442492236256
326,132,0.11672433539045679
326,139,0.13465204460185606
326,144,0.08232607029560951
326,161,0.11277757473648667
326,164,0.07778901911384223
326,173,0.11817703974243345
326,278,0.11765081749441551
326,289,0.09264556459054099
326,318,0.08345642468052043
326,334,0.08321255425050043
326,345,0.09386960719544471
326,354,0.11262317573072808
326,399,0.09265251503189985
326,473,0.12309793759231855
326,487,0.11134943429505194
326,504,0.11432249503557781
524,26,0.09528035786602018
524,30,0.10227025731012662
524,33,0.06906449253402189
524,124,0.09297569908619999
524,135,0.09457893411204525
524,147,0.09108793372522084
524,172,0.08991972243088067
524,250,0.09320068804868847
524,252,0.06132444214187195
524,322,0.06599338859562122
524,376,0.07897129922156967
524,415,0.08933641674558229
524,427,0.0892741006608191
524,495,0.08154941218485902
524,499,0.0832135946487771
524,504,0.0911620294654651
35,10,0.10187226816753535
35,26,0.11824183388011977
35,65,0.07579331737554929
35,74,0.09102769985293574
35,82,0.07990338244769667
35,153,0.08258390146588585
35,161,0.11319067300339056
35,195,0.10172032792299851
35,205,0.0972682885616712
35,277,0.09963537195857589
35,306,0.08684815729756777
35,354,0.10655990833711437
35,402,0.10092085692433161
35,409,0.09583922008418362
35,436,0.07606561367909452
35,474,0.10226548913885906
35,492,0.1109976455872899
104,51,0.10020248933607508
104,61,0.13285714924815567
104,76,0.10491022235128315
104,96,0.13127780142014486
104,111,0.13536262760495799
104,160,0.1386636096233481
104,209,0.12238668474576989
104,265,0.12591514270501838
104,280,0.13004856191972888
104,292,0.1344488909211956
104,398,0.1282185474946749
104,456,0.12908138406578357
104,490,0.1265866976171252
257,9,0.056917622761423724
257,29,0.07234638227961056
257,179,0.07043558880672618
257,232,0.06974840171997224
257,233,0.07691853210013928
257,341,0.06873627079151624
257,383,0.0688127843076538
257,427,0.07152947885014986
257,466,0.0713130602755664
257,502,0.08245929165288184
257,521,0.06857706368513695
276,111,0.0955862761160029
276,119,0.09389802070020878
276,234,0.11053213355692042
276,337,0.11471723224666008
276,371,0.0988713906102384
276,384,0.09599676134149132
276,425,0.09614441500813714
276,456,0.09429995959417109
276,490,0.09394917843034066
276,511,0.09686628078803257
497,14,0.1474418461664417
497,94,0.13360037489237317
497,142,0.13875408315136017
497,190,0.11547154206146693
497,192,0.1533663449726279
497,198,0.17129800669990636
497,214,0.09870185588672176
497,215,0.13695120650688497
497,218,0.13790582462782253
497,225,0.1682282613553204
497,228,0.11696329022490357
497,281,0.08291693596306055
497,310,0.1107613725431744
497,340,0.1198221502764985
497,346,0.11214129844084936
497,410,0.1340582086797862
497,434,0.12803924689700055
497,438,0.1358134277331175
497,453,0.14259047122049887
497,472,0.13960196339857664
497,491,0.1915548307066708
57,71,0.0670899710120814
57,147,0.08890738086549023
57,174,0.09434342885449738
57,222,0.09346153998827687
57,290,0.09113873272295742
57,305,0.10371932610225607
57,332,0.10079787056232857
57,370,0.09509392370927738
57,460,0.08964847506277435
57,494,0.10311209492719936
57,514,0.0885096820648593
85,2,0.07700776110105545
85,15,0.07636976970131569
85,125,0.07502153730396349
85,166,0.08715602757678519
85,299,0.0891666298097339
85,359,0.07525734879911146
85,367,0.07607977014578308
85,369,0.08295302086910603
85,406,0.07694417183051967
85,521,0.07701546613038553
263,37,0.07558116559147345
263,39,0.09074470791883903
263,54,0.08740229996026606
263,86,0.0977908670345149
263,90,0.09402085465319315
263,115,0.07828171910354599
263,122,0.09206582362850421
263,124,0.09512905622593563
263,163,0.09621910215463747
263,172,0.09005078091187815
263,184,0.09373590284353563
263,210,0.07564790634766344
263,249,0.0939667803768596
263,268,0.07866966700279426
263,291,0.09080631141547339
263,293,0.07271564522088059
263,339,0.10876006703607133
263,416,0.07199541543599935
263,417,0.08616814418661435
263,444,0.09861019003671789
263,465,0.08343001333299566
263,493,0.07795203684068208
24,46,0.08724753117360352
24,62,0.0763020371014554
24,101,0.07831273114261998
24,136,0.05911816891781177
24,153,0.08186224854439733
24,179,0.08131215477300321
24,202,0.07036071047748203
24,216,0.08722199149389889
24,237,0.07313972508319415
24,296,0.07946719181742534
24,299,0.08146245840185194
24,323,0.08149984605570806
24,355,0.07272183051783153
24,359,0.0863685432766102
24,467,0.08841638644968834
24,480,0.10543545797517184
24,514,0.08198585731251697
133,34,0.14548658696617378
133,44,0.126078289324406
133,59,0.1658191659796329
133,61,0.14821926294528215
133,69,0.13115636413483606
133,87,0.18043798669853542
133,99,0.15632328758872077
133,123,0.12842464427233077
133,141,0.1283990922992364
133,162,0.1656853017559435
133,197,0.16862519018436187
133,240,0.15586793528901405
133,316,0.15281171200934854
133,317,0.11087173027637577
133,319,0.14893453692791983
133,328,0.10926141040491945
133,330,0.12628747299293833
133,336,0.14954459347671709
133,392,0.13995393239895887
133,437,0.15179946454835214
133,439,0.12825927131412018
133,461,0.14598573790540556
133,479,0.15915774498779575
133,489,0.1381286901600172
133,511,0.15152675698325074
133,529,0.12023329133828702
202,1,0.011402289988897765
202,4,0.07404007408126854
202,24,0.07036071047748203
202,43,0.07239135424593053
202,155,0.07245684855412075
202,156,0.0659176518807634
202,204,0.07181518399108404
202,226,0.05505599902296602
202,253,0.07630435750810025
202,296,0.07535687483005085
202,323,0.07112204088908232
202,426,0.07077969798782933
202,517,0.07258526126871417
280,11,0.12228194916816089
280,21,0.15468041059218302
280,53,0.11967655087970418
280,75,0.158487310608541
280,91,0.1278549758176325
280,96,0.15373654794640534
280,102,0.13406279468340113
280,104,0.13004856191972888
280,108,0.15708201600171243
280,110,0.1644987512102657
280,112,0.16530571917573228
280,120,0.13288187193728088
280,161,0.13982961649384928
280,165,0.146571021478059
280,205,0.13563075726195584
280,212,0.1583314641729672
280,221,0.13429854905397512
280,229,0.14843820804779337
280,265,0.14161062624221415
280,292,0.1378954253707299
280,304,0.16654264174788896
280,312,0.13628027784519722
280,315,0.14272420657847187
280,336,0.1414112688832733
280,371,0.14870781684740783
280,425,0.14923218466606294
280,443,0.11677809674730454
280,454,0.1045925507123884
280,479,0.14257947640999563
280,490,0.17118293003650237
280,501,0.1403043426965079
280,505,0.1469075054538909
353,5,0.07608892194326825
353,41,0.08645710106221656
353,43,0.08061044271222804
353,86,0.07954385224339339
353,122,0.08201671240142455
353,138,0.09270988007552941
353,157,0.08230125806240457
353,175,0.07906707312980187
353,248,0.08009628314035806
353,267,0.06728664350927215
353,283,0.08241823091701975
353,309,0.07873387061890877
353,322,0.06796336605840607
353,486,0.09130488236772329
353,508,0.06775638979429344
353,515,0.08406168302554402
353,525,0.07236454401715003
45,6,0.13706966467381587
45,7,0.11731078986136617
45,80,0.0904015532375527
45,132,0.11600938928177441
45,139,0.11215848644591266
45,173,0.12417058241270092
45,178,0.06398087949484162
45,205,0.13496924896477377
45,213,0.1168433117161794
45,321,0.11100298916238736
45,354,0.11373389962405857
45,504,0.11211698485610633
389,11,0.12896572185822278
389,51,0.09865941739359785
389,75,0.14641364726280057
389,88,0.10224464833025425
389,112,0.1576785380042802
389,126,0.1399385721267039
389,159,0.14304740247167566
389,182,0.13248133123325023
389,201,0.14466309956022025
389,203,0.10781336863504562
389,261,0.11556904661808713
389,265,0.14206354794351442
389,297,0.11345956721682063
389,317,0.1226324842041221
389,325,0.09295458707901749
389,328,0.10922796266855608
389,366,0.14192216629245846
389,368,0.09646668134183431
389,405,0.12123944436437471
389,428,0.14684375510502015
389,450,0.14186722791465517
389,483,0.15754311740986301
389,490,0.14859062799667316
389,509,0.13260455254438555
452,113,0.12572040495457631
452,190,0.08173869702584981
452,192,0.08486865031439611
452,362,0.08758151275320325
452,364,0.13337113086607907
452,431,0.09151362173373387
452,438,0.08628498859481729
452,463,0.09025995782540608
452,472,0.07717295921196457
452,488,0.08359138628084539
93,73,0.08833044609898175
93,101,0.07951193972623309
93,171,0.0926990514758867
93,174,0.09041740537112045
93,253,0.07958957756195181
93,294,0.08160071474723643
93,359,0.08403483207902568
93,370,0.10370059649002134
93,379,0.0881098184792103
93,386,0.09078641350924455
93,402,0.09387732624096046
93,411,0.08333163971162316
93,415,0.08923553997802823
93,426,0.08798615077464647
93,427,0.09470795715208007
93,494,0.09865629388703473
93,517,0.08784203044170888
372,19,0.1414202648665783
372,21,0.1517709034298591
372,108,0.13148913034823712
372,112,0.14277529397600053
372,148,0.09840077382032146
372,201,0.14035891121470515
372,221,0.1272581734687086
372,244,0.14685122734790418
372,277,0.14368345502536414
372,328,0.10681075636639015
372,371,0.14936157150630833
372,428,0.14090253460086893
372,450,0.13589000763456716
372,490,0.1432072839002904
372,526,0.1566470939276966
386,38,0.08324648607585795
386,46,0.0880117590273197
386,93,0.09078641350924455
386,155,0.09067121999849495
386,170,0.06867074920044797
386,217,0.08800369102486172
386,219,0.08894516380566207
386,249,0.08545255504761894
386,311,0.07971680833966836
386,358,0.05867403207916304
386,426,0.08511621912118317
386,427,0.08540836253700097
386,476,0.08261522153701377
18,1,0.011354880784372866
18,15,0.0700019224485692
18,46,0.08430618688874118
18,103,0.06771903664054954
18,116,0.07115448640581827
18,155,0.07616904877088815
18,179,0.07298799118362344
18,290,0.07061634632292697
18,365,0.06207625010963016
18,415,0.06803540221034773
18,426,0.07155691600417083
18,464,0.06847739568399516
102,22,0.11846151160617983
102,110,0.13902091391337623
102,112,0.13392785795289563
102,135,0.11243911743802003
102,212,0.12662215534919596
102,280,0.13406279468340113
102,344,0.09332336146742808
102,366,0.1387899926227658
102,392,0.14432420696116902
102,398,0.13177878663005446
102,420,0.137187462779449
102,425,0.1452212628515718
102,428,0.13014425257235282
102,479,0.13210738666890487
135,10,0.12629041169449795
135,26,0.1196333820074891
135,40,0.08533389503894538
135,52,0.0752585510543962
135,102,0.11243911743802003
135,151,0.11302074120976414
135,165,0.11842741697041953
135,255,0.09383633365667783
135,398,0.12185437840535682
135,402,0.1009814126782441
135,413,0.12163620791777728
135,415,0.10503964711330196
135,420,0.11228952932059376
135,442,0.11660578734193776
135,504,0.11660427223569984
135,524,0.09457893411204525
266,9,0.05545790556843858
266,12,0.07442650550132507
266,27,0.08367765897184855
266,186,0.07413760782404322
266,191,0.07796755223613247
266,341,0.08461856996866482
266,393,0.08479277407968037
266,451,0.07650960781915367
266,493,0.07813626009229141
266,500,0.07614502801663123
266,502,0.07238976986452286
266,506,0.06339520937582391
266,525,0.07493609262717013
289,23,0.11043231645450968
289,26,0.09467434517218391
289,40,0.08542515397590467
289,62,0.0828543666165564
289,82,0.08299685227701231
289,131,0.076857485517942
289,137,0.09182768164125439
289,150,0.09198156993371093
289,195,0.0964073067383567
289,224,0.10449588268072119
289,326,0.09264556459054099
289,396,0.0887862901347643
289,409,0.09573818877628393
289,474,0.09742642682126493
289,519,0.08953446984234294
289,523,0.08936393936868478
289,528,0.07593110923991517
65,7,0.07618368447645801
65,35,0.07579331737554929
65,127,0.07974036627674941
65,139,0.0784390939190931
65,144,0.07718307282612558
65,173,0.08288349688459973
65,182,0.07628038122573552
65,326,0.08047280872595848
65,402,0.07562843240847947
65,476,0.07967173057248293
413,26,0.13732205464423597
413,79,0.14262370562198529
413,117,0.06366336725573774
413,118,0.07579852043807718
413,135,0.12163620791777728
413,150,0.11360826451781085
413,151,0.16090535291036506
413,166,0.0946418231472166
413,174,0.10524135272348155
413,177,0.0887622441906361
413,183,0.10094280391194692
413,198,0.13435849361449861
413,213,0.133607741254109
413,217,0.08764720614218723
413,222,0.0965347148271265
413,231,0.11714621017205086
413,249,0.09399720200525036
413,254,0.09207141760581984
413,291,0.10381992265866163
413,295,0.10305739001890642
413,300,0.13841114890742232
413,307,0.09723454137844381
413,320,0.09104645908565231
413,332,0.0910267363649487
413,345,0.09874614227658883
413,374,0.12107698396888054
413,387,0.128256462397992
413,410,0.1267324092125047
413,415,0.10686333382452574
413,429,0.0745175309694517
413,442,0.17152823556258606
413,464,0.10225526961904212
413,493,0.07904134262812343
413,504,0.15140555400788447
413,522,0.08741941688439968
436,35,0.07606561367909452
436,136,0.061084964269071826
436,166,0.0757161591826072
436,179,0.07694628748299814
436,194,0.08250043760454977
436,195,0.07926909406887002
436,204,0.08071074935589714
436,206,0.09100388529108266
436,274,0.08197241200470208
436,395,0.09510005918682256
436,419,0.06731261894659622
436,455,0.08863883305846969
436,462,0.07402084822869544
470,97,0.0865103922194091
470,103,0.10898575066395345
470,126,0.11233358147197652
470,131,0.07757838290885992
470,137,0.11374113744526458
470,148,0.10239159952004821
470,161,0.1233919817993319
470,165,0.11900487923170724
470,172,0.08611201448560751
470,205,0.11838420697680381
470,212,0.10996019229269446
470,275,0.0695097104347363
470,354,0.1114916032112628
470,378,0.09220269332727114
470,396,0.08600893655544074
470,415,0.1062497744866915
470,447,0.08610594000404193
470,474,0.10431421043971568
470,492,0.11430039283080815
470,504,0.10790043780969953
69,21,0.1290513455907076
69,99,0.1369170445382622
69,133,0.13115636413483606
69,160,0.12747927522447094
69,162,0.13158408190396154
69,245,0.12779773838323133
69,255,0.09367604672205827
69,316,0.13307718620530828
69,319,0.12514103476352378
69,394,0.13139145509250016
69,511,0.12484917381240603
173,6,0.12454895441434603
173,45,0.12417058241270092
173,64,0.09742619113216139
173,65,0.08288349688459973
173,70,0.08419208254212897
173,98,0.09096738534882466
173,127,0.11227144093029864
173,132,0.1228990361397944
173,139,0.1662159558240347
173,178,0.06296257451163477
173,205,0.1402473051936259
173,259,0.11158569573727439
173,270,0.09761293474353815
173,277,0.14723734622392118
173,278,0.14087119028279332
173,298,0.12206221030379086
173,315,0.12587285802086773
173,321,0.12001081250893877
173,326,0.11817703974243345
173,348,0.11497113185303878
173,354,0.13843671125825066
173,414,0.13969210923328437
173,428,0.1301300317693532
173,473,0.13584368308167555
173,490,0.13359254486926078
173,510,0.10098982806063209
206,30,0.09193807635794213
206,63,0.05791102230896446
206,74,0.07983433859927509
206,155,0.08150215477010142
206,226,0.05490969491727807
206,248,0.07838620929384511
206,250,0.07749606978498742
206,258,0.07629587416568964
206,370,0.07675546219211556
206,427,0.07764731387614142
206,436,0.09100388529108266
206,455,0.08249491366240111
206,460,0.07661782993780308
361,28,0.07577600094866231
361,40,0.07355608656194204
361,42,0.07701084293595335
361,127,0.07783716209725132
361,148,0.07372796874456869
361,345,0.07645476762364957
361,354,0.07661852747098225
361,398,0.0748968669249048
361,492,0.07661776071805332
361,505,0.07407539820326749
40,23,0.08557456702694749
40,103,0.08597607274514327
40,118,0.07481561364114424
40,135,0.08533389503894538
40,137,0.0897534253465433
40,224,0.10030202393979537
40,244,0.08551262776488908
40,255,0.08394090485290409
40,289,0.08542515397590467
40,361,0.07355608656194204
40,492,0.08400405702248412
40,519,0.08537170685909816
115,29,0.07812224113911821
115,41,0.08757919896570833
115,263,0.07828171910354599
115,338,0.07755504384881233
115,339,0.07728775708754143
115,347,0.07613094520671668
115,424,0.07780846808467146
115,444,0.0752347440011751
115,482,0.10228205467132363
115,521,0.07618841936197016
115,532,0.06801245103648
144,26,0.07942771476793006
144,65,0.07718307282612558
144,127,0.07785373125512123
144,139,0.07999198949474609
144,152,0.08591825794994253
144,199,0.07841213413514027
144,303,0.07971246521861132
144,326,0.08232607029560951
144,354,0.0792995278125778
144,403,0.09163405234390148
144,473,0.07912577783145781
362,113,0.097967143152907
362,142,0.08290940135686846
362,190,0.08526166539538578
362,192,0.10234808637643009
362,225,0.086211341316816
362,340,0.08846670884048155
362,364,0.08557481654869423
362,431,0.11265148064503813
362,438,0.09381310891154715
362,452,0.08758151275320325
363,41,0.07921224567072103
363,47,0.08595999090570836
363,63,0.060865591333945736
363,125,0.08394737714479053
363,238,0.08720691939441405
363,335,0.08380745001986023
363,347,0.0824790191695735
363,397,0.08103742234124493
363,424,0.08420560758140569
363,503,0.08078296705427042
363,516,0.085149064584546
399,26,0.09469260862414476
399,79,0.09308458684880204
399,139,0.09535946584234935
399,161,0.10109222669156463
399,201,0.0947570038370102
399,312,0.09731957855974561
399,326,0.09265251503189985
399,490,0.09158218935836197
399,504,0.10076067823188324
399,511,0.091892687785415
169,59,0.08805491837248289
169,87,0.09138717681368907
169,91,0.0891794582097752
169,165,0.09467190093461524
169,240,0.08598931598186525
169,304,0.08913741453881492
169,430,0.09512174671092588
169,473,0.08993777414516492
169,479,0.09168254154831998
169,505,0.08629575833487162
406,15,0.08678802869373019
406,43,0.08809619544082035
406,85,0.07694417183051967
406,116,0.08665033999460216
406,187,0.07635584619106733
406,285,0.07743416381338754
406,286,0.08292113643786435
406,299,0.09573441766377402
406,305,0.09111385802611463
406,357,0.08834298243103315
406,367,0.08259236313813023
406,369,0.08478480137112152
406,370,0.08933103546283089
406,395,0.0970863477783194
406,462,0.0730871150520711
406,464,0.10203619874045923
406,514,0.09075613699420224
52,10,0.0751777845123131
52,135,0.0752585510543962
52,177,0.07487083022150734
52,194,0.08197705061094467
52,224,0.07701768831644805
52,236,0.07522220821098786
52,381,0.07182437823245975
52,467,0.0758715208741951
52,474,0.07511802353120169
52,499,0.07503899501798847
52,508,0.07051026211020868
52,514,0.08391125576767851
237,24,0.07313972508319415
237,46,0.08371579165742438
237,81,0.07136477751074115
237,179,0.07041529857825245
237,216,0.06978172887191665
237,238,0.07352719867718831
237,323,0.08196346725107384
237,339,0.06886913742529277
237,480,0.0705363533113154
237,499,0.07260062942317448
252,3,0.06817172344168002
252,68,0.06045811822202094
252,138,0.06894705116481413
252,140,0.060124963971754146
252,283,0.06641710183313623
252,287,0.060539553961417615
252,375,0.0649311702857998
252,408,0.06296205688726302
252,448,0.06119484938816724
252,524,0.06132444214187195
262,13,0.07186006844645992
262,72,0.07020262444746891
262,81,0.06815955373790798
262,184,0.06876041895329146
262,287,0.06572779866674142
262,314,0.06390062171101947
262,333,0.05929189554296362
262,341,0.0658066633919524
262,391,0.07094680907516301
262,422,0.06998124646225229
262,457,0.06804048639122476
262,518,0.06725966544124114
337,48,0.14397698051549399
337,96,0.13390479397082303
337,119,0.1184106875495818
337,121,0.12000574553730771
337,234,0.13252474169492143
337,276,0.11471723224666008
337,277,0.135795772355037
337,325,0.09391182430595307
337,384,0.13407142451448972
337,425,0.13580471770314928
337,439,0.14465724676067182
337,456,0.14114026520243247
337,490,0.13719980022648715
337,511,0.13921779923368954
117,7,0.060795674284948545
117,205,0.06175832862716071
117,213,0.06002540562695386
117,231,0.06111041607733927
117,275,0.06065536831612742
117,300,0.06037192432016563
117,307,0.061209488198642796
117,320,0.060981947181757784
117,359,0.0659539498098454
117,413,0.06366336725573774
387,67,0.10444356343266128
387,79,0.1571701417309696
387,94,0.12411397536893322
387,142,0.1779689990928472
387,150,0.11816785072780613
387,151,0.13329130627114566
387,177,0.0889647244157475
387,183,0.0985348814152729
387,192,0.14018249381574893
387,198,0.1863812956142585
387,213,0.12443282757215399
387,218,0.13622493490788887
387,225,0.17140975731142305
387,228,0.11900426387064686
387,254,0.08581102069697583
387,281,0.08192480201200332
387,300,0.12173756832546932
387,310,0.11976012163069019
387,321,0.11852210567088682
387,340,0.11325263202623931
387,346,0.1140740111983431
387,374,0.12206101964934188
387,410,0.14489560616887276
387,413,0.128256462397992
387,431,0.11142907067744866
387,442,0.13375191961229285
387,453,0.12612991075974508
387,491,0.1362423928965447
387,498,0.10824265260751356
387,504,0.139624723737663
387,507,0.08852971834462121
411,38,0.07902172327407471
411,41,0.07990177239767564
411,66,0.07854983750847992
411,93,0.08333163971162316
411,134,0.09042469747861726
411,155,0.08009627978577394
411,174,0.08159219242480853
411,217,0.08083489453964281
411,426,0.08119018513534221
411,494,0.08352033915924431
130,46,0.08106241457815161
130,73,0.08246742494098205
130,77,0.07190907791572128
130,124,0.08143036409620551
130,147,0.08337436758685118
130,179,0.08118524971876197
130,194,0.09323826665420246
130,236,0.08504243132314065
130,308,0.09271332153233595
130,383,0.07778609432188247
130,464,0.08539836677802794
130,486,0.08344255737647631
170,38,0.06295048566231772
170,46,0.06477777347435101
170,156,0.06436849488022062
170,189,0.06445769427768701
170,311,0.06356945376211773
170,359,0.06263375856197284
170,386,0.06867074920044797
170,468,0.06376028211605375
170,485,0.06619426251695003
170,513,0.06796617281681529
329,3,0.0801444898924535
329,25,0.07933043011471896
329,73,0.0797667283907918
329,124,0.09589900813154575
329,163,0.07910608176339227
329,179,0.08176037585777914
329,249,0.08014350495539657
329,379,0.07961829745307879
329,417,0.08460537440428463
329,427,0.08989558046234786
329,432,0.07819810945960957
342,31,0.07359806034474235
342,183,0.07811780243180057
342,193,0.09888977005323184
342,222,0.07254566870944217
342,349,0.09503339566589653
342,374,0.07532372944112375
342,496,0.07236313218202453
342,507,0.07234292066511198
342,522,0.10081114252223702
342,527,0.0854120652897251
349,151,0.07373919326505016
349,183,0.09394332913677145
349,193,0.09815964074922712
349,222,0.0752417998686876
349,318,0.08200216889032702
349,342,0.09503339566589653
349,374,0.08995147629984933
349,507,0.08793432262202859
349,510,0.07350945858802127
349,522,0.08751322101529747
118,7,0.0773199175483485
118,40,0.07481561364114424
118,81,0.07442448548491053
118,177,0.08082126259110468
118,254,0.0801430199057214
118,320,0.07498084826578703
118,339,0.07422932058853776
118,359,0.08256407135986638
118,374,0.07423333158113599
118,413,0.07579852043807718
244,19,0.16645561127208047
244,40,0.08551262776488908
244,44,0.14262303797176118
244,51,0.09854242096530932
244,55,0.10297568097548944
244,59,0.15073938320397762
244,87,0.16617175974123108
244,160,0.13413658497108438
244,162,0.14066900990306413
244,165,0.1443829101801051
244,197,0.15218016112513433
244,224,0.10750421588204662
244,277,0.16020898562431377
244,278,0.14642235911994397
244,297,0.13626916959070012
244,304,0.1486429006489991
244,372,0.14685122734790418
244,388,0.1303033353131283
244,394,0.16926835629118714
244,398,0.16265495474155908
244,414,0.14084539216614975
244,420,0.14893445025460547
244,428,0.17844616667394214
244,473,0.1507354978867667
244,492,0.14059233796759626
244,505,0.14211893514176405
244,526,0.15427035945121348
502,9,0.05672756424073038
502,12,0.07230024558336026
502,143,0.056017215999263174
502,186,0.07676532298432209
502,188,0.07395800226923886
502,223,0.0719814293972187
502,232,0.07918154642868228
502,249,0.07375294277180558
502,257,0.08245929165288184
502,266,0.07238976986452286
502,393,0.07745594561017864
502,469,0.07871817289449645
22,92,0.11495752866806755
22,99,0.11935144720556931
22,102,0.11846151160617983
22,158,0.1407250611706407
22,168,0.1141359609107582
22,288,0.1268132817224261
22,366,0.12902061467993914
22,420,0.12663468005782347
22,428,0.12428951182635709
22,473,0.12625249800102564
22,479,0.12246022409276963
22,484,0.1233612066294105
320,7,0.0979556528273296
320,51,0.09056429746557644
320,86,0.0912041658330105
320,117,0.060981947181757784
320,118,0.07498084826578703
320,183,0.09063524613551392
320,300,0.08971060839503935
320,338,0.10116147118711434
320,354,0.08705476939658643
320,374,0.08735572062160911
320,413,0.09104645908565231
320,504,0.08749766338608973
511,19,0.1440216330451977
511,21,0.16116594032277157
511,59,0.15694105666065986
511,61,0.14024671653112528
511,69,0.12484917381240603
511,96,0.14700067203064882
511,111,0.15606964809490523
511,133,0.15152675698325074
511,141,0.12896993029920972
511,159,0.12757542417619047
511,240,0.14894414629971142
511,276,0.09686628078803257
511,277,0.16575566042295542
511,312,0.1345012742902555
511,316,0.13559778280881515
511,336,0.14009645823566533
511,337,0.13921779923368954
511,380,0.12929765504126892
511,384,0.133900252693424
511,399,0.091892687785415
511,425,0.15576929462179595
511,430,0.12624438169477617
511,437,0.15400716668893502
511,439,0.13756776541135715
511,446,0.09892882896399256
511,489,0.13562911313843057
511,490,0.17537321075626225
512,41,0.07830099484887888
512,66,0.08364988146103292
512,171,0.08653831495493046
512,222,0.07893941261868369
512,271,0.07792729937300454
512,299,0.07815186680188305
512,359,0.08878414637971578
512,370,0.0786493070811736
512,459,0.0794343117930069
512,494,0.07929617446498981
112,11,0.12563617206858557
112,48,0.13880272334947757
112,51,0.09511243816836816
112,75,0.1401484816159481
112,95,0.110838164887837
112,102,0.13392785795289563
112,108,0.13348199193295732
112,110,0.14470963492221384
112,111,0.1457717159064187
112,126,0.13522010402158935
112,148,0.10650409801400863
112,159,0.14152097737567026
112,165,0.14745879394187178
112,182,0.13497074184862026
112,201,0.17824603766022137
112,221,0.13994154152094568
112,241,0.1118756565319311
112,242,0.11442775305161033
112,251,0.10421739927485722
112,265,0.13742909019516195
112,277,0.15645189922866007
112,280,0.16530571917573228
112,292,0.1321407433983916
112,298,0.11816905559032613
112,304,0.14926302723566537
112,350,0.10058909355469924
112,366,0.1361038463353248
112,371,0.14388671708719167
112,372,0.14277529397600053
112,389,0.1576785380042802
112,394,0.14610787307665196
112,405,0.12032066336315807
112,407,0.12873048652617616
112,414,0.15376790828917725
112,420,0.16477360549061168
112,428,0.15572603710271027
112,483,0.16289430566918459
112,490,0.16367650926532903
112,492,0.13695740198584275
112,509,0.11793883103168172
112,526,0.14932996168651497
136,24,0.05911816891781177
136,204,0.061913738810971536
136,250,0.06147370670407546
136,296,0.0616450891518461
136,376,0.05777742272110878
136,395,0.061161624358195485
136,436,0.061084964269071826
136,455,0.05923505926759921
136,462,0.06639783611438514
136,499,0.06253499268887201
187,2,0.07640093554423405
187,12,0.08251158135539129
187,176,0.07350717674369331
187,186,0.07533643447197919
187,260,0.07882468228448156
187,299,0.07435391444821589
187,327,0.07155917854672211
187,369,0.07314126489222715
187,406,0.07635584619106733
187,527,0.07643884147245679
455,46,0.07719078945341143
455,58,0.07116369557865224
455,77,0.07414659640995372
455,124,0.07649346776368234
455,136,0.05923505926759921
455,155,0.08040678362844844
455,179,0.07828851478798468
455,189,0.07705680360912438
455,194,0.08002614392681139
455,206,0.08249491366240111
455,246,0.07597588302244078
455,250,0.08273814350816618
455,324,0.0592132727380947
455,419,0.06685817716245858
455,436,0.08863883305846969
455,528,0.07808682493402018
455,532,0.06379385470294498
74,35,0.09102769985293574
74,137,0.08894190774352222
74,161,0.0904807169292506
74,166,0.09035366346415405
74,195,0.09048921092495525
74,206,0.07983433859927509
74,284,0.08152190913870397
74,311,0.07511772230279644
74,354,0.09346937995462029
74,396,0.08332609404524961
74,402,0.09333216051744662
74,409,0.08852799472860448
74,464,0.09066789489215842
74,474,0.08743182606450188
96,21,0.1484644978144591
96,48,0.13944148549218818
96,75,0.13915881194718396
96,76,0.10202804085699853
96,78,0.12931098595462098
96,104,0.13127780142014486
96,108,0.13001559124323073
96,111,0.14668161176089298
96,126,0.12847529553465045
96,212,0.12730406904850444
96,221,0.13400593849386347
96,229,0.12362224963362356
96,280,0.15373654794640534
96,291,0.1049932175732467
96,292,0.14244136919081796
96,337,0.13390479397082303
96,384,0.13832209716412164
96,425,0.16266690489848337
96,430,0.12464934533348293
96,439,0.1304642561000647
96,443,0.11327848398084354
96,490,0.14861886653041986
96,505,0.15437381926942015
96,511,0.14700067203064882
336,23,0.1071692171268602
336,59,0.15262912358225203
336,61,0.15281312199709207
336,87,0.15448684132053705
336,119,0.11857818629247352
336,133,0.14954459347671709
336,161,0.14005241358452855
336,200,0.09911404498594671
336,280,0.1414112688832733
336,301,0.12523877438098924
336,312,0.1321674748062147
336,385,0.14613314651933615
336,394,0.13997549735771
336,407,0.13195545397628505
336,420,0.1417900795065441
336,511,0.14009645823566533
336,531,0.12322890450680635
378,2,0.08991299814401521
378,66,0.09013553147305862
378,86,0.09048610108859946
378,147,0.10409042422097887
378,151,0.09154800874335325
378,253,0.08434438735315354
378,267,0.06104267184624758
378,370,0.09102767315060145
378,415,0.09175728153293196
378,447,0.09587071414319445
378,454,0.09796719144076667
378,470,0.09220269332727114
378,481,0.09521409682046886
378,482,0.07674645116846875
513,3,0.07978676624060634
513,13,0.07861652719088863
513,63,0.05859119092528907
513,77,0.07102771375958492
513,84,0.08320762785395554
513,105,0.07702253816360341
513,125,0.08606830730330192
513,140,0.0792245531615095
513,170,0.06796617281681529
513,194,0.07877877333124667
513,250,0.07937156854524549
513,322,0.06448117820037726
513,359,0.08262172294308977
513,423,0.07807675233353777
513,485,0.07988006761045509
513,503,0.08232751560267064
100,3,0.08238974219512503
100,25,0.07490816039691829
100,109,0.07552744119663846
100,114,0.0726250638713828
100,125,0.07431507609695422
100,155,0.0721999390382783
100,250,0.07196197259977508
100,375,0.07349669367418868
100,397,0.07445065469976259
100,422,0.07358813509620973
223,2,0.0881236425284603
223,29,0.0903014113442012
223,47,0.0810718536558891
223,116,0.0946232176128688
223,174,0.08925046866990138
223,186,0.08381768647674212
223,222,0.08715421867795528
223,249,0.08553267208917141
223,282,0.0804541781324983
223,305,0.09636176829894909
223,327,0.09029983730784695
223,367,0.09346073813267396
223,393,0.06916058670399033
223,502,0.0719814293972187
223,514,0.09869274418791742
339,3,0.09327889822609994
339,13,0.08976941843625273
339,30,0.08880346676594991
339,39,0.08592489101639043
339,46,0.0967783065608393
339,47,0.08315733037709007
339,60,0.0753723373745132
339,62,0.07877660828634259
339,84,0.08539054203773529
339,109,0.07637894057929219
339,115,0.07728775708754143
339,118,0.07422932058853776
339,124,0.1043300764277131
339,138,0.08985675768587893
339,140,0.10919144316229282
339,153,0.08295315227981945
339,163,0.0916715532206214
339,186,0.08718227958592124
339,196,0.08810368717684153
339,210,0.0769087615146209
339,227,0.07803229972933957
339,230,0.08561268974428299
339,237,0.06886913742529277
339,263,0.10876006703607133
339,268,0.07779759473805223
339,283,0.0996451804035302
339,302,0.10135922194831597
339,305,0.09502239578177134
339,309,0.08331298751723137
339,359,0.0858322249888555
339,370,0.09370837790815854
339,397,0.09498467771144373
339,448,0.07340436949354011
339,465,0.08362491784102077
339,503,0.10290488149361614
339,518,0.08393858364777229
495,124,0.0877092023884297
495,143,0.05334693559240049
495,154,0.08855105461692528
495,184,0.07993360325155228
495,274,0.08295065734851839
495,283,0.09575726571253126
495,352,0.08131772633523614
495,396,0.08129574618528967
495,422,0.07616893629530674
495,432,0.08057442314854465
495,448,0.0719501086034963
495,503,0.08129800229791857
495,524,0.08154941218485902
42,87,0.13683152095970536
42,92,0.11935446659267313
42,200,0.09815198108240412
42,234,0.1297971213397788
42,245,0.1340800004496862
42,277,0.13230773041716756
42,278,0.13064017188424784
42,317,0.11283981701677201
42,361,0.07701084293595335
42,392,0.13897086211224788
42,407,0.12291102396974571
42,428,0.13885521986632568
42,456,0.14250498541837547
42,478,0.13389952420453935
42,483,0.1312948465232276
147,26,0.09070167171001892
147,33,0.06976762659971307
147,57,0.08890738086549023
147,130,0.08337436758685118
147,155,0.0904733198211265
147,219,0.08483522300149489
147,250,0.0967298862445083
147,279,0.08655528457727364
147,290,0.0845691176386571
147,305,0.09224519952753087
147,332,0.09165718454675292
147,370,0.10073234928792127
147,378,0.10409042422097887
147,415,0.0904915927853697
147,426,0.09338436882076513
147,440,0.0873732938410457
147,458,0.07674570066246932
147,459,0.07927718031237012
147,467,0.08374629429442658
147,475,0.08704255160373221
147,486,0.0951016462893366
147,516,0.08730552782061599
147,517,0.08665937812820677
147,524,0.09108793372522084
532,41,0.06268011953687348
532,77,0.06452615589879214
532,115,0.06801245103648
532,155,0.06399371878354074
532,216,0.06261606178037142
532,284,0.06437944444927463
532,422,0.066778108413246
532,433,0.06453978509251679
532,455,0.06379385470294498
532,482,0.06352625685818271
53,19,0.11755074145504331
53,75,0.11703158122777033
53,278,0.11645836727078192
53,280,0.11967655087970418
53,298,0.1329697013244828
53,318,0.08350388494914145
53,405,0.1191935143560639
53,414,0.11863642422833216
53,449,0.1457774298695265
53,490,0.13500829992865296
53,504,0.12134367684172187
53,510,0.10101977685622504
175,2,0.07821667724687793
175,41,0.0852735032432454
175,89,0.07658202156799374
175,138,0.08689386163549731
175,236,0.08538742697869366
175,309,0.07937694433329215
175,341,0.07551752475889777
175,353,0.07906707312980187
175,375,0.07526315844184289
175,516,0.07659465385621973
175,525,0.07475092968744532
270,10,0.1048750878443149
270,48,0.09571041968798885
270,111,0.09635739642941892
270,173,0.09761293474353815
270,182,0.0995951069922246
270,344,0.09182148442114081
270,392,0.09916070136102642
270,473,0.10063621653673986
270,476,0.09874333158880928
270,478,0.09785877249106359
270,492,0.10492071481711086
402,26,0.1105673777138978
402,35,0.10092085692433161
402,65,0.07562843240847947
402,74,0.09333216051744662
402,82,0.08124436157102466
402,93,0.09387732624096046
402,135,0.1009814126782441
402,161,0.10717841490482519
402,165,0.10382215922086374
402,227,0.07805020144038005
402,298,0.10091296066948245
402,398,0.10150350292617659
402,409,0.08991129292921207
402,414,0.10984814214510567
402,456,0.10112642175527632
402,492,0.1153828990864896
415,18,0.06803540221034773
415,26,0.10879869895784766
415,29,0.08300640959590606
415,30,0.0871076541751518
415,86,0.09290229546392638
415,93,0.08923553997802823
415,103,0.10138131989437196
415,131,0.07652748302381057
415,135,0.10503964711330196
415,137,0.10766069682168856
415,147,0.0904915927853697
415,151,0.1029148375812837
415,165,0.10976638864500815
415,249,0.09426455936831608
415,291,0.10768848642804557
415,294,0.07963384469438334
415,297,0.1030193497919714
415,331,0.10067072761723564
415,352,0.08695537328346614
415,370,0.09704158558713714
415,378,0.09175728153293196
415,413,0.10686333382452574
415,429,0.0724431568459787
415,447,0.08531480407239435
415,464,0.1007840492376526
415,470,0.1062497744866915
415,505,0.10567426249168468
415,524,0.08933641674558229
481,2,0.11026310997629409
481,27,0.07493088015262067
481,41,0.08907740401245322
481,66,0.09925084939134557
481,73,0.08924045023593719
481,89,0.09839369022967052
481,157,0.08080675959479229
481,260,0.08580345812638737
481,264,0.07237593145036153
481,267,0.06271228824888103
481,285,0.07979107420876105
481,299,0.08977522503289162
481,305,0.10053375172976466
481,369,0.09400389536848332
481,377,0.08875905033603754
481,378,0.09521409682046886
481,421,0.07627672393771655
481,441,0.0873314414312598
481,444,0.093348315802592
481,458,0.07734414456415488
481,500,0.07685567302642891
481,521,0.0879933692778838
481,525,0.07739322137020797
529,8,0.12969061522082337
529,50,0.12655505615585233
529,123,0.11735279781498648
529,133,0.12023329133828702
529,158,0.11772693109415086
529,162,0.11709485685183275
529,197,0.12324028967423373
529,288,0.1151690109566866
529,390,0.11115436774979251
529,437,0.12193617507577496
529,479,0.1166175677651422
3,25,0.08827661384227085
3,63,0.06411015806535623
3,84,0.08497823947002053
3,100,0.08238974219512503
3,124,0.0988459083943619
3,125,0.09126127563595851
3,138,0.08810401747687976
3,140,0.115334218569481
3,145,0.09348882168706588
3,146,0.08524401661825737
3,252,0.06817172344168002
3,258,0.07883917020714874
3,283,0.08892612894385542
3,302,0.10357173149443852
3,329,0.0801444898924535
3,335,0.08594365366569763
3,339,0.09327889822609994
3,341,0.08931465730005987
3,360,0.060851039624966324
3,375,0.0801631282890816
3,397,0.09058086786512935
3,408,0.07861090663727952
3,418,0.08694954465040682
3,423,0.08051834623452289
3,427,0.09204476839323437
3,433,0.08092289180831523
3,448,0.0775174777224467
3,485,0.0808088178427251
3,503,0.09350925267780531
3,513,0.07978676624060634
125,3,0.09126127563595851
125,13,0.08646484544792964
125,20,0.07510677008819538
125,36,0.07667215754734302
125,46,0.09149518258368486
125,81,0.09770755058227691
125,84,0.07984701705892254
125,85,0.07502153730396349
125,100,0.07431507609695422
125,114,0.07233598679526985
125,124,0.09464505995046638
125,145,0.07636146355057344
125,146,0.08362302495745362
125,154,0.08284757040405512
125,155,0.09557344309311976
125,163,0.09615724376987975
125,179,0.10182315227319721
125,180,0.07692617103254569
125,186,0.08052609744257336
125,216,0.08694861395338555
125,238,0.08759149168640452
125,250,0.09106142119510192
125,274,0.0837406200015757
125,284,0.08706504217407965
125,306,0.0851809530043885
125,323,0.08101805406709145
125,331,0.08914315944810351
125,333,0.05832055246858378
125,335,0.08282568598682369
125,341,0.10191075044013236
125,343,0.07967193896606621
125,347,0.08979311750861796
125,363,0.08394737714479053
125,397,0.09577915237260679
125,419,0.06581385573077377
125,422,0.08313086788561207
125,423,0.08646672916913584
125,426,0.09032086229493107
125,433,0.09029373583517794
125,440,0.08738171938074855
125,466,0.08853067929480121
125,485,0.07553143533323445
125,486,0.09185712044755429
125,503,0.10083554568341929
125,513,0.08606830730330192
255,10,0.09599767021252947
255,21,0.09538832195019055
255,40,0.08394090485290409
255,59,0.0933413610809364
255,69,0.09367604672205827
255,131,0.07746656530174013
255,135,0.09383633365667783
255,162,0.09547906253952988
255,165,0.10188797962196164
255,240,0.09551263173303703
255,319,0.10215414187832535
255,430,0.1038501660490516
255,519,0.09000180887607948
297,19,0.1158701642981013
297,76,0.10485538590173817
297,165,0.1157715162742187
297,244,0.13626916959070012
297,389,0.11345956721682063
297,394,0.11852171358811203
297,398,0.11320640816793999
297,415,0.1030193497919714
297,425,0.11455278149647899
297,428,0.11958980501712485
297,446,0.09765223317478743
297,490,0.11278528006105919
297,526,0.11598811097756662
392,42,0.13897086211224788
392,59,0.14002696341654486
392,83,0.14849733637253826
392,87,0.14098313932117282
392,102,0.14432420696116902
392,133,0.13995393239895887
392,197,0.14576855616239168
392,270,0.09916070136102642
392,277,0.16107544506675608
392,278,0.14519850896120376
392,301,0.12068075317722252
392,317,0.11197958078954803
392,420,0.15444326386690868
392,428,0.14452052932399514
392,478,0.13963006059767244
531,34,0.1150946583582755
531,61,0.11462496365830945
531,161,0.11783975341388846
531,240,0.1139225204206109
531,277,0.11307603335257611
531,319,0.11716602934257989
531,336,0.12322890450680635
531,354,0.11491715234414943
531,404,0.10124561202490034
531,437,0.11862277213475618
531,489,0.12096059781708186
43,15,0.09655046501272443
43,20,0.08015241638329153
43,41,0.0847542438159943
43,105,0.0796511043998281
43,163,0.0843986588404167
43,202,0.07239135424593053
43,204,0.08253802023727334
43,274,0.09221995746951264
43,285,0.07944058745889182
43,353,0.08061044271222804
43,406,0.08809619544082035
43,424,0.08994457477326956
43,433,0.0862373549207844
43,435,0.07533954339342853
43,441,0.08523722033728195
43,466,0.08387641874335056
43,486,0.08850919209309364
351,2,0.0901974368976901
351,12,0.07722604568856464
351,89,0.08416746966293766
351,90,0.07657128800173502
351,188,0.07297251904252039
351,191,0.0755593814164632
351,232,0.07540947933714359
351,260,0.07542632357108023
351,264,0.07404996515579429
351,293,0.07344569347133072
351,427,0.07592466273998168
351,469,0.07588299372729257
351,521,0.07778276214734435
476,10,0.10100097011885052
476,26,0.09282111623408337
476,34,0.09185246728775814
476,46,0.0938024887300944
476,65,0.07967173057248293
476,103,0.09265762880855109
476,137,0.1007313359328873
476,165,0.0940614521128601
476,185,0.07185552306715524
476,194,0.09800217718855542
476,224,0.09836413844508365
476,270,0.09874333158880928
476,306,0.08584277616688857
476,334,0.08493185757126044
476,386,0.08261522153701377
476,519,0.08822776147777248
216,24,0.08722199149389889
216,46,0.0911463351562981
216,73,0.09124700098419693
216,81,0.09028058737514956
216,124,0.08974301823098756
216,125,0.08694861395338555
216,155,0.08556110886396841
216,194,0.08632286360953259
216,237,0.06978172887191665
216,306,0.09109817930723646
216,395,0.08547429490024978
216,532,0.06261606178037142
308,46,0.09218611729442441
308,130,0.09271332153233595
308,138,0.08327328892233246
308,155,0.09021370193446877
308,156,0.06637108639091373
308,179,0.09337888548616467
308,185,0.0745521155371618
308,194,0.0838382017657377
308,236,0.08741296050246027
308,285,0.07865522607458636
308,290,0.08059186395267336
308,296,0.07858277682426677
308,333,0.05764015117107106
308,365,0.06292469843191863
308,375,0.08629725573834719
308,426,0.09854001366974567
308,466,0.09336290179548162
308,477,0.07748541089017243
433,3,0.08092289180831523
433,29,0.08689477507633102
433,41,0.08067696159508714
433,43,0.0862373549207844
433,125,0.09029373583517794
433,129,0.07116310723609173
433,145,0.07534980179178587
433,155,0.0845854918835014
433,163,0.0818782515318792
433,191,0.07189136960275469
433,347,0.08260654604057338
433,422,0.07933952917095533
433,466,0.09222395920160384
433,503,0.08752856288451223
433,532,0.06453978509251679
475,147,0.08704255160373221
475,153,0.10244312863388909
475,207,0.08696219405824393
475,238,0.08295674552279755
475,246,0.07349411429671729
475,271,0.07446321233729487
475,279,0.08172683621286228
475,305,0.09368281823188837
475,306,0.08191856358010004
475,323,0.07751374290509842
475,359,0.08277796900545532
475,370,0.09506947568151633
475,395,0.08171803465469135
514,24,0.08198585731251697
514,52,0.08391125576767851
514,57,0.0885096820648593
514,66,0.09363382096876863
514,71,0.06812931675565008
514,84,0.0796434964347197
514,116,0.09890237262177158
514,153,0.086023230507494
514,157,0.08039136949634684
514,174,0.10325126537736144
514,194,0.08899214246510238
514,222,0.09641316554849702
514,223,0.09869274418791742
514,236,0.09226803077168112
514,239,0.06753155019991336
514,271,0.07636642173479281
514,284,0.07749100959268472
514,286,0.0854257505616826
514,299,0.09439915185472715
514,305,0.14069307502421072
514,332,0.10912622215492808
514,406,0.09075613699420224
514,467,0.09698262015881008
514,480,0.08081408683899528
514,517,0.08734430924241589
59,21,0.15364439504646776
59,34,0.1435799190747049
59,56,0.1191461584635203
59,61,0.14807592921433166
59,87,0.17009761102555196
59,133,0.1658191659796329
59,160,0.13398602379975355
59,169,0.08805491837248289
59,244,0.15073938320397762
59,255,0.0933413610809364
59,277,0.14524351148419873
59,301,0.150003721870202
59,304,0.1459114466628915
59,330,0.11625690752314942
59,336,0.15262912358225203
59,392,0.14002696341654486
59,430,0.1288355037558655
59,492,0.13600430354907952
59,511,0.15694105666065986
78,95,0.1284032536334702
78,96,0.12931098595462098
78,110,0.12964570339839682
78,111,0.1382108384442085
78,261,0.10997229027721703
78,350,0.10883110287178469
78,371,0.14086605466505914
78,394,0.13076390109228206
78,425,0.15220133866031937
78,456,0.1305026835710081
78,483,0.13547255151144816
78,484,0.13087644796901274
78,490,0.14122451671890038
131,103,0.09204022173933335
131,177,0.07668145897310233
131,179,0.08389964679610071
131,224,0.07917193548571586
131,255,0.07746656530174013
131,289,0.076857485517942
131,331,0.08040426327461069
131,379,0.08025702410315608
131,415,0.07652748302381057
131,470,0.07757838290885992
430,59,0.1288355037558655
430,96,0.12464934533348293
430,165,0.1289364627360519
430,169,0.09512174671092588
430,240,0.1361948535147781
430,255,0.1038501660490516
430,384,0.1231152719258861
430,425,0.12375278516680739
430,437,0.12695337834189147
430,473,0.12328524146093656
430,479,0.12607296670256526
430,511,0.12624438169477617
145,3,0.09348882168706588
145,124,0.07822014416798798
145,125,0.07636146355057344
145,146,0.07500063124208704
145,196,0.07560100610651177
145,302,0.07467704064448959
145,335,0.08617326014619182
145,360,0.06740250037150201
145,365,0.06254255718765202
145,397,0.08053907837189697
145,418,0.07607091748829263
145,433,0.07534980179178587
166,4,0.07280733211553116
166,15,0.08606633493034475
166,26,0.09264281593431997
166,74,0.09035366346415405
166,85,0.08715602757678519
166,105,0.07645104248235583
166,153,0.08285158420063186
166,174,0.10605094261797443
166,195,0.10420184695272386
166,219,0.08429734482559892
166,220,0.07979944526777956
166,267,0.06260995663163432
166,268,0.07795049562439342
166,299,0.0964944927496852
166,300,0.09767565016792724
166,305,0.10423145538652573
166,367,0.07980136104864234
166,413,0.0946418231472166
166,436,0.0757161591826072
166,459,0.07642485904459058
166,460,0.0939583751240733
166,464,0.0973244493829512
166,504,0.09362725448287673
396,46,0.08433941959960778
396,74,0.08332609404524961
396,124,0.10619850502437338
396,137,0.1000818296985344
396,146,0.0824087061261679
396,179,0.09469323654333495
396,248,0.08379451000848744
396,275,0.06928439079539882
396,289,0.0887862901347643
396,302,0.08729739401215186
396,311,0.07551286298642552
396,355,0.08398587272870825
396,470,0.08600893655544074
396,495,0.08129574618528967
434,14,0.1638368195641703
434,88,0.09600121267917233
434,94,0.1498394051833688
434,167,0.11619868676024338
434,181,0.1430669390642394
434,198,0.13363659671298836
434,214,0.12339292188942061
434,215,0.14174273455610029
434,228,0.12268887279514702
434,242,0.11613169542788788
434,273,0.12426169550647241
434,350,0.12245008758486471
434,463,0.12122015981249508
434,472,0.1248370577143475
434,491,0.13126853695255164
434,497,0.12803924689700055
490,21,0.1688143665268212
490,48,0.13799093563981055
490,53,0.13500829992865296
490,75,0.14773146780834517
490,78,0.14122451671890038
490,96,0.14861886653041986
490,104,0.1265866976171252
490,110,0.1469473070893185
490,111,0.149163090528072
490,112,0.16367650926532903
490,159,0.14279043343596518
490,165,0.13883833230081863
490,173,0.13359254486926078
490,201,0.14282046001053988
490,212,0.13015094028836555
490,229,0.1341902511713849
490,242,0.11776658690253351
490,247,0.11093896756511039
490,265,0.13681808355700315
490,272,0.12491885783670593
490,276,0.09394917843034066
490,280,0.17118293003650237
490,292,0.12742817386423957
490,297,0.11278528006105919
490,298,0.1285495596529576
490,312,0.14196189377372023
490,315,0.15024686650442187
490,337,0.13719980022648715
490,348,0.10920204091081033
490,371,0.15298622373540016
490,372,0.1432072839002904
490,384,0.13573581481729394
490,389,0.14859062799667316
490,394,0.15181690548601567
490,399,0.09158218935836197
490,405,0.11785011790587191
490,414,0.15497638091551608
490,425,0.1621099923168328
490,446,0.0987965958511317
490,456,0.15001882261536445
490,461,0.14371018397585547
490,509,0.1370699172674828
490,511,0.17537321075626225
2,12,0.10312425236174212
2,29,0.08683999690780557
2,85,0.07700776110105545
2,89,0.09344551899762334
2,128,0.08193460063677147
2,175,0.07821667724687793
2,176,0.0999298355646492
2,186,0.08285581880766613
2,187,0.07640093554423405
2,188,0.07175914754266859
2,191,0.07760689766567153
2,223,0.0881236425284603
2,232,0.08637646705941662
2,235,0.08316798633288842
2,236,0.09060026030879482
2,260,0.08825136499669205
2,264,0.07679203891819379
2,267,0.06418039973381683
2,282,0.08294883149581875
2,285,0.07902034342404313
2,299,0.09411755340696619
2,305,0.10388544830712011
2,351,0.0901974368976901
2,369,0.08488819801305045
2,378,0.08991299814401521
2,393,0.07545033646808434
2,421,0.07920979774069671
2,481,0.11026310997629409
2,521,0.08606695772684249
2,525,0.07319060599272462
155,18,0.07616904877088815
155,20,0.07658867975030978
155,33,0.08019011048846081
155,41,0.09405159350432567
155,73,0.09500701138007664
155,100,0.0721999390382783
155,114,0.07840788007228607
155,116,0.09002927072531652
155,125,0.09557344309311976
155,128,0.07681835577305164
155,146,0.08865026028777251
155,147,0.0904733198211265
155,180,0.08014959900201335
155,202,0.07245684855412075
155,206,0.08150215477010142
155,216,0.08556110886396841
155,230,0.07983789558979225
155,235,0.07556843554759955
155,258,0.07509796033299752
155,275,0.07344210011982513
155,284,0.07700334348254005
155,308,0.09021370193446877
155,322,0.06629218594036321
155,347,0.08552574490623399
155,365,0.06381477191652532
155,375,0.0836702280300749
155,386,0.09067121999849495
155,411,0.08009627978577394
155,424,0.09356113436896066
155,426,0.10003256225273652
155,433,0.0845854918835014
155,455,0.08040678362844844
155,457,0.07257257044384174
155,460,0.0959128217460476
155,466,0.09053828601183934
155,482,0.08306729410462435
155,486,0.09655629568461599
155,532,0.06399371878354074
493,27,0.08986306268262281
493,89,0.08990974684782618
493,151,0.08236527126296457
493,188,0.07158576607930889
493,232,0.08094869242468464
493,263,0.07795203684068208
493,264,0.0749297343080831
493,266,0.07813626009229141
493,293,0.07225589690439468
493,413,0.07904134262812343
493,444,0.07508228671072423
493,451,0.08375039598490938
493,500,0.07807210367812187
76,54,0.07704462305314136
76,96,0.10202804085699853
76,104,0.10491022235128315
76,161,0.11067838876842502
76,165,0.1058678195385065
76,291,0.10409661511868351
76,297,0.10485538590173817
76,404,0.10445016725917297
76,437,0.10521785825593288
76,492,0.10640313647937556
76,505,0.10869989949702451
160,59,0.13398602379975355
160,61,0.1563236570310753
160,69,0.12747927522447094
160,104,0.1386636096233481
160,162,0.14005675698005385
160,197,0.1316293350773197
160,244,0.13413658497108438
160,301,0.11791437935933186
160,330,0.11731100817464336
160,398,0.14121108122383258
160,437,0.13607308549151884
160,450,0.14129072511815713
160,456,0.13172967434908053
171,41,0.10306180521441631
171,49,0.08885949086204278
171,54,0.07660833141395804
171,93,0.0926990514758867
171,101,0.08420954402147225
171,116,0.08637387548838925
171,137,0.09430276036245339
171,174,0.09577540872025526
171,222,0.10484033008771837
171,236,0.09019118544284103
171,271,0.08130225236705653
171,347,0.09969963817781156
171,359,0.08476146961344443
171,423,0.0814288360858674
171,427,0.09158930369112306
171,440,0.09344637196689326
171,459,0.08142789459166207
171,464,0.09486808970742087
171,494,0.10086301377995367
171,503,0.09047604033064192
171,512,0.08653831495493046
235,2,0.08316798633288842
235,4,0.07449141565310019
235,155,0.07556843554759955
235,176,0.08539739848994807
235,299,0.08798170408580056
235,397,0.07515716742943268
235,421,0.07700645861526968
235,427,0.07706162450978482
235,460,0.0748308705521573
235,466,0.08035607203834588
235,521,0.09282265846875601
491,14,0.1371631526700168
491,67,0.1000441516101611
491,79,0.14108722533766796
491,94,0.15519565890384995
491,142,0.1409817919674184
491,167,0.09794534104539897
491,181,0.1276053955778502
491,192,0.15132047780660543
491,198,0.15980717670453898
491,214,0.09486817911950117
491,215,0.1325383480036442
491,218,0.12455308989389337
491,225,0.14105961661292568
491,228,0.1215960306966338
491,310,0.12163149445217952
491,313,0.09818039585698793
491,346,0.10371290595686135
491,387,0.1362423928965447
491,434,0.13126853695255164
491,438,0.1263792146830713
491,453,0.14354481629193552
491,472,0.13177420507309912
491,488,0.11624857652944455
491,497,0.1915548307066708
331,10,0.09857240142900829
331,23,0.09151147871706197
331,26,0.09505509137686874
331,44,0.08809821530283705
331,103,0.09805547040488354
331,125,0.08914315944810351
331,131,0.08040426327461069
331,137,0.09109019915937823
331,224,0.0945653426433591
331,294,0.08119513945024759
331,415,0.10067072761723564
331,492,0.09526156208038403
427,3,0.09204476839323437
427,4,0.07974755939247173
427,32,0.09072305551752222
427,33,0.07086735057399955
427,38,0.09316176935251552
427,41,0.09788794954562557
427,68,0.08465212792674229
427,73,0.09843610136350657
427,90,0.09218493958620715
427,93,0.09470795715208007
427,97,0.09131911694594576
427,124,0.09955519499181345
427,134,0.09432569269680109
427,140,0.08851244212979331
427,163,0.09021328264563382
427,171,0.09158930369112306
427,174,0.10213555960418924
427,184,0.09140772801928061
427,206,0.07764731387614142
427,220,0.08218253339128004
427,232,0.07943095789704156
427,233,0.08779771092030265
427,235,0.07706162450978482
427,238,0.08731865139826644
427,249,0.09810586488306806
427,250,0.0881188461762217
427,257,0.07152947885014986
427,293,0.06938806250797677
427,302,0.09189323891795201
427,329,0.08989558046234786
427,347,0.08739672941538397
427,351,0.07592466273998168
427,358,0.06097747074197343
427,370,0.09910200915850159
427,376,0.07418592683715841
427,379,0.09412270571890839
427,386,0.08540836253700097
427,391,0.07924078577769061
427,397,0.0987008937441671
427,418,0.09056166253166331
427,424,0.09053043945783527
427,444,0.09904834496192291
427,494,0.09638135170801916
427,516,0.08845062580084329
427,524,0.0892741006608191
454,10,0.10230031173439919
454,54,0.07577716422110092
454,86,0.09467920738365822
454,90,0.09230423264237529
454,108,0.10511358587675301
454,151,0.10515825625406913
454,161,0.1051354757173988
454,165,0.10494502519030838
454,205,0.10777971055062632
454,217,0.08666834041131588
454,280,0.1045925507123884
454,291,0.10253899679141001
454,352,0.08698672740758348
454,378,0.09796719144076667
454,441,0.08471619577949899
454,492,0.1026537141167868
454,504,0.10207767401673967
231,7,0.10357527578954724
231,79,0.10348649175258476
231,117,0.06111041607733927
231,132,0.10388382270235641
231,183,0.10699250789720975
231,300,0.11027532578607407
231,318,0.0898614853131509
231,338,0.08227680713355068
231,374,0.122928228119012
231,413,0.11714621017205086
231,442,0.10383222223413367
231,449,0.11543890648644085
231,496,0.07917246918773446
231,507,0.1048367314594822
231,522,0.0905638850270433
321,45,0.11100298916238736
321,79,0.11922709590385155
321,98,0.10104178980487089
321,132,0.12626453755057296
321,139,0.12876814079184978
321,173,0.12001081250893877
321,205,0.12129396979768012
321,259,0.12938314664399067
321,387,0.11852210567088682
321,487,0.12548216089293462
321,498,0.12161505030154404
321,504,0.11798387824543374
321,507,0.09762413862548328
321,510,0.1039542716922621
335,3,0.08594365366569763
335,41,0.085799978159988
335,46,0.08175511261120282
335,63,0.058433803825264266
335,72,0.07974077961633977
335,125,0.08282568598682369
335,145,0.08617326014619182
335,226,0.05727591302169136
335,246,0.07724289451246576
335,283,0.08390424129694626
335,360,0.059288645122128655
335,363,0.08380745001986023
335,365,0.07698650052240129
335,408,0.07739006063725026
335,418,0.08152512566760808
335,419,0.06788386625586058
335,424,0.08007778409631716
335,516,0.0803601609269659
157,86,0.08041644510104858
157,107,0.08240531951479758
157,116,0.08584918366109666
157,122,0.08291612153483367
157,239,0.07380122144913363
157,269,0.07893177225579054
157,286,0.07706539082661241
157,327,0.08830649912761844
157,353,0.08230125806240457
157,377,0.0901018238206841
157,481,0.08080675959479229
157,514,0.08039136949634684
172,10,0.08880618117185111
172,26,0.08652580621764076
172,86,0.0872273263262579
172,209,0.08664562118977073
172,263,0.09005078091187815
172,291,0.09239678860442538
172,447,0.08690373075715135
172,470,0.08611201448560751
172,471,0.08739339722384838
172,524,0.08991972243088067
207,58,0.07675129798742258
207,60,0.0728347680182744
207,62,0.08301536435333212
207,180,0.07422890414045406
207,194,0.08572555286925072
207,227,0.08607615324718393
207,230,0.08487227614992354
207,250,0.08482057197683315
207,306,0.0964878619787661
207,359,0.08465586453668193
207,360,0.06219527930627877
207,395,0.09323438437917576
207,475,0.08696219405824393
207,486,0.08584697111857978
207,508,0.07165783218024821
383,32,0.07984404014857661
383,90,0.07668940419373535
383,130,0.07778609432188247
383,179,0.0784331381819603
383,196,0.07892218817592687
383,236,0.08127703015961874
383,257,0.0688127843076538
383,283,0.07670657392305119
383,302,0.0811716572504235
383,341,0.07776623224054871
383,503,0.08065460112916446
489,34,0.1523899766747475
489,56,0.12599611497901422
489,99,0.13742359303801416
489,133,0.1381286901600172
489,197,0.14046645259176366
489,240,0.1540056905619882
489,277,0.1362154382881811
489,316,0.1338131649611356
489,330,0.12346653868797558
489,380,0.12732354007563937
489,428,0.14765688554375844
489,437,0.15152410802514754
489,439,0.12986345976318
489,473,0.1500339936132821
489,511,0.13562911313843057
489,531,0.12096059781708186
23,26,0.10916608930023897
23,40,0.08557456702694749
23,161,0.11645286190878593
23,195,0.10740167882202394
23,205,0.11078889730994375
23,289,0.11043231645450968
23,295,0.12049371485643665
23,312,0.10550286214620314
23,331,0.09151147871706197
23,336,0.1071692171268602
23,354,0.1208957758348257
23,409,0.09668434119134886
23,504,0.10899341728603887
23,523,0.08659655902560769
139,6,0.1233063915265797
139,7,0.1156959826097529
139,16,0.12131441333540717
139,19,0.13877108147863076
139,45,0.11215848644591266
139,64,0.11086214943142819
139,65,0.0784390939190931
139,79,0.14925071265811016
139,83,0.1270455980990557
139,98,0.08598880879801642
139,106,0.08194713030276914
139,127,0.10873475249282032
139,132,0.139525983566801
139,144,0.07999198949474609
139,173,0.1662159558240347
139,178,0.0653838727715921
139,199,0.07594400218877392
139,203,0.11086006899992781
139,205,0.14761706421023857
139,251,0.10709560315259221
139,259,0.11993336268446148
139,277,0.1514511043059213
139,278,0.13939678239146738
139,303,0.08939766315916195
139,312,0.1334755905726946
139,315,0.14573594974121612
139,321,0.12876814079184978
139,326,0.13465204460185606
139,348,0.13624819078826875
139,354,0.13837515895874014
139,368,0.09196454343746768
139,399,0.09535946584234935
139,403,0.09621468117382483
139,405,0.11774158938683658
139,449,0.1174153680468666
139,487,0.11350845084169228
139,498,0.10139300373485767
143,68,0.05574020959090159
143,140,0.0554923662064385
143,184,0.05412956134527295
143,196,0.053731145977070946
143,283,0.057169703893198025
143,352,0.06191412357710278
143,432,0.05661240216086973
143,495,0.05334693559240049
143,502,0.056017215999263174
143,518,0.053638057385343114
179,15,0.0981058054022972
179,18,0.07298799118362344
179,20,0.07610574202499636
179,24,0.08131215477300321
179,29,0.08277109206553021
179,36,0.08184201838649807
179,41,0.09727963356100161
179,46,0.11746920650956699
179,77,0.07505882351197866
179,81,0.08828552289980018
179,124,0.10736006412324878
179,125,0.10182315227319721
179,130,0.08118524971876197
179,131,0.08389964679610071
179,146,0.08907149585768397
179,156,0.06461719862781794
179,180,0.08031244339936815
179,189,0.10164779936043337
179,194,0.09038590958860052
179,204,0.08411822523331777
179,219,0.07951799045898754
179,236,0.09709555631275289
179,237,0.07041529857825245
179,257,0.07043558880672618
179,274,0.08657446756799544
179,284,0.09054888841094064
179,290,0.08186517140189624
179,296,0.07563254259996588
179,308,0.09337888548616467
179,323,0.07913507395146702
179,329,0.08176037585777914
179,379,0.1155283256335431
179,383,0.0784331381819603
179,396,0.09469323654333495
179,418,0.08964097155310165
179,436,0.07694628748299814
179,455,0.07828851478798468
179,464,0.09485593952189482
179,466,0.09211449162874524
179,468,0.07599170889293322
179,477,0.08375870479249962
179,480,0.09322733286790645
179,499,0.08111681593593331
179,503,0.09500327649583787
400,49,0.08169726497329519
400,66,0.08404830630998662
400,134,0.08077814669027562
400,222,0.08730280606718743
400,238,0.0850204178419773
400,286,0.07715638481167629
400,305,0.08432881651747602
400,309,0.0821450769341608
400,332,0.0814239852646697
400,395,0.08509995727697245
400,424,0.08460018044652608
312,23,0.10550286214620314
312,139,0.1334755905726946
312,161,0.1370273757771584
312,201,0.13332290493036117
312,203,0.11136743025814694
312,277,0.14244426192797532
312,280,0.13628027784519722
312,315,0.14348991134147956
312,336,0.1321674748062147
312,348,0.10909980285047466
312,380,0.12738648688308463
312,385,0.13253557459493626
312,399,0.09731957855974561
312,405,0.11293856639064237
312,490,0.14196189377372023
312,511,0.1345012742902555
432,25,0.08490796958842932
432,68,0.08064723313214613
432,124,0.08058699480145756
432,143,0.05661240216086973
432,184,0.08589917370129664
432,196,0.08800087866230792
432,302,0.08582649971833083
432,329,0.07819810945960957
432,341,0.07838700810111394
432,352,0.08542191799318265
432,412,0.07738257047931156
432,495,0.08057442314854465
432,506,0.0680898756377139
507,151,0.09156542257974556
507,183,0.11031293159423941
507,231,0.1048367314594822
507,259,0.09904032444441034
507,318,0.0837464185499738
507,321,0.09762413862548328
507,342,0.07234292066511198
507,349,0.08793432262202859
507,374,0.12773408025601393
507,387,0.08852971834462121
507,498,0.08950240737197535
507,510,0.09841899457753842
507,522,0.09022274768574118
83,19,0.12642690579800087
83,34,0.11517826070316205
83,87,0.11402345535337459
83,139,0.1270455980990557
83,277,0.12732779244369238
83,278,0.12518557055085697
83,317,0.11929855911888532
83,392,0.14849733637253826
83,405,0.11494135674881711
83,478,0.11993250197861918
204,20,0.09137903760658637
204,43,0.08253802023727334
204,60,0.078552446713487
204,105,0.08401701383782298
204,136,0.061913738810971536
204,179,0.08411822523331777
204,202,0.07181518399108404
204,226,0.0572722568091238
204,243,0.07252359384162779
204,246,0.07525939174730466
204,250,0.08344083600066113
204,274,0.08519105804274343
204,279,0.08163702213896047
204,296,0.09037356839401896
204,323,0.08674667051109762
204,379,0.08588709410202618
204,395,0.08645563964269593
204,436,0.08071074935589714
204,462,0.07966151114923924
204,499,0.07935562541004239
204,530,0.05815789665261982
217,86,0.08836182776676667
217,174,0.0869560285535293
217,194,0.08778548434824898
217,219,0.08323750097642771
217,253,0.08650011624686356
217,300,0.090112106216969
217,322,0.06548095817545883
217,357,0.10159450042959649
217,381,0.06937164733608608
217,386,0.08800369102486172
217,395,0.08752890857532344
217,411,0.08083489453964281
217,413,0.08764720614218723
217,454,0.08666834041131588
217,468,0.07604029421002943
236,2,0.09060026030879482
236,15,0.0861348250476396
236,20,0.07438655788612832
236,29,0.0939522698937043
236,32,0.08669956872190634
236,41,0.08975283978203186
236,52,0.07522220821098786
236,77,0.07490381487943351
236,130,0.08504243132314065
236,171,0.09019118544284103
236,174,0.08875327990034174
236,175,0.08538742697869366
236,179,0.09709555631275289
236,194,0.09058859167974634
236,282,0.07277588319696535
236,285,0.08783003676801987
236,305,0.08994952618580283
236,308,0.08741296050246027
236,357,0.09109283998013201
236,379,0.08717758804583134
236,381,0.072368786833377
236,383,0.08127703015961874
236,423,0.07802265062127578
236,441,0.08392598122716899
236,477,0.0857137426253639
236,514,0.09226803077168112
479,8,0.1472528286235784
479,22,0.12246022409276963
479,102,0.13210738666890487
479,110,0.14870169740759476
479,119,0.11772886681358086
479,120,0.13350145660715623
479,123,0.13808886363526418
479,133,0.15915774498779575
479,168,0.1160759202414052
479,169,0.09168254154831998
479,240,0.14647086500951537
479,247,0.11232372829625845
479,280,0.14257947640999563
479,304,0.1421167270403622
479,380,0.12128737177964037
479,384,0.1313754380459897
479,390,0.11125719432368238
479,425,0.1591379272024352
479,428,0.14191457649021857
479,430,0.12607296670256526
479,437,0.14717532849206724
479,439,0.12741943261510325
479,461,0.1441969881967663
479,501,0.1356432145593173
479,529,0.1166175677651422
505,10,0.12603113318657796
505,21,0.14319812337749235
505,51,0.10149864901381472
505,76,0.10869989949702451
505,87,0.15060398598921623
505,91,0.12124050546406093
505,96,0.15437381926942015
505,126,0.1334336180255984
505,127,0.11511961109963774
505,137,0.11345806315515673
505,152,0.08389885019958014
505,161,0.1486026392634449
505,165,0.15045072041881988
505,169,0.08629575833487162
505,229,0.12244199838624888
505,244,0.14211893514176405
505,277,0.1470635511308659
505,280,0.1469075054538909
505,291,0.10838777217719386
505,354,0.1325157397380869
505,361,0.07407539820326749
505,398,0.14093579984540133
505,403,0.0993504800808493
505,404,0.09923283282063944
505,415,0.10567426249168468
505,443,0.12445413504540706
505,447,0.08545766086136349
505,473,0.14329717676756254
322,81,0.06451307154116045
322,146,0.06404470009106018
322,155,0.06629218594036321
322,217,0.06548095817545883
322,238,0.06513353633934123
322,353,0.06796336605840607
322,486,0.067096942733618
322,513,0.06448117820037726
322,516,0.0659735874184104
322,524,0.06599338859562122
456,17,0.11041451150349417
456,42,0.14250498541837547
456,50,0.12127061985187294
456,51,0.09648594831864954
456,61,0.15585231557813775
456,78,0.1305026835710081
456,92,0.113562373339885
456,104,0.12908138406578357
456,111,0.1422517268960297
456,121,0.12331751876368853
456,126,0.13385917421994967
456,160,0.13172967434908053
456,162,0.14999091883670113
456,197,0.15302760477379723
456,200,0.10182460495880312
456,234,0.1422473814256439
456,245,0.14144441690078768
456,276,0.09429995959417109
456,319,0.13858031104770158
456,325,0.09725038334295964
456,337,0.14114026520243247
456,385,0.1466667588737164
456,388,0.1420674306726558
456,398,0.15876499146928708
456,402,0.10112642175527632
456,414,0.151166395963932
456,428,0.15381290387607252
456,437,0.15181624785263148
456,450,0.13900707323005657
456,478,0.13728917173454455
456,483,0.14746123295719712
456,490,0.15001882261536445
456,509,0.12047418397365892
520,89,0.08611664915122415
520,107,0.09256774261257118
520,176,0.08232721714654678
520,193,0.09341069090718179
520,260,0.08224453502944772
520,305,0.0881678060762802
520,327,0.0810298074603703
520,332,0.08389970573833394
520,377,0.0801396484723684
520,494,0.0872597306989197
526,8,0.13688296886866702
526,19,0.16259006083661065
526,44,0.13001529629679903
526,48,0.13369721172257587
526,112,0.14932996168651497
526,241,0.11192984422792818
526,244,0.15427035945121348
526,277,0.16339370805878406
526,297,0.11598811097756662
526,304,0.1439240962325296
526,317,0.11089498140107588
526,366,0.1437365887762414
526,372,0.1566470939276966
526,394,0.14509579972503173
526,407,0.12867136522019174
526,428,0.16827302248990478
526,437,0.15292781074055728
94,14,0.1308161797687901
94,88,0.10113680427104182
94,167,0.10079480925262252
94,181,0.13956517403905674
94,190,0.11203271377608864
94,198,0.13196885254514779
94,215,0.12569954201604042
94,242,0.1221534558315228
94,273,0.11160485046443341
94,387,0.12411397536893322
94,434,0.1498394051833688
94,463,0.12249518179543502
94,472,0.13220263479498806
94,488,0.11557912261745414
94,491,0.15519565890384995
94,497,0.13360037489237317
156,20,0.06969526769772588
156,46,0.06743370007334006
156,170,0.06436849488022062
156,179,0.06461719862781794
156,185,0.06918918855592186
156,202,0.0659176518807634
156,296,0.06843567315580655
156,308,0.06637108639091373
156,323,0.06592752825169489
156,426,0.06924054522522417
156,468,0.0750386894637658
459,30,0.0772066652940191
459,66,0.08210749864337039
459,116,0.07837263661609215
459,147,0.07927718031237012
459,166,0.07642485904459058
459,171,0.08142789459166207
459,299,0.07605655689787738
459,424,0.07631106289768866
459,460,0.07644333527526073
459,512,0.0794343117930069
460,4,0.07690441698390134
460,57,0.08964847506277435
460,62,0.07549430826578675
460,71,0.0651327564349692
460,105,0.07876591203792574
460,116,0.09861135310534289
460,122,0.09266332766267463
460,138,0.0866121218750852
460,153,0.08575020239332624
460,155,0.0959128217460476
460,166,0.0939583751240733
460,174,0.09823431048997505
460,206,0.07661782993780308
460,230,0.08029778720189217
460,235,0.0748308705521573
460,238,0.08715055568106267
460,253,0.08385290215654112
460,269,0.09194859760801724
460,283,0.08857987076332444
460,305,0.09501530665101278
460,327,0.08738554207622529
460,347,0.08733057682647859
460,370,0.10088443656283046
460,381,0.06920843449428193
460,397,0.10040988013414824
460,459,0.07644333527526073
460,464,0.09791533612983215
460,468,0.0765583286034294
460,486,0.09266588974063276
460,494,0.10120433749591104
460,517,0.10916639537527606
460,521,0.08553490300147042
163,25,0.08546236566170362
163,39,0.08374882174009793
163,43,0.0843986588404167
163,90,0.09233804341595561
163,109,0.09301384423715546
163,114,0.07243239573358871
163,125,0.09615724376987975
163,154,0.09213202760907387
163,177,0.09007578643988651
163,184,0.09637562840754497
163,185,0.0718215379652969
163,220,0.08460667160546377
163,263,0.09621910215463747
163,274,0.08819952235980595
163,324,0.05813338054198339
163,329,0.07910608176339227
163,339,0.0916715532206214
163,347,0.08666258542519609
163,358,0.059370718799391584
163,391,0.07976208877643756
163,397,0.09346376194723056
163,408,0.07533151685844564
163,417,0.08453717104348726
163,423,0.0858797219024858
163,427,0.09021328264563382
163,433,0.0818782515318792
163,441,0.08687720243820453
163,444,0.09217548790393199
163,457,0.07017522365607456
163,458,0.08216897671676542
200,42,0.09815198108240412
200,92,0.09898118929542182
200,197,0.10156951147576809
200,234,0.1019898157726972
200,278,0.1020587443087142
200,336,0.09911404498594671
200,385,0.10121339389838997
200,450,0.1106448832827752
200,456,0.10182460495880312
200,492,0.10271938541560963
272,11,0.11515123390024493
272,95,0.11117478992195054
272,108,0.1310992616673634
272,126,0.12378544739937478
272,165,0.1303951881677421
272,201,0.12779102626808536
272,371,0.1257689165849596
272,414,0.15676308981635972
272,442,0.1236203354303157
272,449,0.1321100858672168
272,490,0.12491885783670593
272,504,0.12367957615033817
504,6,0.12118860738345483
504,7,0.11951190413535362
504,16,0.11220157035608296
504,23,0.10899341728603887
504,26,0.14815873097062673
504,45,0.11211698485610633
504,53,0.12134367684172187
504,79,0.22352312307519717
504,80,0.09614212322565605
504,103,0.09926794288683696
504,132,0.13178938234481702
504,135,0.11660427223569984
504,150,0.12684694197385157
504,151,0.14946304387051823
504,161,0.15298292884396672
504,166,0.09362725448287673
504,195,0.10684058928036125
504,198,0.14022523068190518
504,205,0.14868508997500232
504,213,0.16824641386147812
504,228,0.11445519828796677
504,251,0.1041391793515901
504,254,0.08622001152277059
504,256,0.07409550542560567
504,259,0.1164317449435304
504,268,0.07768113710847385
504,272,0.12367957615033817
504,281,0.08694566983093233
504,300,0.13980604594347312
504,307,0.10327830932201493
504,310,0.11454427578721904
504,320,0.08749766338608973
504,321,0.11798387824543374
504,326,0.11432249503557781
504,387,0.139624723737663
504,399,0.10076067823188324
504,410,0.1381080988716463
504,413,0.15140555400788447
504,442,0.17638058215387295
504,447,0.08627366293818173
504,449,0.12229950499945674
504,454,0.10207767401673967
504,470,0.10790043780969953
504,487,0.11003469613361108
504,524,0.0911620294654651
27,31,0.07456407627003754
27,89,0.07510707805822264
27,188,0.07035398715717554
27,232,0.07766698890313402
27,264,0.09109933591329401
27,266,0.08367765897184855
27,393,0.0696633699488814
27,451,0.08583942963320579
27,481,0.07493088015262067
27,493,0.08986306268262281
27,500,0.07153869977416032
27,527,0.0713380092389704
376,124,0.07227064507945072
376,128,0.07482270836074636
376,134,0.07100629409031217
376,136,0.05777742272110878
376,250,0.07814964376170098
376,395,0.07225629816703401
376,397,0.07542477527231141
376,418,0.0704827895069627
376,427,0.07418592683715841
376,516,0.0705154654501359
376,524,0.07897129922156967
6,7,0.10996561121756097
6,26,0.11828078310515194
6,45,0.13706966467381587
6,80,0.1071413482212588
6,98,0.09423578554615157
6,132,0.13778124488530685
6,139,0.1233063915265797
6,173,0.12454895441434603
6,178,0.06704729326410246
6,205,0.11943336736421667
6,213,0.12119471395333949
6,410,0.11757568213331247
6,442,0.1199666395714051
6,498,0.10220064047609582
6,504,0.12118860738345483
6,510,0.10991615295425602
31,27,0.07456407627003754
31,66,0.07416365825829235
31,89,0.07652903776017167
31,193,0.075754288977191
31,286,0.07644538004831977
31,299,0.07527590467730177
31,338,0.07468129599569712
31,342,0.07359806034474235
31,377,0.07518648803677264
31,522,0.08295355449523589
31,527,0.10322511530758392
146,3,0.08524401661825737
146,5,0.07049253115826533
146,41,0.08465928714344995
146,122,0.09306621614703788
146,124,0.0868916862105804
146,125,0.08362302495745362
146,138,0.08588104951506036
146,145,0.07500063124208704
146,155,0.08865026028777251
146,179,0.08907149585768397
146,220,0.0846998233486833
146,275,0.07145213958875075
146,322,0.06404470009106018
146,375,0.08108763897966262
146,396,0.0824087061261679
146,416,0.07586610154515945
355,24,0.07272183051783153
355,124,0.08218948547458466
355,184,0.07329361821291905
355,283,0.0745222462097273
355,287,0.08439959793700079
355,314,0.05496304777614029
355,370,0.07275900469969725
355,396,0.08398587272870825
355,515,0.0927316289160688
355,517,0.07279123257326979
355,518,0.08032787405402904
373,28,0.10337478856609343
373,50,0.10538712826682717
373,87,0.10392298336359936
373,123,0.10302035961350314
373,149,0.11435989739699584
373,211,0.11076104630767146
373,245,0.1065246050633946
373,288,0.1084628606425327
373,382,0.11161246745664762
373,385,0.11153561534058803
431,113,0.11983420937843779
431,142,0.11943529477387828
431,190,0.11391407091861097
431,192,0.14051182308272855
431,225,0.12325796244105215
431,340,0.10541217970301474
431,362,0.11265148064503813
431,364,0.08929980146187119
431,387,0.11142907067744866
431,438,0.11421521988333419
431,452,0.09151362173373387
431,453,0.12303148014922653
431,472,0.11235522030762546
120,21,0.12997423870344657
120,91,0.13203373934481763
120,265,0.14858849311887556
120,277,0.13808911206899815
120,280,0.13288187193728088
120,394,0.13354370279661504
120,428,0.132219601781239
120,437,0.13104754707831937
120,461,0.13125498405903194
120,479,0.13350145660715623
123,8,0.13695010811320718
123,87,0.13304245399663372
123,99,0.13256525112046072
123,133,0.12842464427233077
123,197,0.13033680295407568
123,240,0.1346244663638811
123,373,0.10302035961350314
123,428,0.14430294675131203
123,461,0.13103922555892158
123,473,0.1292475458626883
123,479,0.13808886363526418
123,529,0.11735279781498648
233,32,0.08287371595109053
233,38,0.08850929733618369
233,66,0.08780174274845366
233,124,0.08688108003725817
233,134,0.08574285254850605
233,174,0.0840705364772829
233,220,0.08131139774818787
233,257,0.07691853210013928
233,287,0.08840002612140839
233,379,0.08582955920185044
233,427,0.08779771092030265
233,444,0.08739355947597013
233,477,0.08212028978753307
317,42,0.11283981701677201
317,83,0.11929855911888532
317,133,0.11087173027637577
317,212,0.11138514700075494
317,277,0.11224526139430939
317,366,0.13409611110551214
317,389,0.1226324842041221
317,392,0.11197958078954803
317,428,0.11578050277917555
317,526,0.11089498140107588
487,26,0.10877332195615158
487,79,0.10829912310900776
487,80,0.08994569801917297
487,98,0.09204723082598668
487,132,0.1263434145541327
487,139,0.11350845084169228
487,259,0.10523070074495644
487,315,0.10684974643776897
487,321,0.12548216089293462
487,326,0.11134943429505194
487,401,0.08214212052061208
487,442,0.10975625032557845
487,504,0.11003469613361108
127,16,0.11449822115334181
127,65,0.07974036627674941
127,126,0.12080450192136523
127,139,0.10873475249282032
127,144,0.07785373125512123
127,164,0.0845689644675189
127,173,0.11227144093029864
127,182,0.11496780733845961
127,205,0.10855720889042633
127,277,0.10464544850564217
127,354,0.10955044374431255
127,361,0.07783716209725132
127,388,0.10393184942459129
127,505,0.11511961109963774
287,37,0.07483500995996273
287,39,0.09008598329763262
287,72,0.08183556355534634
287,86,0.09312378675878809
287,124,0.08877490839426098
287,140,0.08865350375079346
287,233,0.08840002612140839
287,239,0.07280321464953257
287,252,0.060539553961417615
287,258,0.07585342867784038
287,262,0.06572779866674142
287,283,0.08834628595820686
287,302,0.09124970251355129
287,314,0.05630045416505065
287,355,0.08439959793700079
287,444,0.08717922105858787
287,457,0.07816283871790121
287,515,0.08689496747005951
287,518,0.09009931019840106
428,8,0.157689089716841
428,19,0.14161090450748104
428,22,0.12428951182635709
428,42,0.13885521986632568
428,50,0.11990142649057778
428,95,0.11479571826731878
428,99,0.14610009756002798
428,102,0.13014425257235282
428,111,0.14135917727699657
428,112,0.15572603710271027
428,120,0.132219601781239
428,121,0.11308018202267822
428,123,0.14430294675131203
428,158,0.16096224223824201
428,168,0.125821936357171
428,173,0.1301300317693532
428,182,0.1506178060422631
428,197,0.1625618594513852
428,234,0.14062064391029605
428,240,0.15404298867863472
428,241,0.11359305438889562
428,244,0.17844616667394214
428,245,0.15564864387440797
428,247,0.11304329547240885
428,265,0.13519723372176853
428,277,0.19702788109707148
428,288,0.1436955237221137
428,297,0.11958980501712485
428,304,0.1518707116225194
428,315,0.1477714397259947
428,317,0.11578050277917555
428,366,0.1685717960720624
428,371,0.14755776400011925
428,372,0.14090253460086893
428,380,0.1229171214773718
428,382,0.12752559831709956
428,388,0.14042543609999886
428,389,0.14684375510502015
428,390,0.10907955473358852
428,392,0.14452052932399514
428,394,0.15876960369111537
428,398,0.16888237224733937
428,414,0.14229408365845259
428,420,0.15028651909804233
428,425,0.15240448114484537
428,450,0.137278521260998
428,456,0.15381290387607252
428,461,0.17871995669669696
428,473,0.16826479845330006
428,479,0.14191457649021857
428,483,0.15103302176130853
428,484,0.15386409776259036
428,489,0.14765688554375844
428,492,0.1356000102619677
428,501,0.1394675465142409
428,526,0.16827302248990478
91,21,0.12040266956243467
91,61,0.12045354179676712
91,110,0.1208709500731865
91,120,0.13203373934481763
91,161,0.12154296707426264
91,165,0.12253857850838577
91,169,0.0891794582097752
91,280,0.1278549758176325
91,295,0.09748625100779858
91,384,0.12107324554037079
91,437,0.11912443616707295
91,505,0.12124050546406093
180,20,0.07607358187343455
180,125,0.07692617103254569
180,155,0.08014959900201335
180,179,0.08031244339936815
180,189,0.0743643957141818
180,207,0.07422890414045406
180,284,0.07669461472425645
180,360,0.06447369038667625
180,365,0.06637961873322226
180,379,0.07525913590772838
180,466,0.07630856853223747
180,486,0.07740459673854809
261,75,0.11322085020508048
261,78,0.10997229027721703
261,95,0.11000254368971778
261,108,0.11427859858268853
261,229,0.11017836520008624
261,366,0.10902698488952547
261,389,0.11556904661808713
261,483,0.11390968219641867
261,484,0.11517056830623673
261,509,0.11158228135828259
404,10,0.10933757488094473
404,26,0.09902253542705883
404,34,0.09858689475884437
404,76,0.10445016725917297
404,137,0.1023544452209356
404,161,0.10024185540336458
404,334,0.08643107687411913
404,345,0.09879391805789033
404,354,0.10469136491799232
404,505,0.09923283282063944
404,531,0.10124561202490034
462,20,0.07831006593545445
462,136,0.06639783611438514
462,204,0.07966151114923924
462,224,0.07185515189953028
462,243,0.07502465521088178
462,253,0.07240702800204481
462,296,0.07715504798683226
462,347,0.07261213524656872
462,395,0.07472449917339714
462,406,0.0730871150520711
462,436,0.07402084822869544
462,530,0.06317239935897635
486,36,0.07650493806615073
486,43,0.08850919209309364
486,73,0.09586196668741458
486,81,0.08924968105848027
486,84,0.08288751505487628
486,116,0.08878519971848733
486,124,0.09097145602911967
486,125,0.09185712044755429
486,130,0.08344255737647631
486,147,0.0951016462893366
486,155,0.09655629568461599
486,180,0.07740459673854809
486,207,0.08584697111857978
486,248,0.08091710568936895
486,284,0.0801119527320971
486,322,0.067096942733618
486,323,0.09148418444640224
486,353,0.09130488236772329
486,412,0.07700729212639423
486,460,0.09266588974063276
486,464,0.09537954379861437
486,467,0.08647060875748015
486,516,0.09263185749203813
486,528,0.07773446185596923
11,75,0.1295784721416744
11,108,0.11797487146497478
11,112,0.12563617206858557
11,182,0.11517575441766273
11,201,0.13309132170756466
11,272,0.11515123390024493
11,280,0.12228194916816089
11,292,0.1209690794836198
11,389,0.12896572185822278
11,414,0.12132988000486936
181,14,0.15337195148323315
181,88,0.10072673941425288
181,94,0.13956517403905674
181,167,0.14056083719923465
181,214,0.11742611195647472
181,215,0.11977630005195111
181,242,0.12393555160908337
181,273,0.12909185594670172
181,313,0.09274638567173389
181,350,0.12284908213423419
181,434,0.1430669390642394
181,472,0.12428344173597727
181,491,0.1276053955778502
4,166,0.07280733211553116
4,202,0.07404007408126854
4,235,0.07449141565310019
4,253,0.07920826197787571
4,347,0.07265598215492354
4,370,0.07252125092179708
4,427,0.07974755939247173
4,444,0.07461433679460246
4,460,0.07690441698390134
4,521,0.07648085733016921
80,6,0.1071413482212588
80,26,0.09186677378798379
80,45,0.0904015532375527
80,132,0.09625619104016721
80,161,0.09471009767555957
80,213,0.0976163327383954
80,410,0.09281923891804232
80,442,0.08923206407880534
80,487,0.08994569801917297
80,504,0.09614212322565605
152,70,0.11980859611382609
152,106,0.10412093943372713
152,144,0.08591825794994253
152,199,0.14464353914454064
152,205,0.08712302253129757
152,303,0.11707066704665468
152,368,0.09799789025294366
152,401,0.11312246128143917
152,403,0.12010120838377535
152,505,0.08389885019958014
199,70,0.10550558941979143
199,106,0.11561982114196588
199,139,0.07594400218877392
199,144,0.07841213413514027
199,152,0.14464353914454064
199,205,0.07469284221494941
199,303,0.09733293228264128
199,368,0.09446285098563835
199,401,0.11726561896837476
199,403,0.10986852891661145
278,10,0.14278872388936084
278,19,0.16958391906307543
278,21,0.15605064676139563
278,34,0.17617360782080685
278,42,0.13064017188424784
278,44,0.147454540205647
278,50,0.12031483039059357
278,53,0.11645836727078192
278,55,0.11256814054770978
278,83,0.12518557055085697
278,87,0.15596383886967383
278,139,0.13939678239146738
278,173,0.14087119028279332
278,200,0.1020587443087142
278,244,0.14642235911994397
278,277,0.17879135905890756
278,298,0.12367591938284411
278,301,0.11586590313411235
278,326,0.11765081749441551
278,334,0.08367709712522253
278,354,0.14421685320173538
278,392,0.14519850896120376
278,407,0.1331274266428802
278,446,0.09881990019263558
278,473,0.15944518226506907
278,474,0.10480975751272584
278,478,0.15560879870389155
327,12,0.08333554515202568
327,86,0.0913426232762009
327,157,0.08830649912761844
327,176,0.08670499491108391
327,187,0.07155917854672211
327,222,0.08984186612529223
327,223,0.09029983730784695
327,239,0.06826578946550747
327,282,0.0739505611099121
327,305,0.08641331207667396
327,370,0.09276406264773687
327,377,0.08333359946039233
327,460,0.08738554207622529
327,464,0.08364330221346683
327,494,0.08953520725096241
327,520,0.0810298074603703
330,34,0.1248545412428433
330,59,0.11625690752314942
330,87,0.12755345628069498
330,133,0.12628747299293833
330,149,0.11758067515595183
330,160,0.11731100817464336
330,211,0.1191670749371897
330,316,0.12270722102903737
330,382,0.11684243007666938
330,489,0.12346653868797558
510,6,0.10991615295425602
510,53,0.10101977685622504
510,98,0.10223610239784942
510,132,0.10618606721728524
510,173,0.10098982806063209
510,183,0.10083067265366383
510,259,0.11075212093530337
510,298,0.11523713598838918
510,318,0.09015996784225444
510,321,0.1039542716922621
510,349,0.07350945858802127
510,449,0.11064667519507966
510,507,0.09841899457753842
72,37,0.07938020151598232
72,68,0.0833430706014675
72,81,0.08419022210425303
72,114,0.07389213104339414
72,138,0.07816740687634242
72,262,0.07020262444746891
72,283,0.0835200586469757
72,287,0.08183556355534634
72,335,0.07974077961633977
72,375,0.0796847301753961
72,408,0.08899960661011677
72,416,0.07129250515623435
72,518,0.07782962553620376
332,57,0.10079787056232857
332,66,0.11234873914717038
332,134,0.09030038806572085
332,147,0.09165718454675292
332,151,0.09292842233231888
332,174,0.10269856962964137
332,176,0.08526370290410054
332,290,0.08352733286758744
332,300,0.09338988751848219
332,305,0.11298126737270997
332,369,0.08443327806988266
332,370,0.09137118157059317
332,377,0.08758637385563425
332,400,0.0814239852646697
332,413,0.0910267363649487
332,467,0.08373662087505235
332,514,0.10912622215492808
332,520,0.08389970573833394
447,150,0.09178235252697563
447,172,0.08690373075715135
447,205,0.08712118301993717
447,302,0.08635192066913737
447,378,0.09587071414319445
447,403,0.08539022993090462
447,415,0.08531480407239435
447,470,0.08610594000404193
447,504,0.08627366293818173
447,505,0.08545766086136349
467,24,0.08841638644968834
467,36,0.0875506657296398
467,46,0.08849461309418592
467,52,0.0758715208741951
467,71,0.07275135279294968
467,116,0.08541894567889215
467,147,0.08374629429442658
467,189,0.08353632359711448
467,243,0.07286744273950493
467,305,0.08658635473888388
467,332,0.08373662087505235
467,480,0.08183324800442356
467,486,0.08647060875748015
467,514,0.09698262015881008
515,5,0.06753088110254386
515,25,0.08812581087048352
515,37,0.07826049265507135
515,86,0.09049228431179228
515,122,0.08987339577897777
515,124,0.0883755195209729
515,129,0.07333602675120665
515,140,0.0841112085855257
515,184,0.0853949763936192
515,287,0.08689496747005951
515,314,0.0558749429469561
515,353,0.08406168302554402
515,355,0.0927316289160688
515,508,0.07218573388331372
515,518,0.0892615064056068
518,37,0.07979687203696444
518,39,0.07937786927440009
518,47,0.08082104881124579
518,72,0.07782962553620376
518,124,0.08939624884463557
518,129,0.07529642345620795
518,143,0.053638057385343114
518,184,0.08452616648891036
518,196,0.08049584911052515
518,210,0.0742257958025118
518,249,0.0884021353998584
518,262,0.06725966544124114
518,283,0.08157812359809004
518,287,0.09009931019840106
518,302,0.0904339575636675
518,314,0.058494892489147784
518,339,0.08393858364777229
518,355,0.08032787405402904
518,358,0.05891762554666074
518,515,0.0892615064056068
19,10,0.1319899146594497
19,16,0.1091993071592773
19,21,0.1552990017661177
19,44,0.1569032193263078
19,53,0.11755074145504331
19,55,0.11477325339055203
19,83,0.12642690579800087
19,87,0.1620599614892989
19,139,0.13877108147863076
19,244,0.16645561127208047
19,277,0.17568728534473707
19,278,0.16958391906307543
19,297,0.1158701642981013
19,301,0.11772807285364704
19,328,0.10665536722009714
19,372,0.1414202648665783
19,405,0.11878110219289038
19,407,0.12385707437330903
19,428,0.14161090450748104
19,446,0.09719423288429795
19,473,0.15018911631460943
19,474,0.10818721968498607
19,509,0.11972137846900184
19,511,0.1440216330451977
19,526,0.16259006083661065
198,14,0.12659519675226474
198,67,0.09405110647087869
198,79,0.16877897313001428
198,94,0.13196885254514779
198,142,0.14977857081307194
198,150,0.11963647815417412
198,151,0.13244572799014517
198,192,0.1540063762872553
198,215,0.13628173113801592
198,218,0.1425799743295968
198,225,0.16778227891050448
198,228,0.13080829367016508
198,281,0.08430659070532771
198,300,0.12536666598359453
198,340,0.12285372050853716
198,346,0.11190420753922721
198,387,0.1863812956142585
198,410,0.1400024653009682
198,413,0.13435849361449861
198,434,0.13363659671298836
198,442,0.13579277785958804
198,453,0.1562355920740188
198,491,0.15980717670453898
198,497,0.17129800669990636
198,504,0.14022523068190518
243,46,0.07232609601941378
243,84,0.07219001936187479
243,189,0.07043049372954355
243,194,0.07054010616953238
243,204,0.07252359384162779
243,219,0.07463973558042523
243,462,0.07502465521088178
243,467,0.07286744273950493
243,480,0.07073904837432156
243,528,0.07117510219994967
243,530,0.06169825398267712
449,53,0.1457774298695265
449,98,0.08936304844535621
449,132,0.11758029447510518
449,139,0.1174153680468666
449,205,0.11969618904468232
449,231,0.11543890648644085
449,259,0.114694741831199
449,272,0.1321100858672168
449,295,0.10295838913824848
449,298,0.11657179942357833
449,318,0.08988397115031384
449,374,0.11705741798338652
449,414,0.12215630996618723
449,442,0.12162335020982355
449,496,0.07721199502560368
449,504,0.12229950499945674
449,510,0.11064667519507966
107,54,0.07554977231903355
107,89,0.08150058862032485
107,157,0.08240531951479758
107,174,0.08272862594506092
107,260,0.07909620399422611
107,269,0.07795153131043002
107,309,0.07683377559876364
107,370,0.07815866247734096
107,377,0.08531409345533326
107,494,0.08210702110726743
107,520,0.09256774261257118
134,29,0.084948623883112
134,38,0.08856798183298549
134,66,0.0948784525480225
134,73,0.08926107692621259
134,174,0.09798317113954735
134,189,0.08189735992133701
134,233,0.08574285254850605
134,290,0.08432489062607611
134,305,0.09408160400203228
134,332,0.09030038806572085
134,376,0.07100629409031217
134,400,0.08077814669027562
134,411,0.09042469747861726
134,427,0.09432569269680109
134,440,0.09400363409739619
134,494,0.09072737371254298
134,530,0.05722799698764876
176,2,0.0999298355646492
176,41,0.09533924933615293
176,49,0.08352722589839909
176,187,0.07350717674369331
176,235,0.08539739848994807
176,299,0.08878437035887067
176,305,0.09173617613001636
176,309,0.07792703813661983
176,327,0.08670499491108391
176,332,0.08526370290410054
176,424,0.09170690470359748
176,494,0.08788881473707241
176,516,0.08925899691188419
176,520,0.08232721714654678
301,19,0.11772807285364704
301,21,0.12173815377749653
301,34,0.1323289402682733
301,59,0.150003721870202
301,87,0.1316981639118704
301,160,0.11791437935933186
301,278,0.11586590313411235
301,316,0.11763163230613358
301,336,0.12523877438098924
301,392,0.12068075317722252
97,148,0.08522998079822332
97,161,0.08503243938255341
97,174,0.09985384270290076
97,239,0.074450273243336
97,249,0.09032864367930732
97,258,0.07773145547544745
97,269,0.0869011296365647
97,291,0.09080235170305181
97,300,0.09002849560226327
97,427,0.09131911694594576
97,470,0.0865103922194091
97,523,0.08585374468916715
279,41,0.08164639912188905
279,46,0.08574171487437258
279,60,0.08070555055891485
279,77,0.07227199804782197
279,114,0.07346684370802734
279,147,0.08655528457727364
279,194,0.08304022401840387
279,204,0.08163702213896047
279,226,0.05558056790574492
279,246,0.07875178110400727
279,250,0.08985504792467071
279,365,0.06061749146699282
279,370,0.08289426633687667
279,441,0.0792116865783174
279,475,0.08172683621286228
284,74,0.08152190913870397
284,77,0.07373561919030508
284,124,0.07968828861898755
284,125,0.08706504217407965
284,155,0.07700334348254005
284,179,0.09054888841094064
284,180,0.07669461472425645
284,274,0.08071356007961265
284,409,0.08434823735062004
284,486,0.0801119527320971
284,503,0.0845974979419623
284,514,0.07749100959268472
284,532,0.06437944444927463
425,17,0.11418689203981318
425,21,0.15479063345321473
425,48,0.13413588504062807
425,78,0.15220133866031937
425,96,0.16266690489848337
425,102,0.1452212628515718
425,110,0.16517067998156965
425,111,0.17155085742970888
425,141,0.12644582137692345
425,158,0.1475830056533739
425,234,0.1257050041747803
425,240,0.17324996401442297
425,276,0.09614441500813714
425,280,0.14923218466606294
425,297,0.11455278149647899
425,337,0.13580471770314928
425,371,0.14674213182156978
425,384,0.14493774065086432
425,394,0.145474254850792
425,420,0.1519669677637948
425,428,0.15240448114484537
425,430,0.12375278516680739
425,479,0.1591379272024352
425,490,0.1621099923168328
425,501,0.15273297394246102
425,511,0.15576929462179595
153,24,0.08186224854439733
153,35,0.08258390146588585
153,166,0.08285158420063186
153,194,0.08502587612955438
153,238,0.08329054390644341
153,305,0.09188604340973952
153,323,0.08056179890330571
153,339,0.08295315227981945
153,460,0.08575020239332624
153,475,0.10244312863388909
153,514,0.086023230507494
153,530,0.05646420163432324
519,28,0.09217941407148109
519,40,0.08537170685909816
519,87,0.09284735984003886
519,137,0.10325920748866978
519,224,0.1040581671183527
519,255,0.09000180887607948
519,289,0.08953446984234294
519,319,0.08999673173451744
519,474,0.09483659292344655
519,476,0.08822776147777248
519,492,0.09100784805646052
26,6,0.11828078310515194
26,10,0.14612641666886322
26,23,0.10916608930023897
26,35,0.11824183388011977
26,80,0.09186677378798379
26,82,0.0870125283855288
26,103,0.09735496944251458
26,135,0.1196333820074891
26,137,0.11167365060304198
26,144,0.07942771476793006
26,147,0.09070167171001892
26,150,0.11010857888300417
26,151,0.13992841932418246
26,161,0.15513448497774163
26,164,0.07976608046187889
26,165,0.13482386444776506
26,166,0.09264281593431997
26,172,0.08652580621764076
26,195,0.10505260601506981
26,205,0.1371059791448967
26,209,0.11389362959071264
26,256,0.07270630543724434
26,268,0.07758492108003111
26,289,0.09467434517218391
26,295,0.1120021653313439
26,306,0.09015313329787378
26,318,0.08511568229456017
26,326,0.11922414808048155
26,331,0.09505509137686874
26,345,0.10351903456216771
26,354,0.14383259210329627
26,399,0.09469260862414476
26,402,0.1105673777138978
26,404,0.09902253542705883
26,413,0.13732205464423597
26,414,0.13520648269584706
26,415,0.10879869895784766
26,429,0.07128529050033189
26,442,0.15287094026221076
26,464,0.0970262078190919
26,474,0.10443477781979384
26,476,0.09282111623408337
26,487,0.10877332195615158
26,492,0.1338977065817048
26,504,0.14815873097062673
26,524,0.09528035786602018
73,5,0.06779394048229584
73,41,0.09082998409348171
73,58,0.07058042129759301
73,93,0.08833044609898175
73,122,0.08807324697914166
73,124,0.10032096565748864
73,130,0.08246742494098205
73,134,0.08926107692621259
73,140,0.09106526403105981
73,155,0.09500701138007664
73,174,0.09376589752661568
73,184,0.09037852800413121
73,185,0.07166194721741695
73,216,0.09124700098419693
73,230,0.08426011750782103
73,269,0.08789156314919044
73,324,0.0563585318478764
73,329,0.0797667283907918
73,356,0.06938195925011184
73,416,0.07422732975113226
73,426,0.08840261091562822
73,427,0.09843610136350657
73,451,0.07334421826628928
73,458,0.08519051344140773
73,481,0.08924045023593719
73,486,0.09586196668741458
73,516,0.10082683377863773
95,78,0.1284032536334702
95,88,0.10032384056539347
95,112,0.110838164887837
95,126,0.11269605542429648
95,158,0.133097925762668
95,261,0.11000254368971778
95,272,0.11117478992195054
95,350,0.1004912173337012
95,371,0.11411971181037865
95,428,0.11479571826731878
95,483,0.11195662243229063
95,484,0.11853004120399946
299,2,0.09411755340696619
299,12,0.08304572022151646
299,24,0.08146245840185194
299,31,0.07527590467730177
299,85,0.0891666298097339
299,166,0.0964944927496852
299,176,0.08878437035887067
299,187,0.07435391444821589
299,235,0.08798170408580056
299,267,0.06582665630881887
299,282,0.07272853535168386
299,305,0.09225803062175111
299,369,0.08627835976475663
299,377,0.08451558838245073
299,406,0.09573441766377402
299,421,0.08192820609503329
299,459,0.07605655689787738
299,464,0.09335973670501914
299,481,0.08977522503289162
299,512,0.07815186680188305
299,514,0.09439915185472715
299,521,0.08718945692493289
299,527,0.09423351297925775
323,24,0.08149984605570806
323,46,0.07897991407364416
323,71,0.06580910908968378
323,125,0.08101805406709145
323,153,0.08056179890330571
323,156,0.06592752825169489
323,179,0.07913507395146702
323,202,0.07112204088908232
323,204,0.08674667051109762
323,237,0.08196346725107384
323,238,0.08453401959282329
323,475,0.07751374290509842
323,486,0.09148418444640224
500,27,0.07153869977416032
500,90,0.07456944242475659
500,128,0.0802623453411823
500,266,0.07614502801663123
500,293,0.07233750762138856
500,347,0.07707778004180789
500,424,0.07569748510788851
500,444,0.08232265048215957
500,451,0.08631831763741805
500,469,0.07581974453534226
500,481,0.07685567302642891
500,493,0.07807210367812187
500,506,0.06957486497763989
501,110,0.138783468157921
501,111,0.13405448509320433
501,121,0.11540793024210746
501,212,0.13389890027156912
501,240,0.13406336717842302
501,277,0.14226953804247805
501,280,0.1403043426965079
501,371,0.14861442560995575
501,425,0.15273297394246102
501,428,0.1394675465142409
501,479,0.1356432145593173
110,48,0.136774578638351
110,78,0.12964570339839682
110,91,0.1208709500731865
110,102,0.13902091391337623
110,111,0.14191145816039633
110,112,0.14470963492221384
110,212,0.1318513050083622
110,221,0.13804316618510165
110,229,0.12036153972477368
110,247,0.11583950737876875
110,280,0.1644987512102657
110,292,0.13999190053818686
110,304,0.14625365840997634
110,384,0.128561486577871
110,394,0.14657739749815182
110,420,0.14758858269624062
110,425,0.16517067998156965
110,437,0.148202717718822
110,479,0.14870169740759476
110,490,0.1469473070893185
110,501,0.138783468157921
168,8,0.12998562544392583
168,17,0.12405797180346387
168,22,0.1141359609107582
168,197,0.11764313063231492
168,211,0.10969380136505259
168,288,0.1346854017462671
168,366,0.12037046142699946
168,382,0.1363675120920272
168,428,0.125821936357171
168,461,0.11506724264269892
168,479,0.1160759202414052
343,32,0.08265883993462078
343,47,0.08278869624765979
343,49,0.09193192191680472
343,125,0.07967193896606621
343,196,0.09003104582624222
343,210,0.0768940104966991
343,341,0.07704639723881218
343,397,0.07857844987045105
343,435,0.07698491566841607
343,444,0.0795569067747247
343,465,0.08277917507230304
343,521,0.07834389810974611
385,17,0.11498375095973717
385,28,0.13464085680830506
385,87,0.1328088509415134
385,197,0.13932193575569035
385,200,0.10121339389838997
385,245,0.14504760446679388
385,304,0.1327431915471569
385,312,0.13253557459493626
385,319,0.1611379209854576
385,325,0.09445871751307157
385,336,0.14613314651933615
385,373,0.11153561534058803
385,398,0.14422697704738616
385,437,0.13324386868192759
385,456,0.1466667588737164
84,3,0.08497823947002053
84,36,0.07673578550140747
84,46,0.08666049459693978
84,58,0.06956899147357541
84,63,0.056903320926525953
84,81,0.08079780416594154
84,125,0.07984701705892254
84,140,0.07985572351087143
84,243,0.07219001936187479
84,339,0.08539054203773529
84,360,0.06648296847359235
84,485,0.07613228418633686
84,486,0.08288751505487628
84,513,0.08320762785395554
84,514,0.0796434964347197
84,516,0.08287022449826316
101,24,0.07831273114261998
101,41,0.08555821018750448
101,58,0.07160369817127245
101,93,0.07951193972623309
101,109,0.0816919806100999
101,171,0.08420954402147225
101,248,0.07830346159489397
101,271,0.07842876170616075
101,356,0.06663237321105178
101,359,0.07999919968538889
101,370,0.08820286816990791
101,412,0.0744971741772285
101,485,0.07870669666069943
478,42,0.13389952420453935
478,50,0.12073344730078153
478,56,0.11658581590101351
478,83,0.11993250197861918
478,87,0.13443997715011988
478,141,0.13977224988510903
478,149,0.10455250671600408
478,197,0.1355109434483696
478,245,0.1346626741789045
478,270,0.09785877249106359
478,277,0.142159527421162
478,278,0.15560879870389155
478,328,0.1214090520262656
478,392,0.13963006059767244
478,456,0.13728917173454455
478,461,0.13322242086536507
488,94,0.11557912261745414
488,113,0.12330379138523054
488,167,0.09663017214501178
488,190,0.13571371855679534
488,192,0.11236483640206686
488,215,0.12421305104849921
488,273,0.12206434468105078
488,364,0.08795077568614654
488,452,0.08359138628084539
488,453,0.11916934355991117
488,463,0.12725610613709193
488,472,0.1452178927113621
488,491,0.11624857652944455
38,30,0.08850801621919577
38,66,0.08788070897416686
38,124,0.08739475302622071
38,134,0.08856798183298549
38,138,0.08740661494907478
38,140,0.09687816383802456
38,170,0.06295048566231772
38,174,0.09388556861065199
38,233,0.08850929733618369
38,269,0.08648979297112762
38,294,0.08644292055205531
38,381,0.07145694920148692
38,386,0.08324648607585795
38,411,0.07902172327407471
38,427,0.09316176935251552
38,477,0.08695419350993495
38,517,0.0838420864515505
38,523,0.10117419260472164
38,528,0.0741624486623608
348,64,0.1365160677362699
348,79,0.1091840733482666
348,139,0.13624819078826875
348,173,0.11497113185303878
348,178,0.06540910654022963
348,182,0.11099803078061576
348,201,0.10959732004518827
348,203,0.10591851517825107
348,251,0.13576785673493896
348,259,0.11602762593613886
348,312,0.10909980285047466
348,313,0.0977057120914195
348,368,0.095780176581526
348,490,0.10920204091081033
159,21,0.12299805413588108
159,112,0.14152097737567026
159,366,0.12672506043531687
159,389,0.14304740247167566
159,394,0.12880242260903016
159,420,0.120383636133866
159,483,0.13139112547080065
159,490,0.14279043343596518
159,509,0.12046307775527558
159,511,0.12757542417619047
174,32,0.10651548615310807
174,38,0.09388556861065199
174,57,0.09434342885449738
174,66,0.09509369979099329
174,73,0.09376589752661568
174,93,0.09041740537112045
174,97,0.09985384270290076
174,107,0.08272862594506092
174,134,0.09798317113954735
174,166,0.10605094261797443
174,171,0.09577540872025526
174,195,0.10061492336884093
174,217,0.0869560285535293
174,222,0.10633688558270857
174,223,0.08925046866990138
174,233,0.0840705364772829
174,236,0.08875327990034174
174,249,0.0963723479592726
174,253,0.08076701626777222
174,269,0.10465051426564294
174,281,0.0808332873173448
174,300,0.1041488910872457
174,305,0.10834918719043422
174,332,0.10269856962964137
174,357,0.08669296489557134
174,379,0.08926277454171608
174,381,0.07299434402372343
174,411,0.08159219242480853
174,413,0.10524135272348155
174,427,0.10213555960418924
174,460,0.09823431048997505
174,464,0.10824082125054722
174,494,0.1005816197516309
174,514,0.10325126537736144
174,517,0.09040389588491278
174,521,0.09058152896999765
174,523,0.08898453859217073
174,528,0.07510064869054912
196,5,0.06808918292891229
196,39,0.07917452543405039
196,124,0.10134645922143641
196,140,0.08531444436038864
196,143,0.053731145977070946
196,145,0.07560100610651177
196,184,0.08439232229803069
196,210,0.08918445472974622
196,283,0.08666349624905388
196,302,0.08432024085679021
196,339,0.08810368717684153
196,343,0.09003104582624222
196,383,0.07892218817592687
196,412,0.0750431646195747
196,418,0.0833267763344564
196,432,0.08800087866230792
196,435,0.07625881063836933
196,445,0.06510443591451275
196,448,0.07157799251942977
196,503,0.08858299275772173
196,518,0.08049584911052515
315,79,0.14110745129113217
315,88,0.09795878083809156
315,139,0.14573594974121612
315,173,0.12587285802086773
315,203,0.10301326871706333
315,229,0.13122224642416688
315,242,0.11608685339666762
315,247,0.12154442630717967
315,277,0.1494440600448174
315,280,0.14272420657847187
315,304,0.15259230906113128
315,312,0.14348991134147956
315,388,0.12824449384656228
315,394,0.14117845521559866
315,398,0.14238134821521484
315,401,0.07889137065718983
315,428,0.1477714397259947
315,442,0.1570001244521211
315,487,0.10684974643776897
315,490,0.15024686650442187
403,55,0.10072470147872475
403,70,0.09393625178872274
403,87,0.09562036660004312
403,106,0.11913444733265302
403,139,0.09621468117382483
403,144,0.09163405234390148
403,152,0.12010120838377535
403,199,0.10986852891661145
403,303,0.10217493487347326
403,401,0.1095510292040287
403,442,0.09667470940756681
403,447,0.08539022993090462
403,505,0.0993504800808493
458,73,0.08519051344140773
458,81,0.0800170174028886
458,147,0.07674570066246932
458,163,0.08216897671676542
458,184,0.08296533759690371
458,189,0.07696740940842375
458,250,0.09914635142723932
458,352,0.07763426895374403
458,412,0.07354900439880815
458,445,0.06625194764488669
458,481,0.07734414456415488
458,516,0.07748990627630029
183,151,0.10290069785305518
183,193,0.0999049126621477
183,213,0.1093647401032691
183,231,0.10699250789720975
183,260,0.08574857341247628
183,307,0.09036761293003034
183,318,0.09021988527938049
183,320,0.09063524613551392
183,342,0.07811780243180057
183,349,0.09394332913677145
183,374,0.11284869093269703
183,387,0.0985348814152729
183,413,0.10094280391194692
183,496,0.11561457918603091
183,507,0.11031293159423941
183,510,0.10083067265366383
183,522,0.09775867557195854
300,79,0.14163893859163318
300,97,0.09002849560226327
300,108,0.12274927269425806
300,117,0.06037192432016563
300,126,0.13010084486284235
300,164,0.08687717288003342
300,166,0.09767565016792724
300,174,0.1041488910872457
300,195,0.100938208611194
300,198,0.12536666598359453
300,205,0.1318484032247377
300,213,0.124059500030438
300,217,0.090112106216969
300,231,0.11027532578607407
300,281,0.0885460349068224
300,320,0.08971060839503935
300,332,0.09338988751848219
300,387,0.12173756832546932
300,413,0.13841114890742232
300,442,0.12383676222528539
300,471,0.0872697233581683
300,504,0.13980604594347312
16,19,0.1091993071592773
16,79,0.11969491289023641
16,126,0.10874907899441442
16,127,0.11449822115334181
16,139,0.12131441333540717
16,182,0.11209869089424764
16,201,0.11087900329788597
16,203,0.10612397769996981
16,277,0.11373275723329827
16,398,0.1091295974701419
16,504,0.11220157035608296
48,96,0.13944148549218818
48,110,0.136774578638351
48,111,0.1356441660644942
48,112,0.13880272334947757
48,148,0.10586412644169377
48,201,0.13994339965926994
48,234,0.12706569723280503
48,241,0.11303380883340954
48,270,0.09571041968798885
48,337,0.14397698051549399
48,407,0.12329334166974049
48,425,0.13413588504062807
48,437,0.15945442061576393
48,490,0.13799093563981055
48,526,0.13369721172257587
151,12,0.09268625884380821
151,26,0.13992841932418246
151,79,0.13718009529925593
151,89,0.09327333314810772
151,135,0.11302074120976414
151,142,0.12142533288943555
151,150,0.13185001571366312
151,177,0.08634234322342972
151,183,0.10290069785305518
151,198,0.13244572799014517
151,213,0.13686727997037026
151,222,0.0991369747020689
151,254,0.08533381608383958
151,256,0.07483357858481077
151,260,0.08670207915272403
151,305,0.10107341141338123
151,307,0.09843037719073044
151,332,0.09292842233231888
151,340,0.10562098432200707
151,349,0.07373919326505016
151,374,0.1324188862225768
151,378,0.09154800874335325
151,387,0.13329130627114566
151,410,0.12660646515407414
151,413,0.16090535291036506
151,415,0.1029148375812837
151,442,0.1795691225635982
151,454,0.10515825625406913
151,493,0.08236527126296457
151,496,0.07581498926190414
151,498,0.101564285692747
151,504,0.14946304387051823
151,507,0.09156542257974556
151,527,0.08731224929276737
293,89,0.07505113728596309
293,90,0.07979066437150589
293,184,0.0722812893777072
293,249,0.06977518023698512
293,263,0.07271564522088059
293,351,0.07344569347133072
293,427,0.06938806250797677
293,469,0.07063096832099702
293,493,0.07225589690439468
293,500,0.07233750762138856
344,10,0.09979508754665194
344,28,0.09632933750501722
344,102,0.09332336146742808
344,124,0.0926812379255183
344,137,0.10325997078748117
344,270,0.09182148442114081
344,291,0.09130396943947779
344,334,0.09246357001153965
344,345,0.09197179437589363
344,352,0.08599591477079159
344,492,0.09174525668186974
344,523,0.08580387988637184
419,13,0.06861453747741066
419,46,0.06634285919731786
419,125,0.06581385573077377
419,219,0.06659149300540865
419,246,0.06655991373251825
419,274,0.0701193485875039
419,335,0.06788386625586058
419,436,0.06731261894659622
419,455,0.06685817716245858
419,516,0.06823027711580675
66,15,0.0882197417624804
66,31,0.07416365825829235
66,38,0.08788070897416686
66,71,0.06522663221879454
66,122,0.0909317088925362
66,134,0.0948784525480225
66,174,0.09509369979099329
66,233,0.08780174274845366
66,253,0.08231700614136367
66,286,0.07981916266378028
66,290,0.07929574774355606
66,294,0.08174750030143109
66,305,0.09525636228631837
66,332,0.11234873914717038
66,357,0.08234100702078641
66,369,0.09400696505594267
66,370,0.09347520577595797
66,378,0.09013553147305862
66,400,0.08404830630998662
66,411,0.07854983750847992
66,424,0.09435821084875058
66,444,0.11028833085887838
66,459,0.08210749864337039
66,481,0.09925084939134557
66,512,0.08364988146103292
66,514,0.09363382096876863
397,3,0.09058086786512935
397,41,0.09317253716582527
397,47,0.08857167129472708
397,100,0.07445065469976259
397,105,0.07709634175732308
397,109,0.0789911539250626
397,116,0.09151193780144463
397,124,0.0935444414984124
397,125,0.09577915237260679
397,128,0.07987163372519866
397,145,0.08053907837189697
397,163,0.09346376194723056
397,186,0.09119271523748845
397,235,0.07515716742943268
397,238,0.0901216432566421
397,250,0.09284471326592256
397,305,0.0926837994932314
397,309,0.07749752825630345
397,339,0.09498467771144373
397,343,0.07857844987045105
397,347,0.09048518385519717
397,363,0.08103742234124493
397,376,0.07542477527231141
397,395,0.08736270716419431
397,427,0.0987008937441671
397,445,0.0661635236871045
397,460,0.10040988013414824
397,494,0.09392401312406919
397,516,0.09095444800788426
465,32,0.09293458852135834
465,41,0.08552320311082935
465,89,0.08674241575384362
465,90,0.09802384032458436
465,184,0.09204473947862657
465,210,0.07925373687248706
465,263,0.08343001333299566
465,339,0.08362491784102077
465,343,0.08277917507230304
465,352,0.0828869209102083
465,370,0.08635302178640744
465,494,0.0868733807681333
13,37,0.07572627247700152
13,41,0.08454219783439156
13,81,0.09227640374168544
13,86,0.08109198026696586
13,125,0.08646484544792964
13,140,0.08687637485465326
13,194,0.08000021320838731
13,262,0.07186006844645992
13,333,0.058172134024173754
13,339,0.08976941843625273
13,341,0.08818829618741039
13,408,0.07306215249046814
13,419,0.06861453747741066
13,422,0.08454753807380389
13,426,0.08551687148311711
13,513,0.07861652719088863
218,67,0.09884550751199436
218,142,0.1169234209032094
218,192,0.12577802502886876
218,198,0.1425799743295968
218,225,0.1414097663751465
218,340,0.13415211140806046
218,346,0.11718089389767844
218,387,0.13622493490788887
218,453,0.11254953765546173
218,491,0.12455308989389337
218,497,0.13790582462782253
227,30,0.08121536175671343
227,60,0.07573931461851863
227,207,0.08607615324718393
227,209,0.07836693506962648
227,230,0.08514435121113662
227,306,0.07831696172869294
227,339,0.07803229972933957
227,370,0.08313826586446564
227,402,0.07805020144038005
227,499,0.0807377375234813
227,523,0.07965446268588536
440,109,0.07849751416071878
440,125,0.08738171938074855
440,134,0.09400363409739619
440,147,0.0873732938410457
440,171,0.09344637196689326
440,222,0.08831214011900408
440,271,0.07973117388838664
440,305,0.09828719677646822
440,341,0.09176810946991315
440,359,0.08718753442369827
440,370,0.09362286735018154
440,374,0.08749217042427064
473,8,0.1456377261719227
473,10,0.1395900251796015
473,19,0.15018911631460943
473,22,0.12625249800102564
473,28,0.1276902623617399
473,44,0.13039797882788653
473,50,0.12628672513699768
473,55,0.11353106859581305
473,82,0.08457514183402025
473,87,0.15319762589396962
473,92,0.11390524236766786
473,123,0.1292475458626883
473,144,0.07912577783145781
473,158,0.14065619360024806
473,169,0.08993777414516492
473,173,0.13584368308167555
473,197,0.1617733269573713
473,224,0.10084904188411024
473,241,0.1126877647721136
473,244,0.1507354978867667
473,270,0.10063621653673986
473,277,0.19063711122201193
473,278,0.15944518226506907
473,288,0.14825936251775035
473,316,0.1302406637078807
473,326,0.12309793759231855
473,334,0.08417706244851875
473,428,0.16826479845330006
473,430,0.12328524146093656
473,437,0.15307602836023362
473,489,0.1500339936132821
473,505,0.14329717676756254
208,86,0.07539763432440968
208,122,0.07411925546256262
208,124,0.08256745581048264
208,184,0.08592157386135484
208,249,0.08030528409495957
208,269,0.07397808461601672
208,283,0.07732215209843045
208,417,0.07430372086554779
208,482,0.077192861750204
208,521,0.0746829653575075
238,47,0.0995192437956162
238,63,0.057496693904850064
238,68,0.0881086667287204
238,81,0.08758271161709003
238,125,0.08759149168640452
238,153,0.08329054390644341
238,237,0.07352719867718831
238,248,0.0795510973745333
238,271,0.07502566962801854
238,322,0.06513353633934123
238,323,0.08453401959282329
238,359,0.08399718780641575
238,363,0.08720691939441405
238,397,0.0901216432566421
238,400,0.0850204178419773
238,427,0.08731865139826644
238,460,0.08715055568106267
238,475,0.08295674552279755
238,499,0.08859985886233641
238,516,0.09006781913127661
248,5,0.06824260122494268
248,30,0.08466140840839213
248,41,0.08666191493841235
248,101,0.07830346159489397
248,124,0.08317147079608926
248,206,0.07838620929384511
248,238,0.0795510973745333
248,246,0.07651818974285478
248,353,0.08009628314035806
248,356,0.06944462058520702
248,391,0.08508250356764507
248,396,0.08379451000848744
248,486,0.08091710568936895
248,499,0.08580128426150757
248,508,0.06687023407942465
67,142,0.09389035389644965
67,192,0.09683780878459163
67,198,0.09405110647087869
67,218,0.09884550751199436
67,225,0.09088708381688626
67,310,0.09662566461879944
67,346,0.09199988712493318
67,387,0.10444356343266128
67,463,0.09177914586210299
67,491,0.1000441516101611
370,4,0.07252125092179708
370,30,0.09156620643440086
370,32,0.08999367282612739
370,41,0.09438647932107881
370,57,0.09509392370927738
370,66,0.09347520577595797
370,89,0.0906592878868358
370,93,0.10370059649002134
370,101,0.08820286816990791
370,107,0.07815866247734096
370,109,0.07984319446177814
370,128,0.07922508206001258
370,147,0.10073234928792127
370,186,0.08084126613349128
370,206,0.07675546219211556
370,222,0.09991268940440479
370,227,0.08313826586446564
370,230,0.0844040974695506
370,250,0.08820044103351775
370,253,0.08135096263116288
370,269,0.09303320178680476
370,279,0.08289426633687667
370,296,0.07563842100740853
370,305,0.1030853045933992
370,306,0.0881865916721771
370,327,0.09276406264773687
370,332,0.09137118157059317
370,339,0.09370837790815854
370,355,0.07275900469969725
370,359,0.10296503250284755
370,369,0.08385415030412313
370,377,0.08457402766832675
370,378,0.09102767315060145
370,395,0.09238038653312862
370,406,0.08933103546283089
370,415,0.09704158558713714
370,424,0.09225892365507943
370,426,0.09253376241773581
370,427,0.09910200915850159
370,440,0.09362286735018154
370,441,0.08946404549787405
370,451,0.07522748929252333
370,460,0.10088443656283046
370,465,0.08635302178640744
370,475,0.09506947568151633
370,480,0.0802798929315206
370,482,0.07920942899654046
370,494,0.11696668396736157
370,499,0.08037768108341999
370,512,0.0786493070811736
370,517,0.0960626945217032
370,521,0.08718662306448839
370,525,0.07261794376778181
409,23,0.09668434119134886
409,35,0.09583922008418362
409,74,0.08852799472860448
409,137,0.08948330452002204
409,161,0.0917758650414378
409,195,0.08807425399788332
409,219,0.08191607727720052
409,224,0.09943483826855778
409,284,0.08434823735062004
409,289,0.09573818877628393
409,354,0.09441861102558739
409,402,0.08991129292921207
412,58,0.07125572721487161
412,63,0.06259738425325376
412,81,0.07372870063921297
412,101,0.0744971741772285
412,124,0.07530021822428555
412,184,0.07523979587491067
412,196,0.0750431646195747
412,302,0.07370915611829897
412,347,0.08217825845391645
412,432,0.07738257047931156
412,457,0.07187840118522242
412,458,0.07354900439880815
412,486,0.07700729212639423
466,15,0.09040482388891947
466,33,0.07552867121639667
466,41,0.09484319042653908
466,43,0.08387641874335056
466,46,0.09195395252439283
466,114,0.08147060944216722
466,125,0.08853067929480121
466,128,0.0785126818966116
466,138,0.08626933969829942
466,155,0.09053828601183934
466,179,0.09211449162874524
466,180,0.07630856853223747
466,185,0.07131652083423569
466,235,0.08035607203834588
466,257,0.0713130602755664
466,308,0.09336290179548162
466,333,0.057613338103490175
466,418,0.0847134521218155
466,424,0.09092170839275969
466,433,0.09222395920160384
466,441,0.08625860137835019
466,508,0.06721693501268618
517,38,0.0838420864515505
517,71,0.07388582850474108
517,93,0.08784203044170888
517,105,0.07598063330414893
517,147,0.08665937812820677
517,174,0.09040389588491278
517,202,0.07258526126871417
517,253,0.08653215164619425
517,269,0.08371831793499522
517,305,0.09478963758474575
517,355,0.07279123257326979
517,370,0.0960626945217032
517,381,0.0702865496938932
517,460,0.10916639537527606
517,514,0.08734430924241589
105,1,0.01137782576138808
105,43,0.0796511043998281
105,154,0.07590805090697077
105,166,0.07645104248235583
105,204,0.08401701383782298
105,305,0.08391628848016153
105,397,0.07709634175732308
105,460,0.07876591203792574
105,468,0.0823902117428618
105,513,0.07702253816360341
105,517,0.07598063330414893
241,48,0.11303380883340954
241,56,0.11035043222092494
241,112,0.1118756565319311
241,277,0.11128982900664826
241,366,0.1323947505189575
241,428,0.11359305438889562
241,437,0.1126100034886735
241,473,0.1126877647721136
241,483,0.11527416036836668
241,526,0.11192984422792818
366,8,0.13571661546426525
366,17,0.13203586930032082
366,22,0.12902061467993914
366,102,0.1387899926227658
366,112,0.1361038463353248
366,158,0.13807330464906212
366,159,0.12672506043531687
366,168,0.12037046142699946
366,241,0.1323947505189575
366,261,0.10902698488952547
366,317,0.13409611110551214
366,382,0.12174871758329689
366,388,0.13117653861489192
366,389,0.14192216629245846
366,420,0.13803932565841376
366,428,0.1685717960720624
366,450,0.13559136285331436
366,461,0.14342447353356344
366,483,0.14067015005839992
366,526,0.1437365887762414
393,2,0.07545033646808434
393,9,0.055746776633572095
393,12,0.07425101323648374
393,27,0.0696633699488814
393,186,0.0901995467948481
393,223,0.06916058670399033
393,232,0.07312397301215319
393,266,0.08479277407968037
393,282,0.06957895280110517
393,305,0.07010727654296492
393,502,0.07745594561017864
530,134,0.05722799698764876
530,153,0.05646420163432324
530,177,0.05614369401609068
530,189,0.05849932811371519
530,204,0.05815789665261982
530,243,0.06169825398267712
530,246,0.0610448406791786
530,296,0.058232138344818773
530,360,0.05811216152484251
530,462,0.06317239935897635
129,54,0.07212653710966269
129,68,0.07165932266912563
129,86,0.07528841572757805
129,138,0.07091688640857045
129,184,0.07130285201409062
129,424,0.07343669497515523
129,433,0.07116310723609173
129,444,0.0793971443475832
129,515,0.07333602675120665
129,518,0.07529642345620795
213,6,0.12119471395333949
213,45,0.1168433117161794
213,79,0.1492586682909261
213,80,0.0976163327383954
213,117,0.06002540562695386
213,151,0.13686727997037026
213,178,0.06571662135222911
213,183,0.1093647401032691
213,205,0.13300890497194698
213,254,0.0873629834910868
213,259,0.11780460527609724
213,281,0.08094481872323339
213,300,0.124059500030438
213,307,0.1043895166139548
213,310,0.11994703417794562
213,387,0.12443282757215399
213,410,0.12812109896744509
213,413,0.133607741254109
213,414,0.1259665784197277
213,442,0.13509533462030632
213,496,0.07892072071863417
213,504,0.16824641386147812
325,28,0.09482421468840295
325,162,0.09624451436670946
325,197,0.09392338057403962
325,319,0.09276887705046896
325,337,0.09391182430595307
325,385,0.09445871751307157
325,389,0.09295458707901749
325,398,0.09713467963773076
325,437,0.0924105732603268
325,456,0.09725038334295964
341,3,0.08931465730005987
341,13,0.08818829618741039
341,37,0.07386899724322953
341,109,0.07851633460548652
341,124,0.09172645920495806
341,125,0.10191075044013236
341,140,0.09014539436456824
341,175,0.07551752475889777
341,177,0.08517362266298585
341,257,0.06873627079151624
341,262,0.0658066633919524
341,266,0.08461856996866482
341,302,0.09810442508946811
341,333,0.060732791387939945
341,343,0.07704639723881218
341,352,0.09244233565847403
341,374,0.08845576399334643
341,375,0.07794384783695742
341,383,0.07776623224054871
341,391,0.08257335862411436
341,422,0.07577921314332792
341,432,0.07838700810111394
341,440,0.09176810946991315
341,448,0.07347035966523728
341,503,0.08939643616814687
341,525,0.07336275598063666
1,18,0.011354880784372866
1,20,0.011339697851875146
1,58,0.01133948443278626
1,105,0.01137782576138808
1,202,0.011402289988897765
1,275,0.011397029696812128
1,296,0.01132255895891199
1,358,0.011609175223272586
1,360,0.01133380019376315
1,365,0.01132531280621481
64,79,0.10189530072752069
64,139,0.11086214943142819
64,173,0.09742619113216139
64,178,0.06452238146416327
64,203,0.11250869448691746
64,242,0.09841216055896536
64,251,0.11604111629145827
64,259,0.10931703774818494
64,313,0.09167606118326785
64,348,0.1365160677362699
64,405,0.09644786344699288
64,509,0.09956212347368289
141,92,0.12322467098755709
141,111,0.1425705154813701
141,133,0.1283990922992364
141,158,0.12746657860602534
141,197,0.1241275369819504
141,316,0.12612966781445015
141,328,0.12365816056439839
141,425,0.12644582137692345
141,478,0.13977224988510903
141,511,0.12896993029920972
228,14,0.11878525681140373
228,79,0.12324290025185622
228,142,0.11085739433419503
228,198,0.13080829367016508
228,214,0.1004537656443724
228,215,0.11065784314777687
228,256,0.07479735137450495
228,387,0.11900426387064686
228,434,0.12268887279514702
228,491,0.1215960306966338
228,497,0.11696329022490357
228,504,0.11445519828796677
264,2,0.07679203891819379
264,12,0.07848053111903261
264,27,0.09109933591329401
264,89,0.0826733434839355
264,188,0.08765989096745849
264,232,0.08693868689731173
264,351,0.07404996515579429
264,469,0.07127216940260879
264,481,0.07237593145036153
264,493,0.0749297343080831
264,527,0.07255935516566306
291,10,0.10186744963189161
291,25,0.0865332253088842
291,76,0.10409661511868351
291,86,0.09471321409458944
291,96,0.1049932175732467
291,97,0.09080235170305181
291,137,0.10549791550633716
291,161,0.10542416085747466
291,172,0.09239678860442538
291,249,0.09663691026114558
291,263,0.09080631141547339
291,268,0.07724223207469062
291,344,0.09130396943947779
291,345,0.09621779281185674
291,413,0.10381992265866163
291,415,0.10768848642804557
291,439,0.10270976777345964
291,454,0.10253899679141001
291,471,0.09289202185404648
291,505,0.10838777217719386
368,70,0.08976030808347159
368,106,0.0990353291953371
368,139,0.09196454343746768
368,152,0.09799789025294366
368,199,0.09446285098563835
368,201,0.09422021344593241
368,251,0.09652121940482264
368,348,0.095780176581526
368,389,0.09646668134183431
368,401,0.09806593146252167
368,509,0.09243450590136681
474,10,0.10826052080978954
474,19,0.10818721968498607
474,26,0.10443477781979384
474,30,0.08734827447859464
474,35,0.10226548913885906
474,52,0.07511802353120169
474,74,0.08743182606450188
474,126,0.10651058202117762
474,137,0.10933853157090348
474,224,0.10493543297642173
474,278,0.10480975751272584
474,289,0.09742642682126493
474,294,0.08086610730512549
474,354,0.10667281441758295
474,470,0.10431421043971568
474,492,0.11274948929955912
474,519,0.09483659292344655
474,523,0.0878995249893827
474,528,0.07716987477192552
121,61,0.11926680875650142
121,234,0.11786837782017881
121,277,0.11739610524915135
121,337,0.12000574553730771
121,407,0.11483049472967534
121,428,0.11308018202267822
121,456,0.12331751876368853
121,483,0.11656411353881067
121,484,0.11510279652741459
121,501,0.11540793024210746
306,26,0.09015313329787378
306,35,0.08684815729756777
306,125,0.0851809530043885
306,194,0.09848919669056659
306,207,0.0964878619787661
306,216,0.09109817930723646
306,227,0.07831696172869294
306,230,0.08166816857634429
306,305,0.08965032675436786
306,367,0.07911624146335527
306,370,0.0881865916721771
306,395,0.09675393479575226
306,451,0.07086187091631493
306,475,0.08191856358010004
306,476,0.08584277616688857
309,47,0.07861185981906565
309,107,0.07683377559876364
309,140,0.07708903940203196
309,175,0.07937694433329215
309,176,0.07792703813661983
309,305,0.08074883473115523
309,339,0.08331298751723137
309,353,0.07873387061890877
309,397,0.07749752825630345
309,400,0.0821450769341608
309,445,0.06719118040706912
309,516,0.08205100582552509
14,94,0.1308161797687901
14,167,0.12088728497576501
14,181,0.15337195148323315
14,198,0.12659519675226474
14,214,0.1613041934686982
14,215,0.12126994619199326
14,225,0.12126312784968557
14,228,0.11878525681140373
14,242,0.1153805976550173
14,273,0.1305859152246967
14,350,0.10969439563399841
14,434,0.1638368195641703
14,491,0.1371631526700168
14,497,0.1474418461664417
108,11,0.11797487146497478
108,75,0.14478213455114458
108,96,0.13001559124323073
108,112,0.13348199193295732
108,182,0.14010950427392338
108,201,0.16142403962745736
108,212,0.14909264648361714
108,229,0.12090323466892751
108,261,0.11427859858268853
108,272,0.1310992616673634
108,280,0.15708201600171243
108,300,0.12274927269425806
108,313,0.09198813183364488
108,371,0.15887454197829093
108,372,0.13148913034823712
108,443,0.11117993509245852
108,446,0.09742438616288283
108,454,0.10511358587675301
108,471,0.09067991926454888
164,7,0.08001961943753637
164,26,0.07976608046187889
164,79,0.07831849319293824
164,126,0.08557513198693001
164,127,0.0845689644675189
164,201,0.08017418096912993
164,300,0.08687717288003342
164,326,0.07778901911384223
164,354,0.07830218820890167
164,492,0.07887481320714973
367,29,0.07813353493497889
367,85,0.07607977014578308
367,166,0.07980136104864234
367,223,0.09346073813267396
367,256,0.08456201677539513
367,305,0.08173346575821122
367,306,0.07911624146335527
367,369,0.07815985653953922
367,395,0.08091736977546019
367,406,0.08259236313813023
367,521,0.08242227420478286
453,79,0.12675402918483966
453,142,0.12093693812808372
453,192,0.13087182288541396
453,198,0.1562355920740188
453,215,0.12949410638773678
453,218,0.11254953765546173
453,225,0.12704019410034834
453,281,0.08235260957129514
453,346,0.1093164852658029
453,387,0.12612991075974508
453,431,0.12303148014922653
453,438,0.11313788561135729
453,472,0.13161699601195662
453,488,0.11916934355991117
453,491,0.14354481629193552
453,497,0.14259047122049887
185,15,0.08065773271389054
185,39,0.07120417339398048
185,46,0.07982895950460887
185,73,0.07166194721741695
185,156,0.06918918855592186
185,163,0.0718215379652969
185,177,0.07550013646326427
185,194,0.07105754786568085
185,308,0.0745521155371618
185,466,0.07131652083423569
185,476,0.07185552306715524
185,508,0.06660785565642165
256,12,0.08490002725737436
256,26,0.07270630543724434
256,89,0.0724485967019019
256,151,0.07483357858481077
256,188,0.07209096481355844
256,201,0.0770708299023604
256,228,0.07479735137450495
256,232,0.08132450664447183
256,367,0.08456201677539513
256,429,0.076475283916318
256,504,0.07409550542560567
271,101,0.07842876170616075
271,171,0.08130225236705653
271,222,0.08242244575724282
271,238,0.07502566962801854
271,305,0.07487338717665665
271,347,0.07444245386281849
271,440,0.07973117388838664
271,475,0.07446321233729487
271,512,0.07792729937300454
271,514,0.07636642173479281
422,13,0.08454753807380389
422,100,0.07358813509620973
422,125,0.08313086788561207
422,154,0.07719177391545853
422,262,0.06998124646225229
422,283,0.08513615463111948
422,314,0.055083728992298395
422,333,0.06539144151159865
422,341,0.07577921314332792
422,391,0.07849652682426936
422,423,0.07648869029642787
422,433,0.07933952917095533
422,448,0.07258891932212881
422,495,0.07616893629530674
422,503,0.07482415739643639
422,532,0.066778108413246
522,31,0.08295355449523589
522,183,0.09775867557195854
522,193,0.08843685128887638
522,231,0.0905638850270433
522,342,0.10081114252223702
522,349,0.08751322101529747
522,374,0.10628133398342064
522,413,0.08741941688439968
522,496,0.09267263557108203
522,507,0.09022274768574118
522,527,0.09351147563814685
47,32,0.0877147769677604
47,49,0.08086320140702194
47,223,0.0810718536558891
47,238,0.0995192437956162
47,282,0.0727620866289604
47,302,0.08417104491498667
47,309,0.07861185981906565
47,339,0.08315733037709007
47,343,0.08278869624765979
47,347,0.0842896776852723
47,363,0.08595999090570836
47,397,0.08857167129472708
47,503,0.08842525184749118
47,518,0.08082104881124579
234,42,0.1297971213397788
234,48,0.12706569723280503
234,92,0.11364290568720371
234,111,0.12722879894736175
234,119,0.12488532737599332
234,121,0.11786837782017881
234,200,0.1019898157726972
234,276,0.11053213355692042
234,277,0.13648162788320722
234,337,0.13252474169492143
234,371,0.1294434402640997
234,425,0.1257050041747803
234,428,0.14062064391029605
234,437,0.136273256168091
234,456,0.1422473814256439
418,3,0.08694954465040682
418,37,0.07318548646597393
418,41,0.0856475618697901
418,46,0.0874016794955817
418,81,0.08301637276486253
418,124,0.09417699740724653
418,145,0.07607091748829263
418,179,0.08964097155310165
418,196,0.0833267763344564
418,302,0.08751750414449933
418,335,0.08152512566760808
418,376,0.0704827895069627
418,427,0.09056166253166331
418,466,0.0847134521218155
443,75,0.11395485876172176
443,96,0.11327848398084354
443,108,0.11117993509245852
443,165,0.10648250179471665
443,201,0.10905269868631347
443,221,0.10570130465370056
443,229,0.10790476600897786
443,280,0.11677809674730454
443,304,0.10935788176557266
443,307,0.09041674911861768
443,505,0.12445413504540706
10,19,0.1319899146594497
10,26,0.14612641666886322
10,34,0.12876564622838663
10,35,0.10187226816753535
10,52,0.0751777845123131
10,103,0.09838437091399196
10,135,0.12629041169449795
10,172,0.08880618117185111
10,209,0.11607252600225201
10,224,0.11061130373982714
10,255,0.09599767021252947
10,270,0.1048750878443149
10,277,0.14252119046987155
10,278,0.14278872388936084
10,291,0.10186744963189161
10,295,0.09918488649752812
10,331,0.09857240142900829
10,344,0.09979508754665194
10,345,0.09902748489061372
10,398,0.1303752825146767
10,404,0.10933757488094473
10,446,0.10018234826715454
10,454,0.10230031173439919
10,473,0.1395900251796015
10,474,0.10826052080978954
10,476,0.10100097011885052
10,492,0.12859015004761865
10,505,0.12603113318657796
29,2,0.08683999690780557
29,9,0.05520828585020258
29,41,0.0847907916433217
29,115,0.07812224113911821
29,128,0.07910622429297488
29,134,0.084948623883112
29,179,0.08277109206553021
29,191,0.07427054409275939
29,194,0.08620332015113165
29,223,0.0903014113442012
29,236,0.0939522698937043
29,239,0.07332031631613911
29,257,0.07234638227961056
29,258,0.0890391601461017
29,282,0.07401842743549197
29,367,0.07813353493497889
29,415,0.08300640959590606
29,421,0.08179201693646657
29,433,0.08689477507633102
29,477,0.07780272579884001
29,482,0.07994176853840833
375,3,0.0801631282890816
375,41,0.08545524299793962
375,72,0.0796847301753961
375,81,0.08228251037415635
375,100,0.07349669367418868
375,124,0.07834179871814931
375,138,0.09058684401283824
375,146,0.08108763897966262
375,155,0.0836702280300749
375,175,0.07526315844184289
375,252,0.0649311702857998
375,308,0.08629725573834719
375,333,0.06246550974761965
375,341,0.07794384783695742
420,22,0.12663468005782347
420,87,0.15358562378588073
420,102,0.137187462779449
420,110,0.14758858269624062
420,112,0.16477360549061168
420,135,0.11228952932059376
420,159,0.120383636133866
420,197,0.14917903730379892
420,244,0.14893445025460547
420,277,0.15078292859867054
420,304,0.15011170742759153
420,336,0.1417900795065441
420,366,0.13803932565841376
420,384,0.13780510872275722
420,392,0.15444326386690868
420,394,0.1530503638840195
420,425,0.1519669677637948
420,428,0.15028651909804233
154,105,0.07590805090697077
154,124,0.0871758836603639
154,125,0.08284757040405512
154,163,0.09213202760907387
154,184,0.08241682441151181
154,249,0.07997110625975076
154,274,0.08054853572981045
154,324,0.06103091600724919
154,358,0.06010746459861119
154,391,0.08480386792579224
154,417,0.08158060909020276
154,422,0.07719177391545853
154,423,0.07989383547142401
154,448,0.07628238784032133
154,485,0.08008636102192532
154,495,0.08855105461692528
197,8,0.1651805421852157
197,28,0.13692832223945312
197,50,0.12632651808051804
197,56,0.11801728512807295
197,61,0.1410167008317034
197,87,0.15452165385188274
197,99,0.1399438928049591
197,123,0.13033680295407568
197,133,0.16862519018436187
197,141,0.1241275369819504
197,160,0.1316293350773197
197,162,0.15828063786417804
197,168,0.11764313063231492
197,200,0.10156951147576809
197,211,0.1142694004228579
197,244,0.15218016112513433
197,245,0.14098219632023443
197,277,0.15207888119568352
197,288,0.13750609439813744
197,316,0.13604196006763705
197,319,0.14600440618190685
197,325,0.09392338057403962
197,382,0.1234506670236541
197,385,0.13932193575569035
197,392,0.14576855616239168
197,398,0.14761376565969772
197,420,0.14917903730379892
197,428,0.1625618594513852
197,437,0.16985768971215065
197,456,0.15302760477379723
197,461,0.14875587814421684
197,473,0.1617733269573713
197,478,0.1355109434483696
197,489,0.14046645259176366
197,529,0.12324028967423373
391,41,0.07988142218101126
391,124,0.08869793234982114
391,154,0.08480386792579224
391,163,0.07976208877643756
391,248,0.08508250356764507
391,250,0.08100723037300417
391,262,0.07094680907516301
391,274,0.08335860297724669
391,341,0.08257335862411436
391,422,0.07849652682426936
391,427,0.07924078577769061
391,435,0.08387886188185088
391,448,0.07594163798251648
438,113,0.11025469879375231
438,190,0.12524882134337043
438,192,0.1327669553669302
438,215,0.1259100664833157
438,225,0.12980765157538998
438,362,0.09381310891154715
438,364,0.09739916340118769
438,431,0.11421521988333419
438,452,0.08628498859481729
438,453,0.11313788561135729
438,463,0.12137523987907807
438,472,0.11735191738870965
438,491,0.1263792146830713
438,497,0.1358134277331175
246,189,0.08361272479516864
246,194,0.07958594774704777
246,204,0.07525939174730466
246,248,0.07651818974285478
246,250,0.07737340003470958
246,279,0.07875178110400727
246,335,0.07724289451246576
246,419,0.06655991373251825
246,455,0.07597588302244078
246,475,0.07349411429671729
246,499,0.07902903866249236
246,530,0.0610448406791786
250,36,0.0786825544498782
250,58,0.06819657132764426
250,81,0.08795574595339688
250,100,0.07196197259977508
250,114,0.0804727763214013
250,125,0.09106142119510192
250,136,0.06147370670407546
250,147,0.0967298862445083
250,189,0.08589249199002805
250,204,0.08344083600066113
250,206,0.07749606978498742
250,207,0.08482057197683315
250,246,0.07737340003470958
250,274,0.08552826325976541
250,279,0.08985504792467071
250,370,0.08820044103351775
250,376,0.07814964376170098
250,391,0.08100723037300417
250,397,0.09284471326592256
250,427,0.0881188461762217
250,455,0.08273814350816618
250,458,0.09914635142723932
250,485,0.08182118557273657
250,499,0.08403461562594566
250,513,0.07937156854524549
250,516,0.08655594065101374
250,524,0.09320068804868847
273,14,0.1305859152246967
273,94,0.11160485046443341
273,167,0.1319058624590825
273,181,0.12909185594670172
273,214,0.12119020881670722
273,215,0.113986948767621
273,434,0.12426169550647241
273,463,0.1473731836123581
273,472,0.13164709787932627
273,488,0.12206434468105078
328,19,0.10665536722009714
328,44,0.1103274155226552
328,133,0.10926141040491945
328,141,0.12365816056439839
328,265,0.10402829634340535
328,316,0.10443407848332364
328,372,0.10681075636639015
328,389,0.10922796266855608
328,461,0.10824452134075806
328,478,0.1214090520262656
426,13,0.08551687148311711
426,18,0.07155691600417083
426,33,0.07913368229204117
426,41,0.09102547326199843
426,46,0.0996530979947733
426,73,0.08840261091562822
426,93,0.08798615077464647
426,114,0.07565708865768643
426,125,0.09032086229493107
426,147,0.09338436882076513
426,155,0.10003256225273652
426,156,0.06924054522522417
426,202,0.07077969798782933
426,219,0.08389894983919853
426,296,0.07966333973911391
426,308,0.09854001366974567
426,365,0.06208673223504529
426,370,0.09253376241773581
426,386,0.08511621912118317
426,411,0.08119018513534221
426,424,0.09020132710833491
158,17,0.11459356727330296
158,22,0.1407250611706407
158,55,0.1032470194671919
158,92,0.1384380952330304
158,95,0.133097925762668
158,99,0.140301209796389
158,141,0.12746657860602534
158,245,0.15756890702822113
158,277,0.14619854030967275
158,288,0.14780582138547807
158,366,0.13807330464906212
158,388,0.1263130077188377
158,390,0.11033964926642927
158,425,0.1475830056533739
158,428,0.16096224223824201
158,461,0.14811911566321362
158,473,0.14065619360024806
158,484,0.1318648530578975
158,529,0.11772693109415086
191,2,0.07760689766567153
191,9,0.0647607351909231
191,12,0.07831451895153986
191,29,0.07427054409275939
191,89,0.07367305266030431
191,128,0.07366481590005294
191,266,0.07796755223613247
191,351,0.0755593814164632
191,433,0.07189136960275469
191,469,0.07211985048817028
191,521,0.07699312836608171
346,67,0.09199988712493318
346,178,0.062040792507355204
346,192,0.10373212379039343
346,198,0.11190420753922721
346,215,0.10404557139584276
346,218,0.11718089389767844
346,225,0.11421860733062875
346,387,0.1140740111983431
346,410,0.10712274574372599
346,453,0.1093164852658029
346,491,0.10371290595686135
346,497,0.11214129844084936
70,106,0.09156706614213889
70,152,0.11980859611382609
70,173,0.08419208254212897
70,199,0.10550558941979143
70,205,0.08189857990149343
70,303,0.11639885316675448
70,368,0.08976030808347159
70,401,0.08955785803264592
70,403,0.09393625178872274
70,442,0.08206447809193534
245,17,0.11158166546885734
245,42,0.1340800004496862
245,56,0.12466772544644755
245,69,0.12779773838323133
245,87,0.14214411975090677
245,92,0.11838610859305956
245,99,0.14203954033304494
245,149,0.10915673267332773
245,158,0.15756890702822113
245,197,0.14098219632023443
245,211,0.1096593686540874
245,288,0.1529075467345572
245,373,0.1065246050633946
245,382,0.13606372511459858
245,385,0.14504760446679388
245,388,0.14166485466320825
245,390,0.12762171691076593
245,428,0.15564864387440797
245,456,0.14144441690078768
245,461,0.15966040538310772
245,478,0.1346626741789045
5,41,0.07122744814659736
5,49,0.07067154020796432
5,73,0.06779394048229584
5,81,0.07187498724162775
5,124,0.06875692088145978
5,146,0.07049253115826533
5,196,0.06808918292891229
5,248,0.06824260122494268
5,353,0.07608892194326825
5,515,0.06753088110254386
189,36,0.08318415286648438
189,46,0.08591774107561742
189,71,0.07151514920707737
189,81,0.09184181523059061
189,134,0.08189735992133701
189,170,0.06445769427768701
189,179,0.10164779936043337
189,180,0.0743643957141818
189,243,0.07043049372954355
189,246,0.08361272479516864
189,250,0.08589249199002805
189,356,0.06784360902187392
189,360,0.06178381296717392
189,379,0.09709066184579476
189,455,0.07705680360912438
189,458,0.07696740940842375
189,467,0.08353632359711448
189,468,0.07570035241185807
189,480,0.08145019253336813
189,530,0.05849932811371519
282,2,0.08294883149581875
282,12,0.0797256572816905
282,29,0.07401842743549197
282,47,0.0727620866289604
282,186,0.07805501825912961
282,223,0.0804541781324983
282,236,0.07277588319696535
282,267,0.07265612389395444
282,299,0.07272853535168386
282,327,0.0739505611099121
282,347,0.07321835603272418
282,393,0.06957895280110517
305,2,0.10388544830712011
305,12,0.09251793261216072
305,57,0.10371932610225607
305,66,0.09525636228631837
305,71,0.06612473395582767
305,105,0.08391628848016153
305,116,0.08750528735214144
305,134,0.09408160400203228
305,147,0.09224519952753087
305,151,0.10107341141338123
305,153,0.09188604340973952
305,166,0.10423145538652573
305,174,0.10834918719043422
305,176,0.09173617613001636
305,177,0.08545597146237584
305,186,0.09368081180300607
305,222,0.10596072017282289
305,223,0.09636176829894909
305,236,0.08994952618580283
305,260,0.09018293419782819
305,269,0.08938972431833946
305,271,0.07487338717665665
305,286,0.0797562839798261
305,290,0.08437348058763265
305,299,0.09225803062175111
305,306,0.08965032675436786
305,309,0.08074883473115523
305,327,0.08641331207667396
305,332,0.11298126737270997
305,339,0.09502239578177134
305,367,0.08173346575821122
305,369,0.08453292173914566
305,370,0.1030853045933992
305,393,0.07010727654296492
305,397,0.0926837994932314
305,400,0.08432881651747602
305,406,0.09111385802611463
305,421,0.07652186510793155
305,440,0.09828719677646822
305,460,0.09501530665101278
305,467,0.08658635473888388
305,468,0.07629596535515001
305,475,0.09368281823188837
305,481,0.10053375172976466
305,494,0.10658905738967617
305,514,0.14069307502421072
305,517,0.09478963758474575
305,520,0.0881678060762802
305,521,0.08746492207671337
305,527,0.08696788586786382
305,528,0.0753994389472451
437,8,0.13642103265012986
437,21,0.16026695058908155
437,28,0.12893294371334788
437,34,0.15383706575186196
437,48,0.15945442061576393
437,61,0.1482936122300007
437,76,0.10521785825593288
437,91,0.11912443616707295
437,110,0.148202717718822
437,111,0.15233291531353954
437,119,0.12386551274086345
437,120,0.13104754707831937
437,133,0.15179946454835214
437,148,0.09988481849711033
437,160,0.13607308549151884
437,162,0.1440319162702027
437,197,0.16985768971215065
437,234,0.136273256168091
437,240,0.1455256982513652
437,241,0.1126100034886735
437,316,0.1320082010469556
437,319,0.15617141219430658
437,325,0.0924105732603268
437,385,0.13324386868192759
437,430,0.12695337834189147
437,439,0.12850268603532794
437,456,0.15181624785263148
437,473,0.15307602836023362
437,479,0.14717532849206724
437,489,0.15152410802514754
437,511,0.15400716668893502
437,526,0.15292781074055728
437,529,0.12193617507577496
437,531,0.11862277213475618
442,6,0.1199666395714051
442,7,0.10923445121004612
442,26,0.15287094026221076
442,70,0.08206447809193534
442,79,0.17182315622714547
442,80,0.08923206407880534
442,132,0.12364307709408
442,135,0.11660578734193776
442,150,0.11813807426278425
442,151,0.1795691225635982
442,161,0.13757604310912427
442,165,0.15088810834058475
442,198,0.13579277785958804
442,205,0.13993534354858866
442,213,0.13509533462030632
442,231,0.10383222223413367
442,272,0.1236203354303157
442,300,0.12383676222528539
442,303,0.08917029764220469
442,307,0.09343074666384023
442,315,0.1570001244521211
442,374,0.1111931800980111
442,387,0.13375191961229285
442,403,0.09667470940756681
442,410,0.13437382840807693
442,413,0.17152823556258606
442,449,0.12162335020982355
442,487,0.10975625032557845
442,504,0.17638058215387295
55,19,0.11477325339055203
55,21,0.11004013758212487
55,34,0.11200346405626037
55,87,0.11841115156675508
55,158,0.1032470194671919
55,244,0.10297568097548944
55,277,0.10611004573403035
55,278,0.11256814054770978
55,288,0.1036310245523759
55,403,0.10072470147872475
55,473,0.11353106859581305
294,38,0.08644292055205531
294,66,0.08174750030143109
294,93,0.08160071474723643
294,177,0.07877405987839702
294,331,0.08119513945024759
294,345,0.0814605608235748
294,347,0.07879145551819279
294,415,0.07963384469438334
294,444,0.08137510326133142
294,445,0.068628642584606
294,457,0.07203471435251861
294,474,0.08086610730512549
485,3,0.0808088178427251
485,60,0.07360091062834062
485,81,0.08647791919593946
485,84,0.07613228418633686
485,101,0.07870669666069943
485,124,0.07700772353804929
485,125,0.07553143533323445
485,140,0.08345101513293511
485,154,0.08008636102192532
485,170,0.06619426251695003
485,250,0.08182118557273657
485,360,0.061455172063014804
485,513,0.07988006761045509
39,41,0.07869738450083626
39,86,0.0778522449417923
39,163,0.08374882174009793
39,185,0.07120417339398048
39,196,0.07917452543405039
39,210,0.07618267547066294
39,263,0.09074470791883903
39,287,0.09008598329763262
39,339,0.08592489101639043
39,408,0.07697737313975025
39,416,0.07133944445666832
39,445,0.06523613559161016
39,457,0.07337358353421976
39,518,0.07937786927440009
92,22,0.11495752866806755
92,42,0.11935446659267313
92,87,0.11399434471192399
92,141,0.12322467098755709
92,158,0.1384380952330304
92,200,0.09898118929542182
92,234,0.11364290568720371
92,245,0.11838610859305956
92,288,0.12940457860618038
92,456,0.113562373339885
92,473,0.11390524236766786
161,21,0.1393667402739281
161,23,0.11645286190878593
161,26,0.15513448497774163
161,35,0.11319067300339056
161,74,0.0904807169292506
161,76,0.11067838876842502
161,80,0.09471009767555957
161,91,0.12154296707426264
161,97,0.08503243938255341
161,137,0.11456678684478931
161,148,0.10502456049412302
161,150,0.11216447041852838
161,165,0.14415028245749578
161,195,0.09989878298586954
161,205,0.14551525853318503
161,209,0.11388631666467838
161,277,0.13884318654489528
161,280,0.13982961649384928
161,291,0.10542416085747466
161,312,0.1370273757771584
161,326,0.11277757473648667
161,336,0.14005241358452855
161,354,0.16466131733490624
161,380,0.12125037319958397
161,399,0.10109222669156463
161,402,0.10717841490482519
161,404,0.10024185540336458
161,409,0.0917758650414378
161,442,0.13757604310912427
161,454,0.1051354757173988
161,470,0.1233919817993319
161,504,0.15298292884396672
161,505,0.1486026392634449
161,531,0.11783975341388846
388,56,0.12682795568731067
388,61,0.13230028661231324
388,127,0.10393184942459129
388,158,0.1263130077188377
388,244,0.1303033353131283
388,245,0.14166485466320825
388,315,0.12824449384656228
388,366,0.13117653861489192
388,428,0.14042543609999886
388,456,0.1420674306726558
388,461,0.1347232935401281
451,27,0.08583942963320579
451,73,0.07334421826628928
451,266,0.07650960781915367
451,290,0.0717978441675453
451,306,0.07086187091631493
451,370,0.07522748929252333
451,429,0.07504890546604771
451,482,0.07510741503006212
451,493,0.08375039598490938
451,500,0.08631831763741805
451,506,0.06544387707311461
75,11,0.1295784721416744
75,53,0.11703158122777033
75,88,0.09768327172866285
75,96,0.13915881194718396
75,108,0.14478213455114458
75,112,0.1401484816159481
75,126,0.1352302949549816
75,201,0.1467631157839755
75,221,0.13361892393446134
75,261,0.11322085020508048
75,265,0.14010094350508168
75,280,0.158487310608541
75,292,0.13541898439377087
75,350,0.11034929502498939
75,389,0.14641364726280057
75,405,0.11616745015634238
75,443,0.11395485876172176
75,490,0.14773146780834517
79,7,0.11892013827961925
79,16,0.11969491289023641
79,64,0.10189530072752069
79,132,0.12375863321065651
79,139,0.14925071265811016
79,142,0.12803574273583945
79,150,0.11941989326477531
79,151,0.13718009529925593
79,164,0.07831849319293824
79,198,0.16877897313001428
79,203,0.10380804902408249
79,205,0.13625623547392438
79,213,0.1492586682909261
79,228,0.12324290025185622
79,231,0.10348649175258476
79,251,0.10886954056648639
79,259,0.12004433487054751
79,281,0.0936180354840857
79,300,0.14163893859163318
79,303,0.089308752957939
79,307,0.09114756747765904
79,310,0.11810741082984005
79,315,0.14110745129113217
79,321,0.11922709590385155
79,326,0.11689442492236256
79,348,0.1091840733482666
79,374,0.11052233681590297
79,387,0.1571701417309696
79,399,0.09308458684880204
79,410,0.13523897461916667
79,413,0.14262370562198529
79,442,0.17182315622714547
79,453,0.12675402918483966
79,487,0.10829912310900776
79,491,0.14108722533766796
79,498,0.10296927456858837
79,504,0.22352312307519717
114,72,0.07389213104339414
114,100,0.0726250638713828
114,125,0.07233598679526985
114,155,0.07840788007228607
114,163,0.07243239573358871
114,194,0.07142753364061431
114,250,0.0804727763214013
114,279,0.07346684370802734
114,324,0.056788597059612464
114,333,0.0580491438769744
114,426,0.07565708865768643
114,445,0.06781144854932444
114,466,0.08147060944216722
395,60,0.07789824379079353
395,128,0.07741454385665096
395,136,0.061161624358195485
395,194,0.08882198911125795
395,204,0.08645563964269593
395,207,0.09323438437917576
395,216,0.08547429490024978
395,217,0.08752890857532344
395,230,0.08289461097283943
395,306,0.09675393479575226
395,367,0.08091736977546019
395,370,0.09238038653312862
395,376,0.07225629816703401
395,397,0.08736270716419431
395,400,0.08509995727697245
395,406,0.0970863477783194
395,436,0.09510005918682256
395,462,0.07472449917339714
395,464,0.08773597734035035
395,468,0.07650094319835415
395,475,0.08171803465469135
56,50,0.11931378840614923
56,59,0.1191461584635203
56,61,0.12640997661437306
56,197,0.11801728512807295
56,240,0.11695377815880843
56,241,0.11035043222092494
56,245,0.12466772544644755
56,388,0.12682795568731067
56,478,0.11658581590101351
56,483,0.12285045403198377
56,489,0.12599611497901422
416,39,0.07133944445666832
416,41,0.07217694827855647
416,72,0.07129250515623435
416,73,0.07422732975113226
416,81,0.07518693106821932
416,138,0.07429197715786784
416,146,0.07586610154515945
416,263,0.07199541543599935
416,283,0.07309670131966922
416,324,0.06870255066035713
416,516,0.07277704154446753
463,67,0.09177914586210299
463,94,0.12249518179543502
463,113,0.13669286423304458
463,167,0.10820318915947337
463,190,0.1247255101019927
463,214,0.10220772440941914
463,215,0.13512450069280513
463,225,0.12043310256783887
463,273,0.1473731836123581
463,364,0.08722985885279687
463,434,0.12122015981249508
463,438,0.12137523987907807
463,452,0.09025995782540608
463,472,0.14632256854554704
463,488,0.12725610613709193
464,15,0.09427057102264544
464,18,0.06847739568399516
464,26,0.0970262078190919
464,49,0.08297118724948054
464,74,0.09066789489215842
464,116,0.08616530254539269
464,130,0.08539836677802794
464,166,0.0973244493829512
464,171,0.09486808970742087
464,174,0.10824082125054722
464,179,0.09485593952189482
464,222,0.09592799209343662
464,253,0.08371874246918427
464,299,0.09335973670501914
464,311,0.07541363683245518
464,327,0.08364330221346683
464,338,0.08061510977907274
464,357,0.09444411441811805
464,379,0.09504134203424681
464,395,0.08773597734035035
464,406,0.10203619874045923
464,413,0.10225526961904212
464,415,0.1007840492376526
464,460,0.09791533612983215
464,486,0.09537954379861437
137,26,0.11167365060304198
137,28,0.11471301848021233
137,40,0.0897534253465433
137,74,0.08894190774352222
137,103,0.09908147908596458
137,124,0.10073818229680516
137,161,0.11456678684478931
137,165,0.10800923622674649
137,171,0.09430276036245339
137,224,0.10258256649493365
137,289,0.09182768164125439
137,291,0.10549791550633716
137,311,0.07592179062330522
137,331,0.09109019915937823
137,334,0.08890240929890639
137,344,0.10325997078748117
137,345,0.10535922686786202
137,354,0.1092036335065488
137,359,0.08902593459645347
137,396,0.1000818296985344
137,404,0.1023544452209356
137,409,0.08948330452002204
137,415,0.10766069682168856
137,470,0.11374113744526458
137,474,0.10933853157090348
137,476,0.1007313359328873
137,492,0.1181049832708544
137,505,0.11345806315515673
137,519,0.10325920748866978
137,523,0.087867618751963
211,50,0.10791151070052196
211,149,0.12053457816344217
211,168,0.10969380136505259
211,197,0.1142694004228579
211,245,0.1096593686540874
211,288,0.12166866250211336
211,316,0.10834761125241187
211,330,0.1191670749371897
211,373,0.11076104630767146
211,382,0.12006834217613895
275,1,0.011397029696812128
275,30,0.07106957069728403
275,117,0.06065536831612742
275,122,0.07346313992763821
275,146,0.07145213958875075
275,155,0.07344210011982513
275,195,0.0690862266032932
275,220,0.06993724449360574
275,352,0.07306565547075754
275,396,0.06928439079539882
275,470,0.0695097104347363
275,471,0.0697542318633654
358,1,0.011609175223272586
358,90,0.05662922071443813
358,154,0.06010746459861119
358,163,0.059370718799391584
358,177,0.058138153454905375
358,184,0.05800344246133227
358,249,0.057192094875818375
358,347,0.05800208161697491
358,386,0.05867403207916304
358,427,0.06097747074197343
358,518,0.05891762554666074
364,113,0.1027067249813536
364,190,0.09312870957462333
364,192,0.08718655303032043
364,362,0.08557481654869423
364,431,0.08929980146187119
364,438,0.09739916340118769
364,452,0.13337113086607907
364,463,0.08722985885279687
364,472,0.07959649611003344
364,488,0.08795077568614654
469,9,0.05847572595485327
469,89,0.06987042392664887
469,188,0.08909149269302753
469,191,0.07211985048817028
469,232,0.08118636879741851
469,264,0.07127216940260879
469,293,0.07063096832099702
469,351,0.07588299372729257
469,429,0.07529256736676336
469,500,0.07581974453534226
469,502,0.07871817289449645
469,506,0.06685754809135452
111,48,0.1356441660644942
111,78,0.1382108384442085
111,96,0.14668161176089298
111,104,0.13536262760495799
111,110,0.14191145816039633
111,112,0.1457717159064187
111,141,0.1425705154813701
111,221,0.13783507887941354
111,234,0.12722879894736175
111,265,0.14009369057388685
111,270,0.09635739642941892
111,276,0.0955862761160029
111,292,0.1314566487422499
111,316,0.13027801488100277
111,425,0.17155085742970888
111,428,0.14135917727699657
111,437,0.15233291531353954
111,456,0.1422517268960297
111,490,0.149163090528072
111,501,0.13405448509320433
111,511,0.15606964809490523
116,18,0.07115448640581827
116,58,0.07402791272123972
116,155,0.09002927072531652
116,157,0.08584918366109666
116,171,0.08637387548838925
116,223,0.0946232176128688
116,239,0.06889353864424635
116,258,0.07315879635262539
116,305,0.08750528735214144
116,397,0.09151193780144463
116,406,0.08665033999460216
116,459,0.07837263661609215
116,460,0.09861135310534289
116,464,0.08616530254539269
116,467,0.08541894567889215
116,486,0.08878519971848733
116,514,0.09890237262177158
190,94,0.11203271377608864
190,113,0.11532210465896629
190,192,0.12507059061847356
190,225,0.1192506728211135
190,362,0.08526166539538578
190,364,0.09312870957462333
190,431,0.11391407091861097
190,438,0.12524882134337043
190,452,0.08173869702584981
190,463,0.1247255101019927
190,472,0.15336830007634117
190,488,0.13571371855679534
190,497,0.11547154206146693
219,46,0.09267022450009516
219,147,0.08483522300149489
219,166,0.08429734482559892
219,179,0.07951799045898754
219,194,0.08154600034465992
219,217,0.08323750097642771
219,224,0.08598668854518365
219,243,0.07463973558042523
219,386,0.08894516380566207
219,409,0.08191607727720052
219,419,0.06659149300540865
219,426,0.08389894983919853
219,468,0.07778152341139913
298,53,0.1329697013244828
298,112,0.11816905559032613
298,173,0.12206221030379086
298,277,0.11737632874044135
298,278,0.12367591938284411
298,402,0.10091296066948245
298,407,0.1186656083240094
298,414,0.11745901525134878
298,449,0.11657179942357833
298,461,0.12990797188849326
298,490,0.1285495596529576
298,510,0.11523713598838918
225,14,0.12126312784968557
225,67,0.09088708381688626
225,142,0.1776877342323526
225,190,0.1192506728211135
225,192,0.19659949948326053
225,198,0.16778227891050448
225,215,0.1367514349161652
225,218,0.1414097663751465
225,254,0.08460138410095278
225,310,0.12002107038607161
225,340,0.12515284443803545
225,346,0.11421860733062875
225,362,0.086211341316816
225,387,0.17140975731142305
225,410,0.14882968183372808
225,431,0.12325796244105215
225,438,0.12980765157538998
225,453,0.12704019410034834
225,463,0.12043310256783887
225,491,0.14105961661292568
225,497,0.1682282613553204
253,4,0.07920826197787571
253,66,0.08231700614136367
253,93,0.07958957756195181
253,174,0.08076701626777222
253,202,0.07630435750810025
253,217,0.08650011624686356
253,357,0.0860524463180415
253,370,0.08135096263116288
253,378,0.08434438735315354
253,460,0.08385290215654112
253,462,0.07240702800204481
253,464,0.08371874246918427
253,517,0.08653215164619425
310,67,0.09662566461879944
310,79,0.11810741082984005
310,142,0.11523281007623616
310,192,0.11671858393642018
310,213,0.11994703417794562
310,225,0.12002107038607161
310,307,0.09484316767384317
310,387,0.11976012163069019
310,410,0.11745423647976785
310,491,0.12163149445217952
310,497,0.1107613725431744
310,504,0.11454427578721904
423,3,0.08051834623452289
423,77,0.07261559915062586
423,125,0.08646672916913584
423,140,0.07873253609561905
423,154,0.07989383547142401
423,163,0.0858797219024858
423,171,0.0814288360858674
423,236,0.07802265062127578
423,347,0.07675152220265484
423,422,0.07648869029642787
423,503,0.0815574149921565
423,513,0.07807675233353777
472,94,0.13220263479498806
472,113,0.11494526884382404
472,167,0.10978310607545493
472,181,0.12428344173597727
472,190,0.15336830007634117
472,192,0.12579803830974676
472,215,0.13814282872506606
472,273,0.13164709787932627
472,364,0.07959649611003344
472,431,0.11235522030762546
472,434,0.1248370577143475
472,438,0.11735191738870965
472,452,0.07717295921196457
472,453,0.13161699601195662
472,463,0.14632256854554704
472,488,0.1452178927113621
472,491,0.13177420507309912
472,497,0.13960196339857664
128,2,0.08193460063677147
128,29,0.07910622429297488
128,155,0.07681835577305164
128,191,0.07366481590005294
128,370,0.07922508206001258
128,376,0.07482270836074636
128,395,0.07741454385665096
128,397,0.07987163372519866
128,424,0.08445759991518877
128,444,0.08519608685948582
128,466,0.0785126818966116
128,500,0.0802623453411823
215,14,0.12126994619199326
215,94,0.12569954201604042
215,113,0.10429884788808912
215,181,0.11977630005195111
215,198,0.13628173113801592
215,214,0.09503747178864114
215,225,0.1367514349161652
215,228,0.11065784314777687
215,273,0.113986948767621
215,313,0.09549841351415773
215,340,0.11452289521504845
215,346,0.10404557139584276
215,434,0.14174273455610029
215,438,0.1259100664833157
215,453,0.12949410638773678
215,463,0.13512450069280513
215,472,0.13814282872506606
215,488,0.12421305104849921
215,491,0.1325383480036442
215,497,0.13695120650688497
424,30,0.08666001644320873
424,33,0.07162661401376465
424,41,0.11693861786193255
424,43,0.08994457477326956
424,66,0.09435821084875058
424,68,0.09980876267768209
424,115,0.07780846808467146
424,128,0.08445759991518877
424,129,0.07343669497515523
424,155,0.09356113436896066
424,176,0.09170690470359748
424,335,0.08007778409631716
424,363,0.08420560758140569
424,370,0.09225892365507943
424,400,0.08460018044652608
424,426,0.09020132710833491
424,427,0.09053043945783527
424,435,0.07544410181256937
424,444,0.09237178852083557
424,459,0.07631106289768866
424,466,0.09092170839275969
424,500,0.07569748510788851
424,516,0.0957936450216979
448,3,0.0775174777224467
448,25,0.07442819932645457
448,154,0.07628238784032133
448,196,0.07157799251942977
448,252,0.06119484938816724
448,339,0.07340436949354011
448,341,0.07347035966523728
448,391,0.07594163798251648
448,422,0.07258891932212881
448,495,0.0719501086034963
448,503,0.07413517100034417
468,46,0.08285510388821313
468,105,0.0823902117428618
468,156,0.0750386894637658
468,170,0.06376028211605375
468,179,0.07599170889293322
468,189,0.07570035241185807
468,194,0.07781855430230566
468,217,0.07604029421002943
468,219,0.07778152341139913
468,305,0.07629596535515001
468,395,0.07650094319835415
468,460,0.0765583286034294
148,48,0.10586412644169377
148,97,0.08522998079822332
148,112,0.10650409801400863
148,161,0.10502456049412302
148,182,0.10770314647217374
148,201,0.10829628924240403
148,277,0.10165643171793001
148,361,0.07372796874456869
148,372,0.09840077382032146
148,429,0.07854239871415222
148,437,0.09988481849711033
148,470,0.10239159952004821
148,471,0.09094743574995832
148,492,0.10549013668679202
222,32,0.091071945881223
222,57,0.09346153998827687
222,151,0.0991369747020689
222,171,0.10484033008771837
222,174,0.10633688558270857
222,193,0.0931592612993441
222,223,0.08715421867795528
222,271,0.08242244575724282
222,286,0.07866938434376
222,305,0.10596072017282289
222,327,0.08984186612529223
222,338,0.08116699596962171
222,342,0.07254566870944217
222,347,0.08589556738730877
222,349,0.0752417998686876
222,369,0.0833973071312923
222,370,0.09991268940440479
222,374,0.0976275064531583
222,400,0.08730280606718743
222,413,0.0965347148271265
222,440,0.08831214011900408
222,464,0.09592799209343662
222,494,0.10320672168602008
222,512,0.07893941261868369
222,514,0.09641316554849702
222,527,0.09045638971565013
347,4,0.07265598215492354
347,41,0.0874312842746042
347,47,0.0842896776852723
347,62,0.07674527298087667
347,109,0.07810520195731839
347,115,0.07613094520671668
347,125,0.08979311750861796
347,140,0.087532750179201
347,155,0.08552574490623399
347,163,0.08666258542519609
347,171,0.09969963817781156
347,186,0.08136464393438225
347,222,0.08589556738730877
347,267,0.06603295923825618
347,271,0.07444245386281849
347,282,0.07321835603272418
347,285,0.08030050576924845
347,294,0.07879145551819279
347,311,0.07658228186262524
347,358,0.05800208161697491
347,363,0.0824790191695735
347,397,0.09048518385519717
347,412,0.08217825845391645
347,423,0.07675152220265484
347,427,0.08739672941538397
347,433,0.08260654604057338
347,460,0.08733057682647859
347,462,0.07261213524656872
347,482,0.07612173679730638
347,500,0.07707778004180789
347,506,0.06193257233056635
347,525,0.07945725509230296
528,38,0.0741624486623608
528,174,0.07510064869054912
528,194,0.07606156989044321
528,195,0.08576039979626546
528,243,0.07117510219994967
528,289,0.07593110923991517
528,305,0.0753994389472451
528,455,0.07808682493402018
528,474,0.07716987477192552
528,486,0.07773446185596923
528,523,0.07492163102053011
63,3,0.06411015806535623
63,58,0.05990199713271305
63,84,0.056903320926525953
63,140,0.05867174450608967
63,206,0.05791102230896446
63,238,0.057496693904850064
63,335,0.058433803825264266
63,363,0.060865591333945736
63,412,0.06259738425325376
63,513,0.05859119092528907
292,11,0.1209690794836198
292,75,0.13541898439377087
292,96,0.14244136919081796
292,104,0.1344488909211956
292,110,0.13999190053818686
292,111,0.1314566487422499
292,112,0.1321407433983916
292,221,0.1435916133671331
292,280,0.1378954253707299
292,414,0.1357086172015778
292,490,0.12742817386423957
457,39,0.07337358353421976
457,122,0.07262751763584167
457,155,0.07257257044384174
457,163,0.07017522365607456
457,184,0.07524618988486748
457,262,0.06804048639122476
457,269,0.07149263793051341
457,287,0.07816283871790121
457,294,0.07203471435251861
457,314,0.05795118987585207
457,412,0.07187840118522242
457,444,0.06998452754803705
46,18,0.08430618688874118
46,24,0.08724753117360352
46,33,0.07071768238946281
46,36,0.07736774092942827
46,62,0.07700600016194908
46,84,0.08666049459693978
46,125,0.09149518258368486
46,130,0.08106241457815161
46,156,0.06743370007334006
46,170,0.06477777347435101
46,179,0.11746920650956699
46,185,0.07982895950460887
46,189,0.08591774107561742
46,194,0.09418299679379095
46,216,0.0911463351562981
46,219,0.09267022450009516
46,237,0.08371579165742438
46,243,0.07232609601941378
46,258,0.07239169168092008
46,279,0.08574171487437258
46,290,0.08010668722748797
46,308,0.09218611729442441
46,323,0.07897991407364416
46,335,0.08175511261120282
46,339,0.0967783065608393
46,356,0.06651326173562598
46,360,0.06185660246908267
46,386,0.0880117590273197
46,396,0.08433941959960778
46,418,0.0874016794955817
46,419,0.06634285919731786
46,426,0.0996530979947733
46,455,0.07719078945341143
46,466,0.09195395252439283
46,467,0.08849461309418592
46,468,0.08285510388821313
46,476,0.0938024887300944
46,480,0.09017714883077174
106,70,0.09156706614213889
106,139,0.08194713030276914
106,152,0.10412093943372713
106,199,0.11561982114196588
106,203,0.08108752273107
106,303,0.10654513286199714
106,368,0.0990353291953371
106,401,0.10890237632002435
106,403,0.11913444733265302
106,405,0.07899937627369237
182,11,0.11517575441766273
182,16,0.11209869089424764
182,65,0.07628038122573552
182,108,0.14010950427392338
182,112,0.13497074184862026
182,127,0.11496780733845961
182,148,0.10770314647217374
182,201,0.14158058177963098
182,270,0.0995951069922246
182,277,0.15302128172864993
182,348,0.11099803078061576
182,371,0.13636027637969791
182,389,0.13248133123325023
182,428,0.1506178060422631
182,429,0.07161881726317376
182,471,0.09181513131352535
182,483,0.14134884811728765
182,484,0.1486343247842209
182,492,0.1338142784340362
285,2,0.07902034342404313
285,15,0.08405454844067939
285,43,0.07944058745889182
285,236,0.08783003676801987
285,308,0.07865522607458636
285,347,0.08030050576924845
285,357,0.07879111422857533
285,406,0.07743416381338754
285,441,0.07954956171814308
285,481,0.07979107420876105
371,78,0.14086605466505914
371,95,0.11411971181037865
371,108,0.15887454197829093
371,112,0.14388671708719167
371,182,0.13636027637969791
371,201,0.14216250658229893
371,212,0.12673761040330103
371,234,0.1294434402640997
371,265,0.13511292241791817
371,272,0.1257689165849596
371,276,0.0988713906102384
371,277,0.14189881668700152
371,280,0.14870781684740783
371,313,0.09228192536688351
371,372,0.14936157150630833
371,425,0.14674213182156978
371,428,0.14755776400011925
371,484,0.13161195410911042
371,490,0.15298622373540016
371,501,0.14861442560995575
209,10,0.11607252600225201
209,26,0.11389362959071264
209,104,0.12238668474576989
209,161,0.11388631666467838
209,165,0.11796131394856395
209,172,0.08664562118977073
209,201,0.1133314277233578
209,227,0.07836693506962648
209,398,0.11371381315353384
209,407,0.11269493796172751
209,414,0.11657056263124325
209,471,0.08877853606126365
209,492,0.10922554229956395
212,21,0.15481653447765525
212,96,0.12730406904850444
212,102,0.12662215534919596
212,108,0.14909264648361714
212,110,0.1318513050083622
212,229,0.12668866338943277
212,280,0.1583314641729672
212,317,0.11138514700075494
212,371,0.12673761040330103
212,470,0.10996019229269446
212,490,0.13015094028836555
212,501,0.13389890027156912
221,75,0.13361892393446134
221,96,0.13400593849386347
221,110,0.13804316618510165
221,111,0.13783507887941354
221,112,0.13994154152094568
221,201,0.13150820709240998
221,265,0.13821025792968833
221,280,0.13429854905397512
221,292,0.1435916133671331
221,372,0.1272581734687086
221,380,0.12141978650451334
221,443,0.10570130465370056
333,13,0.058172134024173754
333,37,0.05749030181438158
333,114,0.0580491438769744
333,125,0.05832055246858378
333,262,0.05929189554296362
333,308,0.05764015117107106
333,341,0.060732791387939945
333,375,0.06246550974761965
333,422,0.06539144151159865
333,466,0.057613338103490175
483,42,0.1312948465232276
483,44,0.126172954731605
483,56,0.12285045403198377
483,61,0.14224809303417743
483,78,0.13547255151144816
483,95,0.11195662243229063
483,112,0.16289430566918459
483,121,0.11656411353881067
483,126,0.13458428889376872
483,159,0.13139112547080065
483,182,0.14134884811728765
483,201,0.1406651801710198
483,241,0.11527416036836668
483,261,0.11390968219641867
483,277,0.14664704298169767
483,366,0.14067015005839992
483,389,0.15754311740986301
483,428,0.15103302176130853
483,446,0.1038175732287137
483,450,0.13115991937213942
483,456,0.14746123295719712
483,484,0.1366536668965197
483,492,0.14098140670404696
483,509,0.1203647068094202
28,34,0.12879830560902414
28,87,0.13498678095038133
28,137,0.11471301848021233
28,149,0.10594644800405419
28,197,0.13692832223945312
28,277,0.12993331928334886
28,319,0.13164896296561765
28,325,0.09482421468840295
28,334,0.0850698387794191
28,344,0.09632933750501722
28,361,0.07577600094866231
28,373,0.10337478856609343
28,385,0.13464085680830506
28,398,0.15163315314456668
28,437,0.12893294371334788
28,450,0.13134537270986293
28,473,0.1276902623617399
28,519,0.09217941407148109
390,8,0.1182369700161883
390,99,0.10836993857670799
390,158,0.11033964926642927
390,162,0.11456731537561686
390,245,0.12762171691076593
390,288,0.1347802232258908
390,382,0.11188695352586421
390,428,0.10907955473358852
390,479,0.11125719432368238
390,529,0.11115436774979251
471,51,0.0943229379242017
471,108,0.09067991926454888
471,126,0.09279501516712442
471,148,0.09094743574995832
471,172,0.08739339722384838
471,182,0.09181513131352535
471,201,0.09561534445348355
471,209,0.08877853606126365
471,275,0.0697542318633654
471,291,0.09289202185404648
471,300,0.0872697233581683
471,429,0.07162404930257334
17,158,0.11459356727330296
17,168,0.12405797180346387
17,245,0.11158166546885734
17,288,0.11352071138212237
17,366,0.13203586930032082
17,382,0.11872560442735301
17,385,0.11498375095973717
17,425,0.11418689203981318
17,456,0.11041451150349417
17,461,0.1140022423843869
265,75,0.14010094350508168
265,104,0.12591514270501838
265,111,0.14009369057388685
265,112,0.13742909019516195
265,120,0.14858849311887556
265,221,0.13821025792968833
265,280,0.14161062624221415
265,328,0.10402829634340535
265,371,0.13511292241791817
265,389,0.14206354794351442
265,428,0.13519723372176853
265,490,0.13681808355700315
414,11,0.12132988000486936
414,26,0.13520648269584706
414,51,0.10097012761368376
414,53,0.11863642422833216
414,82,0.08309720107961688
414,112,0.15376790828917725
414,126,0.13268938503191363
414,165,0.15074059415228183
414,173,0.13969210923328437
414,201,0.16646680432316
414,209,0.11657056263124325
414,213,0.1259665784197277
414,244,0.14084539216614975
414,272,0.15676308981635972
414,292,0.1357086172015778
414,298,0.11745901525134878
414,394,0.14223315354428862
414,398,0.14735526332306922
414,402,0.10984814214510567
414,407,0.1232061657219407
414,428,0.14229408365845259
414,449,0.12215630996618723
414,456,0.151166395963932
414,490,0.15497638091551608
414,492,0.13477564609525725
516,41,0.10195452385569477
516,73,0.10082683377863773
516,81,0.09670158289016305
516,84,0.08287022449826316
516,147,0.08730552782061599
516,175,0.07659465385621973
516,176,0.08925899691188419
516,238,0.09006781913127661
516,250,0.08655594065101374
516,309,0.08205100582552509
516,322,0.0659735874184104
516,335,0.0803601609269659
516,356,0.068258383467804
516,363,0.085149064584546
516,376,0.0705154654501359
516,397,0.09095444800788426
516,416,0.07277704154446753
516,419,0.06823027711580675
516,424,0.0957936450216979
516,427,0.08845062580084329
516,458,0.07748990627630029
516,486,0.09263185749203813
188,2,0.07175914754266859
188,27,0.07035398715717554
188,89,0.07801064407483793
188,232,0.09434119765571015
188,256,0.07209096481355844
188,264,0.08765989096745849
188,351,0.07297251904252039
188,469,0.08909149269302753
188,493,0.07158576607930889
188,502,0.07395800226923886
214,14,0.1613041934686982
214,167,0.10939001082091313
214,181,0.11742611195647472
214,215,0.09503747178864114
214,228,0.1004537656443724
214,273,0.12119020881670722
214,434,0.12339292188942061
214,463,0.10220772440941914
214,491,0.09486817911950117
214,497,0.09870185588672176
224,10,0.11061130373982714
224,40,0.10030202393979537
224,52,0.07701768831644805
224,87,0.10182493794262469
224,131,0.07917193548571586
224,137,0.10258256649493365
224,177,0.08513078793880921
224,219,0.08598668854518365
224,244,0.10750421588204662
224,289,0.10449588268072119
224,331,0.0945653426433591
224,354,0.1047784753036736
224,409,0.09943483826855778
224,462,0.07185515189953028
224,473,0.10084904188411024
224,474,0.10493543297642173
224,476,0.09836413844508365
224,492,0.10378436701395047
224,519,0.1040581671183527
429,9,0.05674645626171187
429,26,0.07128529050033189
429,148,0.07854239871415222
429,182,0.07161881726317376
429,232,0.07997190052036983
429,256,0.076475283916318
429,413,0.0745175309694517
429,415,0.0724431568459787
429,451,0.07504890546604771
429,469,0.07529256736676336
429,471,0.07162404930257334
429,506,0.06962017567048029
461,17,0.1140022423843869
461,120,0.13125498405903194
461,123,0.13103922555892158
461,133,0.14598573790540556
461,158,0.14811911566321362
461,168,0.11506724264269892
461,197,0.14875587814421684
461,245,0.15966040538310772
461,247,0.11216309111588847
461,277,0.14930399199717492
461,298,0.12990797188849326
461,304,0.15682065079756952
461,328,0.10824452134075806
461,366,0.14342447353356344
461,382,0.13241164401691558
461,388,0.1347232935401281
461,394,0.14515256182115963
461,428,0.17871995669669696
461,478,0.13322242086536507
461,479,0.1441969881967663
461,484,0.13291661198373705
461,490,0.14371018397585547
523,23,0.08659655902560769
523,30,0.08865063595790044
523,38,0.10117419260472164
523,82,0.08120289128608915
523,97,0.08585374468916715
523,137,0.087867618751963
523,174,0.08898453859217073
523,195,0.0876264755975613
523,227,0.07965446268588536
523,289,0.08936393936868478
523,344,0.08580387988637184
523,474,0.0878995249893827
523,477,0.0840249056529617
523,528,0.07492163102053011
25,3,0.08827661384227085
25,41,0.08687547096705632
25,68,0.08047107336719149
25,86,0.08390987867829834
25,90,0.0847104444359115
25,100,0.07490816039691829
25,122,0.08808628537421763
25,163,0.08546236566170362
25,291,0.0865332253088842
25,329,0.07933043011471896
25,352,0.10057691664407846
25,432,0.08490796958842932
25,448,0.07442819932645457
25,515,0.08812581087048352
90,25,0.0847104444359115
90,32,0.08965771682607393
90,54,0.07985506775049889
90,86,0.0967901740992638
90,163,0.09233804341595561
90,184,0.09710922205100657
90,210,0.08237682239277935
90,263,0.09402085465319315
90,269,0.09104432716212697
90,274,0.0952218083792377
90,293,0.07979066437150589
90,351,0.07657128800173502
90,352,0.08620670672140097
90,358,0.05662922071443813
90,383,0.07668940419373535
90,427,0.09218493958620715
90,441,0.10620007188150436
90,444,0.0927897332311918
90,454,0.09230423264237529
90,465,0.09802384032458436
90,500,0.07456944242475659
480,24,0.10543545797517184
480,36,0.08011355629941698
480,46,0.09017714883077174
480,82,0.08173350379755329
480,179,0.09322733286790645
480,189,0.08145019253336813
480,194,0.0921570181782196
480,210,0.07522972700600215
480,237,0.0705363533113154
480,243,0.07073904837432156
480,359,0.08237263460652249
480,370,0.0802798929315206
480,467,0.08183324800442356
480,514,0.08081408683899528
506,9,0.06620458713479248
506,140,0.06531942134423567
506,230,0.06666218378935274
506,266,0.06339520937582391
506,347,0.06193257233056635
506,429,0.06962017567048029
506,432,0.0680898756377139
506,451,0.06544387707311461
506,469,0.06685754809135452
506,500,0.06957486497763989
205,6,0.11943336736421667
205,7,0.11456379112206018
205,23,0.11078889730994375
205,26,0.1371059791448967
205,35,0.0972682885616712
205,45,0.13496924896477377
205,70,0.08189857990149343
205,79,0.13625623547392438
205,117,0.06175832862716071
205,127,0.10855720889042633
205,132,0.12996445982187116
205,139,0.14761706421023857
205,150,0.11976610655840117
205,152,0.08712302253129757
205,161,0.14551525853318503
205,173,0.1402473051936259
205,199,0.07469284221494941
205,213,0.13300890497194698
205,259,0.11280917080523979
205,277,0.13974878268104132
205,280,0.13563075726195584
205,281,0.0800030479863938
205,295,0.10199484388808892
205,300,0.1318484032247377
205,303,0.0878094948428643
205,321,0.12129396979768012
205,354,0.13995525032138223
205,442,0.13993534354858866
205,447,0.08712118301993717
205,449,0.11969618904468232
205,454,0.10777971055062632
205,470,0.11838420697680381
205,504,0.14868508997500232
247,110,0.11583950737876875
247,229,0.1293175374168072
247,240,0.1110451467731391
247,304,0.11662865028255542
247,315,0.12154442630717967
247,410,0.1138996498315942
247,428,0.11304329547240885
247,461,0.11216309111588847
247,479,0.11232372829625845
247,490,0.11093896756511039
286,31,0.07644538004831977
286,66,0.07981916266378028
286,157,0.07706539082661241
286,222,0.07866938434376
286,260,0.08458148407209112
286,305,0.0797562839798261
286,400,0.07715638481167629
286,406,0.08292113643786435
286,514,0.0854257505616826
286,527,0.07979453029785834
398,10,0.1303752825146767
398,16,0.1091295974701419
398,28,0.15163315314456668
398,87,0.14635392209275447
398,102,0.13177878663005446
398,104,0.1282185474946749
398,135,0.12185437840535682
398,160,0.14121108122383258
398,165,0.14077080308351095
398,197,0.14761376565969772
398,209,0.11371381315353384
398,244,0.16265495474155908
398,277,0.14918742526892928
398,297,0.11320640816793999
398,315,0.14238134821521484
398,319,0.13985909631379373
398,325,0.09713467963773076
398,354,0.13712665903901394
398,361,0.0748968669249048
398,385,0.14422697704738616
398,394,0.17356918465964993
398,402,0.10150350292617659
398,414,0.14735526332306922
398,428,0.16888237224733937
398,450,0.15327249493730125
398,456,0.15876499146928708
398,492,0.1361315691382286
398,505,0.14093579984540133
41,5,0.07122744814659736
41,13,0.08454219783439156
41,15,0.08435685347931161
41,25,0.08687547096705632
41,29,0.0847907916433217
41,33,0.07165795717039657
41,39,0.07869738450083626
41,43,0.0847542438159943
41,49,0.09431860799904769
41,68,0.0883125589335497
41,73,0.09082998409348171
41,81,0.08998020645107171
41,86,0.0943693345280395
41,101,0.08555821018750448
41,115,0.08757919896570833
41,138,0.09760571838014863
41,146,0.08465928714344995
41,155,0.09405159350432567
41,171,0.10306180521441631
41,175,0.0852735032432454
41,176,0.09533924933615293
41,179,0.09727963356100161
41,236,0.08975283978203186
41,239,0.0687281204416673
41,248,0.08666191493841235
41,279,0.08164639912188905
41,283,0.09055214031678145
41,335,0.085799978159988
41,347,0.0874312842746042
41,353,0.08645710106221656
41,356,0.07370104825568302
41,363,0.07921224567072103
41,370,0.09438647932107881
41,375,0.08545524299793962
41,379,0.0918032503731971
41,391,0.07988142218101126
41,397,0.09317253716582527
41,411,0.07990177239767564
41,416,0.07217694827855647
41,418,0.0856475618697901
41,424,0.11693861786193255
41,426,0.09102547326199843
41,427,0.09788794954562557
41,433,0.08067696159508714
41,435,0.07504541276425805
41,441,0.08967164970295749
41,444,0.09376833416177204
41,465,0.08552320311082935
41,466,0.09484319042653908
41,481,0.08907740401245322
41,482,0.0775844214459999
41,512,0.07830099484887888
41,516,0.10195452385569477
41,525,0.07467163521825022
41,532,0.06268011953687348
496,151,0.07581498926190414
496,183,0.11561457918603091
496,193,0.08461306166955554
496,213,0.07892072071863417
496,231,0.07917246918773446
496,307,0.08296158952514178
496,342,0.07236313218202453
496,374,0.08244009730697867
496,449,0.07721199502560368
496,522,0.09267263557108203
496,527,0.07842908013140382
503,3,0.09350925267780531
503,47,0.08842525184749118
503,109,0.0824208600704076
503,124,0.09646654757152076
503,125,0.10083554568341929
503,171,0.09047604033064192
503,179,0.09500327649583787
503,196,0.08858299275772173
503,274,0.09009614147152949
503,283,0.09333926677186846
503,284,0.0845974979419623
503,302,0.09464492520004741
503,339,0.10290488149361614
503,341,0.08939643616814687
503,363,0.08078296705427042
503,383,0.08065460112916446
503,422,0.07482415739643639
503,423,0.0815574149921565
503,433,0.08752856288451223
503,448,0.07413517100034417
503,495,0.08129800229791857
503,513,0.08232751560267064
62,20,0.07645866650165542
62,24,0.0763020371014554
62,46,0.07700600016194908
62,207,0.08301536435333212
62,289,0.0828543666165564
62,296,0.08998684455731573
62,302,0.0774821669429772
62,339,0.07877660828634259
62,347,0.07674527298087667
62,460,0.07549430826578675
82,26,0.0870125283855288
82,35,0.07990338244769667
82,195,0.08248608593069262
82,289,0.08299685227701231
82,402,0.08124436157102466
82,414,0.08309720107961688
82,473,0.08457514183402025
82,480,0.08173350379755329
82,492,0.08484025063652692
82,523,0.08120289128608915
142,67,0.09389035389644965
142,79,0.12803574273583945
142,151,0.12142533288943555
142,192,0.1619753214040846
142,198,0.14977857081307194
142,218,0.1169234209032094
142,225,0.1776877342323526
142,228,0.11085739433419503
142,254,0.08937320480434656
142,310,0.11523281007623616
142,340,0.112155212229084
142,362,0.08290940135686846
142,387,0.1779689990928472
142,410,0.12646216019066875
142,431,0.11943529477387828
142,453,0.12093693812808372
142,491,0.1409817919674184
142,497,0.13875408315136017
259,64,0.10931703774818494
259,79,0.12004433487054751
259,98,0.10474573418758465
259,132,0.11547239199263537
259,139,0.11993336268446148
259,173,0.11158569573727439
259,178,0.0647383785200685
259,205,0.11280917080523979
259,213,0.11780460527609724
259,251,0.10737723656968884
259,313,0.09369321820443907
259,321,0.12938314664399067
259,348,0.11602762593613886
259,374,0.11126496120773864
259,449,0.114694741831199
259,487,0.10523070074495644
259,498,0.10477529408427556
259,504,0.1164317449435304
259,507,0.09904032444441034
259,510,0.11075212093530337
288,8,0.14665463818327643
288,17,0.11352071138212237
288,22,0.1268132817224261
288,50,0.12413600238038854
288,55,0.1036310245523759
288,92,0.12940457860618038
288,99,0.13739322874484253
288,149,0.10523462791609992
288,158,0.14780582138547807
288,168,0.1346854017462671
288,197,0.13750609439813744
288,211,0.12166866250211336
288,245,0.1529075467345572
288,373,0.1084628606425327
288,382,0.1531130641547292
288,390,0.1347802232258908
288,428,0.1436955237221137
288,473,0.14825936251775035
288,529,0.1151690109566866
138,3,0.08810401747687976
138,38,0.08740661494907478
138,41,0.09760571838014863
138,72,0.07816740687634242
138,129,0.07091688640857045
138,146,0.08588104951506036
138,175,0.08689386163549731
138,252,0.06894705116481413
138,267,0.06685726882049957
138,283,0.08785221861116543
138,308,0.08327328892233246
138,339,0.08985675768587893
138,353,0.09270988007552941
138,375,0.09058684401283824
138,416,0.07429197715786784
138,460,0.0866121218750852
138,466,0.08626933969829942
138,508,0.0672748319059436
