cell,PC1,PC2,PC3,PC4,PC5,PC6,PC7,PC8,PC9,PC10,PC11,PC12,PC13,PC14,PC15,PC16,PC17,PC18,PC19,PC20,PC21,PC22,PC23,PC24,PC25,PC26,PC27,PC28,PC29,PC30,PC31,PC32,PC33,PC34,PC35,PC36,PC37,PC38,PC39,PC40,PC41,PC42,PC43,PC44,PC45,PC46,PC47,PC48,PC49,PC50
CCATAAGCAGGGAGAG-1,-3.056489884182585,-4.262293737237314,5.343535139998242,-2.5091941642640383,13.293286039931987,-8.2772430219702,-6.637769988130083,-3.0060499516787784,21.198693497861505,-39.497748480638656,13.643323292087533,14.115814046695908,-14.089475255794756,8.907388553482829,4.885106529522301,4.164654060101737,6.527831957173812,-1.606941665330898,-2.12303249389083,2.312740501021104,0.6688884379800495,-3.051099627050713,1.3356702811842085,0.8352227966863992,2.526216563626241,-1.0911175954856143,3.220481982532855,1.807935924235337,-1.2174265314283654,1.0909284055726127,0.16803328512713234,0.22106698283521267,3.3349665966603337,1.1164211108331052,-2.1870792570431914,-0.68983727589912,0.3742746369240671,-0.3753489668658105,-1.7488727520805594,-2.6265033346369338,0.6352097542041535,-0.21563896050424505,0.12009214429625491,-0.04358491054113648,1.0634856091121856,0.9790749691082711,-0.43672025224213007,1.267965717214245,-0.3357816227828899,-0.59548759744603
ACAAAGATCAACGAGG-1,-11.571138869434847,-1.6433712347423013,-3.3396375029117795,-5.970367747593031,-3.5715317474731094,-1.3326597100889466,3.584678222591059,-0.04829224262547963,-2.3556421085490786,-3.6808681897939257,4.665220509035691,-6.281115519061553,0.40754380616077274,0.32617126106099936,2.9312452460616027,-1.590020382063522,-0.3613187006048998,-0.5598798712472931,-1.1518041425072039,-1.2227200876096491,4.7111325622373315,-4.145416984956621,-2.29614751737088,1.2586039034857126,-0.12968063581953862,-0.5734190504169581,-0.389791419034797,-1.3696401999400574,-1.0576649387579844,-0.7892306257583553,2.793015645730887,1.532079739327215,1.3429765763054788,0.9974590667842564,1.867738514522081,0.8540428048036048,0.5640664676233554,-3.008696017168037,1.1528001310150648,-1.0863502403950904,-0.7127956488227887,-0.6998943212585664,-0.044587824889018836,-2.6557188773163687,2.359640672672108,1.036587834851952,3.1825436323294323,-0.983039805376882,3.38522728241162,-0.8325879562713003
TCAATTCCAAGAAACT-1,-9.40093997419393,-4.217802522424981,4.5540079456499125,0.776480868871715,3.4152690231802065,2.7036692897263084,1.6929387199599641,1.9891210587046857,1.3338597753545736,0.9987068929959969,-1.046155586079515,-2.4375539104587007,-0.8169052103665769,3.7374249985796557,4.157670223856861,2.2778347353041304,-0.06846026785948646,0.23266377714952832,1.4275216896998502,-0.8864730269004263,-1.4133514554712836,0.12590852215012932,-1.5600734940709027,-0.06308306118025192,-3.373755155618724,2.2548808534385465,1.0396969831242835,-1.2055320555307671,0.7480894170212857,-1.0326284617981694,2.855036583840726,2.3448954925107026,-1.371949219583756,-0.258717863618175,-0.216776414374242,0.03124036957526916,1.8134542889365382,-3.354458096869964,-0.4770130606405946,0.34662285998901227,2.3684226201850036,-0.6014195197163736,2.7546991580309093,-1.2770968162955134,1.3880803253703007,-3.812815441203784,-1.4675780844882682,2.218546443223137,2.1676397393671314,2.3824359042343
ATCCGTCGTCGACTTA-1,-13.474766177372237,-4.203621332774869,-9.981744751262022,14.008835741860796,-3.0083616792413173,-6.511190788087075,-1.8498346625390418,1.5227200060845196,1.9988568867572685,-1.4171040197708318,-3.564660091947254,2.43460638453417,1.2957976210391897,-0.6569451286214012,-2.4712024839307705,-2.0545478685521514,-1.13222312473125,1.550124981160486,-1.2872796163660618,2.1209571553419155,-0.3997239235883106,0.131167162355244,0.2672323790761699,-1.913287828213332,-0.7368773060510451,-2.7247600249487594,2.8438679351886154,-0.9693134614610607,-2.5312041310611604,4.178984640559755,0.780498785466947,-1.0171951101243792,-1.9332398305870928,3.2366740139525545,0.9069950066010795,2.628572311514643,1.6710720416332083,0.4697881955479889,2.8158541430851476,1.9176452509423432,3.094348997574327,0.1518842204210701,-0.5700042855535435,2.286841262718066,-1.0165897825800227,-1.4208374279439382,-1.838428878887528,0.10007993928742723,2.8452304686470624,1.5874080832819528
ATCATTCGTTCCATTT-1,-13.593555429112495,-4.253033894951931,2.6421638932531653,-1.2876180495330127,4.582733426127583,6.05612732905618,2.819134361235259,-1.0883953120097607,-0.3413366652611987,1.2036686736543323,5.502761830408295,-0.43279148985830174,3.2174047175056746,3.9120369032115456,-5.1293579605791795,-3.743330176851768,2.950088634388548,2.6334245082152843,1.4995365765034876,0.46893406208814636,4.106547467769419,-5.21451213071162,0.17617304951320298,5.327782116775519,1.0961603946161986,-1.1934023082336296,-0.012697846882286657,3.3525568410542177,1.328221957008384,-1.3601302882313149,-3.1054587070732667,-0.5075502378963681,-2.283125036516401,0.3585719097388042,0.4475702821257844,-1.4176934793257676,-1.6689064323940486,1.0734593762409463,0.7196726900314583,-2.426945046129893,-1.2375101321387083,-0.5574483319472088,1.0820397461197568,-2.7732240836224644,3.0600724274059123,1.6079624210727126,0.6857939799378129,-2.791731716034265,0.9869940232104053,-4.601958035059065
AGGAATAAGGACTTCT-1,4.822378449690823,-0.40873561106194073,-4.324926956369565,-6.253819137651562,3.4919527925389704,-0.7685232289607128,-0.4878425000178322,-6.9308689865652395,-1.2581801885955433,-1.522007638703165,-3.7080145772071895,-2.5254762614836785,-1.6510357874054316,1.9241722096537799,-1.9255526637021996,-0.975120068678578,-2.853757870591103,-0.36259219659182984,-3.130800476394959,-0.7510168596401116,-1.0821326939543299,0.051138379124101636,-0.6387721324640838,-3.418491251219996,0.6639899317094133,-1.661481858605583,-0.21960044481024074,0.2636112746468515,2.0406174480537675,-0.014660158217677098,-0.9929426470517508,-2.941313005579481,0.5974827713015738,-0.28078782097801436,-0.5313962259249035,1.9622729778259809,0.4277681937393906,-0.2656978998879159,3.9054684905373365,1.9882128104293337,0.2385721121594879,0.6426637746675751,-1.7456013639134178,-2.3329271005622623,-0.9736547675486497,-3.312435643195729,0.2686313527484105,-0.7092365050161978,-4.421935405972096,-2.628426291745864
TTCATGTAGATGTTCC-1,1.220104876925431,-0.7452848931585704,-2.3648149908963387,-5.142631224376956,3.4591886998417016,-1.2060037771223686,1.8621780923937983,-4.232160333428763,-2.561253755193301,2.761083348776431,-0.4312209172119187,6.710384897850923,-3.223414338595125,5.637586933024125,-2.0571320959857675,0.713859279699137,-1.1746306242745554,5.382894130607546,2.0165702313913707,5.413784676104489,2.9331810948922348,5.653955102919889,-0.8245539347189329,-1.319991417127961,-2.7534794768979545,7.230487677925871,-0.8973220558881411,-0.712622078155499,2.9128871451212803,-2.264309860717612,-1.7791143684213413,-7.79527838255689,-0.43232513611345225,2.569025707700237,-1.597948333164296,-0.44518219172786805,-3.401929928371338,-0.4479005547298424,-2.7946923802789514,-1.6379136752815742,1.5794711983847245,-3.2433012914357233,3.5112500479080997,-2.0878240264958374,-3.674967123120958,0.814373303817372,2.5699419238563412,-2.623415868252595,4.465977522269128,4.302650616252771
TTGTTGTCACAAGCTT-1,17.161439822460203,-9.651902614236231,0.005164150447432255,1.8100391771526518,1.2139164803896754,-0.36303818195715426,4.037024508250582,-0.30396662629993204,0.48075431840096416,0.509442776123535,1.7808414065627092,-1.3882526927590595,1.6804508391494823,-0.7433294576800985,0.4339441016209008,0.3279645296513928,1.2453917506347159,1.3095577502116997,0.02051629361833736,1.3071012703936606,-0.2604195453862987,0.809731850968641,-1.1189804556421052,-0.9338596909095737,-0.36044935257923827,0.09977072895458974,2.212122430570195,-1.7705986415254344,0.41744970952631594,-0.5513023071756415,0.942061744135839,0.2880771591248743,0.4989257153914704,-1.5654163418549192,-1.1115611246176393,-2.909290964431063,2.1079660988160724,1.1943965959959055,-0.7269604653650291,-0.7151724338630921,0.17523452988849988,-0.4804513144710503,-0.4852291572117886,-0.00811104405748816,0.35052243642646674,0.38363834487916865,1.3862744661471924,-1.9017511326670569,-0.6146258776414157,-0.7758585326602516
AGGCTGCCAGACTGCC-1,-13.862326811796505,-4.470822781445529,-8.07838758458897,15.89782321818117,2.067929544163043,-9.94422115016399,-1.8277960023842743,-3.8082614990157544,3.4370708087135573,0.45522729605084133,0.24777538510082367,-4.6529303617833575,-1.8305483434921248,-4.360033540581874,-4.819166243446405,5.251058942086736,0.12604901078958905,5.15662557000795,1.4679910843095056,0.2699103921063815,-3.3699261773899862,0.6360481687685123,0.4690442163900854,-0.7968624792821748,-3.869514798887586,-0.5624285623441009,-0.026804961078765465,-1.6453642717567847,-5.5378633243256035,-1.1251668722208177,0.09312549020289108,1.0690752309104972,-2.14338877478298,1.3712880562021827,0.6790047566684672,-6.350331763626006,1.3448965038366854,-2.0221606332414788,0.9039011549111154,0.6699656392486983,-4.550710873548023,-2.499617508043861,0.8158218131314408,3.811379007506012,0.8094777473186151,2.5582906185169154,-0.08484934193872443,2.0008986019580997,-3.0283209060876146,-0.05323561370767283
CTGAGCGTCAGTGTCA-1,9.545075519731684,-6.021893648571009,0.9645998071313738,0.9397586623269896,-0.026769966279933582,-0.5709756645257921,3.44155336631391,-1.1402644079083777,-0.6817375234176615,0.5078217437733384,0.48458869435389124,-0.6490413947695343,-0.8441398344622989,-1.0258085341906593,1.3238186763418678,0.4914486606907915,-1.9720549056330439,-0.8514201094821691,-0.8132582409737937,-0.46578290138079625,-1.3993405133075987,-1.1919947068098165,-0.3826459831144315,1.0833749288060006,-0.5431042285693539,0.4253913304848294,0.03611840509227311,-1.4903060110325324,1.6086341138118243,0.9020568199532245,1.4434478679701794,0.4018545792254152,-0.5745819607358311,0.2896424075071498,-0.857032600203488,1.2685482862930082,-2.8029208101330916,0.3955182973905147,1.1588222260849395,1.2036132194626323,1.2793112229600665,-1.5451999282665023,0.16280417561661192,-1.173547095265062,-0.3143047962478896,0.541937742823119,0.5336691361584892,-2.0303498408264615,-1.8958585565897295,0.8510288111132823
TCATGAGAGTTGAAGT-1,11.47884026339043,-3.8325394027825457,-5.727208504411835,-3.575914173545962,0.04390479617833979,1.671016995420982,-5.284784806240583,0.3340740579054199,1.7996797453370075,2.01582788668089,1.1754027006092336,-1.9728922489007845,-0.9741838828504408,0.9413705193785629,-0.6778246680232578,1.0879325002427171,-1.2658309379554922,-1.5184369130746747,0.9982757497388105,-0.6963234192046546,1.642903396843396,-1.640485021993502,0.48541469643383744,1.6805957091834793,1.4768222017080057,-0.5071411465149089,0.8790359339582698,-1.125838660699971,-0.3112385774187556,-1.5969751518186786,3.147439141289338,-0.4132487282920612,3.5807725855130736,-1.3345357323787146,-2.7374189310172934,-1.637006267910691,2.9071438850359677,-0.4981351231890503,1.7526645882406082,-2.40292456002434,0.9057707331164853,0.9779463902311286,6.179105088360206,-1.6538982045825734,-1.6351856758728898,-1.971585560249863,0.0041911599449937584,-2.046389407574538,0.7540845232412591,1.8306064416114411
ATCACAGGTCTCACAA-1,-8.366486516544974,0.934657600478491,-10.799089391087977,-9.703047547806463,-0.3490707039136674,-1.3875334488272388,6.058859351454327,-1.9774877191446412,-7.143241364534861,-1.1820146436410202,8.017074075249635,-4.410872777062747,-3.1964967624938763,-1.595466131869171,0.9089115936769255,1.297172139084464,-2.775219216331188,0.31644283499419684,0.2527914449970191,-2.5570885161403263,-0.42161681450786104,0.8267567818394894,-1.2259239211599895,-0.09714660006492393,1.3738956370861615,1.0001497556507164,-0.21858420390538413,-1.1992055159614223,0.16846269346430146,0.04740343642952891,0.027860932247575326,2.7039134719690527,-1.5156847924242178,-1.668646721785441,1.6210546446773435,1.437961209354687,0.630600717515847,-2.5730126472906663,-1.825343644433888,-0.19311673515183111,3.907276800488066,-0.11017242658294273,-0.13711785669236187,-0.8142029767978218,0.11970731288871823,-0.8520575035355363,-0.08024386772562091,-3.448545185308088,0.48262972261735076,0.52884885991588
CCTCTAGAGGCATCTT-1,-9.403460717204478,-4.338834400221979,4.9141438149281065,-5.058660324381573,8.525952227868986,2.3522222134268755,0.7907145651927987,-2.555186824890278,1.4930436116414145,4.786947859916616,-3.5349444123199545,0.5285701691153565,-0.7107158685727967,1.167602938664251,-0.44175636004737096,1.6343570932358633,0.6699127982914761,4.206418383584696,-1.6704673491407522,5.60162059396209,3.627698561285837,3.7486055858774194,-1.3461808251579235,2.0107289988417487,6.155319891345858,0.18888753027552754,1.336152648662517,3.2127819564323823,3.5623202084993686,2.1572048297632005,0.9753166563392354,2.2476864299317225,1.526557714427799,-1.2416926912918622,-0.8438907995861366,-0.46076932895518075,-0.002757034896935121,-1.3890881715289913,0.5446115415357523,-2.133564149517143,-0.439231910464429,-1.357422503198978,-2.1048982141345385,0.5818449308936872,0.5119928867670391,0.23505882410738713,-3.3764764562079077,0.1282453964494966,-2.405059518417157,2.6720977304735074
CGGACACTCGGCAGTC-1,11.383053265618841,28.078831989839802,8.42712738346097,6.296201076896572,-5.904200758954921,1.0169673725502366,1.232340657048798,-0.559133441306783,-4.465260359763238,0.3277504339925082,0.9966570891031076,2.544072592551447,-1.5901599264889226,-0.573589832916408,0.9641293961733853,0.2117107611322714,1.0306504454801073,0.7769759956517603,-0.7502872997442068,0.3228064851631197,0.3970154263324908,-0.9483041745940587,-0.927160533893053,-0.5288402184503842,2.186157699145257,0.08897647200194542,-0.4083440446006117,0.6784413858513145,-0.08209641928883755,0.4099033840287826,0.678666033040966,-0.9092783547332551,-0.32263581597298,0.1386592668504511,0.3725090481769154,0.583401054908576,1.6867636687443137,0.7352923887598984,1.1700020148663899,-0.656935554123542,0.21654923276921265,-0.30781829242274217,-1.175410529179293,0.2791583348835354,-1.1968092925741993,0.4746842619111284,0.12922614736355909,0.19102330984270327,0.52608621490841,0.5113987355474345
GTCATTTGTCTTCGAA-1,-7.995472453965251,-2.955262844871503,0.276035123143876,-3.6356822388106202,-5.786948435893341,-0.5545997704854853,2.3884537404262045,1.5865578991601648,-0.4182668211805248,-3.301816767245619,0.4888999655388675,-1.294619943729794,2.0410126878314494,-1.124554305278363,-0.08531600648937998,-3.3346875228639514,-0.9773729334972004,0.7147967761873281,-0.5790708840066445,2.3058259826453003,-0.6633911714359798,-0.29230146207587526,1.5197457917009323,0.243978819554611,-0.19475525221897108,-0.7272163559812034,-0.9637510440159041,-1.884204312733453,1.4998656598473765,-1.464463106043739,-3.014006349886484,-1.7812510023989871,-0.19968517481227072,-0.20920215888060575,-0.20571805871822793,-1.3589509607077548,-1.449750645721377,4.578377153691653,1.0657449347270498,-1.7025701893311822,1.7975487601097968,-1.1208393712472848,-2.704671404771068,1.0369701639846645,2.9201715012568,0.7229136885656896,-0.520656104690762,-0.7870675506814674,2.6385556842569002,-2.3006129585139288
TGGAGAGCACTGCGTG-1,3.911390155303089,-0.7112825356397432,-5.890112260994855,-4.878523322937028,4.725800474193269,0.25891872399012905,-8.187380555587044,-2.8652467097343983,-6.65773609085865,0.08984210491070568,-0.4388096571233598,2.9047965643367353,-0.058766095530804835,5.637597541769476,-7.449417217032588,2.572206658567608,-3.595959288950719,-3.688730065486935,5.995567096148616,2.4757979052392183,-1.3170359122918944,1.521332737339095,1.4888328246403282,4.744632281015104,3.115042186478086,2.6943959492141065,1.1614535979913838,-5.630573859826337,2.841570164718209,-7.218884783480966,-0.4623786590854738,-2.448794774461915,-4.758547134459448,-1.1452233828033054,-0.14452078682813885,0.9023064435804773,-3.3415144141685227,0.05833413237100846,-5.21139688123359,2.3067518973485854,2.5097397865701616,-0.8215390781624082,-2.400987438309773,0.0033938021529189987,0.6026694785296165,2.1577417982182623,1.2233594849111284,0.7720397782500925,-1.9690295019934865,-2.2241950795346304
ATTCCCGCACCGTGGT-1,16.77689668894356,-9.776395787308614,-0.16715069173619965,-0.700514237387784,-0.3245236743742669,-0.9217279352282999,3.3200148969450627,-0.47467476793919616,2.5756915472602384,-2.203604036179843,-0.108853265680543,1.5455866020950444,0.9052524889273514,-1.0460442727738126,2.064638544752362,1.1020100080133375,2.5989094312300294,1.1363143675815937,-0.510016013717066,3.6456311293173065,-0.7831165830275083,-1.3212947659996925,-2.479997533015676,-0.4424731278494687,0.4998143710288639,-6.240794666304191,1.234854164149968,0.0012530694836438226,-2.7117257728321658,-0.21082093362492085,-2.2016086161015114,-0.05011342346763166,0.06534961519125261,-2.1576510892641267,-1.6881926817726476,-2.074411950806827,-4.565042846669212,-1.554452822502314,2.4715801726813234,1.3790063262340293,0.4752130919522434,3.469184067103046,-2.1768749844674042,3.094744419846779,0.5750994881334555,-3.1808901474719233,-0.1543271838101562,2.857552572832648,2.9054108714580344,1.3055636352160596
ATTGGGTCAATTGCAC-1,-5.192367630710141,-5.0096386466102745,3.932255390594314,-2.0722041478898783,-2.8561857805866087,-0.9467763687803172,-4.231793353471331,2.402074198779322,6.6373065074481,1.8797253844247503,5.510645602134562,2.709108054726283,-0.06390616814854296,0.9982268818613371,0.8212106463492761,-4.819219708615123,-3.3162695033023395,-2.9408114644216394,0.438145045845982,5.665625942726269,-0.9164268182969334,-4.326299776538392,-1.09766730251674,1.198166174861416,-0.4785620890369466,0.11985976641409953,-4.462061766122105,0.31121073766586366,1.278035667500611,-1.671099613404083,0.21734391218064633,-2.574379184762598,1.5303686590564032,-1.5103261203175644,-1.4682215330850428,-0.7678514038950406,2.299861633632714,0.6950600295289726,0.6413546251173262,0.5255446384897597,2.1804000588197456,-2.096937105678748,3.777971484567148,-4.068343117569303,-2.0507734443644114,3.7189789225798835,0.42601411639129116,-0.881325390196954,-1.0252694346990605,-0.6635971847810598
TGGTTAGAGTCCCAAT-1,16.897987046016148,-9.103087684583722,0.09132958691408007,0.8096091821496454,-0.28864167160379256,-0.1829591984128744,2.356546838697971,-1.7638447461134665,-3.4707866772993103,-0.1691774043105407,-3.335175331254475,-0.01631150194005475,-2.629053258038673,2.644891928662082,0.19726922933293412,-1.3136445271929644,-1.163138077410872,-0.5466393173962234,0.309525019872528,0.4467301188700914,-0.01814274891212223,-0.9336728783655883,0.27274995180576345,-0.5262034212255116,-1.1019739099809815,-0.20163531072610807,-0.2982013951066967,1.6739117842235867,2.0630933538902863,-0.26152272379141656,1.973418277107749,0.4246801835685633,0.2062821191309962,-0.03272065745667349,-0.2722561650096906,-0.7039143054190848,-1.1291976289646162,-0.2471068966006994,0.30535990842671507,1.2584069716706174,-0.9532111719743,-0.28131403085702794,0.9100398751972392,-1.1176224583754106,1.026666922241354,-1.583926167931027,-0.14705744789188097,0.41797750008741985,-2.2245161532633397,0.30715372997493945
TTAGGCATCATTGCGA-1,-11.224496522987788,-7.335119529495118,8.079888951482218,-5.3170559562387805,-5.58341864094788,-4.05411291365678,-3.8660711254618403,2.7018582928138306,0.5036069763525111,-1.1608055903484884,-1.1483307617256064,-1.8952148535860434,-4.775649352425492,-2.0134923100950397,-1.6604264461945377,-1.9792912838549168,-3.772270027838912,-4.279114332362066,-1.0315662634471343,2.4872042791657107,2.584094194582918,1.8513577662932774,-0.8278496053758231,-3.5054937668629065,-1.5860706431299287,-2.262567454324802,-0.20670030082768082,-0.30416117596057934,-3.43342288157224,-1.5802458935908212,0.5162056367732127,-0.8053626684165424,1.6167639872551431,-0.6405512451738464,3.19552091633016,-0.6158051263722526,1.6047611521633,0.058327663550833075,-0.21201960386315344,-0.3386986776812736,-3.7292581824605837,-1.5913733314155871,-1.1254045298148605,2.3698724795432344,-0.11350537366082881,0.1364756142112871,-1.0662604737686157,-1.0500188350793778,0.12922818750786028,-0.9502994138241609
CTGGCAGCAATCGCGC-1,14.201585967306356,-9.197914723213328,-1.3626273824356467,-0.778284884210439,-4.526873829022715,2.9052939401896984,0.7819960878984352,0.481927614654259,1.5428388067905627,0.18559013521157378,-0.6030792268573851,1.538860266659534,-1.3719493340902111,-0.5347281910975512,0.6417816247520088,-0.08186912160660939,-1.2237120540543862,-0.6172306053388005,0.5576705065921674,0.42589832513224546,0.34437908274762746,0.10315182721856207,0.16214083931369627,-0.6457076466949963,-1.7851701481143172,-2.3498079002562355,-0.45160049351504244,0.9082856066366172,0.7971306033245426,-1.644524754421405,-1.0631458494946222,0.5362879757729082,-3.0695334000410903,-3.343686229205379,0.8346539704138171,2.8608596237639694,-1.3844774259614736,-0.7506879724026069,-0.3577030906181651,-2.5029368109694654,-1.428106893572532,0.17023152664004892,1.0139346117647898,-0.9071010326317627,-0.786965912204656,0.38700643671496066,-0.6514235335226681,-0.473615262398999,-1.646503243565623,-0.27782907383547595
GGAGAACGTACCCAGC-1,17.97440922317353,-8.617930927750514,-2.647925552142743,-1.0557372626096322,0.2812979127299478,0.8257100643025491,-4.943353443456502,-0.39052282378049064,3.964131549803477,-2.2887094028097517,5.470535211741598,-0.5186126726289502,1.9237494750868804,-0.05217463963269882,0.5010491274529756,0.2145332323384593,1.6657802789184128,-0.11058017037998287,-2.4728611620686216,-1.1137485124490722,-0.07494927808027262,0.34927927694072874,0.2242999871655528,-2.5163855681175704,2.973544771442973,0.7186072111590568,-1.1863332532450868,0.3711049487272974,-0.0829424341851493,0.991722483135219,2.1710986559610133,0.5817938436181541,0.35094151022765774,3.396188705066054,-0.7869286043367643,-2.8492616553748356,0.14984014154939093,-0.5834982468670755,0.6893112931304836,-0.14014020460895582,1.450617854775463,1.5812111451908877,-3.270512586642902,-5.950307111130521,-3.2179823367904508,0.870600200816452,-0.013523924641953136,2.7100624128438953,3.6854499860042895,-1.8873275988984877
TTATTGCAGGCTCACC-1,6.088264231915319,-8.577999913254878,0.8709920266497473,-3.59016866758427,-4.6883443786126575,-0.6781026160374594,3.333760184293132,-0.6608052234209458,-0.01639630633244502,-1.0891452917519244,-3.1863575176272603,0.6672136030157884,0.3162712437597419,-0.09267156259761342,-0.2743527550880297,0.5473753536839552,0.23687031092234062,-0.22861020888593053,-0.23473071455273561,0.4584546532671773,1.560415710885934,1.3004556028329537,-1.9501804625500687,0.14810080716837548,1.4668206728627133,0.6018789071035179,1.5391101611325277,-1.0941121757346886,-1.8177025193938974,-0.4708507099960038,1.185154875446943,-1.1961232749643347,-2.182365058876985,-0.576546779382828,2.1934839692925765,1.3903103318022978,3.1188321695222783,-2.1013267445410504,-0.07950028097343297,1.2422687309770533,1.3416281961674692,2.652489083139779,-0.7217594199977185,-0.2659463533013913,-0.6786348321984621,0.8895205690227652,-2.321939994233743,2.0677501942267154,-0.688801622202383,-1.199929681456215
AGACCATGTCACTCGG-1,-10.022743174527855,-4.384691567519513,3.9677212518114024,-4.629783352307858,-3.2409403476067533,-5.602227131772494,-0.2124930287941232,1.6491421381726141,0.8284946853276477,1.1647924042875188,-0.7902828082702178,2.5427010206289413,1.9866727314771473,-2.2004712367613193,-3.4906262829424852,-0.10141607986237673,0.42654753254385924,-0.26581958838909187,-0.5088677318485599,-2.754840851262865,-1.0100472537500504,-2.9139565236475287,1.333854241323295,0.3577029678968565,0.7840949346097106,0.6354651457301357,0.9407424215827639,0.9992472148580159,-2.3145431584314307,3.3115807298216184,0.6392095665089164,-0.6800019497321328,-2.335823862156113,0.2977483062841632,-1.2964711538670926,0.30683506203014177,3.550772589248946,0.8478519144939761,0.1004739735112607,-1.86379563142652,-1.3153517877405678,-0.33576113667296315,0.6597165743692799,-1.8372117688513128,1.1673907727303425,0.7067962098316253,0.803286134546237,4.023993971843175,2.2829710534902037,1.390312338864283
GTAGGTTGTAATGATG-1,-8.953764245705758,-3.641325363458352,1.7454433049743572,1.866044813479769,4.203525861238795,9.488160159679849,0.9628072274858752,1.5243782636308347,0.7375180893627106,-1.7665520300415056,-2.5706747394039358,2.4555016527697244,1.1030910199393222,-1.4250690642751909,1.0097747003070832,-0.6614800967716344,0.5731239670875886,-2.055398142308035,-2.9900862616385973,-3.240812117196434,0.9730509202369039,4.704131849622543,-1.078073639676348,0.5108916607505748,-3.8809721266646435,-0.23674655290637656,-0.7397105085431992,-1.3882256088354306,1.4260116050174574,-0.4422172225156004,-2.9483373627155247,0.6023759055295511,3.2970449785257263,4.571667870579817,1.9079880511374814,-0.5826309196545443,4.090157484681626,1.0221510154972648,1.8313992361823033,0.01782895532460218,-1.2862625096651477,1.1355205220487499,2.894683282781853,-0.29228853396600746,0.764054458450827,0.5386853278354234,4.04019023263789,0.7946511423407021,0.29806073916796744,2.8650055525770983
CTAAGTGGTCAACACT-1,2.4244528641552545,-2.4271741502389146,-1.2713161084006528,-1.7764761349034917,-1.8625202784785677,0.07456173061268127,-0.26629725426390494,-1.6523463688686795,-0.46718807125859024,-0.8660705602693388,0.12503372581171335,0.8988590570464391,3.112733416813484,0.222311066080902,1.6020869899159647,1.3193688706603646,1.2301844802696997,-0.42595679206944237,-0.8078900732276664,-0.35791934894794347,0.13010205727134938,-1.159434757011162,-0.5312876164857631,-0.07106617914484853,0.06858340720067824,-0.7523332773021804,-0.6361264598154748,-0.47700890432728765,0.22124906763160845,0.527054940630007,-0.23494134939059821,-0.7537745076319724,2.9540772692995976,0.5624500037867131,-1.7631047574798433,2.5009489291027585,0.17400823857905928,-0.1267264870507356,0.4315633392833098,1.2654526743025198,1.2934407388053082,2.6468289980272504,3.6448960201025233,-1.064242088651567,0.504215999371067,-0.4901817349903181,-0.19962416373889427,2.6276915818665985,-0.597781908468187,-1.9546181096760205
GAACACTTCGGACCAC-1,-11.673165178687519,0.5449030801116608,-22.73162295029924,8.088145558562907,-5.195870048011551,-4.685505549065692,1.1007296930194619,3.0414925521598635,0.8670388292611714,-0.027374440588082576,-2.9760322979053213,1.1951748892510035,0.39063106519904256,-2.1251433755182463,-1.382454412400276,1.5331785748265803,-1.0315583134943924,3.6614796058418175,-0.3795672015864178,-1.353406458535904,-0.2641206412818912,-2.3951019018555315,-1.8850102751197484,2.1625878979080473,1.6983167091327835,2.4317708060501277,-0.1809626016083538,4.2740289252217325,-0.8723499193441419,-2.70433043629247,3.0302771086714038,-0.09444251239601743,2.456176953498263,2.010773930269757,-1.2171424773873056,-4.8851410513376985,2.067271020288948,-2.073149145524756,-2.5271992806919825,-0.7650275315014317,-0.8897396902224596,-3.504482397009928,-0.3756780076850715,-1.2607422184230135,0.6397002564342946,-0.46406440424495476,-0.3051639874357653,1.268044452006861,-3.1176388645606776,1.820393482829016
CGAATTGGTACCTAAC-1,12.214981549741752,-7.517943073068349,0.24761070892118292,0.75243354216378,1.9351674808364114,-2.268957635277718,-2.8124711392881028,-1.788225663356721,1.3067263239041684,1.184650362356413,1.4887253034308403,0.3951928038471999,6.026847254645646,-0.3336008991005478,-1.4549792004560127,-0.29684148905752733,-1.5125195857452285,-0.2067062292866883,2.006619052612706,0.931060495272542,0.880871596420458,-1.5484362201150785,0.03405931149362296,1.1399508264402443,1.5924923314402546,3.7878728703866886,0.4925332908472325,-0.9689277081682145,-0.42303475849208716,4.063277548175357,-0.49311464818529155,0.9277682094427132,2.6180384582937584,2.154253419163591,0.4346811697410226,-2.507449681056636,-0.3498744523834941,-1.6325758833428041,0.24720397299873761,-0.8717127590572401,0.9132412391400899,0.6374425802489302,-0.22388288271654253,0.14320247264843183,3.6754606863979866,0.24331360184926992,-0.7347452368464467,-1.4842754369502913,2.229982687399361,-1.6163303708948624
CGGTCAGAGTCAAGCG-1,-10.372579335304412,-3.011614907186258,-1.7086210848231922,-2.9147915303175744,-0.48890281054836454,-0.6280404300790065,0.6058728537097589,1.224333118125176,-2.964118148942831,0.4073439003246443,4.947410327220403,-6.652677753001281,-1.5490694953338693,1.6136935663370335,1.8232739808434093,1.474492140119087,3.3763838544259777,-0.7174358467047285,2.7201443774408243,-1.9493867510339364,-1.6079572027352182,1.493440401012103,-1.8762496724703044,-3.283204595739834,-1.5428730549083043,2.252587482090651,1.209048601412501,1.166100229082511,0.025508364553814878,-0.4797201640525979,0.9302219039611409,0.7646792881353054,-2.1497175089703626,-2.9393562957407395,0.184017715328206,-1.8699451068364379,-1.1689951896736113,0.5563813069124282,0.18437638479102234,0.8334391418347636,-5.1914023616077065,-1.3888123247822604,-0.4596503245420334,3.562173720095962,1.6094738482100504,1.8507113030963933,1.4592980626967238,1.3642891713135918,-1.2051998971300417,3.116199300400919
TATCTGTTCCTGGGAC-1,-3.2806729771390453,-1.3752516838333217,0.6058156839267113,-1.7854309042646392,1.8066847271123676,1.713564635561942,-3.0832589361217986,-2.601359054414855,-3.3210960022377614,1.030010684336805,-2.835765477165777,-1.0285532476868726,-1.2810396662775512,0.22879585450889975,1.9997012240975776,3.386483599453191,0.9937608999921408,-1.496642460211107,-0.13775632706490476,2.3803995145555095,2.5005833380069507,1.80526095734627,2.0069563813152747,2.266058895522785,-1.6005485470059715,-2.889184292144952,1.1098629229801202,-0.8481249299208145,-0.4378441347042405,0.4445184285043451,1.1724357670505445,1.5949127660439073,0.7399174967514297,2.6049299505192933,-0.02332091119713436,0.6763979889722062,2.6504079405331185,-1.905308672177399,0.5263871121922422,0.32657046728093053,1.138719909620399,-0.6615974700859236,-1.0491140082837358,-1.0246311197971187,1.4009826449484433,-0.14684607260280247,3.5901810836715873,-1.9926449758062823,-0.3878002728465073,0.6838027057081304
GCTACAACAAGAGATT-1,-12.033663626730474,2.44514641035217,-22.50836823124864,4.173071596348144,-1.8585018766767378,-9.162211091536468,4.472994989767788,0.6463570003096842,-0.5115206492372705,3.6318853756234573,3.0745808922244717,5.038662092228257,1.7731900852053508,0.9504501762482966,0.03558164201993397,-0.392694694696606,-1.524038049431883,0.1386149023724341,-0.7596756791764745,2.7954347357662916,0.762823360039989,-2.708096199777991,-0.6483307929572255,0.7804997420307276,1.6787486754352152,0.26185359671133307,1.8161981257066828,0.4713003147280045,-1.5514239082745358,1.3058240707408093,0.5672947637486832,-2.5690024483553606,-0.8140802171787647,0.4036228801959682,-0.03146648258280744,2.4959881034941205,0.7079452576975646,2.871912876798404,-0.7418395734695337,0.7414267596334659,-1.158177132751181,0.6713039270928794,-3.261918565674945,0.27537279440650364,1.0338249556043542,1.945198605500412,-2.1104022279013184,2.362574368336598,-0.030236158555634718,3.339147637564713
AGCGCTGGTGCATCTA-1,-7.46211204750739,-2.3562797946162926,-0.19598627569176963,-3.580524210314719,-1.1535799433639262,4.185607657565363,0.70993721645257,2.9702533316491135,-1.6328432368993913,-3.066118844859622,-5.472197486933082,2.676689103732782,-0.0820904342367387,0.026533955312618936,0.1318337515334624,-0.14593963674388372,-2.955002326197174,-1.4782364586615429,-0.8762171490696342,0.7137499120078504,-1.1579984903659302,-2.0945370056052797,2.079236667239551,-2.854524657129493,-2.237049702454326,2.471050520707896,1.4712412370957986,-0.6564660978713149,-1.142604840856144,1.5370776782639322,-1.1481563711173357,-1.5613537596448652,0.4235737940430492,-0.31456451734920265,0.6406834758871894,-1.0803597935949047,-3.3278181434389067,0.45627865159395925,4.688388598979609,-2.6279135061163728,0.247698456439674,-1.1714135173020452,1.1624466466970111,2.520288586498318,0.6932958515494175,-0.6960117846943685,-2.630548067134095,-1.1273607420561593,1.2289856245778041,-0.5597734342784879
GCCAACGTCGCGTGCA-1,-8.704563989456794,-3.0086259257491257,3.2297696557214026,-1.6156077765040568,0.5638315554789729,-0.9172676160136037,-0.392253965173231,5.588843632932698,0.3732276349116586,-0.14853623055039966,-0.9254279633187807,-4.202027409066807,0.48015041894564026,-0.7502938308295916,1.154909799312828,-1.1410459519262928,-0.7020431266192378,-0.6561473814314638,-7.789486145430858,1.8963328426506176,1.7145096572062286,0.08481704728619358,0.09672976338923463,2.1189859088236083,2.0168987096493325,-2.712733568130363,0.5090605315967419,-2.0226639948618583,-3.7527093128064197,0.8634765863031435,-1.3356744611686362,-1.5357586615125527,-1.7069134620428692,2.238552296497006,-0.8480076102863807,1.7414073857864685,-1.613498938139404,-1.1887666516613176,2.3322212885346945,1.0988223996156086,0.5994258790292338,-3.1603950029457217,-0.26600303836317957,-3.2610917412572933,-2.2579891130587053,0.6407985924250293,4.670977864188647,2.7298554512769746,-3.5156473349475776,-2.4603671237603595
TCTCTGGAGGAGAGTA-1,15.239128283119708,-10.054606483399684,1.0997975891445682,0.9917329123020272,-0.027452305090588935,-0.047065302400182446,1.395117475917943,-0.12597365470861235,2.4122685956952123,0.45626557510810656,2.095390668957745,0.3370192030340808,2.169422305269744,-1.8634875991674966,3.0371641114462435,0.19597890090333836,0.43005160704382633,0.6163989918865987,-0.8284220222906674,0.24325449667425159,1.871137398604387,0.8103599194721111,-0.581797835615553,-0.85561445713703,-1.6358727557476234,1.7673406707968407,-0.7758017596411064,-0.14670763204426876,0.8964852687428136,0.4150379830898381,-1.228599249673384,-0.33452297993667396,-2.3323802298265375,0.7512611153975617,1.0514367573141175,0.04639913078184837,-0.9155919375594608,0.2963507819328475,0.332193798409056,0.6060574350106388,0.08528625418098909,-0.9485843133456737,-1.188060162755452,2.4734429240156306,0.2646872921332177,-0.05944965653179725,1.3636257674769725,0.8392522152737067,-0.13771277159695744,-2.326763047056905
CACGGGTGTGGCTACC-1,3.9842626487966575,-7.392350687056187,-0.527769175905891,-4.947124452851336,-2.8855371866713018,-2.4215301307048764,-2.980026860499481,-1.438068907278006,-2.021378180583752,-1.2071586425935739,0.025772280738919653,-1.3016800723434494,2.124015082884994,0.09294413087151525,0.32940269509399367,0.2295174922441756,-2.561612819169848,-0.5212248570339405,-1.9517984247197933,-1.919655481507093,1.295293032532117,0.8436639057747273,4.142316069740829,-1.4251146657763862,0.834648414309391,1.988836050264318,0.5554551054732241,0.9559077228905891,0.41505567389529546,0.40438023292893505,-1.375731520226691,1.3487752041116454,1.313087354240452,0.31136186603250743,0.8127730558840341,0.16091305357727081,0.5163974380655837,1.9110216182629989,0.02883158276433354,0.9210100303861891,5.232146988381414,-0.7797543342560147,1.5844432894207428,-0.5425179433819733,0.37886723065161465,0.03854732673450231,-2.228026454869175,0.8217483654916053,1.303090505587808,-1.3089304082666693
GTTCATTCAGACCCGT-1,-6.943379808173774,-5.143331027844159,8.882204024258607,-3.853403218755407,2.209437258840992,-6.592547518892259,-1.4596251707540344,-0.8873687848558605,2.7424525475906267,2.452174561402416,0.013893970554792438,0.9497822831384408,-0.3536159852035182,2.7135133836249805,-1.1068641632154335,-0.19536904379708261,1.4422578370460362,3.3978655489601866,4.09416822610389,-7.164755493387025,-0.25200277252195985,-5.304456650982619,-1.4790923408614944,-5.041433915868736,-0.5195456835936229,0.0008432334885362727,3.793461864136478,2.98742848825263,3.044260240987352,-2.144395332274718,-1.36517994733022,-4.577843553809242,4.2154253109784054,-2.711796603185446,-2.3638483224251057,2.6596168677004894,0.6285072312936066,2.1192167433120503,0.7239852054204147,2.9325327449911875,0.8245307589815777,7.2078165408907715,1.3020763840108698,-3.293736477566015,4.237269955086714,0.23963761137171125,0.8282097516923206,0.4279143217687676,-1.1285896673952578,0.9742312192275595
GCCCGAACAAGAGTGC-1,-7.351726605828949,-3.481867316841809,2.4734954429895595,1.047967179822276,9.751935743481098,10.535539627481379,0.1957945079490393,-0.5711893127512141,-0.041646538241180905,-0.5609314441859945,-4.278949681341196,-0.08796156302293998,-1.417921086695641,0.7188667648625963,3.227894166393063,-1.4425090930139537,-6.7764776729103176,3.5358147432401954,-0.037669190019509254,1.8960408000650122,-2.939933715920109,-1.5161239786374647,-0.9480781392062303,0.9729663457527848,3.269930223625706,0.8283786919881282,-2.11184785019571,1.3765353669965605,4.173523710145733,3.6532085618708603,-1.8628397549764573,2.7602940566024006,-2.979710100753071,-1.8761531828599014,-0.4439915626118078,-1.9858739576352737,0.7625327021741404,-4.015729951329108,-4.020421737835015,-0.40209774580200586,2.5656151822849247,-0.06510710053242895,-0.6443891630664959,1.4479922046717608,-3.0939806179060185,0.1378703570829637,-0.5502531647386861,-0.9475020648527117,2.4818784255718143,0.5963472497578994
GTCGTTCTCGACTCCT-1,-3.4372190938404574,-3.8694230045840583,1.3892913161376137,-0.6902696287573598,-0.985546206127615,2.479983212061998,-2.212733957828333,3.025180721755906,-0.6658230977564853,-0.8848752819500928,-1.8402547710216453,-3.2370077826301262,-1.0032358334600249,0.4047336813585647,0.8587546630257394,-1.6492974602572015,1.162296228620231,1.7463046592920795,0.7767702125695086,2.0494310224247623,-0.8463069852500884,1.5607947369613744,-0.42412041784246074,-0.47359697383692023,-2.542788138980955,0.10143761970277916,-2.9330874627269314,-2.045260285227924,1.3882757862580146,-0.7916240784687032,0.7640508572251805,0.7782355115036322,-0.42239759249295766,0.49969996759296686,-0.2115865117674771,-0.5605704107607555,1.510504486057341,-0.7995760171148047,-1.885890253245393,-1.6517062377374008,-0.7090582437416508,0.38855176531140123,-2.451007538420756,-0.7522194217849778,-2.070605412957257,-1.2997812305334462,-0.03754850672807662,-0.060294301509850046,-1.3297982057294229,0.3063891107024438
GATGAGGTCCCAATAG-1,-9.32803770667021,-5.1256513981005085,3.531484309274264,2.814461152517021,4.663141543890428,6.823001780862402,1.6568862838256329,0.27308861177640004,-0.1578399018663539,-0.6122862693091817,-0.07986188126288649,0.6423763989737749,1.22093951103713,0.7408811853420623,-0.7817602665777024,-2.050089852107155,1.1560801590495224,0.9028324901803999,-2.924858051165944,3.4084949158028426,-1.533819421522208,2.7461896098049228,3.6477784957123593,3.222637064337521,-2.083613475616777,-1.4809494014883682,-4.209231961513917,-5.208389585335725,1.2765641030949804,-1.705376873133508,1.0883541138086614,0.12476463701126195,0.6783225923564965,-0.32307581314894857,-2.7097912022360413,-1.916644260127218,-0.10473174099840989,-0.9450089285205548,-2.3702202204589202,2.0231260451462596,-0.18160476834138892,-0.31942367590976156,-2.3817074025293925,-0.42178923026800563,0.8596551432296408,3.3307208770350916,0.5040789491947223,1.8483514352503816,-0.322382621764465,1.7837913820398015
TCCTAATGTGGTCTAT-1,5.991830237165838,-11.166037943863705,8.02880807390767,0.384737010827394,0.9506293320944129,-4.084879752894104,4.8123430576960216,0.8072430299306831,2.5883567343456835,-1.7140549371226925,-2.1670840139836334,-1.1368814624822812,-2.6242300184581215,-2.731203433547243,-1.251375722766102,1.0948756980627283,-3.275120320361377,-2.1111058001250025,0.673722099831946,3.4101815932772106,-1.1993718992164353,1.7652820504161448,-1.6415375797417247,-3.6252376798201595,6.013105782266878,-1.0529795166599998,-0.6181861118854308,-3.284974459137269,-0.6636175666005685,-1.5597728019860289,-0.3070328207748145,1.9964168214786846,1.9663267900758374,0.9851073785503458,0.470822368642187,-0.3838654739873312,-0.19082631866059327,4.2190866840264745,0.6586183906753098,-2.245425128384797,-1.122169027052026,-3.869613315104479,-3.24289710393715,-1.419504920569148,0.1679087909757947,-0.1427399281092241,0.4135971057519923,0.5028644377767288,3.7238669549985475,2.7296744281081353
TGACTCCCAATGGCAG-1,-13.344869497197433,-3.5808585325966833,0.1514611818000435,-3.8197833138276986,1.411413834733309,4.7410256292944135,2.134384199788209,0.8814074987345925,0.036998464908084464,2.34236548506256,0.6280977827872097,0.4657106770227761,-1.2886673357520246,0.05864252297721584,4.253543058673328,0.937106787248126,-0.6095087117825897,0.06779675569084737,-0.4396721991419503,0.6047220856201048,-1.8462103958853124,-0.11643818185162833,1.8209091523450547,-1.8408935919788751,-1.733110675830122,-2.227643969393002,-2.0474889164622527,-1.8510494975213891,-0.7205012170878945,-1.144775394895386,-2.950642434854472,0.09950029401705673,1.4294396077287248,0.8029860458916905,-2.6315606577396107,1.7519274009199644,-1.284519389815487,0.28504307911698323,3.2391497112511924,-3.405213189481549,-2.735112399421217,-0.012790943757274324,-1.2701153138046322,-0.9241163119337712,0.7359428371483838,1.5034255427048722,0.7066986281280588,1.070970640635504,1.6889788476540768,-0.7881340843875629
TAACGACAGCCGAATG-1,19.556459684227033,-11.686187127529335,0.8307487216559031,2.129518014808364,-1.6487497202593653,0.20142979910881484,0.7539913798811347,-0.3750764478753953,-1.8787756174714971,-0.7689694814866116,-3.5420625495131848,-0.9460839602780697,-0.9450808547206844,0.926256071819865,0.08867090939404018,1.1107378838721793,1.1948831918169636,1.3415717762122614,-0.4049357223237012,0.7849637950283612,0.3748659578286743,-0.8737967876575345,-0.6693991663174309,-1.300165518982396,0.5085613632316313,0.8755030672388568,-0.1553946019136125,-1.2786841195793595,0.04219546527832275,-3.2835245677906437,1.4106679944514484,2.132648599665706,1.0677366717113288,0.9046292652379987,1.5120135682274274,1.042226897761991,0.9389639672284571,0.6231376539408804,1.4725598557477138,2.0816422517678568,1.3696193141836965,-0.35704034180351846,-0.16485129797761813,0.3279074313110436,-0.39567438299802904,0.7079569902144185,0.8651178337046469,0.9419814005608359,0.331424495164749,-0.33761747365988376
GTGGAAGCAGGCACTC-1,-12.325052548084193,-4.913829471126863,2.3011302879202393,-5.050306806476772,-4.802655933000377,2.8332488207966544,-0.2384817775828504,2.887128478583142,0.6093069472020357,0.9500358947075757,-2.2173514881843133,-0.18543693870516806,-0.4012766243359043,0.554706140214255,1.8584797139790736,-2.355779655086695,-2.1584891226584495,1.288699386538308,0.9962814082963116,6.513972724853583,1.5466603900895668,0.7941689395050661,0.2247322534997701,-2.1944574261547207,-1.058039692813661,-1.2077973357563752,0.7809287646893168,0.2565919455922996,-1.5005831957356097,-0.6438907735505232,0.37206569103782433,-0.6731224946956882,2.1564004810959934,0.5517901753015562,-0.22616713671815267,0.05264119239817494,-0.920656171297684,1.812128302407504,3.6918303704209894,2.117547495623738,-0.9862376990349514,-1.115915954645304,3.3149083279668266,0.28817037915212546,2.976776000882309,-2.79035035478553,-1.2127192598821626,-3.092974050089821,-0.694534230298393,-2.092889207386404
GATGGAGTCAGAATAG-1,11.410420920417447,-6.564131982664422,0.2984835732880885,-0.5149459300042485,1.4240115971901468,-1.650261676704521,-5.487545242868521,-3.8627048977691154,-2.0776443690807933,-1.493579650134346,-1.0071975591307698,-3.2312244024770105,2.986920139742058,0.8344448802434795,0.32064472743809325,0.43295093660047923,-1.621276439616228,-2.9521328676740453,1.6473870345387391,-1.5292839293649552,-1.3179039285937393,0.8520289068766416,1.3349426973530618,0.6051017864326498,-0.25272944598040653,3.719609332638897,0.5482835033697199,1.246269506725909,0.3578533561618485,1.3773011303886271,1.4519487325085363,-0.9284291428060385,3.0034692575388866,2.524656399918739,-0.3789301301983186,1.4095533838720316,-0.2638617835090718,0.36304286033150207,-0.033281452781939995,1.466138167679975,-1.1663127973074285,-2.1446073843532765,-2.8807643663870097,-1.8502347302099784,0.657842524959821,2.790211868225287,0.6600481199617396,0.34766526777958984,-0.926457200082759,-1.8444488310251657
TATCGCCCACTCCACT-1,4.970078420945539,-1.9036136255887641,-4.932222938997967,-4.4192791254682255,1.9585035459839277,4.290751242583647,-2.976149673856669,-4.360933396617416,0.24881176219589243,-0.21646418630413128,-1.8577548058322262,-0.6619021675105775,-3.0569530653489885,2.5091748928769793,-4.342810826062591,-2.8392130044377986,-3.7042963248746577,1.7471548438248132,-3.28090963163893,-1.216996467946378,-0.49150649846561106,0.04083152520761741,-1.3432922883702316,-4.097723503986525,-1.704843150606807,-2.4384130775750643,0.17679925960875412,1.5094097764700356,-2.0390593342769816,-1.8622601627069042,-1.889514449238857,-2.5822980257845307,-2.9575674798559684,0.9750749354085843,1.2864691705918008,1.2688290967046996,0.16799030596611556,0.2675920817764518,1.457820036527395,1.7359478432349582,0.6058985525851702,-1.2812163861811035,0.47737345088564154,0.37527819936390916,-1.1110555222004572,-1.751451902709666,1.273150811391605,-1.6506292222590806,-2.0467501240680703,-0.13831730424851327
AGCCAATCAACCTATG-1,-9.675745502253074,-5.956325220604008,8.09604441737384,-2.423644754210102,-1.3715576254376542,-3.8458599710846713,1.8662422774250076,1.339156317584019,2.9529237061334794,1.982680024848414,-1.349155568978408,-2.235078517843131,-0.18098779141672183,-2.9217387765573726,1.4981466121378244,0.5553070412835904,-1.3729444163617528,1.138817382307648,0.06475830975957976,4.302050579735463,0.5002593825939545,0.44859321344035363,0.3916492077783374,-2.2624026656284397,0.010958789581418958,-0.21360972696661823,-0.19908460790999707,3.060368696469499,0.6405188490923507,0.6426552206071657,1.6369824645492146,-0.7228176547193087,0.27864874940606954,-0.8405825029392693,-2.8143870007952767,-2.326610493748502,2.687551388519084,-2.1007386808350295,-3.0817180098782613,-0.11338722021166232,-0.20598062132457462,0.34662887071555404,-2.6928301977291937,0.6234904800534921,-1.3098136026476048,-0.752687091210691,-0.2977048740301802,-1.831011616781992,-1.246649164817222,-4.677118631999404
AGAGCAGTCCATTCAT-1,-14.801389959386382,-3.2636941990357324,2.869319895012642,-3.334084846352328,0.49368015962978756,3.493646469196211,1.9671405026772115,-0.41862814488626215,-0.2898357676528926,-0.0878290944406316,-2.275590108155457,-1.604684796624065,1.2344113896035056,2.6162693618936057,-1.2350958674889108,1.2417350020342126,2.8528315830815325,-5.961258599596995,-0.8000664477342387,-0.059687615363899084,2.5178285586439704,-0.8933003470774391,0.9538657532855774,-2.410627294927105,-1.8268551280771115,0.004990387217887345,0.6829125879292873,-3.7109419138338366,1.3960275353639453,2.82116504034038,-0.590929145758294,2.292732118045981,-0.22565065926531375,-1.0425041469037173,0.3181158831876209,2.1584313654337373,1.1680620078640633,-0.42209357495753547,-0.11093482859133029,1.8440440005092884,1.4009967233258003,-1.92365648332366,-1.1847603640702742,0.7711577532851545,-0.1625871257585866,-2.6115662071107915,-5.504113559138414,-0.8192702023326426,2.9570941106044883,-0.01685918371957446
ACGTAACAGCGCGTTC-1,13.776988020427401,-5.849983969030351,-1.2051103148535358,-0.20399137306620618,-2.476620192922016,1.4862138884291909,-2.2410640998851896,0.9453106652496869,1.9883271113114893,1.2231812950155898,1.772900671170437,-0.8705788592161982,0.05855132730602075,-0.02356549912137341,0.9704640461531087,-2.08816826000994,1.750370867420027,1.1584426883439756,-0.8549177059611887,-1.451537741715431,1.5827794430375381,-0.35057481463658297,2.3089301715286408,-1.1233794320480657,1.0365350838146519,0.8665713327255434,-0.3517086854360782,-0.5515014711484144,0.541368399860318,0.8131358461894956,-1.9132898551603865,-0.7072758122203808,-0.8934204574732033,1.111157990578447,-1.0234838228704046,-1.3756162844655482,-0.5956644114549645,-0.6762621905213235,-0.8411954839605794,-0.3515875000482447,-1.6679052475002738,2.0257733380133836,-1.511718885784437,1.0208191177971369,0.048352385194417036,-0.1614552720233436,-2.7001236721624844,-3.1358889606509197,1.2812458863690113,1.1221451227262205
CTCTCGAAGGCCCAAA-1,-10.788225850232681,-1.4716658157470164,-3.305065591243484,-7.714074668116286,0.9859284866731229,2.310553090729595,2.8827612123257307,2.863069076608181,-3.9949585933981475,0.2228566783069273,1.8025129369292694,3.092806494724809,3.598013932217961,3.8851560509053717,-1.5832936376981508,-0.277653738048053,0.8556728859038492,-2.1529032089273565,-3.51040172214731,-1.8965510010020192,-1.4595461694208254,-2.9754434558897365,-1.6275057367048724,3.9143018325535994,-0.061186917073232816,-1.6451373275694463,1.9580974312349644,-0.7368158520153169,1.2960617261150602,1.4286078472347075,-1.35691464911446,2.9199387107786254,0.6873147665652704,0.17413330540950123,5.803630205422575,-1.8321991445023684,-4.654137407017713,-2.4558186467817973,-1.0019418315278854,0.2213551228896375,0.396077414455319,0.23625615486471294,-0.06051112595242362,-2.3627927879414887,-1.152852696441139,0.539878139246372,-0.1692497696339647,-3.7850676860471966,0.8019053524790831,1.370522017373496
TTCTAGTAGGTCATTC-1,17.002959012787798,-10.695666009544677,2.6497900216946855,1.3518156701933328,1.662676679007871,-4.093903623557274,2.4263186702758057,-4.1147085728028685,-3.3379103252656375,-2.468913999358012,-0.7834511587112956,-0.10509550108836872,4.644247366792226,1.3877721792417772,0.9124009716451597,1.5211989695856032,0.6230751471231811,-0.385406893299013,2.6391414653749585,2.3448681047003537,-2.123154260066627,-0.9255002859339634,-1.1286628563909338,-0.6717246979799433,0.08181355694289637,-2.570434317608811,0.7216736964837821,-3.7727135356743062,0.33121165554882004,-2.013758678845112,-0.694220911566737,-0.7199772588190078,-1.6940009465892691,-0.5588725068493934,-1.302235551106463,0.7112781431466115,0.24710970181079345,0.9132228063116202,0.5262089510458436,0.9505249482923822,-1.4299254156110441,-0.624468624915448,-0.20351433617559858,0.81945533507574,-1.0244818604283852,-1.0166886400552195,0.7013123808977475,-2.29016750885445,0.8905660942155562,-0.7753477516562445
ATTGGGTGTAGACGGT-1,3.6477058676220713,-5.48553273910312,-3.107605496853134,-3.4058734977271197,1.5635098580315572,4.388386246981303,-10.7956019765001,2.717743070606424,-1.6172558814352953,-2.83452808158141,1.405660222360782,2.095836241923212,-0.7887840829174528,3.9825164470228334,0.41901304922627647,0.5056959605094113,2.300377176943774,-2.4527246989026574,-0.5073210539193138,-0.8904228955602774,0.9336143918716885,0.21553892797834878,3.879463206403781,0.36987239487716234,1.6369307159532835,5.735924278649461,-3.274263739326625,-1.3426478125043104,-3.9157020482713936,0.276799628197719,-2.5405308230920483,3.3227767784730626,4.595814834688852,0.5353344339630047,-0.7702614782505921,-0.27206481397199234,-0.6308565781898121,2.32797315351412,-2.7747780485397286,-0.6189322801514612,-1.6003346228729252,-0.20344882093788846,-2.0352973917030237,0.47021769071599073,0.8917949986564856,1.7551154493150936,1.1744793857496922,0.3158107490646803,-2.366175110022175,0.4756822138177966
ACATCGACACGGTCTG-1,-4.819901528753164,-3.690604337840835,2.5940016917788147,-5.925025809495431,-2.0868220280466017,-2.8457945157910074,0.6880558990768677,-1.2664935760235891,2.2906545067482944,1.0112795132748067,0.6475584689164211,0.2980950501155572,-0.7195919184921984,-4.345981035991954,0.885868776566749,-1.8137263478801426,-0.38593964027500355,-0.8554662054860604,-1.518922912115675,2.401832968049333,3.2227638867392,5.12176734089602,2.5424297566264604,-2.4449589131262375,1.549921203369164,-1.5684552618442764,6.365771066906881,1.395166539787604,-1.426082451554812,-0.7651692012447447,-0.2261692383909111,-0.02598490777961484,-2.6646178400562177,3.3767230258550707,-1.4614073107663323,-1.6533979383355786,-3.102378219056862,0.4297674333966805,-0.18836423415718295,3.0007146435229957,-3.343330516557128,1.594597752900225,-0.29712393834980316,-3.1432554724808432,0.43134085593016236,-1.0019647184523213,-1.448586261391549,-1.456082316760986,0.40810970274842906,-3.583657299396091
TGCGATAAGGCCGCTT-1,8.457783881517004,-0.7798549959241752,-7.2664794389892355,-7.538195729969377,2.007604715150722,1.9521829848149688,-4.788205312119447,-3.625759423900361,1.6902689417224817,0.5509514958919134,-3.0115100417520044,2.030360153225822,1.878251740325869,0.005536569185804459,3.457183195702161,1.587305829867168,-0.4677210133210982,-0.752049273089471,-0.1394290587169117,0.15053659714946105,1.772371099872263,2.5982687059778544,0.25836617465945727,0.757233743775531,0.8975375746929323,0.3705149802927084,0.005213018377227893,1.2928289135402529,0.5661654638994043,1.5418193264205569,2.152480168944233,-1.4065050887206145,-0.21323582498614657,-2.2128046461749125,-1.776882204996407,-1.5215172992014256,-0.3720721397284366,3.3235292747790615,-1.0154886484747165,-2.9301496353287764,-1.6150569885841464,-2.0973061831588082,0.716566277446645,0.035574563812202656,-0.7151564740120817,-0.8962838927875881,1.1611409928711482,-0.42957729419369145,-1.681715632050142,1.8171980621366366
GGGCCATCATACATCG-1,0.47132009026392385,-5.081018009743668,-4.000129341674268,1.593065000873324,-1.7865923054780686,11.347148243852043,2.858610100527533,4.276836680719048,0.5692019256205678,-2.050949473192543,-0.5280128688318274,0.5192605691044515,-0.7066265058770997,-1.7623605053306357,-2.5768741133935067,1.8135336404433213,0.5855029767112774,0.7393897093162884,2.297424969494742,-0.380166977934817,-0.5286921773182633,0.6499384507569201,1.2178367985772647,-1.6151675512324646,1.6896341728986664,-3.752992115442773,1.8839732135943479,1.771983373412414,6.38434696178986,0.5476145043380566,-0.5324107436909746,1.0936639515275008,0.9901261748988235,-0.7643969801955361,2.728444059777947,0.6968770746456043,3.2565041001088617,-0.4312760997969303,-1.6974340960313425,0.6899511047621363,-0.5218171874639048,-0.15442666972593616,-0.4592375233334661,-2.052002026356353,-0.32845355348192373,-2.57241750562866,-0.9188032877038944,2.3473884032925594,-0.7706637418397465,-0.861156465267511
GTACAGTGTACCCGAC-1,13.937756107718005,-8.836595828869777,1.374493005201145,-0.24225348110975134,2.568867579457651,-2.913049780941188,-2.207233899947029,-1.4347837853218477,-4.586890872996552,-1.643215268709704,0.20519076581864065,1.8464888469966383,2.9884224472431797,-0.03628996155326608,3.1270875685544133,-0.2832857936492557,1.472915758531106,-1.8343647881614993,-1.6747447988735906,1.9580737753881887,0.295522690205537,-0.4205398550166638,3.307332023269354,-1.9605114980931242,-4.623860235191296,0.135582249839705,-0.6940753234168591,0.3274817110458277,4.423299654215929,0.004839356923729313,-2.1775273847278838,-1.9378472822520811,-1.7651114296843233,-1.3391976630640152,-6.684755317460227,-1.2386830246595113,0.23459478813296414,0.09892730520068964,0.8082815875377917,-1.5286892634411693,-1.2757775645227716,-2.930158251313398,-4.506118259209039,0.00961899615113292,2.5861329162863695,-0.3597154325375941,-0.3152242162521695,-0.021857477460210026,-2.515215818203953,0.5919162795271009
CCGTGAGTCTCTAGGA-1,13.366430907358735,-8.954385937929228,0.05831024030596776,-1.172994881659038,0.29971226130958006,-1.7101890980916274,-3.6681954698965176,-2.0862690898333103,0.6449084526786689,-3.6073606328493524,1.7737100938735937,-0.7840556787905096,7.781207653735257,-0.8032355242357317,0.21373986457097036,3.6861789488058094,1.477638041659292,2.0264226245353303,3.3760752379683114,1.7299209387914354,3.082500292988951,-1.8184346165740615,-2.266061953898041,-1.406442046400225,0.425158770371697,2.1788833359867747,-3.0221956984640492,-0.15270040313817715,0.447718461414095,1.5109649602732151,0.793768869556711,0.26060938973901815,2.5378308915261316,4.435013653733964,2.847246972877074,3.7501035940178413,2.8120818252002167,-3.5942336098583327,3.7609634862141186,-3.296221029956758,0.6189842209020359,-3.268209098070506,-0.1940891829154469,2.897236717499516,-2.4570957853043183,1.8043719925111765,0.9442550417345262,-0.3455664379537166,2.7175914985430736,2.772803252390397
GAAGGACCAAATACGA-1,-6.453239624517617,0.3734372947211881,-2.863013356519152,-3.155285465435753,-9.983790561095343,0.5179480186515942,0.46797050195460055,2.5444428839667284,1.2466756971222646,-1.8923672867106596,-3.209278828193747,2.286408627133637,0.8613419927431429,-0.08472584205776391,1.2649378110769711,2.022752877684496,-0.13685544466453262,1.427298641143853,-0.8582026263229056,-2.9472482534152213,-3.113312715824335,-1.9481885141929502,-1.8846386520619358,3.588113691877176,0.00248837289965359,2.1767126234497223,-0.3978085610743383,0.34271586362843964,-0.586315972296846,-3.2950053367397616,2.7782308230877097,-0.5021140766857305,-0.37564969141054194,-0.7767994998175262,-2.902724463512432,0.7632264810972748,1.2689625428255094,0.4270288960534212,-1.4811277511619834,-1.2453216265917983,0.0872089999359739,0.4566875782190357,0.062384805191018744,-1.6018464880639598,1.504869648874624,-1.165732085361478,-2.026113821421536,1.4283861788654086,0.6393024515806778,1.5667910068141246
AGAAGTATCCAGTACA-1,-4.975018778289706,-4.953358483202279,5.895418310249677,0.5466425892264253,4.350795462411281,-0.47051489322988654,-4.125468322802093,-0.4407707109440632,0.8395226883704651,1.1546136546651358,-0.9249251615668431,-1.8315179720343977,0.13818901789648408,5.733333519505867,-0.28704527666017077,0.17948388629129122,1.9382469701329237,2.405362904144473,-2.1642306672611062,0.7474000701851939,-0.8129052231458953,-0.7552034042600948,-1.8167266294509026,-2.5109461500037535,-0.4969815981416944,3.5637671936407296,-0.33451375409988465,3.964644523906415,-0.8392159836143992,2.279767275956987,-0.30694453107199055,0.5961416918726936,-1.3280471753464267,-2.0343116147253903,-1.7470968532428979,0.43640171071991474,2.0697125811656005,3.796904425551628,-4.6441746540594835,2.0509262286337635,-4.553717311823053,1.8597790758637442,4.857814336592553,2.23768998536189,-0.22297782396773325,-3.3878903012420047,0.571924814270492,1.2623298133828516,2.2162044509026573,1.2639753145981285
TGCGGGTCAGAAATCA-1,16.577299465343373,-9.648660918540827,-0.39744680812601246,0.4698859156582924,-2.997981010968512,2.4344029666182676,-1.889051417105316,3.5519918438788425,3.2161573143390627,1.933063042793377,0.3613847624308922,0.8466818026901061,-1.441722314934807,0.0110123848817688,-0.17625886304914953,-0.286074763986902,0.4026234877828305,1.7070497909836302,-0.7800656505121567,-0.8512700841318246,1.1383558801035716,0.28465128173242843,-0.5896914978149702,0.05003855813102231,-0.763026465165618,0.462353633695789,-1.8964239525135342,1.656642870038759,0.5870235148928574,-0.6375126479190074,0.9131683019223439,-0.136427474270871,0.36243210107394497,1.1805302349185711,3.430043803894013,1.216061756174258,-1.636371951620156,0.4811822916444961,-2.586278644677169,-0.7572771518903423,0.10980976493476112,0.05340455327746171,-1.9604520695948324,0.01721173732830152,-0.6792124061483001,-0.17947500639552647,-1.3940746005690585,0.03755898124024952,0.36660964657423606,-1.047198728716112
GGTCACGAGGCTGAAC-1,-6.00201490552911,-5.129878759772001,4.792210086866985,-5.637098791054421,-1.2926135871157582,-5.39842819424282,0.5737251245385817,-0.842220566601656,1.7602303753004411,1.303427199957578,-1.1016310653348897,2.287468500435164,2.3318887139838216,2.624819544726563,-0.96575665597262,-2.849208965253309,0.07902976402935993,3.6892652419842125,1.399178117106702,-1.3593558810653301,-0.18132719133546454,-0.1888844108224084,2.656177869269216,0.03374711094799916,2.2661787727637597,0.5800961516028043,-2.651135812340206,-3.346152918720335,-1.2226922186032074,2.3703702194453995,-2.0505113185419845,-1.567170351687294,2.8673039963767852,-0.832092872421332,-0.7011513849324306,-3.1644370806413775,-0.0615467557042869,1.7603883579249475,-3.4385971522619805,-1.0389274889076283,-0.41127017292937473,-0.16249739708994826,-1.2088773331437521,1.339855133237472,-2.2995774752072333,-0.366848637784428,1.6468200782310773,-4.631352134315449,-1.3508572225819448,-1.2225643424823323
CTTCCTTGTTGGGACA-1,18.35185573706246,-9.03610398102205,-0.6708090867975921,0.956366560958909,0.051596659145638095,0.3267576162847974,4.925606784940239,0.576900744566088,0.7152255957329797,-0.14012723000496205,-1.6391127567983064,-0.5219532435288646,-0.9949576859471196,1.3821506233189427,0.5715287952751693,0.07230759942913069,1.8323461774261973,0.32524954761132757,1.47162863601752,0.1280412514071749,-0.21080056111759002,-0.27366247280828204,-0.3963055263757829,1.9688311386237283,-0.5022851591084705,-0.394103624846742,0.441183114580046,-0.26307949323534785,-0.649693075199953,-1.641520638465277,-0.1406232097856086,0.5609073070880843,-1.7057191134007343,0.027860219389356837,2.0391531183313116,2.9399400826558817,0.3720631727770642,0.5483574965646767,-0.3195525677979296,0.9531115663796875,-0.404701903999289,0.2977937378767062,0.4717696951248336,0.6651757805905573,-0.0264451644971855,-0.8737092153966226,1.2963427071291072,1.1858860009567591,-0.7008175439744636,1.1551854981763898
GCTGGGTCATCTAACG-1,-8.314997620242515,-4.236612619438168,5.142219913132747,-3.2475751663590997,-2.5251883865091114,-2.5951929178619566,0.6920044616492206,0.8263296190276673,2.631852329760103,-2.090568081896954,-1.947155111241605,1.8188739260278424,-0.6824658601683135,-1.6047112719038215,-3.846438776251557,2.1358000756555633,-2.331877557520353,0.13010896060303642,-3.7666066176346966,0.3013061922559967,-0.23348072441652135,0.9703335013366629,0.004740461357848973,-0.4062163816334572,-0.2409890065343465,2.788472039305713,-1.2549948943352895,-1.2447635948073972,-2.3660231763573067,0.2432776923155018,-1.184451545712836,0.41109905384235834,0.48151303981433813,1.6038825006631032,-0.13336927333504198,0.6809661164903216,3.5365384573986622,0.4233387186876259,-4.302629769868271,-0.7897131218325272,-0.4452548562401218,-2.7373594200764138,1.5562735400281968,-3.2635788836406876,-1.6812836488397886,-1.4331150925559413,0.566852611484047,-0.37742284231503637,-0.5820050141307155,-1.0546171336214845
GAGGCCTTCCTTGACC-1,-9.646558648013388,-6.55083742436502,9.208286850904802,-0.5992035022980794,5.517500603476929,-0.21805051253370772,-7.549728150167124,-3.0235915346797406,-2.6868660852280817,5.951197057416042,-1.8538593147275677,-1.5069235695877767,1.5700841542335848,9.636782074538681,1.2619282824616687,4.131322488455753,4.384915277116875,0.16339777173057188,-1.1971980473628627,1.1278785266278395,-3.998200008277439,2.1547157881472203,-4.966835731365165,2.9077065023384954,-3.1678047021111593,-0.66892219638046,0.7103545016543431,-1.1923927939197274,-1.8114989409325257,-1.1659044282604853,3.9092935519485192,4.041539306807957,2.952358239427672,-0.30599355708408704,1.5430944777122673,-0.7249129005114209,3.8880105765893074,0.9103073432238298,-4.142911343926973,0.8661957773509351,1.2462029114576232,-3.232690513695626,-0.3755149182258967,1.1221666292391994,-0.8051516438687999,-2.1438701030858627,-2.4718230348758863,-2.2565025966943875,2.0925445237862754,-1.281684904829352
GCAACCGTCGCTGTTC-1,8.541040836575757,2.069000672021832,-11.255274782211542,-9.314288921413082,13.241085398211817,0.37666901151081195,-10.615956019300864,-3.2009189153971174,-3.8059317806312722,-1.9886267732119014,-2.9636857138839976,-6.200889180114072,-6.2942045164574445,-6.712363649728174,-0.36300639451253003,-5.487046576068151,-0.48501362557583977,4.423329878660671,3.46098929535871,3.2569253324402814,-2.004406147110739,-4.288471608882078,-2.120313035561839,4.274050002152522,1.3174972396153162,-1.338353787737505,-0.08659459724012933,-2.692486827321582,-4.205273847263766,1.6838765052644122,-1.1871870945109841,-1.6046596294262645,4.528254482868741,-5.517138829331113,-0.21702090131651483,2.489961214890499,2.1451142720345397,2.0240277752462212,2.915156830185764,0.16262255816968058,-1.5733458155764544,-0.8702116034834005,0.6672449437917037,-2.438000576649017,-1.947130417097037,2.8478484242399715,-0.5140658354293818,1.2825860268474587,-2.4939344028596904,1.7660160229923159
GTCCACTCACACGGAA-1,4.334042112945582,-2.6498114177421126,-0.6332404699952459,-3.413938018156143,5.085954898025319,-2.2452322070492157,0.10152111547626702,-0.9328891661555503,0.24242622779140838,-2.507204231113249,-1.9402327981252339,3.327443107548851,-2.326025932769277,-0.7633091930429554,0.18900282208850702,-2.960796098889387,-0.5462948809169526,5.849550774184763,-1.8011332008302725,-3.1416414476697376,-2.4640267266702574,-2.370433529554133,3.076421021516333,2.6499397685428576,-1.1913942735867045,-0.02113382482013403,-9.91345147561572,2.318680444348885,3.1270772623265097,6.726205217023329,-3.567480253971937,3.520749672751936,-5.440817906061317,1.4417528349507995,-3.121741039233588,5.438782503816383,-0.18295343795760605,-6.904752117893431,0.39095846093977077,-1.110339558053728,-3.506391244668468,4.546480196293149,1.4947344234809783,2.3090021060129104,2.000970999924346,-2.9330735548872795,2.404436465238792,-3.1276501045545086,2.844680860146276,-0.08735489340864441
CTCCATGAGCACGATG-1,-9.905930838414468,-1.7052776508981393,-2.770278176518686,-5.255670836935501,-5.531352083986388,2.8665681196182766,2.0426300950465937,0.7010315123178438,0.5175528429119941,-1.5266041065795655,-0.8855460648565128,-0.8330239241143546,1.3103614869806002,0.5611272143676774,3.1785986382695457,-2.941779208252054,2.231797955632083,-0.1526921496346436,0.13976103055155212,2.538053787767204,2.9850303866936754,-1.5148052695096594,-0.8062698072095688,3.3522290314453986,1.343260511953176,-0.49327264353273503,0.7186050154296078,-0.19295325512826328,0.6908928555984846,0.05805640953402229,1.2317590286313203,-2.62029770590511,-2.4603657525004907,2.711736351044938,0.8939452908677107,1.2017476374350364,-0.7084449296283795,-1.250174503810328,1.4485668714121847,2.779526692080584,-1.0618281836282397,0.6855693434710722,-1.4434949455100834,-0.750032595089782,2.1732580599486027,0.8280270936684666,-0.6799490472712669,-1.3909412639762655,1.056669398270071,3.1861078934256017
GCAACATGTCGTCGGT-1,4.406390935950166,14.062474338362874,-4.095423287703498,-4.602013765799569,2.274156801413841,-0.894317268304492,-2.123154074407033,2.0106783517644455,5.918432724822592,-4.0833784460736595,-5.6192040402832895,-6.15341342713477,0.4911070785391329,4.207881536572445,-3.0269833359679286,0.9833720183464237,-0.9576278414980482,-1.1973881613923085,0.4491556707150811,-0.34530672022680287,-1.8881405943258043,-0.702265940861515,0.3328657518005953,-2.112384839372589,-2.1238455324501655,-0.46989713704855646,0.17319004039203795,0.20290431451009258,-0.6320893132254352,-2.6980442381873937,0.5047834285894874,3.2250028044267425,-2.5093160617681494,-3.243675098779658,-0.8608464587420254,3.1089822012179646,-0.13071358340274622,0.6931297662487278,-2.1821677443876264,-1.4686373125233603,-1.8484015912498528,-2.4012700684744583,-0.6069603347851248,-5.311698775956498,2.2324084097748624,0.08870585149512096,0.016147035786224825,0.6274275814025503,-1.5495930178081314,-1.0295300688590727
GAGGCAAAGCGATTCT-1,-13.033042588565273,-4.129682177762346,3.1100239830204592,3.131855394869089,7.137575205430021,9.795004265774995,1.9187021058200213,-1.3281853942528292,-1.8010388871860519,1.0211020847459464,0.6836799059072558,-3.4005265646315026,0.048189943524619264,3.8228738334589263,3.3103132994262503,1.8747455473465224,-0.9100882433368029,0.4050213947741714,-2.4884382737598973,-3.1703658975269144,-1.5387122229025898,-0.5596140575642893,1.0906067462236848,1.5229416716815027,5.244096324292126,-3.5065482502157015,-0.0032153427195384934,-2.230807076178501,-4.139217566902452,0.2507036796451925,-0.4782582843144392,-1.680969569846565,0.3061929193405463,-0.04570449775110975,1.7023019040719558,0.3192719965336134,-3.5897563237138823,-0.5382041549704293,2.6758749223130005,-2.046733504516631,1.6478637772254092,-2.9245835769336526,-0.15544702021591447,-0.19324029655536457,-1.8715655165132337,1.0716060982415898,-1.2789249873732025,0.7950771484363822,-0.059300544576671846,-2.0885281736411523
CAAGACTTCAGCTGTA-1,22.40056845060983,-11.892498111237522,1.6443020424442096,1.7002678816742824,1.6463840962372727,-2.3455574985152534,8.896688735385126,1.0022278548937407,-2.923242040991443,-1.1750400005680164,-2.6234704384887353,-0.7679283529182437,-4.95801975291614,1.680615248355191,0.5948392258418216,-0.4805456025429089,-0.8125497484749281,-1.7965298252968458,0.7172727264140909,-0.5186505615714486,2.2735226526283303,-0.6661527081835149,2.152708964844691,2.6694099068904382,-0.8991147400867531,0.25364766192172195,-0.5189252176495589,1.2727228234250765,-1.1402662139839224,1.7865157675274477,1.0788194905887283,1.3993432684065916,2.6281274993692834,-0.7444302732150098,0.7494737198272843,1.9636567612188933,-0.7826615932359587,0.9009269050556766,0.768025199526673,-1.4140984616080818,0.047341364538331245,0.9145253760654265,2.845469811431777,0.5076290159014398,1.6676792194972883,-0.7592527591316001,-0.17651777998749718,0.7531823951849215,0.036800715634957806,2.7188411739632414
TCGTAGAGTCTAATCG-1,8.861411942836925,-0.5829484565775905,-8.715170792972247,-7.781769694453044,13.793902315419146,-5.0773839620162855,1.7267209557765477,13.635147883388935,-9.807577398680662,-0.6907576054825169,1.3295721560644624,2.3478191674446727,-0.707485270174167,-3.124003739007827,-0.4800713336575421,1.0415521651657549,-1.9243774581945159,1.7207503554522368,-1.1206115344836038,-1.5481170148669592,1.5932449720436557,-4.0224432875919875,-0.8096351459356513,-0.6100249544091852,2.2743702583942276,-0.35690658526595787,-0.36387501929157207,-3.3395352488435095,2.8145366607203144,0.8711392129538961,-0.8003202578092207,-1.9510490891843655,0.22230313191903503,-2.9794161023912067,-1.1974026589199998,-1.9880688846074586,-1.5177020457738717,4.032536116348259,1.3047397838321306,3.226417122942111,-0.30275233291744774,2.1349225580146003,0.20466241825248416,2.5791111479566933,-0.0933654189607213,-4.16283354422738,-2.0038335242049796,0.19971432999223201,-1.1082288515074845,-0.44359067635116606
CCTTGTGTCTTTCGAT-1,-7.445852522581039,-3.837445374147255,3.476212810672699,-6.547325034341559,-3.8505321549467273,-5.0672726309013,0.36276906326628,2.2954783641658816,2.438423282348743,-1.4444743608851593,-3.7503550732734325,2.780989175494151,-1.6113706434365864,-1.7404843097315053,-0.6364368357732672,0.955978917556528,1.8701572117934362,2.6037037585759726,4.092077820976454,-1.3388172229381217,-0.7872966101971043,-2.664892702106523,0.7672853972404848,-1.000392289045131,1.577975106109232,0.3882406369009968,0.38068223031652176,0.059618692679115244,0.3325990566283729,-2.2588888946352115,0.20064213701261538,0.32585639468104455,-0.8327723378069928,4.192992064664919,-2.853168751592796,-0.6430552848966902,-0.7749515826856792,0.8155382165891107,-0.11857973567702698,-4.811990411216088,0.32870689442526174,2.2483860712171837,-0.11870325089718342,-2.689105489021511,-5.160118214509628,0.9135716203434563,-0.6482815633545754,-2.865829873417505,1.8140268988311665,-4.8050202123619155
CCACCATAGTATAGAC-1,-7.757191696900123,-5.872528732158879,4.631556320624692,1.5547612892828921,7.319906784407179,7.427793919742525,1.1096248828627446,-1.5637475887718548,-0.8672160518361475,1.441200220617683,0.5139634230077985,0.8752534767909262,0.9109315207081715,0.9470153155431188,-0.3864883211568845,1.9415921611314921,-1.6770295255769716,4.428321704796637,-0.43112888214495965,-0.6745485711462863,-0.8016348336502321,-2.9427712789680838,2.9028783824089737,0.33886542847167905,4.018279657276491,-1.1284027171853612,-0.3487092368867885,-1.0246487636414778,0.2963879091818495,-1.2267409762453725,-0.6225364620273401,2.5344802503211126,-0.9437825862467626,2.2959400936964767,-4.409374011327568,6.357581759215628,0.9024458356760807,-1.129862307751534,0.053063953194018604,0.2219332882723182,0.8372803801247016,-1.3606037553270696,-3.6434815195127994,4.80233613304313,0.3159832662206743,2.368824506473102,2.21167172293234,3.6465439682962395,4.935352217599841,-3.927740365927489
GGGTGAATCATTGTTC-1,-8.330962439462455,-3.2968292171670823,1.6224787765202966,0.977912925897422,-1.1980457040806494,1.759466646828074,1.2228833063610325,1.135452834688319,1.6985177363160509,1.3125585823994588,-0.930983239069443,-1.2045154410970496,0.2524146129913772,1.524635078682173,-0.46945212486464677,-0.03951689006676715,2.8648471304136653,4.32297058384289,0.8280381202689108,-2.905222275962118,-1.6398242567934485,-0.21707460356038188,-0.9088329156986655,1.4727059841120806,1.0966581082528088,1.0675888859203366,-1.224250593566703,4.183845506908791,-2.8645998072248338,-0.33798746516036676,0.5982890225794909,-2.952212799118629,-1.2269031008779738,-0.9120127525080151,-0.8640947031597419,0.6603209303810513,-1.0255556694875911,1.622034231022546,1.335867729633851,0.46110189876679386,-1.8426925113555956,0.8646299122646144,1.324774104112863,0.5415014234243942,0.4968397339909059,-0.7796963588288984,-0.8029197358658652,-1.0482403199481933,-0.10662578517778093,-1.680173972947219
TCCTCTTGTCGAGATG-1,-0.3173729663313535,-4.57342989013902,0.33589844726558893,-3.341282712671715,-3.789454837460723,-1.1318349692257723,-4.031352378954205,0.36864989771581747,-1.071502690175842,-1.4370736777516246,-4.518457469151447,-0.4460767134435757,-2.2371480090746045,0.949353855779815,1.3047542097700746,-1.617299585911087,1.5022261009561675,-0.27728120572978715,2.8892377921830117,1.1835515408506425,-3.3399167251070567,0.12083301867116916,0.5733664571934576,0.07370500166500239,-0.918383074047423,-1.8350600441649745,0.4434321956835802,-0.31301821588711926,-1.8615445764942171,-1.1601035516551006,-3.0102613592872896,-0.9819984560089418,1.2890831049754417,0.9666104314214903,3.395810076250823,-0.46483273257694796,0.683137433736447,-1.0598771789179755,-0.956653872776594,-2.171667811958074,2.1696659517991823,-2.0669811222739614,-2.420210548372626,1.8417579307861462,0.17844433044879776,-1.3591838169495816,0.9420661375409602,0.9310304755291346,0.58935609243728,-2.7833888101021342
GGGACCTTCAAAGGTA-1,15.315045772374297,8.020294672543383,0.49965109699068594,0.9674725819836082,-4.015690917976001,3.678978155606483,-5.9844743453175155,0.984696855317052,1.8749713831296768,2.926466670996657,-0.3856948393179658,1.276753066165629,-3.225596267169881,0.7498506264946484,-1.0134028754613553,-0.5293499003675975,0.2749822782436997,-1.7666054785788943,0.2110164738994027,-0.17276351566870288,0.07658465179715325,-0.3126870819963097,0.5966990862257621,3.032204356306492,0.23994205598519125,1.0429635180214205,0.0771128570717347,1.573307612272998,-0.6212724283086564,1.181654301718103,1.3036289952892226,0.44892400172444924,-0.9894723598174381,0.5259252404730423,0.5109631239145487,-1.2081713629478823,-0.5471579765032419,0.2516112251397958,-1.1655397705538777,-1.1778598162196008,1.0905660570378928,0.43409309530282025,0.17561572044435939,0.44352865655091295,1.9166205136685697,1.3168401229772324,1.0761072441140447,-0.38316308123281817,0.9638728708241151,-1.4030307202765455
GTTGTAGTCCGCAACG-1,5.406025274206566,-7.570581508979468,-2.131438679042819,-0.00903735348498996,-4.04372691156849,4.701792602137967,1.0790447402690413,3.0019077037873383,-0.2372325263925138,-2.4974935137987173,-1.2637849889708215,0.8127013411227175,2.2290939872252125,0.8111166083187613,-1.7991468136182678,0.630627416482515,0.7459898603500632,-2.3000221519213486,-1.3679995232862403,-2.6446981260105624,1.0545245900514624,1.3823551172319586,-1.999491970584749,-1.6246266032917553,-0.495461268906338,1.0109392657690974,2.0248611422985587,-1.4521943304374147,0.9429175625166457,0.7728243179306739,-2.805219335174077,1.1965046517219555,0.3133631821649056,-0.10827252568497175,0.9792910254399503,-0.13388321469962486,0.8957909806637586,2.2472488903350003,-1.0527003044017835,1.3417467193814838,-3.0558315511332443,0.19904010782322298,1.0546414263798372,2.0746199733956634,-1.8535277607623506,1.0023894733506236,2.934473906982823,0.5177658400394097,-0.7456292562451834,1.746647577450283
GTCGCGACACCTGTCT-1,-8.439121914127375,-5.659048899719983,5.766433326433172,-4.2516594935364145,-1.6978749506579467,-2.4690713969832325,-5.574280501685882,1.038977076978922,2.292610197442802,3.6933493471811696,0.2922914819063949,-0.6090666015658459,-2.13837740161925,0.199810920647206,1.1008062572184236,-4.295367643694964,1.3575630799533411,-2.7790057125260597,-1.6012734689264787,-2.3992487564482734,-1.0478573470456922,-0.7509387618455317,0.28677908982066025,-4.612610415723908,-2.17380747456702,-1.6959071645973172,3.5465353991785618,1.2233815596081272,0.2814461314293213,1.4958959393878273,-4.160297601921312,1.5025251470321586,-0.8351181592369261,-0.6969109196901635,2.6584516849070066,-1.6464563590801182,-2.0792939696905353,0.21546824526844763,0.22954943987223383,-1.5501205590578349,-3.1381186564394334,-2.3742590274153317,1.9203312228408118,1.6923089079993368,1.6707490508875982,1.8096920588450154,-0.22031420437894186,-0.3655182751751671,0.22678338885755017,2.0879604828310363
GCGGAAATCCGATAGT-1,16.50196824777314,-6.584527671725644,-6.018292864763817,-3.5216066139138715,-3.4134015694006594,2.737158371468811,-6.184562577089293,2.6616008248554897,1.9100446571763279,1.5335765463157585,0.39832570776164755,-1.9164551449565774,0.7141705470729725,0.6349526575970755,-1.256634528967374,-0.2552361832127572,0.9353079034975343,-0.8799571289644395,-0.5747018930273525,0.34552446520174906,-0.7467586788580338,1.0592366812558027,-0.26517565089957074,-1.0445699281133547,2.2365714401620425,-0.776230905470774,1.9304229994411888,0.32879810328525033,-0.9085860323239416,-1.9173145946020413,-0.5148718446959109,0.550972103947699,-2.391167730218415,-0.2293315321019171,0.4381103581515274,0.5952376816584978,0.52285283873223,-1.6462018109854957,1.3599981370433287,0.8071556740358355,1.3701044421686592,-0.4422441381237818,-1.7172264691056933,0.5829062695305146,0.059114902798783744,3.764469225904644,0.06795290037691588,1.3481977635310272,1.734895961619959,1.1029201848387864
TGCAGGCCATTGCCTC-1,7.645419798550605,23.414313141090698,7.359161515472185,4.831180432643631,-2.763031202622326,0.5039234078691687,-0.3771940237843839,-2.6151742870127035,-3.177162128658155,0.370649294430105,-0.022331187174948676,2.210141974148167,-0.4266259408071663,-1.2844625146185134,0.6145957107206776,0.29532590887951754,-0.24503808388308865,0.3611791504433547,0.07005390683818649,-0.10830176653168894,0.06654162573618805,-0.39524012564178324,0.06422402550629058,0.016869236236532255,0.6279667666459832,0.5610360352822816,-0.10855813663871802,-0.3684137442222378,-0.865012986422008,0.20375333483414895,-0.3379506316510176,-0.5176054118640392,0.21788541850227988,-0.3525026449671724,-0.201041065945537,-0.5079497383889797,0.8026774077243966,0.3691677826112751,-0.3977711397663303,0.4641139445556481,0.14566456228857202,0.28998289696037266,-0.1022694723005789,-1.251156540204808,0.4233592804201736,0.4824387937106061,-0.5226177662161456,-0.6913633330047465,-0.10735820715820311,-0.34280150088040623
TTAGGGTAGTCTAGCT-1,-0.6957158032690878,1.3754330225260638,-7.539326458630199,-7.427959671782847,3.56417047347539,-0.7502868418568737,-0.7094703194380574,-3.8081941351522817,1.566157859110588,-4.3200535826952216,-2.0235429864350536,-3.8597489125383833,1.6094052956568825,0.8634632290266215,-1.9620133907733313,-1.3106694300568038,-2.2873290423330506,-0.9060116158238238,-3.8810804534747727,-1.1016400390604402,-1.0432018031847534,-0.9969930538887676,-0.30208530093749386,-0.15760863477006545,-1.5631912701611654,0.5927085549368017,1.2559186114213443,2.112446863479724,-1.6430098633703236,5.861619420505192,-3.1754678150872007,-5.404793969930621,0.1838705799136089,-2.125122217998992,-1.762579415522916,0.6155883294718341,1.4765216781510773,0.5927073113592115,1.9005138549516973,3.318060007262304,2.207209125833856,0.43488867557972727,-3.5032855359914934,-0.6991293723513446,-4.248141548287936,-1.7136105091785123,1.8573027958036434,-0.601014859727853,-2.362934753295451,0.3123203999700841
GAGGCAATCTGCTGAA-1,-10.493786973676118,-5.604537368822386,6.938499351617793,1.059329679486069,5.4409833939771275,-1.042977575166084,0.7739202617122988,1.6139865428603615,0.2504600095788469,3.9773568073110455,-0.5587902656726101,-0.02540606789148556,-1.0983422181452756,0.0188940390753713,0.4177680560339795,3.6950639594969896,1.6511918849557594,5.155556853479962,3.144532961883265,3.041501627233702,0.9934520722037372,2.2974295750619547,2.438832704685827,-0.7153374365171269,-1.7283747256940376,-0.5194045087412873,-1.3248320471673818,-2.493517530284179,1.9462445251915632,-0.45964632551229784,-3.8731599753319816,-4.507994202712878,0.9542232368724722,0.7230977762557738,0.20360420074756086,0.5696962949500981,-0.03355709408067264,1.4844161276285246,3.1355098462410242,-3.4423868704578813,-0.9217780137530657,1.225237972466503,-1.402972730093367,1.8476179299762954,-0.39670353834089433,0.23426807091804208,-2.142811271858125,-0.7712999051835037,0.08337171656459315,-1.2378272713771212
CTCATCGAGACATCCT-1,2.383675103135613,-6.489833154936554,0.0009716564918653452,-6.153253433951671,-2.7669026492211537,-1.8057835733726662,-2.2856893714150956,-0.6904588049067822,-0.686278458312217,-1.6177055272505554,0.43811232282191187,1.2546481478478915,5.018381432504637,-0.320317338148498,0.30472755803453055,0.3585918016562723,-0.9093382474349472,0.36967913388866286,-0.01174353407376167,1.366795393546168,-0.2910627168189538,-2.3145444389133454,-0.07757706924350152,-3.2606939403488022,1.2637778010839742,-5.835558799396686,-0.8254450756778787,-2.9317441012210534,-0.5105174873535545,2.2237814448570634,1.3190073258016866,-1.448463777870642,1.2280271217985594,-1.6140635070976663,-4.865612072996244,-3.2427853984049353,2.785925825924672,2.5719091985804874,-2.5687192514186434,-2.776120774377121,0.003369488403352416,1.182010347418918,0.6243069628973603,0.004567433500372495,1.0533830027475213,0.39610727179472793,1.8825882545978299,3.2306966275071476,-2.522261593382934,3.133824827484241
GGAGGATAGAATCGTA-1,13.193656574581768,-7.597669294923579,0.38392544629014863,-1.0233051105877327,4.034673086270655,-2.211943583191417,-2.795038619214433,-3.796858418513102,-4.876600154327296,-1.070919815224395,-2.7693274817171574,-0.5037015656477172,1.9096499567921918,-0.9966071160764693,1.9829626383855032,0.45280060437414493,0.4533006819198129,0.29943938598479847,-0.5936251855930379,1.5416447378096254,-0.6165258102411265,-2.5270143912392498,-1.0833453098571293,-0.7295731057984531,-2.6967481155211255,3.095369846008504,2.4865905140453015,-1.948451674373412,1.8336313774721082,1.1221471169337198,-0.022134910425805527,-0.6117011199065814,0.7513507366891001,1.8824234172362053,-4.1042714668424125,0.9047977641288726,-4.572653336599297,-1.0080433726023115,-0.4388197961491318,-1.3604312453129659,2.05852707099305,-0.7857404109358506,1.3068253464754163,-2.8100410535330096,1.096610105974186,1.0532890507011352,0.8006528608080263,-3.5154248791372718,-2.012070647700064,-2.5401291913418373
AGGACTTGTGACTCTA-1,-11.621602557960088,-5.392385756323239,5.866858127771001,-3.7918588131022,0.8212133974097114,-4.7007785039877765,-0.07538971143209378,-0.6694649699404548,3.511314107536613,6.010796439340095,1.1967995268750193,-2.428303311930442,-2.0168580458497187,-0.5572425171107406,-2.140418295413445,4.378083150064378,2.3503785925076444,-1.204327596753393,-1.1501757072656484,3.99419161440554,0.45304916637523357,0.8800264038282005,-1.3089032348089817,-0.6207205035487505,-1.4595315213031717,1.420773451226542,-0.8257736273620092,-1.3021581560748656,0.9670960456624673,0.3311259897999076,-1.7725500550281477,-1.1569521037252177,4.089643312353376,0.20749240200361016,-2.837237554068729,-1.1701374414363843,0.09248086318941874,-0.05911958695390623,-4.251549174342018,-1.9366695289598987,-3.0186186463902085,3.3218979197671383,0.22278167722289996,-2.1052283064495754,0.40591364740009883,-1.2515002601438265,-0.7960511378632072,0.6057097692384863,-1.846837908107358,2.6994152645696263
CTTAGGACACACTGGC-1,-11.349590715770203,-2.3487314667512265,-1.9847660220600143,-8.00773635276663,-6.882492142873482,-2.535257975919415,4.341893706033132,-0.29221633071884245,-2.178219834545406,-2.8055385782516886,3.4967352261387084,-2.927470403170351,3.1761765496768866,2.4030782140997853,-2.0782826493956232,-1.6260270857862469,-1.4891417294965468,3.4530011372475204,2.9102695828839056,-0.3525008311326187,0.30497495431396676,-0.9560314403068156,1.0851542720275693,-0.3284679913789892,-1.2069131531784187,-0.9173575970293678,1.7410838527717523,0.8096269839626185,-0.4991763703936885,-0.09422208758731451,-3.1587246922052077,-2.8635600092276685,0.26041179148568266,-1.5761004572166966,2.7394428253256082,0.49760230027033714,5.1768845701079815,0.025430108671906673,0.12387949640548607,0.9105753910893026,1.3448056975710707,0.9618430766223772,-2.362383154395763,3.975833620249126,1.2660873506920471,-0.2751636192643726,1.6196106505224832,0.36804730350607295,2.2913501412587327,-1.0330260165162675
TCAGCAAAGAGCATCG-1,-4.657118987292375,-2.2799663505970393,-2.7407773175161547,-0.3977129568022261,2.614798022598851,7.708044527937944,2.5637784489401985,-1.3248537843807606,-2.4437623773194272,-0.17381277123484948,3.462636182441912,-1.1241038595535817,-0.3793130068558121,-1.331409601832337,1.7633146097577597,-2.453383957108398,-1.15430844861252,-1.2477909485388627,-1.1453116465428677,0.6120917662185433,0.2182654903681975,1.0812099578030576,-0.2311318238202976,-3.0418049856591938,1.6024389310853202,-1.120059435633965,-0.27370175474246816,0.7301888727779361,-0.7812346381726331,0.19203815518884243,-0.9136949476987056,-0.26889024645609483,-0.4780029022212961,-0.27540531309060334,-1.6672212721113655,0.16450949896675643,0.3855582233523124,1.7593360099150048,-0.09908025390685646,-1.3964398094340986,0.2705090057896809,0.12149319554691895,1.4592140684078554,-0.27930656938284,0.20849242247956482,0.40144759233413707,-0.6656890875086516,0.94318411085343,-0.1102402139408108,-0.2747860146660912
CCAATTTAGGACGCTA-1,17.416306008044458,-10.855108909719057,1.1435516194802187,0.8239684790695819,-0.7941390745064822,0.007927475118600208,-0.3965619004925393,0.33527378238308225,1.0251741220446513,0.9043229089832658,0.017051698440670594,1.3822774476931303,1.5023411743402648,0.7782633207174278,-0.40971604924235455,-0.8550551985386953,-0.6320349961030843,-0.41309494337756864,-1.1824520703459116,-0.9258347683152546,0.5395443699165736,0.3015107564906194,0.35004671803437315,-0.9485535767574493,0.15343634199004885,1.4170787041593482,-1.872616906555584,0.5198385038759327,0.2520684637642592,0.22864304507920835,-1.1336209987794466,1.56028627343708,0.8861239748028265,0.015572149835064568,1.9716541289477296,0.0003537986963668631,0.9689655203677667,-1.4150193477889828,0.4516797696933373,0.3031662942637403,-0.32798887542012617,0.6216299497014923,-2.822645222403162,-2.3843488482438016,0.9375278750515724,2.123003183787056,-1.0631669270146218,1.185722048880245,0.4278780318842858,-2.842262922025935
GGGTTTAAGCGAGTCA-1,18.85863331460838,23.280036093744567,8.035051021720854,5.918010963466503,-4.194361606063125,-0.44869021007500887,-2.840416766755064,-3.232576759162022,-8.187581120418894,-0.22572821279599145,1.2105610099265698,1.9794438346898526,-0.4450355574649276,0.4745521911305951,1.3400085624557907,0.9090809786905957,1.873380239001536,-0.9127478538366453,0.7367112590110372,1.02808509197348,-0.4470727996699076,0.7944213404353063,-0.5632437447363797,-0.43365952834455485,0.36406598742411306,-0.0728033627257577,-0.8479645446549283,2.626552978294484,-0.7531528456209153,-1.1998387637227066,0.2156125684883369,1.5334568592232098,0.7108996265824503,0.7968170496750318,1.1059697203891499,0.5749448746436784,0.577409305056394,-0.38399783746274335,-0.5708748421902309,-1.569173048027833,0.648047033967657,-0.7174784246517792,1.1232055077920697,-0.36394493893224866,-0.885225422343147,0.35626801267463987,1.2942204850751362,0.07757337591524777,-0.6408298245447074,0.5909541628356502
TTTCAGTGTGTGAGCA-1,-11.357850458641158,0.29230533513072965,-12.627006123800655,3.2099223415933884,-1.4364853858775564,2.3512329205044913,2.573460404183962,-1.5962916428176692,-1.0323921499054836,-0.2713282217313033,-1.8657677907154668,-1.2680728402256662,2.058908523996016,0.3991718730370782,0.463459370826081,-2.607142742235239,0.14141833127297193,0.4180029973853381,-1.5077100524622788,-0.08003009817177575,-0.5704477093366735,-0.2722171652314414,2.1970411197887576,-0.35458074242004595,-1.3037357176434488,-1.4369667245335511,3.6294978962051716,-2.2263985908098074,0.7873904426802643,0.5551555677691258,-1.6382565190440375,-0.32200075832425334,0.3041004730829891,1.882301864967373,0.5637779518191727,-0.8743632982221697,1.0603352274039106,-1.3176603423581108,-2.1141198454542947,-0.3108308247733085,1.3251451433018093,-0.31044975228693555,-0.337605483844767,-0.09662291708478084,0.16241281392716075,-0.1989869537704256,0.6295149466469665,0.34963442650797627,0.7729265159611385,0.3117727784794207
CGTGTCTTCTCAACCC-1,-7.285387919302325,-1.7517243839562027,-1.412451820717905,0.9401871344053727,-0.4748008023519215,8.062446152139383,1.2072164697238363,4.91194876620289,-0.6859406692349511,-3.3856234220594184,-2.5601781549433884,0.5922212252222891,1.6610154408433704,-1.9826819822184603,-0.9340795364950373,-0.7408028264620117,-0.5271788909842721,-0.21225182280177976,-0.5912381537477556,-1.6273455662043288,0.6032064028400129,2.525982566741706,-1.2772606173655257,-2.919979388939692,0.9306342026458488,1.1940008043551593,0.4374486715813627,-0.8727546612647181,-3.2108033060915897,-1.3859397025440996,-1.1222016567591289,3.0573742430733057,1.3386721938255253,-1.7961552670206826,-1.5073720533360453,0.9264859431667837,-1.9532425571285523,-0.128727948512253,-0.6736423498508697,-1.0147575527100847,0.04895701129231862,-0.7328569371230519,1.1767179145235116,0.04936753493993022,0.8314461631721132,-2.4941114163223532,1.4800225902399746,-0.5066883615735515,-0.23572860521629996,3.1983014641338157
GGGTGAAAGATCGCCC-1,11.023439482819864,-6.321226643606079,-2.8616806685527125,-0.9794482846797157,-3.337168694443099,0.976411606190095,3.7277216023202544,2.2387994532414472,2.387488626290671,0.5071749526421113,1.9366442833506996,0.9280072240937607,-0.5548200038448791,0.9881975885067154,1.2590707802240808,-0.6533082864697068,-0.5687570534544143,-0.8934766260824968,0.7831967089171601,2.321270003766228,-1.3679536292952124,-2.3299254766450286,-0.5313737098125997,2.4944224225936544,-1.0414069719762702,-0.10246391323367685,-0.7252959092326622,-1.8924819556955152,1.5180406069787615,1.5906734438784422,0.5302343230514712,-2.4123677158534993,-1.280248424592566,1.0554649244220884,-1.9383578125489027,0.11866344705536293,0.10448449582519183,0.16032195761045087,-1.7369076934453114,1.2700162763774034,-0.9473721550891732,-1.2677216721818236,-0.5242438834850406,1.3009027669706277,0.9393884507492946,-0.3499655296718184,0.13533102124444826,0.7159946261786897,-3.3260624263566614,0.29798250488232236
CCCTCAATCTTCCGTG-1,16.767311064748434,-8.805974464654783,-2.1957015549959453,-2.0574757752315596,-0.24627512608021127,-0.5540442481112634,-11.017616620409592,0.799820211517153,3.240509951894054,-3.270137329745394,2.5436422288069847,-0.5810656025897907,6.844836942918564,-2.3669330544734772,-0.42016975006166146,4.506640654770786,-0.5311035516282671,-0.2041516411080069,-3.2252787310751394,-1.34625160946767,-0.8158350552335891,2.258541845379179,-0.8709671434771566,0.362986563678154,-0.16875851791754581,-4.802208171456393,-1.2131640671422,3.6689292649616947,1.3176747661480503,-5.55622014399343,0.04658061882392444,-0.1395069435277335,-4.791792351740676,0.43243351400870506,1.6380695939937395,-0.14913589425846188,-1.0197236871865605,-1.2558263104669936,-5.220657008602732,-0.7759409271539277,0.04223453492733693,3.610914961477157,-1.3295835065544925,0.8392072662186373,-2.4004158103838344,-0.6765383678803641,-3.9309959261015965,0.9340262327856427,3.185658104229658,1.0393826736405531
CCAAGCGGTGTCTTCC-1,-5.214378552942872,-3.8621736323909257,-0.21421996643152993,-4.031696767810409,-5.839322138631468,2.2050385079308095,-3.939379591730257,0.8337441474681688,1.894528733511622,-0.5623715023951221,-0.16801598544082752,0.621887935188782,-0.404628796614694,-2.233017892007246,-0.788441399335354,-2.822529762347365,-0.013960796499783157,1.4555176140974158,-0.8856004930374323,-1.2940421904881056,-2.6877326373292187,-0.7272844648101143,-2.1079570834231336,-0.963337614795677,0.8705260990958281,-0.5712857302456288,-0.5879115746327273,-0.4152914878753649,-1.317378332666022,0.2106961954346558,-0.21164930049948688,-1.2022117711066365,1.621969975144249,0.9776823225404364,-2.3508721508695896,1.0415164864981445,3.1948419684936793,0.3903264192062083,-0.5924830428727274,2.835645158025193,-2.4305917146732634,0.17255678803356078,0.07973674692194647,-0.6360673417682561,3.309436295094997,0.19009995470848168,-0.6844529214265609,-1.2516338690062325,0.32814829504358595,-0.8853093175962241
TCATGCCAGCTGACAG-1,12.62086748264907,27.33140302870313,6.457235482993151,4.683635093532486,-1.2948214134314395,-0.8249734763098289,-0.48251524527686085,-0.7099951868914802,-3.139603119403268,-0.34052945552343383,-0.04460355648302653,0.7631054763023228,-0.15044169072260827,0.2010449517213781,0.371355884374208,-0.2843898825938165,0.570025128210332,0.24956616620906805,-0.11993467784648068,0.5419091286372598,0.6285962851113318,-0.3574531132473887,-0.41532696207283154,0.08556748758262567,0.9695284558144176,-0.8349923620494991,-0.32065078054080687,0.035327978080933624,-1.3504796863903026,-0.5464236703929191,1.0082930310163751,0.8291760204662446,-0.25206078591567616,0.9425919397596991,0.3855346027226946,0.05727066545352015,0.980833749748882,-1.0108320678546312,0.4222735590834963,-0.8607326104523093,-0.2091639261616579,-0.32712469739294764,-1.0709544115044771,-0.32927822384022054,0.3515229791921367,-1.1697474050145764,0.7355994653232338,-0.997930395867362,0.20486567658409824,0.483376562268195
CGAGTGCAGTAGGCCA-1,19.397361829884044,1.3684447689385115,-2.7380887779050913,-1.3907494383496486,0.579545643633612,2.2791002037688277,-7.362517447163945,-1.7384138446097785,0.7495176030003897,-0.841270741733642,0.391600476196264,-0.7194509219362747,2.2682426464079932,1.3141965315411088,-1.2728667331184693,-0.7244337861333119,-0.9752438545096773,-1.5229340671499423,-0.11762412095733589,2.5295102085517636,-0.8747687572411112,1.3710745602765506,-1.9493186434923422,-3.4022528976327844,-2.026001647767365,-4.352344290784244,2.6600985593570083,3.0186863871936307,1.986094162212492,-6.01611122539207,-0.5213740188589325,-1.7461998912015027,0.00827647023116631,0.9194591598685183,1.454586596460861,-1.2613765990118946,1.34902659612202,0.043541469733866536,-1.7141353837727138,-0.8759181105113315,-1.191179636469322,0.6164398397368516,0.8662984759981999,1.8544268312876393,-2.286361553582122,0.861771329698055,1.7991667857405342,-0.319053406080069,0.48072674039345586,-0.4620577615547152
CACAACACATGCCGCA-1,17.29632305130292,-8.416050080050006,-1.510743506689811,0.44853888566714667,-1.6591284492911937,2.0973470885743803,4.637347305758318,2.2029890533332805,2.941503437751789,1.5548661473247696,-0.016342971403824645,-0.7731947590894664,-2.1497007413172375,2.0267886953466268,-0.37321950546310806,-2.073231571834577,0.24504717436315537,-0.9143992176823412,-1.6384611014977382,-3.1011207656774524,0.6884669541384647,1.704019036433362,2.987401458175815,1.1159253443023518,0.6144873671348655,0.6097300318334057,-0.9527817034458042,1.1660836109853372,-0.2648506836001848,-1.0050114713603817,-0.28083375065880456,-0.21110702908976595,-0.03718846629502005,0.9468472299233611,0.7045843727353245,-2.1543871168713387,1.2425829941075832,-0.02015390152016612,1.017477855600519,-0.1449060321625291,-0.22667389200244584,1.5638063668019848,0.5617708446848261,0.7998985162883762,2.4561533529016537,0.812460710935255,-1.0077519029060922,-1.2588954382138582,-0.12398011389576538,0.7720490938142014
AGGTCATAGGTTTGAA-1,-2.3122914280921303,-4.836075441899123,-1.4075983877757574,-0.3592996650922868,-3.289936644003374,5.5479757306023565,-3.9722201769268652,6.246819564912046,1.4241513666494934,-1.9831191170699698,-2.9934042273119608,-1.6311828096511585,-3.378272600971061,-1.294536431060428,2.9286239211256726,3.275651193966929,0.44853156785891213,3.1328808114397724,-0.3023581000928794,0.714034328947863,-1.4435132312111298,3.295249762342219,0.013064218784847472,1.2424962027330524,0.7591362403208025,3.3922784316856687,-1.554229520236936,1.372994800855376,-0.6707191351710735,-2.127580774624264,-0.9638349419441186,1.9733347034321507,-3.5104346797698653,-2.121153043156391,-0.6192269263062588,0.2530889404981336,0.7372972988774169,0.9160780008192978,1.092529920944232,2.7013420150677354,-1.3973694600763695,-2.076772661029823,-1.605146391903175,0.44055560702702273,-0.693125078306116,1.0950064075913586,1.3133396641677568,0.03476985223456069,4.465158297798662,1.80938852487818
GTCCTCAGTGATCATC-1,2.0581041240071527,1.5938103057912276,-11.019181423478269,-10.779143560390848,7.133332503916193,-1.452060205508231,-0.8198387843175553,-9.141866656210388,2.484630481592881,-3.6592849829152403,-2.190441870144318,-3.3668921027865566,0.02719193968884726,-9.455961186471377,7.839428234944946,-1.3031755615776963,2.809682791168278,4.217454306204654,-4.427936775374531,0.5227223287115327,4.176216930559807,0.9037222653565021,-3.3890168481320995,-2.189512979827987,-2.4856174838113994,2.542943983238733,0.014247156412139085,0.05688417641058013,3.330839040070558,-0.20481077596914024,-1.2884679578575073,-2.591674666463894,1.2678347835871655,-2.935214441857355,4.345198291165521,-0.8760907527037862,-5.127527639370737,2.2579285088243544,0.63776604567631,3.0608407701425997,4.267616510502588,0.9986129628588712,-1.1195445550902265,1.5728551975010046,1.2276840114007392,2.8518993338679266,-0.8248993950074047,1.0204386815363613,-3.2214636290845964,-3.4087707255995072
CTAGGTATCCTCTCTT-1,23.12196218059734,-12.551413048144513,1.6601272144186303,2.2610125133865426,1.4516455756895101,-2.03961857892093,6.145945321769368,0.4406771310138501,-2.9800320426940448,-0.19634100482979286,-0.9031786644880221,-0.6283567907951618,1.4621339140512537,0.9867769707707535,-0.7202713592869491,1.2165346317831578,0.17866614299718336,-1.5148354840544052,-1.5702896687605576,0.5252617782210214,0.6329588180609665,1.8850271088527337,-0.7296172428755939,-1.8076386698568163,-0.7700553526112962,-1.4396662710109283,1.680241414290822,2.229423748586941,0.3238871732124063,-1.1410146758750062,2.7149974769348217,-0.7194703882558864,0.31620302432070085,0.9631266437614165,0.17609915147340605,0.795770461433764,2.0065938085715294,0.41604346827189803,-0.5971992487681952,-1.5114966637064011,-0.41529646976503315,0.5815593364494556,0.677061614295365,0.8852266225327614,-1.4903088031139708,2.099363483211856,-1.625885517699069,-0.49478837502258766,-0.9251141795118003,1.0281326572905036
CGATCGGTCCACAGGC-1,-13.339968650945174,-5.2673185892447725,7.849710082180616,-0.04745166257608688,2.9316342974305503,2.815220198051357,1.125562451818799,4.448153563119716,0.3820252992075463,-2.5125547200788825,-1.3108409079552448,1.0045981400680581,-0.7746973089631477,-1.7393012652666557,-0.39912533128473854,3.5081714442169996,-3.6503290678247744,-6.290650448766241,1.1497245493229573,1.7925189003118165,1.4006331297373418,0.2993464453309454,2.6881745503460723,1.253842636345539,3.139455648229165,2.113630488881611,-2.1233945927114464,4.542634216820495,-1.6161925111730184,-2.6821634676900796,-1.2308932145330513,-1.5835505326671198,3.3546972444116965,1.7051298693394858,0.5873635757653078,5.225846437297017,-0.8819064150195721,-0.7025557560523635,1.8603237620942439,-1.2358180949216828,-3.8103128543928015,2.2195081322104175,0.50408328529793,3.1310168287895674,-1.761755333848414,-4.655003158844631,-0.13333215519893343,0.09388420542539051,-1.5788434845070107,1.0861398751141895
TGCGGCAGTCGTTGGC-1,-12.514192150086656,-4.231510922706344,0.7244929270384264,-2.975413651660215,3.30154049994754,-0.15489873439035973,-0.5711001307940778,-2.2707331793105343,1.2951688981615381,2.3617251269394943,-1.7741303638917914,2.1401992376743855,-1.5403321216908614,0.8332360914483644,3.591052112783464,-2.0909353380241305,-0.8259302012442818,0.8291689599963082,-1.7272342601648474,-2.1376148038765352,-3.253963917428185,-3.134525015800451,1.437806499657705,-1.39428547137963,3.470693555863266,2.9037462346593337,1.9312454055491892,-4.0210113811283525,-2.4520437889926314,0.5983169023503574,-1.3839630704882886,-1.7967577100700656,0.5991932725654174,0.9913514511177727,1.5193589068495585,0.9713142784772736,3.302880212410424,1.0623717038264484,-0.8574104258890589,-2.424688325777603,-0.39712386688006085,1.2694355307315022,3.1975741865926777,-1.5363128476944894,1.783680186429116,-4.632018576497474,0.9316143148684521,-1.7780422483913796,0.3192358302891775,1.6594877255149583
TGCCGAGCATCGGATT-1,16.65600377286662,-8.994802608851215,-1.692021745504468,1.0963967328268243,-2.820127492402736,2.525571959938648,0.5124757240844989,0.38379467588738414,2.797906060645419,0.579537485204354,-0.4905975950698568,-2.708899800084991,-1.813103935250231,-0.45161691970764073,-0.3700500571978026,-0.37856085607091833,0.6825473247509627,0.1159567543815457,-0.5380143321116778,-0.5805572798332143,1.5961546501894246,-0.13746781319067786,-0.014274787720755648,0.052064780616868526,2.131966102856392,1.9719952223454016,0.2989408150089848,-0.3211310756806917,-1.475695895265215,1.6901470055379064,0.5627881151748555,0.026529018180755405,0.38242039320217713,1.260065516685733,0.7290686531108764,-3.1260328713087198,-1.9538219446698402,-2.0912371347267085,0.7600850925473797,1.5025580998069172,3.33055070002406,0.6685966778043625,-0.9016922760455958,-1.9563986277087155,1.7856388051097858,0.884532356406151,-0.7326120934293727,0.8439980050044356,1.7583967370734255,-1.869010837287941
CGAGGAAGTGATGTAA-1,-0.8763634340510384,-7.262299365491545,2.477034743957662,0.6470629281474305,1.6767008684277551,0.38334257308309105,0.633744402248242,-0.6923076398162668,-1.350914694179887,-1.9883756888527535,-3.5228579054835776,-1.9335662532438709,-0.4535882297680606,2.2889000461091054,5.133612726962935,2.5787318176225735,-5.050559080469058,-0.6562915803453512,1.5185552007498422,-2.882273274351823,-3.9063693019344163,1.509711871217446,-4.599948989875879,0.5084871256340888,1.3869218712947509,0.5400279679999646,-3.36313453178536,0.9826305727424498,-1.1133394182251917,-3.2625917992592943,-2.5167546581036984,-5.0518932554791,-0.6799022093983506,-2.061413233701894,0.2541855645664434,-2.0731740248377264,-0.9323643089644679,1.0213288823230144,0.7917160993561455,-0.641936979345212,0.6829659680379413,-1.275537115044823,-0.6715388616876539,-3.3207308105461055,2.100741762473788,0.799895734271752,1.097096345024759,-1.6020680405059413,-1.8774045349879704,-0.6732726228105429
AACCACACATGTTCAG-1,18.30309478722006,-8.628165068990779,-2.119807157274067,0.9381548194580422,-1.2572968097782613,1.637111178465795,1.6215797783652255,2.1625162378579303,0.9653146477225627,2.584283342007078,-1.036580413407888,-0.6963425271640621,-4.160947418055042,0.9758444135608723,-0.23286881248280475,-0.6705215364031402,0.263227161232322,-0.4212049080301756,1.4272979222414763,-1.3437432595690562,-0.2251592971243188,-0.22691463627924402,0.0772638455982572,2.1905326757716987,0.2007351796495088,-0.5152113040869386,-0.6142538926378801,0.2069680326398248,-0.1586385829424653,-0.9400028023637054,-1.590484570342214,0.8752360662142555,1.5819027447374125,-0.5508164227682834,0.6453677314084278,1.4839177963270727,0.9764500627383517,2.1329956543266393,0.8319068556933858,0.9789725528984553,-0.45923453905645606,0.14883986710118355,1.0130619961664338,-0.6813913506505879,-1.454008341104004,-2.958187110261576,1.456925992566392,-0.025482673786247686,-0.5902998133550332,0.14777148843469012
GCATCGGTCCTGGTCT-1,-14.010951563930954,-4.205022288389007,0.04737785390539681,-0.23796104874599963,-2.894393959290259,-6.196751959275681,0.47588254519577183,0.4575933500611011,1.762535522073075,-0.396578687681247,-1.4638123617533902,0.5897957759713355,-1.87845666084818,3.009452532626451,0.9233505968984738,-2.2298729169451024,-0.8126089778178496,4.9685190219381825,3.2936938169394754,1.3825914275524707,1.6651577997457392,1.8290719910907618,-0.5070131752571607,-2.426443564956967,1.0369625575496568,-1.6333115909434186,-0.41570428745173904,-0.802234006337356,-2.2498822809992,1.4722231276893465,2.830888519198058,-0.024528763656536,0.40998225488710843,-0.04244415969796295,3.476243147682018,-1.8570879330310912,1.1378961275846209,1.9408740806285978,0.69100431266647,-2.83568628914043,-1.1508273976421344,1.7615831988104047,1.7478839268803266,0.45330875040787305,-1.5586457255849602,3.1255447247083166,-2.9765726712371787,-2.2496061493111914,-0.46967898742927977,0.8397834642146355
CACAGATGTATCCCAA-1,7.560888190568979,-1.4301697919884107,-6.826167238242474,-9.707130442850112,10.971745711549687,-6.846177770327698,-6.59178136663546,9.77413354669407,-12.325815594925185,-0.7780660857465771,-2.556160241105573,4.549102008913317,0.718340365576159,-0.9322469175157556,-0.05535721228108664,-1.7810671220066119,6.034901763528226,0.32672276254911237,-2.454840519487858,-2.040799134305159,-0.6863378307497996,2.63139890021577,3.0623091824041793,-2.32451541983655,1.3568027572431884,-0.16989062787682718,-1.464228224336028,0.44924875536829995,-0.7221310767902581,-0.0917713211113415,0.6904956985422732,-0.8436076026516062,-1.2368975769281463,-1.3749281086610046,-1.435577781632301,1.6125465435828379,4.99943214292515,-4.7114562250341505,3.052328218533741,-0.12039218111202038,-1.8293058794538188,-1.2973111407199764,0.43694351577772356,-0.002870103481212929,-0.08138486501234632,3.9473836908020346,-0.19825677840577044,-1.0215657014364072,1.451837207708306,-0.9027473692144368
GGGCTACGTACCCGAC-1,-5.850909075645716,-2.015808153295109,-9.13453942711332,-2.959524677844267,-4.549212199309598,6.052478113536917,-2.139506527918776,0.7882255631025439,-3.183078326801134,0.5513889506433381,-0.15434450736566876,0.9074272597701214,-0.39893794912586505,3.5969337606089242,0.5475269837470736,1.993826811879259,0.18714231673833384,-0.3442846576148724,-1.1738617862293579,2.6009622238512593,-0.9373299977620614,-2.459527303979008,0.554561847963775,0.5652985305315832,-2.693564782238653,-1.7311094646355565,2.0478881401747953,0.2402346028479615,4.022333059448866,2.674727170191376,0.20645642306947296,2.029203028721669,-0.4336508057566205,-1.3671423400043234,-0.9255607253052694,-2.3042806758221936,2.497388132750594,-0.31795691744849947,2.1007022451040624,0.6603702396069221,-0.026017773132232497,1.2773732942875982,0.6902532751748931,1.010350422136475,-0.7905910432057308,-1.1550223437608333,-0.3070537572409589,0.09023905638149127,1.22605859387848,1.466491426714276
CGGAATTCAAGGGCAT-1,9.12198524733746,-2.850693311046698,-5.631123347206326,-2.454906031031477,-5.431212138197347,6.647911327487264,-8.496838926702214,6.955993834620392,4.24883345692973,1.7024635707038087,0.2917787699692585,0.7662425210259826,-4.141197231451396,-1.1538353148679397,-3.3379806602831334,1.2679817512430465,-0.017505836178519314,3.046756309777069,0.3618588020408412,-0.2021868950573771,-0.21613055825742167,-0.8026946002848634,-1.1429894082546712,1.5555557945853216,-0.3980311128963865,-0.44155689018498956,-1.3281571311912932,-1.2091578937042793,0.942375018320004,0.9426878696515494,1.467523380946291,0.6885725350120899,1.0597717718353055,0.2588767298619599,-2.1967192231240835,0.3991996490443746,-1.6089573215833164,1.3158643175201428,3.336363447322378,-0.7604991259250806,-0.2796214121105839,-2.6147465502829634,-0.342679595173026,1.663569598888221,0.7155625264890961,-2.1855140744857318,0.2764007791725274,1.413240554764409,-1.221666526395752,0.40513151800581504
TATCGCCTCTCGACCT-1,-12.00537610302751,-3.8812682275977872,1.8078058158702186,-0.05489174720847181,2.2581024359568644,4.878589921267633,1.7183665392425536,1.1504696912779857,1.0925412265200214,-1.1304115164874868,-0.8767794320542629,2.063195300811166,1.2884366467250747,-0.6852775147306773,2.3468405092853226,1.0408968739264621,-4.6419286031828655,-0.22701805713068934,-1.2401296193499138,-2.2841620203211837,-2.922832117161222,-2.911371812364483,2.1019189739271864,-2.587565802304996,3.1585477051416477,5.143107668297833,0.23153268357986603,-2.9693085907807886,3.312117260283005,-0.5055135192148463,1.0557029330382113,-2.044392571085706,2.4428098528156164,0.7867955331778514,2.980840353469489,1.6852232586885223,-0.9866420079178153,2.7073404121858595,0.6674465837951977,0.9424695084462381,3.0209059543129233,3.2429134644064703,0.949873203833268,3.4065980526697577,-0.6263098695858456,-0.06461875823583682,1.2460004817020327,0.16702673314911642,-3.851912291338252,2.6583266854668155
TTCATGTTCACTTATC-1,19.040206179670253,-8.082294806270001,-3.8651974556092656,-0.27180809164611347,-3.3423371160128745,4.611567579331567,-2.045869673290038,3.8824514817127405,8.265492773141318,5.60840215419195,4.563633500449923,-0.4529949835210902,-2.3368751336940026,-0.5658577370082862,-1.8255910306615444,-0.8733553727394434,-1.064837911665586,0.08536813801766929,1.259135947320719,-0.8044313098233088,2.270089993462154,0.0791557900451625,1.8172195276811436,-3.0691269369000302,-0.44419281917392855,1.3822726529693583,-1.046283693458049,-2.226587064150393,-1.1676812844240325,-0.5188987323355451,-1.4618320774687696,0.27845198598468257,-0.8917768978389709,-0.3916920995138433,0.8684665318293084,-1.1369888173649243,0.6777423084493506,-0.5251093029700155,0.5606742824874019,2.401279027832884,1.8958775829248318,-0.08511355909621969,-2.2482748328642237,-0.7960286644191654,0.3419318061755764,-0.41313893800915436,-1.7455984132659592,1.259801800149466,1.1673133131054894,0.3124160928838403
TCCATGCAGGTCGTGA-1,20.175026056334648,-9.692909398032644,-2.4498948008833596,0.28821689687958096,-2.128235569993595,2.7370860437844953,-4.770463079841359,2.0931831324162102,3.44742810238935,2.90358337136542,1.7258531791143739,-1.1611904148395717,-1.2117200118816749,-0.22130144811224609,-0.24028749031137994,-1.734997079203733,-0.8804031796209654,-1.0275054580926166,0.9677147028895965,-0.5122945884804742,-0.010965228543502696,-1.2620041258313055,-0.16578703615511223,-1.5864899881634276,0.8334813749491833,-0.47450076425183074,-0.7128098355148427,-0.3329223697661593,-2.5967559488866927,1.6148679437159108,-0.4110744117693672,-0.799783218027181,2.151503085953145,-1.021847037416684,-1.0602445867214358,0.7387180722125698,1.2734608612285832,-1.4728295086731915,1.315774257010256,-0.44082302427724857,-0.8559622611097738,1.4468764063941202,-0.7579004775408045,0.5307402935882043,-0.04261607307136852,1.9654968733181148,0.6737764149135135,0.8282457652420925,0.5149628529865918,0.029830410090840937
GATTCGAAGTTCATCG-1,13.971529117851649,-7.003884425329775,-4.311862603222269,-1.5221247903075685,-5.683607962700932,4.58023023445049,-2.5816180635235177,2.1092943339240064,2.472470489341444,2.583697489676628,0.6098948440498184,0.6064170280372267,-2.857737529651452,0.04041013942720512,-0.7082060951428332,-0.9310825824291604,1.231858849422834,-0.17715452282596594,0.581954864034129,-1.3318754165190831,-0.2058226848066752,-1.1916834406875059,0.35582770774481975,-0.41546646885725885,1.2408380533593455,0.8947029930826077,-0.5201626059935853,-0.2838442915036384,-0.7437623978735519,-0.8677330170891329,0.20433163461505227,0.11608534746875639,1.291796198739811,-0.873904632040008,0.41612537437651953,1.1840518125217443,0.18259930658683385,-0.2364916882000981,-0.710041586047213,0.5804120908544543,1.1154131764189408,-0.7630079260035897,-1.2539585633804968,-1.4349132373403928,-0.11675757130936959,-1.1754940129108569,-0.35356669170228683,-0.46230284998795257,1.020697907609265,0.02084944825384191
TCACTCGTCATCCCGT-1,7.211104967865498,26.12067187937704,-9.4718614300807,-9.23028435314907,9.147546364402958,-1.4017380112144882,3.729897267236812,2.327734725430087,10.407245558349855,2.9251987435407303,-4.3409528113582,-4.706406226370729,1.8232330957821552,2.8485407359868544,2.0146064493295657,-0.30987903354530877,1.46837358742031,-2.2565137232523544,-0.3268780808264869,2.7679966661050357,-1.7183435523511628,2.167756690847582,-2.0694538157617215,1.4595355532727743,1.264354098623248,-1.8450885222570175,0.1453855372599609,2.2090098516847387,1.3155935969876005,-0.43376661460054855,2.5069504841305,1.6423647625632478,2.4144248807212705,1.027673979283128,-0.6183970243440997,-1.3542087098862816,-2.024717005088891,0.9847660731900397,2.587697725071017,-0.04202068360848535,-1.5217266784815286,2.588412076890022,-0.07003786666179997,0.6533347746911985,-0.044958724227131944,1.451966307992896,2.649684068523067,-2.3249927451050807,1.2612524383677615,-1.820552192083112
CGGAACCCATGACACT-1,-13.229066339004373,-6.390628023643267,4.58763616291185,3.8607258179634862,4.436210715914232,-3.572495911811863,-1.443990655790625,-1.61237541634228,-0.14034364187855589,0.403352728242573,1.98613756649206,-3.0245192350181305,-0.45966169356739234,-1.6229485722421446,0.7528737033783165,-3.957460356663333,-1.270467147973179,-0.8055722963789422,-8.46454475350673,-2.2964312118686085,-2.3426463517695164,1.676755266892767,4.20610446250623,4.301884268948842,5.35842356473794,0.23693883269485044,2.6714457597635106,0.03674118256235288,2.6577080531477226,-0.15478121325613864,3.3116063799199904,0.4253574704374454,-1.0874332199067442,2.608644369587921,1.994140700073505,4.335144078226807,-1.6088247652118934,1.8413568004256393,-0.7326368168140337,1.9637914254342328,1.927824221069219,-1.4276262097420338,1.7196499058911323,-0.2674868997540158,-4.007659072095135,-0.8396489516837381,2.761442535730862,0.8239579319644227,2.2270978898445706,5.277884314729163
GCAACATAGATTGCGG-1,-15.802160816243791,-2.9644339735457343,-6.895791631876292,6.863645088349633,2.884559128763299,0.14427792061956138,2.085659198232068,-0.007666852669190298,1.4701012544962322,2.311453503560955,-0.13284815434029204,2.5384805911252077,-0.5600392522013129,1.0920037520887473,-0.3276699113022237,-1.949704630714955,2.5203553696062886,-1.2458777769297065,2.676326522182198,0.5160938359994655,0.983712232450777,-0.059475603938066134,5.284858081008665,-3.3630705414218887,1.1043660189324094,-1.1416945852326357,0.5602165479964386,0.22947206363828948,0.39134130553527274,2.538856746831607,-2.2458210034751867,1.0451383844271473,-2.632022022206126,1.1662690519965226,1.3005807680548442,-1.5825680367715267,-0.5309228844749063,-3.2926693723540295,1.311111766801635,-0.17848171998132076,0.3504425624948915,-1.9391522324566284,-0.16070371456334387,0.038216229371680586,2.1520976836322743,0.9296011006982225,0.9740854182867787,0.7641731827001412,-1.7888444734528839,0.6198498844589587
CTCGAGGGTCTGCGCA-1,-10.083514864796312,-2.7654881851099726,-0.7260201743862648,-2.511660378699496,-2.238672312470373,0.19180914927555356,0.48597802928781997,3.1844619604635844,-0.5869683902306202,-1.584127865013498,-3.018687511943629,0.609528513062452,0.6907721676826617,3.2188613962722634,2.653420540908578,0.6984985218468133,-0.7378707516669667,-2.451774767010409,2.2796789029284033,0.6798208863231264,1.4955140774517874,1.8516036412417858,-0.3709964468499843,-1.1694949389473661,1.0080043993529475,3.155924173009139,-0.8868651263210472,1.3319300160139023,-1.524147490733201,-3.1478292015698854,0.3962220265225605,-1.2545847808264523,-0.3995428733224906,1.0213891580101928,0.2535222142616424,3.3749182421263786,0.7681778072621004,1.230712342136624,-1.0948447034963014,1.5756545373064534,-0.6126689287677778,2.0980341717818987,1.7507966289813677,-0.8449878368399537,-0.9572414806267374,-0.17744617538181195,0.04402964703301757,-0.4353319152244841,0.08431988838189083,0.810296937672755
GTGGGAAAGCAGTAAT-1,-1.5540006606333894,-0.8943833769244173,-4.249113740700794,-4.361607015434512,4.184834183809609,1.5219354388946102,5.642799923360055,-3.0294081290247514,-3.4454762863352437,-1.4442756084640724,4.477721038712665,6.4626493046375035,-1.3353864728111864,7.1452708467539665,-10.814334363333833,5.618690873028185,-1.37827388098158,1.6051978630223962,1.4096276877666074,1.0744264164779902,-1.1807763818099501,3.0343241355857207,-3.974103376022716,-3.335344051687035,-1.7060989013357004,-1.3986006855416744,4.659176109230871,-2.0923858661697747,0.16523951214588753,3.9622094819766995,-1.9914523832440139,-0.3585758123744717,-2.810728222905154,-1.0640190126286944,2.9476692321737796,-2.7638647678440282,1.6401689757714235,-0.47929471952512964,5.519126650662237,2.8151292719735896,0.7032658818803859,-4.212169863357528,-3.9925352961439877,-0.08462802609420815,0.912578365480988,-1.6368881956789454,-3.362636038783206,-2.949701753778698,-1.2603780557942403,0.8958648467523422
AGATCCATCACTCACC-1,-4.580703749194104,-3.512067332539363,-1.0079635659169004,-1.0170922203834962,5.820041566232613,-5.382001917286633,2.252575603845416,-2.510974393687553,2.862368818408694,0.06646730855054882,1.481142968355913,3.2971688091763904,-1.9525760389806117,-0.51224270310017,-0.11242861948114441,-5.085293279299839,0.4944375215340387,6.0803245734624785,4.410712331856511,-0.5207554562715765,-3.617822634238789,0.6309013524862597,-4.682920567630436,1.8692368478863066,3.1750993688299496,1.9214123374229548,-3.5900918224758356,-0.13816086256482576,1.8531372107676687,4.238171422392246,-3.899509711258782,7.189997633828227,-1.26266352580374,2.6883376999818775,2.1599715813393137,1.1757462710699844,2.160554454127318,6.924239168231082,-0.14693896443691243,-0.7452344583976411,2.0092262927567144,-0.2473323648360251,-2.1625417434047476,-1.6871912397313422,-0.31146703686278004,-0.3485366344062448,0.49945777363942656,-3.3858563009304943,-7.031843937072665,-0.9845569345092774
TCTCCGACATGAGTAA-1,16.633626677948335,-9.638190381373013,-1.0255877207348623,0.44702229515850156,-1.1074767287112366,0.6537011446122803,4.092014803855421,0.7845485956957429,-0.4688582144411102,-0.42274551651975895,0.08370330187736755,0.8582528629838915,0.5096942285703224,0.15121384818226102,0.7738968886256341,0.1951557753008214,0.8364996684051623,1.020908674750848,-0.9023866676597375,2.1185554706442264,1.7973212026741832,-0.006902262465087206,-0.8306226800594296,-0.718703285550621,-2.1337057854309345,2.1475018797999286,1.548468788302352,-0.5237897164098536,1.0785222916191313,0.8540461116496356,-1.623383405803565,-2.621468438795542,-5.345157421168019,0.8890600865893319,0.09420096331964958,-0.5099003412504945,1.6358991649446366,2.8479193283133815,-2.1304707838042045,-0.032414355273778395,0.1048980499297666,-1.6052559851630006,2.804960238131581,-0.386371498246966,-2.614551990362261,-1.9449653282333679,1.5596968528829631,-1.157038856691988,0.8545710049416939,0.5974994884198604
AGCGTATCACAAGCAG-1,13.41729839128647,-8.037011184095988,-2.2439370544683706,-0.8496051111903601,-1.8488758838970354,1.451130356361353,-1.4994469238694608,-0.8236331729862528,2.00734852445081,-1.3685512567639717,0.4582740373328206,-0.48430602842528325,-0.0018377271434005305,-0.29338735678208716,-2.391038899010869,-0.08484947127467955,-1.4584227375704417,-0.590650925990496,0.6595370868475792,-1.878994644773092,0.15329610442468466,0.5143040637067342,2.396796655429425,3.306136825208396,1.7259434752636356,4.171331282305098,-2.1772680485104283,0.27599988025587596,0.34942776088666594,2.14594664141114,0.5683745611832404,-1.6022338616749954,2.5680740730001026,1.0840210987785792,-1.0856516820479316,-1.0743543657873305,-0.6324187726899674,-0.22373413728731126,1.5416409238787256,-0.0917787883115078,-0.6181502231386823,1.8793850597611528,-1.4584031807156628,0.075966692429322,0.8878381899409954,-2.6506006345426583,-1.4084046588241392,0.3123200076768356,0.41457994872061094,2.6811720931361744
ATGGTTGTCTGCATGA-1,20.86412040241955,-10.133078608014005,-0.3219499527355729,1.2416658183364546,0.7568061691365923,0.0756952649780369,3.96047475532735,-0.6258437610451005,-3.208067047400139,-0.06379219701456608,-0.23809053553107976,-0.20817931582044666,-2.7864150072686136,4.532576054908138,-0.02719331830700795,-0.7283465587595261,-0.24144523298792783,-1.6284303293401783,-0.35249079138619926,1.1881822062393936,0.709194001695025,0.04772412455225096,0.7170592864231206,0.9921502143553186,0.3990163198593429,-1.807818760067529,1.1007889245242133,-0.2628425753191183,-1.1649387171834868,-0.7027673923275188,0.5562055502582874,-0.32501598621695665,-1.3481427415123153,2.0169404661244146,0.761319176248671,-0.2776271840020202,3.0640219821957033,0.5496865992062241,-1.0817678176684902,2.672911628541771,-1.2086154713632367,1.7335499291685674,0.42980213698051056,2.7137837125081417,-2.3606378732263384,0.7169683468406454,-1.7431533662244274,-2.873736146846138,-0.9978387158683875,-0.060623669451964304
TGAATCGGTCGTTCAA-1,-7.477011303081013,-2.464359409810514,-2.2550266595025015,-0.8967432751614907,-1.9286369688516045,7.482500928861043,2.7351570265373533,1.8783846416721357,-0.2063657294748501,-1.865327965842855,-0.7309454908592953,2.7272568987586037,0.865685724213852,0.966491429067434,-1.5614402245078967,-1.8205078449885048,-1.6966872041764514,1.959330016928341,0.9546530529037586,1.5554182396643599,0.8021896702192464,1.7733655015236325,-2.0828923891742126,1.6467302094755454,0.14846952688557846,0.8594323439250074,-0.9438613113980202,2.0240232703412553,1.8129220569187647,0.21559079683157015,-2.370802597312251,-0.8369648980400526,0.5205022349615759,3.274958348597733,-1.5262111620346601,-0.6168943209935797,0.9196967963067447,1.4203537172711351,0.7404082303828166,-0.23754170773631908,-0.7822120648734601,-0.656533641401013,2.1889206105129944,-0.9646876152832519,-0.018241234677428567,1.3144970997679313,-0.14704707621080762,1.5585931378911344,0.3961145608870043,1.923496233026952
AGGGCCTAGTAAATGC-1,19.922752260649123,-11.59364461632266,0.8706731367018352,2.3137998341352124,1.2843335623035639,-1.5782355590859227,8.327981264914204,-1.084154953419563,-1.2262091839014833,-0.7981087694707363,-0.8858590237624421,-1.6031910451141993,-1.2869035857439932,1.4384772225694629,-1.9975419041649125,-0.9741992607134042,-1.3496753433809523,-0.6129938864016354,-0.5476468424204693,0.5729539098933812,-3.0538247053487475,-1.1117186255024607,-0.20885544564755984,1.8161534658186573,-0.4738799777255411,-0.6871856320595267,2.4654561077136923,-1.6850296182847109,-0.8534482723242468,2.4149527053084925,1.992542553466872,-2.3640016822146093,-0.20188801436142312,0.21499102074641127,-1.5343639843934649,0.22094882180058212,1.8855635894869947,1.249728363166568,-0.7793863790534098,1.8357598750004311,-0.8896955578185339,0.14355860809345383,-1.2236863445692578,1.8912844367889134,1.2944474949552134,-0.9178832458492884,2.1207420642504426,0.25059323191977834,-0.492704551285204,-0.015112408490540147
GTGTTCCGTGGTGATG-1,-8.731708790883008,-2.3582084431551675,2.0739340794371244,0.7009647994681986,4.525729743599485,3.3828312566231715,0.830180749682424,1.0816715081273232,-1.7554544587808316,0.035935642869805426,1.5938185780907244,0.5370781972150437,0.7824445541476158,-0.9619914634776351,0.49607460888400645,-1.658765994027479,-0.637685555751636,2.23295507916716,4.726198265181271,-2.4778734369769966,0.6216981980400513,-0.3171572405516585,-2.1592000488510954,0.18622916543714485,-0.953681424460436,0.5856097752048922,-0.7630499242804,2.962763058718336,-1.283906246482084,1.3396229974509974,-0.3958088583723498,0.7715862321210604,-1.008689693403277,-0.5177435033092681,-0.4275605093402768,-1.9431986481630334,-0.021887112849927854,-0.5802399153446381,2.2665728524338244,-2.7805810073857327,-0.8046005069862783,0.8680278093778442,0.9461209219327564,-1.6511226479321583,0.6601451981445001,-1.0999806633109726,-0.009317923637019393,0.6580874115066293,1.31245836025461,1.605383321234769
CAACAACGTTCGGGTC-1,-11.46723556698137,-5.1204594336941245,2.2103418107421957,0.037544041365957646,1.5567391518382059,-1.8334435924473504,0.681717751007251,-2.3776050295760216,0.5745953683159153,0.7717232672765361,-0.7936758466213912,0.003949516849950973,0.8268399964185005,0.012064264752967166,0.4771520166809032,2.3592569722351664,-4.570310729782696,0.512510813537593,-0.48770904785225233,-1.9382531985521767,-1.2436171346033795,-1.622972908001965,0.9308401572073969,0.775813378810723,-0.3428928764806867,0.36882502950694573,-0.24790982783963153,2.5695728097584833,-0.6883547146426814,1.2509897223138802,-0.3945910418171537,-0.10171590342305714,3.0490539444197293,0.049467247868638035,2.4375891670162058,-0.27372680006485817,-1.3002353257845178,-2.482276362338316,2.663715747736131,0.29174798690273324,1.2046144602774675,-2.4304235603937303,0.20341723388744198,-0.4765921674449023,1.935218037408481,-2.3405399157637117,-0.8063981431009918,0.6080283619547999,0.6334200947067995,1.605051618630102
AAACGAACAAGCAGGT-1,9.163582811317555,-3.58899653344478,-3.234922529028831,-1.7384076928679961,-1.1418157570728444,1.4834658072836078,-4.537544625084932,0.7226621596077296,-0.35328896777306784,1.755301660351714,-0.6785136069753562,0.8131365196745036,-1.1270349941931972,2.042164157202231,1.4347921458023192,-0.7496696462151703,1.3323608891512284,-1.1984681131403356,-0.7638184802546822,1.5206286712872839,1.284605203405738,0.0294978347482178,-0.9597682803261426,0.2835694138742428,-0.7848827800637643,-1.764717116758299,0.9142608525426448,2.316937101768481,1.9399310182215526,-1.4573780454482415,-0.6708116051720426,0.8253559715955446,-0.499996390633508,2.9520955536121223,0.8324554403333967,-0.937453755499733,0.5149209146364168,-0.5875665061324671,0.398307213433345,-0.3626312598600161,0.1940896214754328,-0.8707567802286631,0.015073024818945487,0.6436181496581301,0.14840550711891595,-0.35754339253902134,1.3393914612831719,0.19104741279406828,-0.08720487846186986,0.6441621584033506
CCACGTTGTCCCGCAA-1,8.408978112823768,-3.8793132288158003,-1.9394784665081217,-3.990664790580777,5.229266319842035,-0.7677639542420369,-1.3987749683128137,-3.800637826967066,-3.010033751248258,-2.7250463771375566,-2.6425703145243373,2.996622329211201,-2.33233563902553,1.7679462258536671,-0.10449281619724597,-2.8359273757706163,2.335727295708611,2.434831374716884,-1.0188621424544118,-1.0891405710319355,2.390098902075047,-0.05975536162695085,0.28480411586941345,2.7369068202852525,0.048588034061144085,-1.2848307372701155,-5.828809423600141,-1.9414122367872466,3.7925569510321067,-3.396455924730975,-3.2885397856099474,-0.14526293169597496,-3.262999936728096,1.2821528279894514,5.0237459468269705,-0.9824009834907932,1.1831358149374946,-4.2545460324984,-0.4284168834712774,0.479201803650296,-2.4480159945190723,-0.8362805824357955,1.666080187288692,0.5976828205069208,0.6274099554879619,-5.215763658265059,-0.5381279924790843,0.9216759003566081,0.6043424426974158,2.7074143556180186
CCAATTTGTTGTCTAG-1,-11.42206898227322,-4.392423061163085,-3.0284875884052025,4.109821930981035,-2.7826156787057617,1.8890603582387318,0.45764403352150695,1.7242152286119041,-0.36360808778180925,-0.005272180453278422,0.1846665000038597,-0.25033990900549885,-0.49696009806903957,-2.037360389905127,-2.750943417543771,5.272038773072407,0.7697254131671788,-1.4580975053855125,1.5790071424353067,0.5406379932434285,2.6251527825827394,-1.799393063011373,1.4812985087752772,-1.0395837475579655,-0.36843955080872276,-1.7566295322492258,-1.4469295285618715,-0.7362749699790219,-1.3093353608741756,-4.653839056377229,0.8384139695533296,1.1671070104491499,-3.398437881168311,0.9781114317367885,-0.6321255994692367,-0.37142862450872083,-0.9419790018538128,1.6426384914657801,1.2871941561109175,3.104191717500313,-0.8966161506017862,-1.1375172677221908,-0.24811765753332884,1.155428881496092,-1.06175217498295,2.323550518710408,2.299181459567724,0.4447157139256037,-0.5413083903914363,-0.43054041920281455
TGTTACTTCCAAATGC-1,-10.362907769781838,-2.2457014258358745,-2.5082037252614464,1.1854292045034955,7.992074384997651,11.278609794788421,0.5925418684796794,1.4211258362940569,-5.225041827856294,-2.2714984007083387,2.6850152720104705,-4.134026038025774,-2.3063033445864884,-0.5727189035976341,-2.2397916661544808,3.0994201436986684,0.7065309925448066,-1.93498749964001,3.7428442298218507,2.993591994532438,2.7109475867213817,-2.972165069824038,-0.7913159775767079,-1.3465980313140131,3.84024685239247,1.2528946099778515,-2.5515350875781766,1.4268074643992914,-3.2397224752117,-1.1812819636787713,-0.05895080256622685,0.5070244519953557,-0.7541314605805753,-2.4726391969887582,2.893977929701085,-0.8963196213418165,-0.06643131347450852,-2.0541682760027147,2.6364334170294472,-1.2528251559138686,0.41154374838168556,1.9835533390660969,-2.7833605975925586,1.0099067317724273,1.1344449102432148,-2.5049042774805703,-0.6123996775628581,-0.37538138547467464,-1.6192100643643321,0.6940129303873738
GCATCTCGTTAAGGGC-1,-5.86639889516388,-3.2138374676141552,2.5805057184821196,-3.868066253381051,-3.4959872777880108,-1.8071542344103708,0.10656724416812662,1.0378284793541568,1.4656741290051059,-1.0392888328172043,-1.5099139216551631,0.002856266656708195,2.631920322902199,0.957017735430187,-0.8089771758171714,-3.196622680899834,0.6650787367471882,-0.7978696937094129,-1.372823405060364,-2.5860643208636698,-0.10962437847738937,1.5948109691314518,1.5342920620254854,-3.3629008020701,-0.44941395313320204,0.8363957637670247,0.7189008483456742,1.5848984366118035,3.925471078051547,0.5422572441508783,1.1214137773015922,-4.022472975902448,1.4332158432041706,-2.813926332631577,-2.5538703729328414,-1.8698561806467675,-0.3988200939889201,-2.2442575364084973,2.137588367490971,-3.9452069219518227,-1.9421372243928408,1.5904975740912939,2.475661618414182,-1.4905804882454714,-1.1384905337911042,-0.5032379692670803,-0.8887713276690509,0.5828210439858722,0.9487361695513192,-1.3988147622937894
ATACCGACAGAACTTC-1,-3.8827553310108973,-6.488353621597188,3.577745759418901,1.380563335544295,5.856964173582507,-2.983499522191792,-1.5588945136616725,-0.6287655613831219,2.791216368018128,0.10199180944022164,-1.5747628214157705,3.5061657970965254,1.4113699501232566,1.94150477959403,0.4683891015796451,-1.2809847743897909,2.907677268559054,0.2152620260653853,-3.9968495126253623,3.442671959641489,-2.6236744695387646,2.440142497588035,-2.405900827209061,-0.643692622158723,-4.954457464224761,-6.182573583197209,-1.2743688782674165,6.168548992628584,0.6527678396677377,-2.6027653836352327,0.7402597546226811,0.17621096195140484,5.094895703971384,-4.924831556583685,3.508486979353638,0.07501494821307216,1.114993807468441,-1.2207006571052483,-2.835665022921108,2.4191805199367877,1.405213398111511,-2.808227141177296,-3.339620852852376,-0.4428544564003852,-6.205919065954008,0.3119318356805474,0.47222145050779724,-1.3978071802686913,-1.9163092619449567,1.4693325819366896
ACCAAACCAGGATCTT-1,3.9999759172296248,-2.5801917323325494,-2.1986729578011555,-3.381196699688457,3.557189478300977,-1.3984139394908925,3.586467161895526,-6.20441897000385,-1.287163935887375,-2.3416607473812663,-3.7901835744593226,-0.8420033313904824,-7.886590247488281,-6.166250640089392,-0.528130296998782,0.03653108314549432,-0.07304101574227795,-4.424984955024296,-1.3592678687536845,-1.2161895896917418,0.8718534492161288,-3.0843920475068245,-2.560384721857601,-1.7251571492001214,-4.154133260002016,-0.8543262196388091,-1.5588617986480333,0.06717778553475319,-2.7027806068826217,0.6875607051079727,-0.23640311610928683,-2.9266869891692817,-0.21104633238619244,-0.8791366252686511,2.3054203912891373,-4.5012282279919305,-4.485818753792144,3.0520630799360737,-2.983953205054715,0.28550474674467174,-0.8577818391705264,-0.021014377114993644,-3.342390165215735,0.21567883410175984,-0.3205910705040161,4.28235571084018,5.809946979683865,2.1937997618829796,4.817373504566995,-0.12011316615467252
TATTCCACAGTGTGGA-1,22.581574998953393,-12.308093024044629,2.7104048058170087,2.938442013851557,0.7770518106669382,-2.6944963575032728,9.23277898559315,-0.3257711893541064,-1.5652145336874268,0.406419060880091,-2.90471712774457,-0.874988450434297,-1.4194089912850327,2.7430900572972154,0.5041198904308123,-1.0793945436476327,0.9505068143858041,-0.957465678651075,0.278373444274807,-2.2101473694106257,0.8142030981773748,-0.08911696205259304,1.4172799458844134,-0.4367680273162309,0.09013881805517157,0.12942690159669357,0.517437206583826,0.2307880198578215,-1.4318626556447505,-0.7076127266738166,0.9404258049473042,-0.08141615465563894,-0.661658685866718,-0.7201819533123732,-0.13278645372245765,0.6313816342970245,-0.20381307661787,-0.25301983222556834,-1.5004680039378442,-0.5593119816671676,0.5072842326354505,0.5405187404472676,-1.2280482071257421,-0.4189062653818318,-1.1837592010821267,-0.31886652588303566,-0.8074976099768926,1.986089502675488,-2.250720811564593,-0.0015698183034793956
GTGAGCCGTCTCAGAT-1,-7.652596778113039,-1.614254915606058,-2.6051098204297807,-5.27491576340325,-2.9807973202131075,-0.2540006033825339,-1.2163674663576107,0.31702679705633835,-0.8932370633445307,0.946036479258257,-0.21702404807719933,-1.0952634039901852,-0.4106612052020811,-0.9388874625772418,-0.10611056847103195,1.0039163496948755,1.0042399743947805,2.652533383009509,0.7834180311014993,-1.2005049347867263,-2.3242877107056037,-0.4208659336198173,-1.6652573758484714,-0.4131801116571053,-2.382313077432183,-0.0665631329561467,-0.07918904408885157,-0.33809019366604653,1.8563439607310763,-2.0477111613651844,1.0628859528679704,-0.945841624708948,-0.608891411255573,4.368398680630374,-0.6676399312012987,0.45688115886516784,-2.114016864229937,2.971906579814175,-0.4048055599948577,-1.3034803408250597,-1.56539737855983,-0.37900501539289927,-0.10569725576736666,-0.398739913192749,-0.11050369349203341,-0.6793044320723881,-2.74830989850081,-2.894074120690736,2.314525076777095,-4.380089081711711
ATTCAGGCATTCACCC-1,6.575645654195171,-8.195687603297333,-1.1527495852933636,1.0101482938684305,-0.6462211443463323,-1.5385834421364357,5.57291932513709,-0.5748905150590862,0.30721593040948453,0.5158215581855001,0.18225697088990286,-1.411551059793054,-2.7500450527660707,-0.01393334297925631,2.578808943996022,-1.4596057740667254,-0.6151378027540576,-2.5168379877881297,2.4675062338045466,-1.0061985846293948,-0.3125928350920226,-0.5159602674269872,-2.783340384203529,-1.809458307542852,2.7336456476038347,0.8799284632231825,0.4674934971304609,-1.6320011910552483,-1.8370139054397612,-1.2344058994324236,0.5158298309337291,4.084065198719158,0.292354055400717,0.8712889422312072,-0.39591966717707755,-0.01960293513626519,2.0916015531640064,-0.7364819882082907,0.012885022342881847,-0.32770149693827644,3.404946662863519,-0.38632025656333185,1.1914681019150613,-2.5728785405110366,0.15616775019032492,1.5716758957748898,0.28655631134492143,-1.510468940969635,-0.2066055356546515,0.36482116173334356
CAAGCTACAGGCTACC-1,-7.8108549694832226,-6.537748661343828,7.739454783832823,-3.8940491606178997,-0.8612330753649827,-3.165422316446035,-4.4559206346128075,0.7635119930273312,1.3922616104974428,-1.9618009538387862,0.9356458564155695,2.3023422925832957,1.99013794936432,-1.1066309962176168,-0.3905470754411002,-3.556308522216518,-3.680762022817707,-0.5437043409639533,1.0682056257760233,-5.687431388217171,1.036555275466194,-4.565888897829717,4.537233099579848,0.28810200727692264,1.857573352656285,-0.9886733085393744,-0.96927412375172,-5.495642463822312,0.655755893527731,-0.31011241889958713,1.1084252853886425,4.27401744659445,-2.4592052599628498,1.3588406390498822,-1.5126471720190782,0.9739964003836685,1.281491142950211,3.3569247060447887,-0.8716552142355188,1.1236068664161623,-0.4132773345987067,-1.368615121036448,5.495474618417188,4.8673973757995945,-1.035723381568897,0.5294970485386038,-3.2371792251032225,-1.190237043741741,-2.3653562655504494,-2.761666201477168
CACAGATCAACATCGT-1,3.943270118478922,-8.687081724996181,2.7598060578536394,0.14839837113952042,1.0204879374360947,3.0213828053992255,2.617071648190899,1.8145996545760927,1.3993684756345586,2.1662754306240206,0.6524942145824181,1.2255308794233672,0.37553313745355626,-1.7384856527439096,1.1372066370147773,-1.3375570812720423,-0.3687908317505007,-0.8619303589668501,0.2649918584856944,1.1340454827892852,-1.5244852224934837,0.6534293903348205,-0.056953061129396965,-2.9410946572040477,1.4809329322454161,2.6116925754450566,2.106054667824269,0.41175185234156714,-0.5901145940354013,0.42778550125390036,-2.3795558738882567,-1.6438967628900487,-1.0904272933371624,-0.8572459853217673,1.8364201959429836,-0.7422264372843072,0.41002750772211294,-1.0796873747996822,-1.7551670447694412,0.743307685850448,1.2241726835597697,-0.879171253449229,2.5762424089630063,-0.12080765235253582,1.203707338039612,-1.2969197961916754,-2.413993573777079,1.1039345439169528,-0.3136767656997771,2.4505657879865996
TCTTGCGGTGTTACAC-1,-11.552685261500978,-3.0150799621678077,1.71540628771404,-2.964951344129527,0.8533138427707947,2.3979080239916586,1.075230423366119,1.3129839402993846,-0.9350806392363462,1.5483177465527536,1.121461214510775,-4.169913444535676,-0.04541873146714012,3.4468668767818187,0.8397075805964636,2.3815724571680715e-05,1.2747647189046183,1.5736470514913243,-5.637788220507505,4.540258085916587,1.2375576796381114,-2.078244410734172,-1.4517126114613157,0.7577650802684301,0.41992015706882235,2.554030245639717,-1.9844952468050072,-1.2753047945382647,-3.7099968789993003,-4.629596308340791,-1.6134286628460142,1.8169706613851047,-2.1036339859962183,0.8350726068574359,-3.2795198411281183,0.6010720867732114,0.8168533305323766,0.04348823398688725,1.6895596043640742,-3.9025288772384137,0.352013054838114,2.697891097686946,-0.9864017728057309,2.2194506474028186,2.8383873270198445,-2.775053932490355,-0.632728544060532,-1.0493517624111186,-2.3099862525387986,2.0177877341124595
CGATCGGGTCAACCAT-1,6.295356361881052,-2.9285710557180824,-2.7579025417198935,-3.154183012022468,5.717847349367525,0.05449359721322346,-3.6381102993555046,-7.730777660925204,-4.7071476624745925,-0.8615384520988765,-3.1916963863349253,-1.9305670189809097,-2.6694761030743575,-3.0274102474547,-2.902910041178066,-2.637365422663716,2.4572330593718785,-1.3979814767344294,1.1908398315047115,-2.0779463738095,-1.3612276247570008,-0.5169449855460162,0.11493586086472342,-0.10235965981357888,-3.8897409246672274,0.8221908923409693,0.2987504429938652,1.5870573831804207,-2.0578716642490527,-0.07291837148330949,-1.245157049848505,-1.2242842952718958,-0.45517383084367624,3.249444800166745,-1.4582665983027008,-1.2639442488367414,-0.3695189214474305,1.4906388085706235,-2.8774965611608985,-0.06396578279063038,0.81036228710577,0.4290271857788741,-2.208771240083232,-0.4923935003970093,-1.0606744581105272,-0.09805650931861329,-0.19368301526688844,-1.6079809169113446,1.1005720444137914,1.678800041645453
ATCTCTAAGTCCCGGT-1,-9.962996828507086,-3.7763229200316037,1.414304376517578,-0.4214113308568868,4.103019476700012,6.143415915375782,0.691981875356148,0.3665345469137383,0.5734901740276835,4.095504800983352,3.3826903433533655,-1.5586621675669101,0.2883331542989493,2.188237340391589,-2.695029088744663,1.9872305453348127,2.88146897239209,1.309079543838018,0.9316050811929025,-0.3106064059160262,-2.3076197071578815,1.8334400533779982,-2.643421524325842,-0.38969502175913734,-2.905061771238121,0.5462420143020366,-1.1341753285491643,-0.6044403482256153,-2.2829800222183927,1.7521512575686078,3.374220893157042,-0.31536625557771825,-3.1953178598124534,2.755169754063319,0.8585433758832564,0.8259247352787573,-0.6873017784255998,0.057804964519590045,0.2652649330945914,-2.3685596836148335,-1.4829262759371897,-0.6235830936335878,0.7512972462537882,-1.2898224996689245,-0.007058275778697695,-0.36749600072056976,1.380908338770156,-1.2225318876426932,-2.176637286561768,1.0356160422087344
ATACTTCGTGAGTGAC-1,23.257321206632344,-11.056716310268063,-1.5479981832791838,-0.20991884238325265,0.6073335489224639,0.2632398924710024,-3.7342366479454046,-1.4115614005816197,-2.8025607836546143,-0.3617739433363071,-1.1693492039991655,-1.6192547253312137,-1.5650934322186238,2.1222920413795623,1.8737199318431084,-2.041206661420337,-0.2715075957821676,-1.2979802499323678,1.9584322681153763,-1.2128937837973885,0.08916276892032822,-1.9150563620831853,0.38527889068642823,-0.09797510899782816,-0.51417332774842,-0.7326068450795737,-0.9536707664733172,-0.1972976396635465,-0.8078936138526932,0.482287630676058,1.335840342228538,1.1225644817969342,1.1464317575073228,1.0675469620914038,-2.2876142148901852,-1.0961040451589543,-0.9614108662923946,-2.8550452821362198,1.153206402114248,-0.9845437239397994,-0.3887960359095038,-0.49707411598179646,1.5268074129343014,1.4946317703778649,0.15789864068164974,-2.04581233564519,-0.04045616962156635,1.2363500583185068,-1.2036351036225452,2.2450056063828434
GCATGATTCTCGTCAC-1,1.6614260861684742,11.278865149185378,-7.3803593742832145,-5.96379900396857,5.5937938672407075,-2.080465805078231,1.8560587023742725,6.361484990623216,4.851753846423061,1.599928615040199,-2.8808377191890147,-1.4115220838145703,0.46975134407881075,0.045012552502870916,-0.715163677648185,-2.049275616589096,2.383379069698423,2.1246097368247896,0.7267853363742528,1.6273384758567124,-0.08625115368872871,-2.9923653910371146,-0.2668801365331388,0.7704081992817914,1.7650612922390416,-0.634288789333261,-0.5474233332446423,1.0828510265362634,-2.021174899452623,0.19769235159370271,1.0713979371447968,-1.2971963952899448,1.0560777998876176,0.18639195519372756,4.925003454323462,-1.1258304436136923,-0.35275060499750116,-3.5821671489135314,-0.05033512923661876,-2.7139464988562603,1.3713306510491643,-3.6464331847181013,0.696488432099834,0.26946716399673154,-0.9760518914901769,1.576392114474687,-0.8193454845159764,1.6389762861203891,1.783485554059344,2.490339923679261
TACCGAAAGACTAAGT-1,-9.176196694789073,-3.8398537675738833,0.26931699209487864,3.7006648509222844,11.348705647704028,11.89278614835991,2.508092292431284,-4.453271560401349,1.0578058960214272,-1.1655456649076286,2.4751572557005765,0.1259379855792429,0.7088837612434926,-4.218448705483449,-3.9789470712630086,-3.4856769740499325,9.583055877151295,-1.0929929588549008,1.5463877070241987,-4.349465211956116,-0.7484934535962663,1.8523999687294088,-4.282744664102819,-0.6863804806840696,-1.094158901565644,3.938343466897819,1.0987731745775584,0.6464011710549057,-0.6183084946940269,4.036461075446764,6.600886750168017,-0.8428232618169836,-3.395474199542209,-1.618398409226422,-2.0815607544526844,-1.4567871052432642,-2.1410611079130795,-1.8213337130015714,3.7782864875041904,-0.3776971674973574,4.53932305014798,-0.8471591920849972,-0.11129681592420652,2.459810782470282,-0.9614649918557204,0.13408960418770177,0.15582207501567352,-1.6960997048566409,2.339247193970858,0.3857893516929539
AGCCAGCGTGCAGATG-1,3.143871392927715,-4.008978728801975,-0.7671378939844704,-6.529188189008543,10.977639327966012,-8.271076669729075,-4.219774055837984,8.581712044098659,-5.14762146959319,-0.8984267674390001,2.80043795726108,1.761478045294914,3.741510179022851,-4.260717452564708,-0.796861195873914,-0.20023552106702205,0.22722875512213184,3.7433052213895466,-1.5458098187752995,-0.38844069434854445,-1.1401382167759977,2.3005188856806504,0.07005796316501958,2.1147002298089537,-2.4984408483340235,1.4351709872667493,-2.9840551880292976,0.8729398207791945,0.5047771768873982,-1.3946233514551534,0.3539443853353809,0.3400463516160878,1.6821395295363915,1.0623371816629106,1.4519733068714682,-2.1123727866062936,0.10735808846299838,1.2866962045798391,2.1741317983194244,0.19874768234136736,2.6120191134858195,2.297979430811775,-0.7430809907702546,0.8143450699029403,0.6113382814716082,1.2648146536251128,-5.3679614436435905,1.931955713849587,-0.4496901640392905,0.5952142234732039
ATAGGCTGTAGTACGG-1,-15.918595087869262,-6.093908100697383,4.73863314922959,4.355812829693047,6.126951976139127,-1.320453185561029,1.4003707151869345,-0.8369398017206048,1.6342631661988996,1.2464701257321684,-1.4599024254978297,1.968955947939673,-0.8926098862997189,3.141193528361807,1.1486034170308776,1.476895999700223,-3.9004168267358534,-2.616631274934371,0.7780016270753263,0.6497614591138778,3.653775110202933,-4.599710939195992,0.17683871376059324,0.4177247775117497,-1.9742634039974165,1.4905913833522992,-4.695999158606603,5.10047305624563,-0.9820361246292809,-0.7660139190895728,2.2459123865370287,-0.25510804960791444,-1.419186100015376,2.448898612571868,-2.370484867891224,1.2970390330161097,0.33875715152220087,5.85215991289578,3.804492507078672,-1.5119890139812497,2.1136104870932115,-0.6650289475646789,0.05060781610769315,-2.0737619080426177,4.03573073489807,-2.861989669665836,0.011592204360253705,3.63040137856307,1.2280359232009808,-0.1938564084474925
ATCTTCATCGATCCAA-1,-8.11843884797705,-4.396684325508182,2.4456689370883153,1.046263950113081,1.0210552694284036,3.9766302871697725,1.900812435337164,-1.8478426595461641,-0.5586010883671951,-1.0295631670435832,1.756963998962609,-2.506952098116041,0.32411634319723615,3.2044733090233186,-0.9270624955739891,-3.6555098635171044,1.6793330421243406,3.063118658726593,0.7435465723868139,-0.10659867085597388,-1.0376027713484353,0.03166333029099723,-1.3250503388798802,2.616706983548978,-1.7375440542713851,-2.579754940710719,-0.23051367781458681,3.210751347131264,0.8009204539836363,-1.7962789742862595,-3.9893392523653075,-1.6116960834724343,-0.700502579738311,4.307348353699288,0.9864645636456261,-1.1153363832929344,0.4534574779495594,3.647334288847886,-0.2646858854670646,-4.693186419839182,0.5628088624899819,-0.30191298699595526,2.1091098611861776,-0.3757320439997603,4.46370360448942,0.409758159798241,-1.8384885054998572,3.942907530983729,-3.4306172265336725,-0.8116399250823999
ACGGTTAGTCATCACA-1,-5.939643030823374,-3.0756697552740913,1.30510227302949,-4.740257138120498,-4.4154913288347455,0.04414774437629868,0.2695714582803187,1.453074063072854,0.8393466121731579,-0.7570164005241716,-4.0539517264640965,-1.1189115408946237,-1.9679130178632505,1.3798313264547475,-0.056888910951401535,2.776769181447214,2.115924418775224,2.020619505748108,-2.0628402039854556,-0.2588287588017154,-0.35749952803062396,-1.0542790645335494,3.40154216486328,1.895793404828691,3.495103008774979,-3.1233371400540624,0.28513945327885437,1.7293996564601273,0.9826477728062447,-1.119205373783333,1.7888320921405616,-2.5362061503150617,2.2177789099645566,-2.0322594547483126,-1.7524419996663625,1.5556227227030752,-1.4440067595503114,-2.267994132743918,3.3078361808672496,1.729110960592642,0.2584421765911781,1.6319741636227987,1.186744332566721,-0.8418370394129443,-3.369997801732196,1.3208443607775326,3.0195733752147045,-1.1325198737237143,2.144235241243673,3.0459601211912393
CTCAGAAGTTCGGACC-1,2.6861238304909922,-6.763860081509533,-11.805980450864121,18.25675808127548,-4.812329862153218,-8.219747234891738,-7.487361204041679,-1.472403892639054,0.6857229329557508,1.312112366364392,-4.22272057582005,1.138622467454005,-0.07075802500389615,3.294823014489172,-0.07228897024738648,-2.8497457994630575,1.4723496900564987,-1.3004646486714753,-0.3797598440308016,0.012257877037273879,2.667940823272997,-0.5825133684438664,2.2174752630920422,-1.72857819815153,0.01968407730749794,2.4573250831339455,-0.18102695297117483,-1.1731353998997343,0.5522700071031125,-1.5444095587147106,-2.000585716369957,-0.429498955787074,-2.2943035692606166,-3.358384509493562,1.3869860890689614,0.23146128811169217,-2.1121246936486906,0.8678193494138176,1.2293315534182354,-2.593046686053917,-0.5118153833486332,2.040274709465396,-1.0485932933514452,-0.3041924194553071,-0.6810871302987599,-3.812637939511818,0.5027348814207071,-0.3557427690923588,2.9541926252562543,0.6377701319310147
TAATCTCCACGCAGTC-1,19.559108981674587,-13.55677341029514,5.143030316739779,1.3591140114864637,2.8225278625162344,-5.552421228153791,1.262949358998135,-5.350622700778877,-0.9584495402432351,-2.5228680474424046,0.2787456859162632,0.5643910938040095,9.131358493651483,-1.1705791800959338,-1.6101791947669122,1.9920694095601237,-1.763565365920205,-1.47636813052244,3.0969738939829092,3.3394220991974026,-1.083124631528806,-0.12275811255626015,-1.7869524707090274,0.659472158901778,1.4870199229099947,-0.35342955665318626,0.9731133186744552,1.110480864258468,0.4692535562604688,1.4836199645229884,-1.258476224846716,1.3509771434120212,1.9769912456726744,-0.9935576571390464,1.1449676302635714,1.6896256539808427,-1.615423523224827,-0.866012766271507,2.3229027405917213,-1.9972298478714867,0.5399461539152981,-1.7480371447056873,1.2305888216847718,-3.706856194048754,0.6627883529562951,0.6685902973141759,-1.3948127498820557,1.604774861993091,1.2951172762763894,-2.746111013256928
GAGTTGTGTGTAGGAC-1,-9.305032750245696,-1.092238587124212,-1.6105449317585345,-5.417731699176391,-3.0988465537570473,3.389986619497639,2.0657471777672907,0.41887328441710425,0.7021264396918165,-1.9451378989319128,-2.8589901641104998,0.26081144914597,0.21790646281603554,-1.214393925059441,-2.692770680856126,-0.016555893960672738,1.0683597549829777,-0.3951393673572251,-2.8458009626004204,-1.3954993866850829,0.461510793076833,-1.4344013542196505,-1.4989031131256432,1.295655155387236,-3.3561992573504487,1.1936333749119663,0.3683649335485439,-2.4169740566665374,0.049058497798589736,-0.6939885213476197,0.5874189118902369,0.9320614403565015,-3.144228946665843,1.9905775333056974,0.48249582796573004,1.421165547987125,1.6279511903304917,0.21431187865237722,-0.6603340172263259,-1.8253692025996515,2.489712939399983,0.37971512123783274,-0.23858193642268696,-2.9144694404023817,0.1341973429253353,-3.2957120162070805,-0.893458048965849,-0.7534204265926663,-2.6289874361631402,0.5340679232933845
CGTAGTAAGGAGTCTG-1,-3.6011785491837043,2.159178004713864,-7.196874594070289,-5.53495620442255,-3.2499406295378646,0.9098790371348505,2.0440452855276625,-1.304325385031249,1.732945700087375,0.5185887707385956,-0.44374667263037826,0.30951198160801446,0.9447857385628301,-1.3185209409015353,2.0892690025298006,0.5626154950398122,0.3868926593511592,0.4536224265679518,-2.2961570939600318,-1.2298869785556708,-0.19801727590303408,-0.8289891816415998,0.2698357305875319,0.022371066076559944,1.5939877887374618,0.5715425223077486,-0.21275904319048958,-0.07198169690684535,2.0947941953642237,-1.7101010073365501,0.16357834473855998,-1.0372670290227066,0.4980382263636335,0.9476240034508266,0.4561252715968296,0.45242763981261885,0.36697519601271805,-0.521173800464034,-0.5421614729748985,-0.3963769538899294,0.6684529808128078,0.10837874910957884,-0.7589750773418504,0.5641245167943426,0.10583352279306013,-0.4408650831570522,0.5759387477317527,-0.006301964452498499,0.5352123721818928,-1.4498958636878383
ACTTTGTAGGTAAACT-1,8.064628390445748,-1.0683375621486908,-5.764352919211343,-6.574872111249246,13.771949477749375,-8.245979930390412,-0.790981369100068,14.560723726797425,-7.743828920504985,-1.1905870627277835,0.2976172722144595,3.049868533515342,0.3318971167498985,-1.5605412025854792,-0.5584598079568033,1.8452228858612776,0.36434963014233207,0.44503922771788235,-3.319475100592191,0.4679734532342565,1.363976425928876,2.242599125536782,-0.042174325163182265,-3.932530133839424,-2.0243721050642907,-3.0344355256944278,1.6881409001993948,3.589615507857572,1.9001769759830378,-1.7259872733842838,0.2738193543407488,-1.1076105201573225,-0.4773579305414396,2.0603462270745134,2.8929490617895004,-2.5287815224272205,2.5017497433086904,4.08115460687556,-1.179656373075804,0.5772704210651385,0.6785154418667515,2.7872882361358187,0.4520836929299606,0.7939010274673158,-0.22187992306361423,2.168430116196208,0.6702192969380527,-0.7988304435824187,-0.27786532949887593,-0.48757339955742357
TAGCACAAGGACAAGA-1,-11.410693710431088,-3.209527886794611,2.1740098827032,-8.57925758950854,-1.484532383481005,-5.525346537911855,0.4323856518610558,-3.8332887428059963,-2.3710202675578516,-0.9503440159463442,-0.318616776698099,0.853108601037972,-3.3954730225002443,-5.441428408583194,-4.731955386808119,3.210807135827108,-2.8205441378823064,-6.531628659703373,-0.6964994071111299,-1.64101908162498,5.8961021922141095,2.570398940493634,2.235706137232433,2.4306492235377695,-1.9213746570683954,-2.3340485184874753,-3.4985001915806144,3.3504714293741684,-1.6135496558735842,1.4215994520575785,-1.2546352448131122,2.912271811617423,-4.629932091021893,2.6697252489914725,0.5152205141723498,-1.2245518738967744,4.188933487024318,3.8654030384465594,-0.5692924943890055,0.752655409008026,1.2575430464259607,1.7210802023334704,-1.82924669553337,-1.5953572842987318,-0.874824611214588,-4.329232713706132,-0.8569629235038363,-0.3858092517999412,1.494703791818413,1.204998373358262
TATCAGGTCCCGGTAG-1,-11.077469891482487,-5.41905198136278,1.254128825225116,3.670247469444394,3.2479002536429156,0.2685439572159386,-1.7688080410773832,-2.1084905988686584,-0.17786357103383083,-1.9748417329831227,-0.6672732594029992,-0.019660690052436057,-0.03930160826525636,0.43210529168093315,1.8912914346751746,-2.972576921115629,-1.4603532930885095,0.8537218786155636,6.335224529651095,-2.1425288586553544,4.303040655094052,2.611968378677316,-1.7438670504024987,-2.270342982672996,-3.1029009929059654,0.19874906744582846,0.39892423821469847,1.4755386598310056,-2.672544780864172,0.8578837272106618,6.040390377140413,1.4876519748671926,3.322065519437779,-1.5449642665463945,2.036521895399317,2.5100804670925827,-0.7920067600043275,3.2986467111659956,-0.31258704826348527,-1.152501775193788,-1.3098233814396225,-1.6079023800259764,-3.9369742382454174,2.033267885667429,-0.12049171185049079,-1.0144068966837738,3.8239358531890795,-2.5340809564811693,0.5270472417368813,-1.1749471924036752
GCATGATTCTTGAGCA-1,-7.852628441235672,-4.466995964541134,2.4083002295676574,-1.8344591425550096,-2.346317863321177,1.0515372097473006,-2.0072861257534385,3.583876006096776,-0.740858523774006,-1.5853390661173032,-0.7739354653189592,-0.970434250468174,-1.6801000564819653,-0.5783553432973347,-1.118701607285242,-0.5773948577465384,1.5436582289565417,-0.9050681284055769,-1.6590809693319057,1.009995220672484,-0.7667190152545716,2.17110963121029,-1.2849474900280526,1.4269102511947322,0.6096868408601356,0.2134599827799034,-2.1313507946412114,1.4795653938518136,0.601637708275126,-1.5778309357325613,-0.9491627105186129,-1.1149775280170673,-2.23658670120772,0.6741258725526676,0.5041998035820517,2.8961664604207833,-0.7030747233014681,-0.3900280075021075,-0.5543277790172143,0.23398220466871175,1.1237104977917922,-0.1880373782911216,2.3269171398137196,1.1355513948578968,0.6693477252262474,-0.009938566052099052,3.092585935922484,0.4388506078594545,-2.207366060435427,-2.456547993408601
AGCCAGCCATAACCCA-1,-9.748053840102898,-6.9685536078092305,10.132389029533947,-3.813422851829623,0.5107081405972324,-8.215778482523248,-1.5242382749453869,-0.326497451393895,1.1912398098734087,-1.0289762761311838,1.4198599311536462,1.7712082315539868,-1.6541662491458966,-5.394181096435547,-5.078127276661987,-1.369121266446956,-1.496836977036886,-3.8947409064888268,-3.5476679655222765,3.84587671810001,-9.127171364217759,7.323212370909161,2.553330807029349,5.4882591666024085,1.671268618707281,-0.6523109784652029,0.006945225277616306,-1.2913413523291457,1.7065747837041938,-1.0676234251582815,4.746643603777069,-2.810344006383396,-0.036117694653673434,-2.528327881633899,3.895608406072514,2.6551490055505518,0.14953749975512945,-0.3074893385364506,4.203056243560363,1.2177457162487342,1.7364164004673153,1.5083206775686804,-0.24292197880897853,-4.509437468025372,-2.2320223434993873,-2.029924262988392,-5.848920163995077,0.2404825869542752,2.246587696222908,1.3831066214240373
TAGAGTCAGCGCGTTC-1,-11.747894660248171,-1.2076330909723139,-8.896152300362868,0.5277405741126413,-3.78736228571379,4.9638654222473635,2.171215312637586,-0.5754323307184056,-0.3514021552526785,-0.5385686403444964,-2.5437753333592985,5.3722802417408495,1.4307457853549812,1.599342514302219,-2.0171166220686367,-2.3100695274595933,0.9256967771402864,-3.3280855328523273,-1.3752155235279155,3.47320257269316,1.5809291296131849,-2.3969354757226484,-2.2143702080007066,0.7330048999864064,-0.20918036824171,2.053830123058153,2.381513689062375,-0.2169215730322841,0.05100662308351601,-2.549414387313265,-0.8949068275035793,-0.7488678004057923,-0.06447236984923174,-2.4292494742840174,-5.017873483999097,1.7919344017793808,-0.8398155052651595,0.1590569385239073,-1.2211693484526438,-0.43082995859679896,-1.228118471265473,0.5642452729766042,1.464886105723817,-1.4909703029027346,-1.4102913691879584,2.0724559579271777,0.12938038280603378,-1.100067265946191,-0.1891401969515802,0.30313346572607963
TGGAGGACATTGCTGA-1,20.310349203277337,-9.707193323184963,-2.643902325063954,-0.9522978045310184,-0.9675707705434078,1.2700231815019165,-1.131511614824298,-0.22588813375493189,0.7399090927218669,0.3276548389288936,1.5314832362892536,-1.890305085472363,2.6170133250538585,0.7009495538225303,1.0645450945225545,-0.09687484388449386,0.23322986260276876,0.5175477971796995,-0.9973039206621979,-0.09004221383866817,1.0080938870791647,1.221727529086935,-0.025726731472959716,-1.4660817338894314,0.47866302223518686,-1.0937661405254209,-1.4466276059341265,0.7114197241276868,2.1661707097297698,-2.455219131817553,-0.5759292421851052,-1.568310153511917,-0.3850968269707737,0.1126322297506733,-0.8817295210221587,-0.42172538333616894,-0.8871385569500035,-0.6182944816379248,1.7119949190716703,-0.310799021824288,0.29556197275216434,0.5930873211221479,-1.253593797379522,-1.4170789324261919,-0.628900524953795,-0.4882030432705765,-1.6343341247880132,0.3689421654220282,0.48287737384819673,-0.7272126434330459
TTGGGCGAGAGAGTTT-1,15.644572876268665,-6.11094658572223,-4.791030504185602,-2.6609823944686264,-0.6918687564103503,1.487259556724728,-0.9200142240581185,3.323121171085786,0.06829593963949507,-0.3042334115614016,-0.28639304597596754,0.5733940224831816,-0.712836389620941,0.24239251824571006,-0.8591722003862597,1.3755283512313405,1.5575254869415087,0.26050474721459577,1.5649731450906497,-0.5938110695382935,2.3378710195298105,-0.9443969457501278,-0.27026639413576586,0.6846945706172727,-1.7453829668474543,0.5339883134872284,0.9696944141735789,0.6237035893579371,2.4309792925468083,-0.9743683776410834,2.18695433594155,0.46459237233821504,1.9200833378122524,1.7089605333026916,-1.0757947183227812,1.2171412849368928,-2.4897140019045505,-1.4788446928833605,0.38619036502126647,-2.0839623360506505,1.7316071135731244,-0.964453985084239,0.9004962320219954,1.544966136181872,1.2991918335520969,-2.2996998332362955,0.6667169501124586,0.07010239352675318,0.5571458242954623,3.5579964468834215
GTGCAGCTCGGAATTC-1,16.478354494864757,-8.957170863037412,-0.23491663595474457,0.7196558549908879,0.09489486346243207,0.2085579381020301,-0.39403811162859037,0.7453523006791248,3.2153283629957827,0.39317684207744047,2.6119997979020897,-0.45943971638852416,0.2853015603395768,-0.772874169191413,0.31407099630511204,0.632613899465598,-1.1498508866462396,-0.4642124395701708,2.2886946694833155,-0.9345491044959156,-0.23607131524046196,0.7792885065223347,-0.5977679583735563,1.5922268527018146,-0.08302626181145173,-0.8363571073098088,-0.7078069832188678,1.519668413968421,-1.1167341990221886,-0.26927893456927027,-1.6659726888266468,1.568201098811285,0.6818934288199743,0.9860024279327692,2.9886389195025163,0.23344058458504435,-0.45378916812674674,0.8686199207387931,-0.5156861803746147,-1.2963601791513857,-2.5802210209752823,-3.049234186933778,1.7165013615384392,-1.5796390543426564,-2.396519169545541,-0.001311906998440517,-0.06351573276174345,-1.8019684613654718,2.0675957048151705,1.2454787552851756
GGCGTCATCATACAGC-1,5.361536367724432,-3.691850363683551,-2.0997328159533835,-1.2405918735478931,-6.114194608138523,2.082860681304138,0.4696540578497918,3.985135403527119,2.086135322111781,-3.489226073563818,-6.113636214865491,-0.15127502408020702,1.8442180496251865,-0.18503187619587974,-1.9797077595407462,1.1675822992580096,1.9108818642907264,0.9882026319071479,-1.4871263533151269,-1.0878819274530342,-0.31455023539775023,-0.6727254247280859,0.8229893414030391,1.4580666113055167,-1.5635693868899685,0.4828703241310997,0.2951460616418908,-0.7361969108436905,0.5151963187494384,-1.3246550252082798,-1.0277861737104221,0.8482591146533541,-4.870792423182618,-3.9060472446612713,2.574578139833465,3.1481034725338084,-1.5758136014691846,0.857252363675371,-0.4863875236664699,-0.07095085735150132,-0.8647159182532103,-1.1706275887151114,0.5524056488829426,-0.9105554823785815,-0.2764380990127828,0.6948813356586457,1.2477269102857245,2.3671628355832457,-0.08864142181338051,-0.9599673497248773
TGTGATGTCTTAATCC-1,17.709364674455596,-11.528771210449897,2.337525554174265,2.5557931042488753,1.0246567471254773,-1.5766533909188405,5.274229030195775,0.41911060919400406,-0.28668500496454974,-0.7086996663272421,1.1098667242681473,-1.2585884735835202,1.5309280596350476,-0.39089527095944887,0.13124915925422084,1.9174560504592304,-0.05205963126455232,-2.3426877693589554,-0.39387045720589986,-1.2183208842125854,0.8816033760142141,1.7509865218527483,1.423997042171945,0.9292394011630504,1.7433039261569099,0.3868592797860712,0.3586981588919831,0.4161712530212203,-0.906969772275164,-0.5709998154876575,1.3772924245780531,1.38044392817434,1.5128809273223773,0.6195089508619732,0.17702770930715858,0.576347372065141,2.3813051695411227,0.3261987951058088,-0.6453598945646534,2.0045370330321535,-0.21639892558453566,0.7917552021192954,0.2765081729865399,1.9283463356578863,1.0166766934080584,3.3129181531912755,-0.6972270039611984,-2.498281567856035,-0.9898964731999064,2.120838343988089
TCCGAAATCAGCTGAT-1,-7.714764968039567,-4.658164939514935,3.006866320540564,2.061726420206792,0.39784036248985727,5.600237412269643,0.8483992893847667,3.2226959320576487,1.443234905949764,-0.46585387876186024,-2.8336368758539248,0.19848409969858702,1.2671663490378764,0.21151226169726314,0.38416520907090734,2.302877582007054,1.6119407670939117,1.463756732219422,0.5902500494181552,1.068359222895845,-1.0745415726028014,2.9360565017458704,2.3599577220530903,-2.0181147594578435,-3.1131519810821926,-0.5814932405149852,-3.8795661595316866,-2.373887229270736,-0.47697521942246585,-1.08631540124561,0.2824686002429647,-2.9420951212018984,2.7111991382679523,0.2776706868668071,3.344614296070096,1.071087069646238,-2.9091519066341847,-1.1492954563771067,-1.896527061638046,-0.666759259957212,0.2859913926804366,0.4757742588889634,-0.06339148932729688,2.3183905915709317,0.6606064923001518,1.6272066287411056,3.076053465202774,-0.1859589244025864,-2.988997404021482,0.34259239910422606
ACCTGTCTCCATGAGT-1,6.7169613077646035,22.203811570388496,12.707894019744474,4.537077205032618,0.3416448775143314,-1.2419417702351752,-3.4740811881069993,-3.8394609783859805,-2.7725765445247963,1.0775276310222308,1.640505403557718,0.6366501337875824,-1.2116684562740516,0.18590064695211908,0.6333669245949755,-1.4900178991156523,-1.325641114052328,2.5274452780955947,-1.5240685608182356,0.37911483086804076,0.38551931862195665,-2.453838651299461,-0.1947000710962611,-0.2216847432789486,0.266163952048269,-0.031095294292827955,-0.37594054864377,1.4746006079777108,2.982553792771824,-1.0144817816049851,-0.34877132047766657,-1.8867744122700496,2.030417640978406,-0.29061774815423524,1.631363667383724,0.24116968718049905,2.4133977847723944,0.899059281651337,-0.0341364702593711,-2.4026504080351745,-0.5202600829631471,-0.4558765508702956,0.29437058037827396,3.9090104545089344,0.5543130681141182,0.6469627783162788,-0.7431589583344486,-0.6842644684687327,1.6179558071388243,-0.773097589583308
TTACGTTCATCGCTAA-1,13.348604658882728,-8.080396679228237,-1.1500602976496301,0.6053448367562764,-3.7088630113641474,1.1802727017996673,6.143717871778563,2.483447507180963,0.7534154551074145,2.129486759176453,-1.3499781005634892,0.8559331605661588,-3.5347239763248886,0.06264389325652951,-0.10906903636506977,-0.2243715325797452,1.8343569046467847,1.2740214822062836,-0.6533081259330399,-1.267941662529153,-0.9581826475886268,0.3981609947792982,0.59842463315964,0.2875865543948057,0.047743501141681376,-0.38672346529159757,-0.5508013435783827,0.8942820031293257,-0.018823120880952806,0.368299074365319,-0.39430350346579585,0.1439218027778404,0.5435391384824555,0.9543139914240775,0.18667968251753647,1.6641422976074451,0.7569551430106729,-0.07609830745043271,-0.03238874397414434,1.2022351846942207,-0.8739529692479628,-0.1338344941130996,0.06253695946409124,-0.7617414277069607,0.2666690888999321,0.8061489284833684,1.3089912276039346,1.623589155951011,-0.7733724999241436,-0.6450343175245894
CTCCATGGTACAGTTC-1,-2.5907816930485024,10.848450620985064,3.537215709633513,-1.9203811244403377,-6.889816069504411,-0.32451352728192384,0.5457861493369182,0.08483431428479585,-1.298761609042036,-0.4426453553212949,-1.6996114231752415,-1.2694493761438914,0.9141044138112131,1.9781232895423189,-1.7919389487727744,-1.6300343188801083,0.28578330860329065,2.1562364668703116,1.5686967003872805,-0.7693185380967897,0.6437127278971772,-2.155215674971019,0.8294476372958824,-1.270916262609621,-0.4276831820213786,-1.1161181175421133,-1.1939096833090164,-1.46022679602237,-0.6466034966117773,-1.362125117421699,-1.3832994165189398,-0.692066319239674,0.39906477222168174,0.6069391389277239,-1.206290197211304,2.189329881148019,0.2505452837207054,1.6203217880560745,-1.0846285851764437,1.2147492607838628,1.4383913407900668,-0.7405403100234792,-1.9423084665014536,0.46029933025823055,1.0640999210171325,-0.027747765752246616,-2.386436810667167,2.1042804701493214,0.6199960153075588,-0.06729153535761179
CTCGAGGTCATGGGAG-1,14.86056617717999,30.547053384681554,7.673533551457895,6.44505238083833,-4.5635406185255105,0.7743458539643776,0.07951356802122465,-0.26257291842049924,-4.576062571355905,-0.696223523746885,-0.026972755821468995,1.778711924304546,-2.458829365639108,1.0554090654160042,-0.6609271924780419,0.06014532036278689,0.5138896597926454,0.5331998984524806,0.5705142454967891,0.6893736566986163,-0.34431612409366097,-0.9680322547536139,0.11280633637560293,-1.7290055718274497,2.0800211326952245,-0.7194088860367375,-0.32518501905198316,-0.6335699147358945,-1.1966466473478343,0.9128466736039667,0.6639824299118394,-0.17852557135394528,-1.4452875799415292,-0.38527328236760783,-1.0128419968248341,1.2134617541158286,2.130337662140886,1.073762600772683,1.009631951936205,-0.9460852355028332,0.831711118728549,-0.7319155314459374,-1.8548627651696905,-0.7097394863636295,-3.251455079345173,-0.3878593848022517,-0.28485704866046674,-0.04381747597058069,0.4742496841149921,0.7384591752613382
CCCGAAGTCCACTGGG-1,20.428704138005962,-12.588105042849802,1.7339294355287236,2.1081079505968017,-0.8353771797234046,-1.1743129567588713,3.415723859064131,-0.2944125882683373,2.0309347172608843,-0.9245413901466649,1.268422498235232,0.3947159629949303,1.0604146922436264,-3.2223397864219727,-0.5652455258217972,1.0768376858271826,1.127897357999903,1.4318448044553784,-0.3105385791938577,1.2983383243771685,-4.946155340723484,-0.5596170302392173,-3.3279399246726062,0.7726932397916993,1.0293728252028516,-4.684493614977276,-0.9235284347994146,-1.8043707961309035,-2.3279445742823013,-2.236566154891628,1.6943938086304018,0.3586444877682702,-1.5999851711710618,-3.663393445536631,-0.8552575347654454,-0.49813336838488576,0.7048623873315772,-0.30338101701885006,0.3453420035853165,0.3801725885466468,0.9963922464641521,2.8113510433878464,0.3667072262808739,-0.8368299376536479,0.8060066870920192,0.13436395111326008,0.3913853282900261,3.310917067272912,-1.2747066541369687,2.7319595751887933
TGCGACGCAACACTAC-1,8.164687543491947,-8.076921154811265,-0.14823213613128125,-3.162930657630889,-1.2924003185702289,-3.8997898968462597,4.9664628130644966,2.2028390140020684,1.102339656940182,-3.1692951440472474,2.5330169192985554,2.3454028726908414,1.0078697238702008,-0.23691483764612337,0.06907704822153968,-2.175526064451265,1.0316728250180485,2.1844849037862497,1.3755182226071998,1.9320183412357177,-4.546246684851025,0.19430564809404138,-0.3121262201608312,-0.8214246464617443,-0.06461721785958255,0.980128453191773,-2.374529682617651,-2.1700727785476266,-3.1488860349477585,2.861002859029628,1.2533269277505248,-4.854889759789511,0.5616285495327397,1.0502203353469755,-0.9894723632838668,-0.8703902973800671,1.9106961102904878,-1.7510881804461504,-0.20860462787845876,2.1894023913133203,-1.411858412249933,-1.9610365644176817,-1.398471504508094,-2.8304854204306227,-2.6204654573685167,0.9868871239643717,1.8662947057038088,-0.6858477963356234,2.278862126498305,2.4167430144044832
ACGTACATCATCCCGT-1,-7.926752584208509,-6.241464484350612,10.052123899175566,-2.613214966743283,2.057614297601571,-8.833340475831381,-4.167901760591886,-0.3223488415852637,1.579431291370776,0.898358425658687,3.9787435230779056,-2.5275805102966458,-0.2782603401064662,-1.6654428241206827,-1.5620135311178571,-3.8829599075730727,2.9707194111709843,0.8552891088916916,2.659204389366001,1.326299941147023,-9.180372695223,1.7364693982217707,0.04310339988684908,-0.4623137143276153,-2.830116885156064,3.286589579376812,-1.5302531670866129,-4.199567828598157,2.402877481615058,-1.5664335622260253,0.25407484775738143,3.1117270931068886,-2.678752782874744,-0.7480780205636623,3.3289541717922524,1.5769402867531739,0.5427148137099138,0.48458186185352364,2.038072723992615,-0.5083966236916726,4.815893183009399,2.2891201260144074,-5.066041365527988,1.9201978029863078,-1.18855300573495,1.3986353274399852,6.446386837961657,2.6392921035451016,-2.0013426558520178,3.8242732238485178
CGGGTGTCAAGTGGTG-1,-5.854542747500928,-2.219674434429377,-8.282001718628631,0.18038922290205966,-4.464832658342643,1.0528483558952748,-3.125822329386003,1.4461635233062924,2.5041576645980053,7.012893431625221,4.834735660665219,4.851125865856578,-1.5019014037201261,0.6246853466131986,2.6629539523423955,-2.822668868756594,-1.892570618885813,-0.8275086732621364,0.8242363532055736,2.9006705489599716,-3.971704402616116,-2.8727139773496413,-0.7244872474796312,-0.022524253439946233,-4.056419589106347,-2.984083239638014,-0.6439724742432791,1.038238820011586,-0.09344081592977506,2.556078800764279,0.4377015060063209,-2.0316911440447707,0.8280663446486416,-1.4522121600998739,2.062769509446712,3.2860655361145668,0.3066259224600007,0.006252705870917873,-0.743522897559219,-1.9838907139464288,-0.8111976948592509,-0.889822143177281,0.7483982016584353,-2.0400133698301492,-0.6078872580349952,-1.0399983001408273,0.049923198203889005,-2.1190386418178577,-1.4041313385079857,-0.9383235076206341
AAGGAATCAACTGGTT-1,0.2167962003277912,-5.80441454847487,0.17963968090204058,1.8528357710699197,5.219737218855944,6.619933223986739,0.2729687444348963,0.5862403893994957,0.2744241047705539,-1.492866490497356,2.1264985322453005,-1.7789812162342533,-0.8581067664410221,-1.3676188976075148,1.8061824545398342,-1.175942752125696,-1.7161211188298042,1.635123652866765,-1.8296694793761605,0.96609209127079,3.786605720147706,0.33685103265022576,1.3385290530340879,1.5317995118126755,1.830006962251308,-2.5802031113160897,0.18906229641693428,1.2789226727909377,-3.8886914250788243,-3.1444001864261493,0.06082589490274584,0.5972980821877614,0.16535259210563483,2.268088307845787,-0.3145919811926886,3.824978663639797,-3.3681454449428645,-3.0162354628744894,-1.838811441061301,0.930742205368791,-2.997458211995147,4.027428685459607,0.8187950183421344,1.2725757110643212,-3.1017892307161485,1.4120651114841454,-0.8026537363509442,-1.7736910259095624,-1.6597260223471164,-0.06107069944266857
GTCATCCTCTCACCCA-1,10.751365619308952,0.4225852283985554,-1.3367668945515283,-1.5483604310932895,3.0698273890029775,0.914261164761254,1.0877091320495742,-4.525871843082117,-0.7267656789240267,-1.759343120524831,-2.6295630257526357,-1.3282676361902237,-0.47603811293224335,-1.4058658709582943,-0.7415351095621987,-2.365521959692915,-0.8610908453558384,2.232026486977855,-0.6618775610891323,-0.43899216959261533,-0.3708045244675262,-1.5951579971350582,-1.934350330086775,-1.7783168214262546,-0.7965776376186561,-2.4473256374141146,-0.952934271393443,0.5617593172109788,0.3553906542907846,2.7057788500136404,-0.42130338164571324,1.1241600153548397,-0.8095199226232123,-1.2814033555630724,-0.5300669384433683,-0.5784371657671743,0.39401979955163113,0.2866042178917659,-0.7836508151411928,0.6098016781271028,-0.5261862033848057,1.1112243572617826,0.43737250997775917,2.5921811795970537,0.4025218319735557,-2.274357447360523,0.6759728050805056,0.12251424095239168,-2.1823892267063325,1.7182719437693947
TTGTTTGAGTAGGAAG-1,-5.160206888423298,-0.9686251731369229,-3.879252001755283,-6.872015219024151,-5.89382879390941,0.8587034276375446,-2.6108602791868134,1.5322758666347833,-1.683917054749369,-2.07314629405171,-3.295690796220621,-0.15335115403800237,2.3885281060758143,2.1527447269874838,-0.749377685856098,-1.8023796016748577,-1.0272818337623886,-0.48740310875925225,1.3386220981496284,0.3644961475032927,-0.3344326386941596,0.3636915419144253,0.23660324363186927,-0.2811871168780366,-2.059472119482024,1.665330052992788,1.484929927952602,1.1393219002717057,-0.7870093699894672,0.5230537996469155,0.8643317889772533,-1.022173478588232,-0.8702981120346954,0.577549664667378,-0.3580030869251238,0.5794046908668291,-0.5552116432203897,1.310969218662193,-0.31281200934699266,-0.6248094333640849,-1.1642547989957832,1.2436853301072897,0.0391848883326814,-0.7018367232683828,-0.23558455060860395,-2.070775037872123,-1.590492192036873,0.8297054509970656,1.7253104694616543,-0.1894523634871252
GGAAGTGGTTCTCGCT-1,-12.11063187021348,-2.090274937833991,-2.6861729608929044,-5.6445086329780745,0.17691603044470958,3.6815414401634663,4.305126349995662,-3.787486843893062,-1.9398856050465243,-1.1364437153236346,1.598272255363297,-2.3579000208184255,-0.1948762263472949,-0.46730414092084704,-1.9903505819872076,-0.6417397180137828,-3.4531299237234685,4.971206323780735,-5.660704513544958,-0.4243326537108887,0.05667935832873251,-3.003853726460073,-1.3714386217883288,-1.7064715488416218,-4.844211552868798,1.722672952839609,1.5527015149539873,-0.32274522680164175,-0.3564274887778925,0.02652339360960532,1.382716765492752,3.0044014262285343,-1.5531361510590154,0.010902412753538255,-0.04735025375556412,-2.4700424753229306,-0.2691191447117361,-2.875748830890901,-2.0158861432209525,-0.6325160161848837,2.423969187507669,2.2918175660663724,-0.26555277751815415,-0.2715786156338077,-1.555628842819504,0.8040910270561256,-1.302126757661452,-0.3805824677948668,-2.4558443590883168,-0.24259087095364504
TAGCACAGTTTACGTG-1,-14.290555096555883,-1.789515423387743,-4.034543751613367,-8.696354327046759,-4.972987778371692,-1.9062186495246016,4.894609460721887,-3.129413421967144,-3.3677176205237136,0.6638836178925481,3.1364856887675634,-2.3123007082947273,-0.5195686561543147,1.272228576084927,2.710351165030089,0.43816143978929684,1.0147487844614067,-2.4241710145001343,-0.6310022339538423,-1.6620399430605604,1.1653308877059647,-3.1879527165692445,-0.8023611051142873,1.3516032700709302,-0.5427115816312847,-1.2823725922166436,0.06300840921577912,0.17101429807911522,-0.3686457839896401,-1.4421755731092265,-3.4152170299348343,0.2519937144415679,0.8797983364757982,-0.3092146363370033,0.376896380126783,0.2641753495347633,-0.8467928344960552,-1.9377138257603506,-0.5156432065541096,-0.43467365067089075,0.6366984721102481,-0.24114581557812748,0.3221692979309846,-1.0853408012348411,-1.257271237047302,-3.4646373601000455,2.000378045381318,0.9140318184145734,1.6729216081619067,-2.6665318216790723
CTAACCCGTCGATTCA-1,-0.509899165660772,16.098310207612972,8.376224806392093,3.0055589004671495,0.693834283850207,-2.417818463835796,0.9372605255501358,0.0790472332033068,2.665131569257082,-0.5223023111610098,1.0068858647171626,0.7095341897896499,-0.20531379607462225,-1.20284623463744,1.6311131413895015,-0.30581060486677125,-2.1682782427272254,3.0079001258151106,0.8379735015153585,0.06017375927127593,-0.4091431919303414,1.1058350168502926,1.4356519493664113,-0.519412803979018,-1.7507313030001876,0.7473660639720732,-0.21403037551259627,-0.36553355005721694,1.4658758846755826,-1.3422200630000511,1.270496725991871,-0.19982678433190465,0.6756556297093164,1.2874703376290957,4.02009337663436,-3.381432957264283,-3.321528827443203,1.3961212822364415,-2.2281084688202735,1.5398282188758565,-0.5292867537370268,0.3626580317640033,2.769674715195041,-2.0818498363354005,2.3946874834336795,1.3902499703620037,-0.40116231138252956,0.1481230760910944,-3.727187764801802,-1.9796620298221181
AGAGCCCAGCCATTGT-1,11.06803965346957,-0.29046053577923675,-9.472082602388546,-6.8739550294860265,12.78075761367227,1.7316690269090738,4.498972295088636,-4.014539582790983,-4.687272518728621,-4.010667652036963,-9.270703139117009,-5.067798301555546,-7.180083444821533,8.034868145692581,-3.4917431372001912,-1.3083847532109887,-8.504729328159458,1.7543062644896485,-3.618522481820925,3.906151621175828,-5.428558282028049,-0.2557533992269056,-0.2967288751295987,-3.9099401583282063,2.500137509920967,-0.09688792483242455,-8.313695989994951,5.488368564451339,5.839688867547752,7.73980902493354,5.377229643961591,2.6542298991470186,-0.858380276716888,2.830470694538806,-1.8743636345791241,-1.3758559449262846,-2.0182967747030167,1.5659486929794242,-3.0399709493575235,-0.5497942824116846,-1.6102245446642944,-0.5669371847023918,2.110643742001677,1.4760764481100883,-4.698926670444143,0.8390798106479038,-1.9372223950486052,3.8567200597427456,4.659459633912252,-3.298261291713443
TTGCATTAGACATATG-1,-7.853077745601533,-4.579022106146666,4.615997854634073,-2.40868031091957,-1.145213111493118,-1.8671213414589884,1.2254163500310342,3.0197710296883415,-0.5390663610150427,-0.8222744780899999,-1.8161039775669303,1.2422700573219831,1.669330652667129,-0.11582659856760077,1.4058462215464236,-1.9205128200720356,-0.33510195025061607,0.8534253521607914,1.023716783660509,-0.3501140400335418,-0.05956375340648996,-0.029651364304778077,0.8143842504197804,-0.10453516019280945,-2.3153080292849757,-1.6415195894003152,3.9885054081058304,2.201376540984507,1.202458684724389,-0.6936118990193632,-0.15071721706090427,0.9372733892163564,1.1266853931151122,-0.1970901361536739,0.20508405443490316,-1.837876098327895,1.9083197986704517,-0.6591148463422993,1.8084488459596542,1.2229000824217764,1.8260938920972285,0.06316598312663133,-1.5638937237619135,-2.7394510037051,1.2411555432613322,-0.5011014600146237,0.7463648649406965,0.8951577876049635,1.0961618043159453,-2.638634248748002
TAATCTCCACAAGCAG-1,-12.823857351083715,-6.620631449781076,7.027462591029462,-2.368049079641176,-1.5421133260631203,-4.887040217416469,0.11975700603480002,1.3732338151744041,1.1300434939858979,1.324479739332329,-0.3163465703144491,-0.8667069378838808,-1.35136728060138,-2.8526322439441936,-2.5010236500449365,1.96259954783959,-0.23041647370767515,-5.5616313428126345,-3.582412353663356,4.57444843600906,-2.677305877938839,0.05605697055119931,0.1270371803696317,-1.6101875056574158,-1.5783118010642503,0.8241363596509791,0.5833927794431255,1.1797428039236886,-2.3090031749275686,-0.452339373594155,-5.911839881822559,-2.598363889924211,2.5612694776925475,1.3507449606563602,2.996959729071916,2.763808517449896,-0.8118385334395666,-2.136967019698921,1.1690804458927104,0.8838296056979084,-0.6988004693172043,2.5050992611039336,1.8432352524056423,3.971911269095134,-0.3696842675093303,-0.4501816975374571,-0.21090965939591455,0.8280942785952339,3.3123577583565065,-1.3852322873747402
CTGCAGGTCGCAATGT-1,14.768461162720309,29.191526521037346,9.171458795251807,7.411209605590859,-6.794172166855416,1.206355788109783,0.24087968514895527,-1.2458087718114899,-6.862560510889001,-0.16122389336212983,0.38678142212812894,3.971491121846861,-3.405514315776872,-0.19710199906586298,0.2076363851617356,0.29898019345341464,1.0629313359495294,0.26435530496477855,-1.2408525091599034,-0.7632018330963437,-0.13609419770192335,-0.9037164944986503,0.802797848365858,-0.7119229928733748,2.2422101035409114,0.06566579177471199,-0.8920569291946018,0.17439984917933624,-1.087247423833193,0.8765794675888552,0.959271817746073,-0.4563514486671244,-1.186444405008804,0.08432104046936457,0.39550145743106063,-0.5166024109457561,1.4709525570759643,1.4708944947763758,-0.5134897079297274,-0.12825818337005138,0.6819641763412151,-0.24586748965859928,-1.4127355773202928,-0.5396709199835709,-1.1547551627430137,-0.40886253543136103,0.9945774879605106,0.33606894894575556,-0.12638869918004123,0.5636390504025958
GTCTCACGTGGTCAAG-1,11.574881597594201,-5.883285216982852,-3.359193200090208,-0.7649956851598227,1.3880947132750818,1.3119131679324896,-6.89967188367536,0.8214649409833594,-0.37007049320700874,2.2787582543139275,1.0325065100793749,-0.8037205839152126,-2.9847671296567753,0.486826736760319,-0.9874234485610851,-0.10628373533868264,0.45329092817420463,1.0482604671293012,2.006245623210848,-0.6736959618414307,-0.11610360339542515,-1.1206281156103899,1.2421669421084847,-1.2821413742749408,1.418181949441275,3.7193411063495074,-1.1715269147694014,-1.579572798648579,0.637511457498124,-2.939939092831607,-0.3834041230516729,-2.4450419120498963,-0.9552961473653414,-1.7425544543893463,-0.9342024599731142,-1.1544578223250208,-0.6518379943573244,-0.4308982529828364,2.9883659377351224,2.329646368940068,-0.5368488875258245,0.5883720260365419,0.2593716468123349,1.2393218540327737,-0.38730454272292036,1.7381704663645408,-0.8618235091073868,1.276705921705308,0.146708692854669,1.4886091012872793
TGCACGGTCTACTGAG-1,-2.047264243849481,3.4260875505817716,-12.614582947835672,-12.02702094438701,3.150573508547475,3.2719486255600536,4.013616778920235,-10.261011874451812,-1.7544357104322004,2.5724327494887285,1.6441824053484582,4.7928940654758865,-1.243793811106369,3.219692406913392,-2.1289381854014904,2.3081154637401164,-1.7916800568858746,3.2194554480236492,-1.0332346348409367,-0.9555278302579077,-1.8918316655520022,3.4601513493059963,2.2097272349405084,-1.6438052326342232,2.585753758270275,-0.3621066472695193,-0.04305750722835368,-0.6681601820271046,-6.342638999990169,0.519359853659584,-2.163754195709186,2.165177658891786,-0.34833247791881433,-0.34294621528764146,1.048481784093649,-1.3980459215601626,-0.5713809127551238,0.34805627001747047,-0.1970311040626934,-1.900069919609041,0.8278134645024969,-0.43480368366615024,-0.34971592765527737,-0.657687135816649,1.971168116697298,0.42080632728136874,1.282874535265718,1.0437268063688296,2.0577961206437663,-0.5768032633789504
CGTGTCTCAGTTGTTG-1,-9.675431760913739,-2.021726911404275,-3.587256234419819,4.344833508926283,6.827989029395088,5.374262707257368,-0.5350916588326818,-0.9783872880136825,-2.5102280742823995,0.5179615330385606,-0.8270435873309504,1.8608655831956975,1.3155698461165068,-0.3798862472171165,0.8890255658986975,-1.7760890417299344,-1.6185348551177268,0.921379969919241,1.375887632709544,-0.5204660394678781,1.7877776100417067,-0.9519189119767869,-0.07251256721406416,-2.1896361304597924,3.395700809169483,1.261381121704395,0.2796177907912364,2.0485223647609825,-2.1317747315679925,-0.2853544454469062,2.368771845336895,-1.7106860621917137,0.22921100851469317,-1.6476490131424761,1.1905069827682841,-1.0684886425767866,-2.718188394322198,-0.7868244671561744,-0.679162476963903,0.9822543708548549,-0.06916203613754299,-0.1811797536300721,0.6115574145599322,-0.597584298658301,-2.298625755694902,-1.3559027046388277,1.921916016483832,-1.892906757358519,1.4310705791503695,0.7351490748517033
AGGGTCCAGGGTTAGC-1,-6.986719427863095,-5.674131607590729,8.341840232618972,-0.35951927571165,3.238227415661159,-3.1679831572583224,2.726249973296079,-0.6278825820563412,2.3152775670293173,1.1385245535853192,1.8565761130141176,0.15648345867201416,-0.24745319633183127,1.318869128681711,-0.037547736491593965,-5.567845356961268,-3.288567473028195,2.9275234526137632,-0.31043597084160074,7.561887788682139,0.9962823591051093,4.661039689276403,1.5561491452252474,-0.7389058602446605,-0.36591875995940665,4.671394840968451,-0.2478944969105537,-2.1555978757923495,1.722354197352906,0.6718062900152565,0.46186274442424086,0.2788614607659576,-2.884353423008732,-1.4660848048207122,-0.11122140736675665,-5.87125737080341,-1.5775048309195383,-4.667135875273875,1.678586224613439,2.9937118732549868,0.3740279296088436,-2.9806962403640376,4.408469535610277,-2.112533080482577,2.4391419169940676,-1.2234745204786734,0.9914665958458523,0.956123325777886,0.685517251729218,-0.6186286528616465
TATTGCTGTAACAGTA-1,-12.6583938479291,-0.24522679305166753,-9.420173836240174,0.4847070584359853,1.9514277901934098,-5.127926906422189,3.2707290555271284,-2.7245874247126833,-0.009059713996776218,1.695486994034251,3.0342342027885816,-2.4025833785385506,-0.3645688999849662,0.13550814886012003,1.1434580151546532,0.1845601664196617,0.12915429779186455,-1.412331672764954,0.25488333523008677,-1.3707925857241035,1.0390607502656397,0.8906249981699944,3.57913971596518,-1.0100246897748084,-3.241517287641568,-3.402889536596146,-3.250940263199132,0.6707276059845004,0.8597691413963819,1.7930357496983134,2.83889431649697,-0.9974047303671,1.3908011900901753,2.807359904231406,-1.543712358918251,3.5621568220430198,4.23573124711833,-1.1943410478623009,0.3111592625668328,1.6434841583114497,1.6510377762374635,1.0847294262082359,0.8690307311317117,-0.6055697652169991,-1.304243262963567,-1.8192972061777142,1.4513539982966874,4.212597811500829,-0.5878267414248406,-1.4052440226691534
TGAATCGGTGGTCTGC-1,-8.875076186098825,-0.34540342617051156,-9.33340241894815,-8.640067425704956,-9.592033559976871,-1.4256283413291828,4.834237257532215,-0.7285750765444573,-3.975304303204726,-3.8502267905593137,6.057100969908998,-5.138955465905646,-0.05762001798114545,-0.9309631307624118,1.478874368136015,2.028477438783823,-0.8124469681872518,-4.790834338647814,0.44861617804045956,0.6574276859616723,-0.12451408328696865,2.9823406292794155,0.8212026308021227,0.07452179300645337,3.1909428740959584,-1.96295832611007,-1.1251608870409753,-1.2201000009149296,0.4551246043241818,-0.1443258961701081,-2.148937139563682,3.8962619826382885,-0.357601794835313,-1.2338923659364678,-0.6141101385090849,0.16501926039393833,-0.7902143183581273,-1.9748289301444204,-0.13438749985445472,-0.3676110858044045,-1.31330888281774,-1.937302326845771,2.667009800304471,2.641715666056562,-0.5602764149653239,0.5916025086055559,-0.6566885903155022,-1.6478909007810338,-1.7784735663426645,-0.5959234141026408
ACACGCGAGTTGCTCA-1,-15.086407166233224,-2.0898533201697456,-20.03419489629731,19.90680326403251,-7.000639082540782,-3.029672184680309,-0.08631702495985388,2.1060354131446406,-0.8767514363335952,-1.8746637830751458,2.5869762989366256,-4.295317676546227,-0.1295981525391728,-4.08094651029224,0.3719874004823111,-0.8311842832537601,4.466750215786095,-0.11877914331377383,1.2884816120948408,0.9481266835606403,-0.4666669154310005,1.0392823995735085,1.5760891364838172,-1.9738842551340305,-3.086706178825221,1.3918473612587339,-1.4616186983768724,0.7430085254587129,1.5952423151390143,2.2639912340617396,0.6900989629142296,-0.36699470972200154,0.4498544938678848,-0.8887012352348881,1.818953438143148,0.38805209978048266,-0.8876617448621975,1.723805439589584,-0.9849437816588575,-0.8544735743439209,0.27588025723168635,-1.59744111865201,1.3500274915055301,1.904677375313846,-1.5711669694173602,-2.9358515150356768,2.207265231997037,0.3389574626744598,-0.29808622012729846,-1.8953858287698488
TTCCACGGTGCCGGTT-1,-8.289355183586583,-5.757803992789276,6.87606374219068,-4.196040602626822,-2.883861387855315,-4.68851727134929,-1.8159796198206708,2.573519491489885,2.2527036572975208,2.2149909216689982,0.7523535512447326,2.5569440146955347,1.132812877546768,-0.2464107782320649,-0.14603171929109443,-0.3774929500135726,2.377817412646218,1.5486668900846317,0.8842749631094866,-1.840245653121919,-2.5982616654083777,-2.470612266948879,-0.9450434531944599,1.209491957255051,-0.7875857942166974,-1.87879483889645,-1.7365782799381955,0.8408311566960124,4.818460910534449,-2.6083782783811933,-0.35307758259512106,0.7478102994388849,0.4119950631601991,-0.7963228525411234,0.8975805735252843,2.0785435718243246,0.8124798202332725,1.1262964847981185,1.648179655497409,0.9533526660034177,-0.11665687306565597,2.555347236918174,0.5079985561658751,-1.3585487852963363,-0.7196908150793969,2.737691658386574,0.23456901219159593,-4.881901692145798,1.6723198492965339,-2.3237281200331874
TCCTCCCAGTTTCGAC-1,10.561264309051136,19.345861419058767,-6.828487091008944,-5.878851205351319,7.803586637061585,-0.8904869732916908,-1.7790593238753407,2.2854574859378913,8.885069337105369,-0.7264710254677421,-4.0024921677882865,-5.600841086149928,1.422381834037474,1.7376814825672733,-2.7959044540910107,-1.9603285580345726,-1.6001162992079023,1.9350052398415083,1.1503535894264802,0.15957625444038037,-0.9881913789629235,1.5300323188903977,-2.4625190813802895,-0.0761283281504957,-0.939202731545996,-2.00511160631916,-1.468982694619415,1.9199240682982364,2.1282227902647994,-0.27703068461661645,1.163655194544941,-1.6535171616482056,-0.46550784555352026,0.34390158145631317,2.035775634627209,1.2712698929462882,0.8372635089462471,0.06517607184354465,1.8777212066030209,-2.9028350600914625,-1.370277884369515,-0.4144527333226387,2.5613052330011454,1.4544497054941663,-2.4949266609137632,0.7605510066745738,0.6618460559324993,2.6476607954167384,0.5553519943165052,-0.32423988556745703
GGTGGCTGTTGGACCC-1,-15.794908554700331,-2.282515338202423,-14.639577727975118,15.180489839936861,1.262045748602973,-9.847323814040774,2.266752479571486,-2.0521585337655197,0.9256409225084278,1.3833706779605406,-0.3823610285344584,-0.2610739734187226,-1.3898202006551135,1.765349384165494,1.4327771714989435,0.1489062273640143,-3.124121662493678,-1.8369385020813065,0.45025567518966386,-1.5027181439309656,2.871334932753313,-1.2774505952614585,-3.0959361693087137,2.3518227165249184,2.7607977010223186,1.062963289397916,2.67271440679583,-2.2893629676916682,0.4841541642207238,0.5131744246445251,0.18304383202311547,1.4374144144484724,-1.6043858292941473,1.092479348417078,2.7417907804528032,-0.06358811578260697,-0.2822138429428539,1.25111344070483,3.2945692728224962,-2.2434342824988756,0.2276079268506903,-1.8019042099637894,-2.0628684124477403,-1.7704059855960947,-1.5089522706963587,1.1374034907711386,0.012644449965091356,2.6569250418905788,-2.8271081016761155,-1.4311436269954765
AGCGTCGGTATGCTTG-1,7.242744339668556,27.287512069109958,1.6010536280608756,0.4383805735824266,2.465327376632958,-1.1217829963897812,3.440370797817441,3.097023361640363,5.1323580825052835,0.8171394558354543,-0.26211192548377654,-1.007273069527776,2.0383888862498942,0.10862593578724247,-1.4543039835171323,-1.369544399636733,0.20559943289452087,-0.44411644944867995,0.4808518775166911,-1.283037521118376,0.16287683060051408,0.7687734778339661,-0.05612802227222704,0.06679352774566262,-0.645257568064621,1.5229968620235745,0.49698348410462145,-0.48547309056976806,-1.594175010380207,0.2540690258417546,-0.8019065439269449,-0.6599989882518827,-0.6201658846861242,-0.656371226005622,1.6943394841110364,-0.1947516661260398,0.1266977724703339,-0.38558683887789086,-2.063951539407243,-0.21119291768769402,0.7557249404557124,0.6985258852252396,-1.5318934610924677,-0.791805835840658,-0.08148367453479292,0.8939202151714064,-0.027610825320997404,0.2719323720074924,0.14818729781698878,-1.680123162317707
GATGACTAGATGGCAC-1,-4.135270687573975,2.7735597962375924,-12.282607884460415,-11.134508754708111,-9.907248833643017,4.867316413334001,0.7442201163558549,0.5328303827677685,-1.6305504148211516,-0.7777871888616174,-7.709540931232744,4.217654799426699,1.8312927661266585,-0.8334232971012987,-1.8642105503070825,6.110159535248707,3.442680176302157,2.275905339704571,-1.9666500170655616,-0.7366649272188143,-0.9546115273268275,-0.21164282169687798,-0.6772690565743474,0.8827094746945543,1.164427949953221,1.7927567487714942,1.6316267440403887,-0.407291362358563,-1.806696884611106,0.1410745657867185,1.9829728762450771,1.528788629110239,0.022603412191134813,0.4564771508611661,-0.08901149242420783,0.9367568184705009,-1.3972442216784595,1.1874418813830552,-2.5398866605872565,-0.9290833095618966,0.44843795662196934,-1.07839982162095,-2.005244645844656,0.10306269614645792,0.7440620953920324,0.1467540462204945,-0.14192614761502678,0.44397869137832846,-1.1633599994450485,-0.48063534778472183
GTCATTTGTCGCATTA-1,-5.506945467558131,-3.583642810958958,3.0093292432584606,-4.220910751682281,1.3924599375369497,-5.338488433825222,0.37167829798155455,-0.36733085660887016,0.20059198243825463,1.556412554620683,1.2080256266153149,0.8116072913150699,0.7857855741815221,-1.2226602427843396,2.542575299568588,0.6717360140139318,-2.295058342112715,-0.2554582564544077,0.038736709688245614,-0.23477549361108443,2.5677696736802322,2.9088749381099333,1.8235917595466573,-1.597266771138434,2.5285416418651403,-1.4804860169702345,1.385112423379292,2.0796501005757433,3.804124803140359,2.0312948464115634,3.2527240571631157,3.4456111505002394,-1.27785067591521,-1.917478852924255,-0.11637817109767422,-0.2808817654318141,2.883630718510873,-1.701622871096958,-0.3751395790774207,0.35827017828010715,-1.44543639210091,-0.07124366235915593,1.179400163764213,-0.22235928255145687,-2.646681108182438,2.7897928716900364,1.2889668082833217,-0.7186023057787374,-2.6409252462247834,-0.26374489866236084
GGAGGATGTTCCACAA-1,1.3172135781375458,-4.144618366111473,-1.9409870759817638,-4.903728069660939,-2.828527525531965,-1.272497985386986,-4.03562379220678,-1.727251169404067,-4.108385139727648,-1.0260566192740637,-2.8358887903522896,-0.7146442042801101,1.994983277093181,1.8261193307970096,-0.6019369664113251,-2.1487450481951753,-2.2922967014218463,-0.7047156511628712,2.141127080046743,2.6819814413250675,-0.15823346438029445,0.9886513551973902,-0.6064282226105343,-0.8405624286368216,-1.0849245331193522,-1.980628031708817,2.165638540445432,0.17917747590698238,-1.2359927372993753,0.5022509228234583,1.3976856650252445,-0.75324399536811,1.663799523618361,0.42748634066121655,-0.8176470281684277,2.366868686051508,1.1118429818135873,-1.7075439863046684,-1.4877142875756248,3.116090917436496,1.6296429002419903,2.398625595378812,0.652156595820451,-2.4991210367233387,1.4061798786102462,-0.22244666866648544,0.0015976389933944509,1.9490330703238024,1.2678790440766519,0.040541058794275255
ACCAAACTCATGCGGC-1,-12.0568317828594,-5.432290486894789,4.340103449731669,5.569084381256589,7.291309573887857,9.244294959218347,1.9458242702964341,2.0873205326496156,0.03804663664651433,0.7360047259032334,2.3076402570521477,1.7725454223376917,2.970160450480841,2.2363829631547456,2.974584156135437,4.223953910308576,-0.558850091081746,-0.4104182194071928,2.5018274546586596,0.7045719137562715,-3.8926426303956148,-1.6721075334344342,6.376115342257012,-1.4365692759829436,-4.290245817463182,-1.5931807311265767,-0.17584620272221074,-5.176202545048749,1.8841443767479136,2.178353386926982,0.6859402244367239,-3.852992375429455,0.18009460926264895,0.7087724336990994,-0.0026014485794257974,-1.263914719208632,-0.07678510777230514,-1.1744028585842936,1.2174453732384454,-2.2000732894417907,-0.34616618856050113,5.105165546854319,3.2907074765817868,-3.1911184565340704,0.13016650549760142,2.1822276144115462,-1.6305805127276947,3.6634982228849906,0.7871569531598982,-1.1900911395949276
TTTCACAAGAGTCACG-1,17.096508903095447,-9.76513493543537,0.439510599470395,0.41403862645110917,-1.5327897176278376,0.6448567218994902,-0.8808822158048555,-0.7848177847779786,0.9522685578489609,1.5818515606984624,0.6985915717724734,-0.5065076836546125,1.8450601514427232,0.4298838423825244,-0.03772768417835049,-0.165270199848679,1.204679286107978,-0.5011585957023061,0.04020769326378509,-1.0086630295726435,-0.15634156032853558,0.027629021082951444,2.0941340570523113,-0.7861854898569146,-0.21520738310602863,0.925071220735875,1.0497811623804743,0.19054367965827282,-0.022008336926589232,-0.5824125017262718,-1.1124181021793111,2.1340838103238235,0.8521677262478407,-0.8157281939141383,0.7797741590198369,-0.7544359356151245,1.687152973374862,-1.164325150422988,-1.0348207673838918,0.7090910642875468,2.1688766473185863,0.5673657633939838,-0.8193343556641598,1.0543476534219238,0.6067783436567814,0.07188301640453817,-2.0289927414658573,0.24610231325499787,-0.8898892750198146,-0.5723735829342115
TGAGACTAGGTTCACT-1,7.183215298171938,25.44978423688295,5.8167776656026495,3.5864757087021046,-2.712462108793391,0.5217625774500976,1.5841983526068262,-1.1276667171087829,-0.4505458526429318,0.9998459192816413,0.7968978467979053,1.7079933379774361,1.2879747996171884,-1.4579294435931198,0.6444477887703415,0.49515679774472215,0.3019748442326661,-0.09996762408899891,-1.1031961497985254,0.15396777464147127,-0.21610365458817932,0.050981290629429965,-0.3362485919834836,-0.5219878014848071,1.0283246015379888,0.07972103936375799,-0.49727927034666647,-0.2852838197725923,-0.5270651049501467,0.19954132441319575,-0.25181649354483443,0.46966906029071875,-0.27821130847871817,0.3171694136131396,0.5185445013024127,0.15476190442771018,-0.05398400272671468,0.023451835030706067,0.03110679226840008,-0.1747422713612981,0.6605792970367209,-1.044347152152126,-0.5816245850812313,-0.5723894739523386,-0.47549535909954815,1.2271336423694352,-0.7191215376361079,0.7023681776974147,-0.28185380727980336,-0.4344774815887589
CTCAGGGCAATAGGGC-1,7.849352115621995,-0.487752784690127,-6.912489449562587,-7.8563019296470795,15.879488808361742,-9.902506017919912,1.2964535440443634,16.68509175336872,-10.654333513966012,1.2093572386831668,0.9943649864697945,5.36815273686331,-1.8359042545470337,-2.0594755486024563,-0.42688285288631694,1.0309474559834662,1.6231221409980792,1.346264633761741,-2.337341572606821,-1.3458923334641197,-0.33750691150184264,-1.9131073603442605,0.3378702318358394,-1.984444348396864,-0.6762688663556462,0.9773729645929539,-1.0802393406118553,-0.07466421892778764,1.5426088640896485,3.377065837022347,3.0776560391629744,-0.35799824591163004,0.048269261107455816,0.0487106218294034,0.7421638370558963,-1.4117968402907182,-0.43789236471909193,0.3944450728685321,-0.7719258048210688,-1.9576371424625674,0.8137569022431261,-0.3705557572445465,0.10162441713559402,0.4264037032968001,2.750042207040649,0.48336982566530706,0.8825510662655455,-1.1495077020873037,1.7527631845384954,1.2025639539140889
GCCATTCCACATTCTT-1,12.954316358716527,-7.029332126755187,-0.1284017217883553,-0.3809038091807319,2.4856413968959705,-2.1060780535094925,-4.942619482151227,-1.9811653702086867,-2.7528252914928593,-3.6777898838923306,-0.32728164263959375,-0.958722227469693,6.774418696557894,-1.9052682554191398,1.5309036231887074,1.6174287753830132,-0.6626426158103214,1.8629056325205444,-1.030641135668814,0.49991003415651847,2.3114502952201286,0.37512028366081207,-0.25507524516234004,1.2974946538890548,-1.8737767538204042,0.16192999631019758,1.6603074589907194,1.213464234638717,1.6342520771553695,-2.7667255240117936,-1.6903401861693745,1.8472542487600243,-0.9278073545350322,-1.0282312344850304,3.8220183866233786,1.6768684011600505,0.20833846534260964,-0.34569033583276537,-1.9245770844699637,-6.7124596073906115,0.7113584038872908,0.7369479609330365,3.069697506917895,-0.8338690889377011,0.7723900663502085,-2.646150077885382,-0.6077913801697039,2.516857377952433,2.9064607451462665,0.43393079004360763
AGACTCAGTAACCAGG-1,9.250451074043541,-2.103553395756031,-5.506298205579683,-3.548287921038427,-0.168727992294949,3.3704843144593535,-8.805142022160252,2.8119342296036782,2.212195258896059,4.323807192793693,4.812106522478078,-0.4891392296519775,-1.744526209828412,1.6784554008564883,-0.06266267102295382,-1.09593726079201,-0.9701050980898227,-0.39024062309310875,0.6408820448171201,-0.720929722088102,1.5189416322418285,-0.15459428924077018,2.2782000098238915,0.9008032454326859,1.2859850953029786,1.3953497218379987,-1.314692291379457,-0.687933092771165,-3.1501815106712354,-0.4742621942493941,-1.32439276092622,-1.419731418630702,2.730027666543741,0.4784098342894707,0.570229633441626,-0.9356570006459719,0.5802416615471649,-1.6631810853068993,1.10687830490532,1.218016947817051,0.09560695147745528,1.6956338471195402,-2.130793356755414,1.0313431477492137,-0.23577513153853083,-1.0677031875979401,-0.6254822035409647,-0.8592988143449052,2.280171323809719,-0.3690500245074398
CTGCATCAGGGCAGGA-1,-12.69255912640563,-6.74469043454855,6.788936100928168,-3.8696945608789153,-1.6945794744061407,-1.0197799183358365,-0.8201880173369293,1.9304182017613631,1.2258852582237025,-3.299017088609054,-3.0033705362024423,1.5100064400137523,-0.4498630949408922,-1.9811591684196759,-4.6545346512272925,0.17700743389638815,-1.4493227213247561,-1.2529704646557238,0.3082087323058828,-0.16065324559297278,-2.670169947575805,1.0275657402216434,-0.6247998243201841,1.8687832416714163,3.8974462308301603,-0.17909187137911314,-0.26301618169457663,-2.659663053762592,-3.082945504818697,1.5002086367737517,3.748210358542283,-4.666771282138567,-2.393641463522341,-1.2679109395731034,1.2950391000126436,3.0717039050879067,-0.18761803487742792,-0.30136950435679066,-0.2329079335748643,4.038587226024996,2.595705288828934,-0.588322275824957,-0.039434840135236626,0.20122839986303923,-2.939801619129389,2.0993516784829294,-3.4099096561730873,-2.6171325780477233,3.208284925885346,-0.9161412145753598
AGGTTACTCACGGGAA-1,9.428666493892228,-1.7956202590566568,-5.506320416640044,-6.810039580278362,8.834471058068551,-2.3192510713455685,-8.857202944567756,-3.463609693204576,-5.90176666884486,0.14038465384204296,-3.1253263652276746,-1.427312664614306,-3.2710935828269267,-1.2693851140771097,-2.3066135080449808,-1.241209667648249,-2.7018838648733516,-2.0340634276021072,4.457158215818561,1.6517446797768567,-1.574823174550567,0.2341403887709309,-1.231853986341199,1.776526051055713,-1.2632409675304308,0.66345701156574,4.834115080923067,0.44206445817086437,-1.5743451400655002,1.982666228785411,0.27468179937126286,1.235796610587152,4.073266853093525,-0.7163283490372204,0.6483290579827423,2.0510097702465013,1.732096268428028,-0.8337982606901425,1.5111158594712335,-2.188481316772575,-1.8481926402075095,0.004631001324009679,3.6226651196300628,0.12422086347788869,-1.6306565833424433,2.9516904478887764,-0.9895581664874918,1.4912570224365271,-0.08069087500412374,-2.880778337449382
TCATGTTTCATGCGGC-1,-12.302274262553144,-6.056435587722354,9.240817713837297,-6.713878383683233,-2.389040758694211,-6.15350483407682,-0.018826399846769315,1.8397639662243628,0.4256205600133827,2.3507803885179785,-3.840282145938813,2.094162118017707,0.4527740300336204,0.1167537294377813,-1.5858764312228992,-0.3140784670721762,-2.3808385374945216,-0.20421215518844718,-0.627283580045102,-1.6132275144798094,1.3719656023040383,-0.41253702135610126,1.8118032629729717,-0.4533893107579632,-1.1661298694162454,-1.4025216803718639,1.0675493468450792,-1.4864978074188966,-2.3584986510911947,0.009178469369139321,0.7742728010943785,1.3687772523645627,1.2045685818330134,-0.2661731564102558,0.011341878813620442,-1.7896276787722174,-1.3879551736655815,1.6881769547493377,-0.5402455225103436,1.0684472125410072,3.3165112891372637,0.3311879527381832,-2.5684829922658894,2.755634705230488,-1.1944741344666778,-0.13967335626839525,0.6070422834008156,-0.26654276727501636,0.13561091501599412,-1.6683615758839456
TCGACCTAGGCATCAG-1,3.5739198104475616,-0.5180295499906188,-4.825516836606743,-4.845531941988124,1.3872576566461579,0.3631706018854351,-3.2333445549550826,-2.6561883047111574,-3.284677842768544,0.34985790063260136,0.21321218726042446,1.1378555989253294,0.7804804218568431,2.4719511118010526,-1.336360959140229,0.9953308728743774,-1.7348094202962412,-0.6143958356630135,-2.590259403688672,-1.375656066852426,0.7994143377450624,1.0303047881671665,-3.5455057380962463,-1.7169113543714687,-0.6520983019182729,0.3084441927921872,1.38009809132805,0.17734686097394542,0.30000322248377875,0.7149307181105882,0.8706181827739359,0.5565228366508471,-1.1698856029255784,-1.019125783024768,-0.3994067146284031,-0.4854457309977513,0.4943739998389973,0.893348893910321,1.0250951161082777,-2.051717026600833,4.281808919314831,0.9503015878464003,0.4964414039415697,0.18821467969693306,-0.6624302149760171,-2.171195316215641,0.25478735890143556,-0.9447418870801244,-2.7412405774258986,-3.2161253777163745
CCCTCTCTCCGTATGA-1,-9.100683990818858,-4.988711382106008,-1.0613424292083844,3.135546493850248,1.2332458921442415,-2.746640240569751,-6.559519179218599,-2.076077456337633,-2.7144481426682363,2.236527086454001,-4.668535654553015,2.5843153858422534,-1.969635368229516,4.158304222820116,3.856328249644444,-1.8151732672031318,-1.4554965799440542,0.926817986174708,1.839946202207524,-1.4572366558994512,-0.71650237710418,1.5019402230888041,0.6487444795014492,-1.0722180132038435,0.3031791376033766,-2.4625729039828896,0.8564666518063154,-0.9657856941491865,-4.492782514086537,1.2273323045228495,0.022991012294782343,0.3431821928439811,-1.8140533124264162,3.3067800085598154,-0.5215368460550097,2.336548387854925,-1.1857501695487436,-0.46353390216713697,0.3207775014753678,1.001721668799771,-1.3027199427350036,5.450917775040421,1.8413381999308507,1.2408062629870416,0.843842168239947,-3.0794690573092214,-1.7480835197391371,0.12326568239666492,-1.559419564277163,-1.8136089567384468
GCACTAACAACCGGAA-1,-5.28014006504339,-5.637666280370679,5.501168183253046,-3.3187904666037635,-0.31051729098011305,-3.8909438253660658,-1.5518466085044444,-0.07830780723910757,-0.9284619289188666,-1.2191880063496858,-1.6228416347463768,-0.2252277624285698,-0.38892562520187746,-1.5109454227971735,-1.7843609893128611,1.3827829161166043,-1.3401652447129693,-1.617352848179966,-1.0132797491170926,0.09104299839555476,0.17752489170946836,0.8382078581274088,0.864664395539559,1.4448466318987967,2.0683216853658015,3.196752561663747,0.34582579206541636,-2.732047186527053,-0.9759140603026522,3.080477210445321,-2.9897504437904647,1.4484378402833402,1.279111861920678,-2.461220691008919,0.6426242710010437,-0.3931999481172091,-1.522855793425525,-0.7580698313800209,-2.944233150948391,2.386087493076854,-3.314151570407862,-1.5858943392529998,1.3655408366247883,-0.6429808673210905,-1.7412578960925171,-0.3733904157355712,0.5844816208896251,3.929209312181223,-0.2988494100178138,-2.767728944800714
AAGATAGAGTTCAACC-1,-6.625997699189771,-3.4085940514269266,-3.680495185745787,2.7902182766672308,0.9136773213828935,5.095030713047504,-0.3248267891362102,0.5942562973707027,-2.840728883488015,-1.7157639142348506,1.3125430788884296,-0.15399179487095901,-2.7445186351133146,-0.992226132269539,-2.304710833465579,-1.2320326080323611,3.1324498170340966,1.0079067819264929,4.0300623158619135,1.655675350854286,1.5532533206064802,0.8581057170189111,0.1469547409799143,-0.9161948789821102,-3.1544417177793815,0.5708154395974343,-0.12250033557407067,2.621084788672472,-0.8909761695392774,-3.4355044826627834,0.9391696999671821,-1.3850331479727382,-0.9337925577475816,-2.6618109119431463,-0.9118719922409142,-0.7516297564123127,-1.7132261033548575,0.34979161073647486,1.2988934703071509,0.08412644365544339,0.3399391020847068,-2.1029657788858525,-1.4130570675054128,-0.4978589475146399,0.9534823122719617,0.09995743782835324,-1.0184007361554919,-4.663047316793555,0.5428093791243773,1.227055541091225
CATTGCCAGTCTCCTC-1,6.865496433291837,-5.123840276396563,-3.0607629842574586,-2.147155438654182,-3.4351592529531065,0.25633317277224477,-0.30549629500927794,-0.6164021624113265,-1.2016741958370254,-1.8690749260477564,-0.3684260779885457,-2.1308405263169767,1.2936861223884284,0.7205301845626475,-0.29423012767735673,0.3852260983215369,-0.09453744866003924,1.4368599166579534,-0.8318987600925246,-2.0508240892296077,1.946218954800347,1.102706968456291,-0.263474264541467,1.2468756799584655,-0.08038961099702208,-1.595134164232605,-2.4813801502237656,0.7015477879527946,-1.3832081392951308,-0.14994967105305004,-0.10230139244286147,0.4953882040865598,2.6193492313434175,0.32268908615125197,1.268245887069809,-0.8529029328864965,-3.2893765229046603,-1.0809270274035554,-0.05905449832636701,0.21936846593667692,-4.146098579481779,-1.8403836643029912,2.16831029688288,-0.897040597548368,0.8624375459710673,-2.26528801762339,-0.3869376701927132,1.250307012895834,-2.419681964719781,2.651499062635556
TCCACCATCCTTCTGG-1,-10.422867552831978,-3.71118953743888,-2.983116005390908,5.724857331031966,2.625369142900944,5.608021138769857,-1.094803948550659,-0.8268574604925223,-0.4461768717104827,-1.0097433165296357,-4.282932517736284,1.4027066192447901,2.1997260752939534,1.150572281537367,-2.0592685486814024,-0.08420358542127036,1.066797100763014,-3.9591280930345976,-0.08249227442797508,0.8853064126538521,3.32502013067879,-3.8627706714462313,1.689778146915232,-1.0036232953823552,1.9553218111209467,-3.30646093188512,1.1411604180623582,1.2946120003578223,-0.17827712026866993,-0.9498371923429679,1.6487141671630545,0.04419572502868345,-1.5982780098335838,-3.37350436521796,0.3200665846203473,-1.0411231025748404,1.9513806216512959,1.0313225101305505,-1.79432761620761,1.8471010465514122,0.6108934218554004,-0.1318252167507784,-0.3106884310377441,0.7218600350313658,-2.6875454094371674,-2.073475327710972,-1.0648865682242052,1.3665853287046537,-2.605493857648193,-0.6520198438827638
TCAGCCTAGCTATCTG-1,24.42357354728862,-14.271778884601865,3.380415825972184,3.414242568741046,2.098333192660121,-3.789013441341896,7.4321343848746855,-2.2074346849037525,-0.7898227099913663,-1.5855281988966572,-1.1002905215120762,0.35875025856572784,3.4639659248009713,-4.009951261739946,0.7647671044206333,2.1907443388071295,0.8011108607665477,-0.5037941054313829,1.3999980792818514,0.9442507838947396,-3.6908586792214995,-0.0969959528274666,-0.2020114397402007,4.215115998161503,-0.7894705619181784,-2.9217120540575734,0.5120732923454133,1.3789499806980565,-0.03212695800047216,-4.822410732703216,-1.0693086406330974,0.6864528226474135,-3.9204017544771017,-6.2637164696243595,2.4134153862771215,3.918012887263011,-3.3656244746498656,3.017109222717678,-0.6292813946816989,-2.5667003523053724,0.6736005614912283,-0.9139811522638104,1.1786100461151416,-3.2854848837883424,-0.3296600126277603,-1.0697517983514206,-0.5996776474531221,3.0350659341518216,2.496759838088703,1.1155123947763093
GGAACCCGTACGCTTA-1,15.330021307593556,-7.892342191313144,-2.3713275483718697,0.0099657674694594,-2.392642893585758,2.6159001819672567,0.2133430156981121,4.709444280330769,2.3619134951883463,0.7186783237901464,-0.4665992573995497,0.29471551334844076,-5.578996332963049,0.9105355768509644,-1.3226271497108872,-0.82101638550386,-0.7765015915024515,0.4875310381024196,0.27215309135387683,-0.5777510110354717,1.9183231079943812,0.26090761260896544,0.6536312124451565,1.3847101833831064,-0.4989013729237182,-1.4640423477033853,0.6973184127728135,0.5891197259897868,0.4571184914106296,0.6212402005984224,1.0267367797532463,-0.6330280809572535,-1.466996721298866,1.056535163198139,-0.2964168370755589,-0.792422867224653,-2.393165084776513,0.4589326723776757,0.5964564051655413,-0.21953200292295627,0.42424311760185257,0.4603746169682812,1.4234312187519909,-0.07260165899344903,-1.7362942088016877,0.14074889167995192,-0.35261798049126714,-0.10645551068099053,0.5159438241112765,0.33544985841625435
CTATCCGAGGGAGTGG-1,0.8156180840797939,2.7389461614418624,-7.531122815052029,-6.766460484761521,1.5508991291616294,1.3705692413516084,-1.4312716581662401,-3.8881367443741044,0.8512507448870525,-1.0994733537194787,-3.5188772740590135,-1.4461448773000074,-0.35857078821807015,0.6316904271750812,-2.771960865606152,0.5531745556326034,-1.8727396595733794,-0.1724808477045877,-0.8003533100854127,-1.0057588486350841,-0.9041568172160519,1.8327318362082434,-1.5197688373824318,-2.4958040696132624,1.3540731007096949,-1.034126732516111,0.6574526912987473,0.4239743723617791,0.2919973951162563,0.2536378060957163,-1.78194805426385,1.5076231053165672,-2.6629551675215124,-0.26843558733649403,1.731416423277385,-0.678096963013653,3.296442888350781,0.5122522000972356,0.7557639782559693,-0.630808214375709,1.0315208304187413,0.6624424802632815,1.3568310951378917,-2.1043687119105243,-0.5194072901214137,-1.8158201362144981,1.1462005168306502,-2.6928805415697257,-0.946090868568642,-1.0484991048554666
ACGTCCTCAAATGAGT-1,11.243095926346676,29.699259850887476,5.0052558527038595,4.408141667587743,-7.531494444723259,1.558351718679343,1.263170032900219,-1.4414426822304083,-6.284319551461197,-0.7554538525728308,1.1714763112844866,0.5688442874523724,-2.08780717255793,-0.7141159624537405,0.5961674978341034,-0.40918303901134734,0.5254635810656642,1.0120297751017289,-0.7779768174474344,0.5028691380813407,1.0043231241056292,-1.3958966790374587,0.2807408753542123,-1.5717378523489212,1.3879243187227268,-0.3646932557382788,-0.35334029711142767,0.49434618458900303,0.9269683418168388,-0.09217143059503084,2.0113287193697693,-0.5592597995695113,-1.2304681019995785,0.32304289403380143,0.5226466562729909,0.39517569489612747,2.6028229161606675,0.4503773285722294,1.1127228427913518,-1.3319909866503508,0.1347695785120109,-0.45047256354518683,-0.688330652903735,-0.22176879164259664,-1.9803822716997734,0.3891698157188836,0.3848662603942645,-0.22873808693690267,0.1676370550378878,0.1606276904128797
AGATAGACAGAGTCTT-1,10.256808994578401,27.662818908887516,4.041765095831624,2.2958204357370064,-0.1733103601287756,-0.0964479849812343,-0.43034242755781166,-1.1380379633198425,-0.9903009706744229,-0.6286294263140455,-0.360819382901772,0.5383231908075861,-0.8313976812012798,0.6369342889099022,1.3636215920987338,0.07959179488717401,0.18723767165429908,0.0700609935148639,-0.3555755862378521,0.3455323954744221,0.3615864608581862,-0.45642021675947075,-0.5223165650336695,-0.543986422537801,0.7104740717339287,1.3921364080462402,0.8866947361361,-1.3593747744222888,0.2884467420340358,0.14863457725396007,-0.38918104297315737,-0.3461038122351676,0.8393457501156181,0.4108245612909072,-0.803384918125067,0.07177780423163646,-0.409008359761335,-0.044087022435580055,0.7454003301118948,1.1078576602425236,0.26229279638241637,-0.41121012445066873,-0.514194783846546,-0.23960244095308672,-0.7512295390510236,-0.11271544842404388,-0.8145523991693777,0.555756703344381,0.24628649299957864,-1.5902386916705178
GCCATTCAGCCTTTCC-1,-10.503210185127973,-6.084843791017423,5.3370266978407725,-0.14712600147766752,-0.6486390891017064,-3.1914603392236245,1.0541527654291325,4.172306192655923,1.400686262119529,-0.7213728136856066,-1.3671853002141838,-2.0286281493654768,-1.8910266983069328,0.4880459703400569,1.55147042904826,2.146222331337128,0.4994172091277429,1.2768595941428607,1.7023852006836493,-2.5058752058523415,-0.8579035589290369,2.4510090553041675,-3.4480780723446305,-0.9000483051791104,2.9243618430251694,2.1346691972521943,-2.6940728371124294,4.88790254434165,1.3513247542698346,2.6225118480582865,-3.567886348783226,-0.41495946252332033,-1.127352652796682,-0.4990900780122912,-1.4504159877649314,-0.8665019792831021,2.6557059034459147,1.3061638707252468,-3.369508031795795,3.3839459356764006,2.3946469800190453,2.9360712657381893,-0.14649172870175167,-1.7960057905108986,-0.9330087968419023,-1.7601165335999036,-0.12385303365569537,-2.5748318733778217,0.19711333103178644,1.3889947953704267
TATCTGTGTAGAGACC-1,-5.343282332441287,-2.0201873830473125,-1.0811519359006565,-2.8496631062208584,-4.692154396960197,0.38897696166954526,0.2936712453420556,1.0165329074223024,-0.8786798137601286,-2.929943209295003,1.9478261177629348,-0.6720358738899663,0.15294688119064764,-0.8260702654780303,-0.9219413676050648,-3.0239862234504185,-1.9902865853795586,1.9264049843148296,1.5074411451753413,-2.403752555225752,-0.392704476832943,2.4028541535765493,1.415208203525936,-1.0470731828865547,-0.23470182926225447,-1.3084066110863388,-1.4710492750443354,1.4325739588253878,0.6436670942957126,0.7123608066069498,0.41085651978314813,0.8847010951902768,-1.8004817248687994,0.5481233095676359,0.1630565045711898,-0.20460197676980613,-0.35996091203200037,1.1958403438160075,1.3732303119353402,0.7789532421859527,0.6629510516580451,-0.16884514508583603,0.9002064190617236,0.5442195954260816,3.0441210110339028,2.2064634140992414,-1.3477258670157288,1.4260553188304197,-0.7651040200820586,0.3923610700960523
ATGGGAGTCTCGAGTA-1,4.8747715954831365,15.608763349564688,-4.059788057052258,-3.7491418885803576,1.2293326049587259,0.7992997556034827,-0.9112156755128515,1.413178449620607,5.575209973923103,0.6986172469642292,0.7058301868462965,-2.8319671082945694,2.4269383791574035,2.0116935244499654,1.390044624880936,0.182282816987042,-1.4002848433067445,-1.2287930056740468,-1.9113843920315665,1.4698498396937603,0.73230664542234,0.8507891595423077,0.4515390492715504,-0.7740725057762813,-1.9141669329898463,-0.19476648315592576,-0.29270625299612135,-0.10029642303720335,1.5225541319776974,0.5496195679574692,2.3691560625629973,2.247768338540115,-0.9445553134270739,0.5895928566032116,-0.5144071552961316,-1.0340596553404853,1.7764481972189625,0.6100732160345175,0.807011515980748,-1.83190913421841,1.3583183912988692,2.1027062351975037,-0.9566296594132937,1.6026777374199812,-2.260850358929205,3.4949493814484436,-1.1803014178052222,1.7304324334829304,-2.728503279971386,-1.0415643969339796
TGCAGTAAGCAGCCCT-1,-5.2133213086128105,-0.8237026312350479,6.56171400405018,-4.173427698212791,-0.667571488842398,-5.801180442033254,-0.3262573541448085,-1.1533569155322174,4.5030184178412505,-0.5539794145493171,-1.7388507639495112,-0.8418543107794885,2.4953655975221447,-1.6345370167844502,-1.6143936242231058,-2.8732146309717836,0.29750967173802456,3.300364256764186,0.9912083179689711,-0.30325982142028324,2.728327975261693,2.416403526560629,-1.500536875849494,-2.284285041267323,2.5072442771110315,-4.468200872995293,-1.425303135528765,1.8688655636474785,-1.7331556218247768,0.19446982594899995,3.9049155268240616,-0.20897478818141507,-0.8766775561733579,3.050615766837164,-0.4368567469369704,0.15433418644078767,0.8877395278368729,-5.255866116565072,3.065845019364051,2.2199316616629563,2.218340182182278,3.629883801747273,1.9085671865925795,-2.335587640673347,5.015712377971488,1.5121347052216159,0.3564676922985491,0.8346533301887588,-2.7168219797012436,0.7290155572192889
TCGGATACAATCACGT-1,-8.07338601183588,-3.4483937644384968,-1.0567840908274813,1.4489906079726753,-1.6354267992817295,5.407845857359539,0.2075210116074272,3.315672959067235,-0.7741411339794613,-1.5500390643391961,-1.6794446237123188,-0.4350692640731585,-0.41082630401375936,4.423221928295659,-0.23019941408936945,1.8710401335153612,-2.6876956771908094,2.660991236061994,0.6507465416902349,-1.8559676005509238,-0.7086684467799904,0.5408103106590502,-0.7032570693809039,1.814086159666365,-1.872915304213174,1.3496707755918098,0.30027106711003737,0.41230648114990265,-2.6318188120211228,-0.9119082429940513,-0.20732295550862043,3.9554697692991914,0.8761310506202814,0.9622301852633486,0.9555215754134591,-0.9088981772623443,1.517237996550394,2.7586102552432608,-0.32518895953301113,3.3980347262495196,1.7887898141727376,-2.3690913555218973,-1.0835795404345572,1.9880188545857305,-1.4079128817755129,1.1667632514230364,-1.5012742690447571,0.3090097577819172,1.3172596422305476,1.6664886701562538
GAAGGACCATTCTCTA-1,19.56171632357984,-8.516730128711886,-2.3951174291882666,1.1442838425277564,-2.382114942515304,3.09060816431251,-0.6052666328896337,1.9307622872512127,3.7348340668962803,1.3901679075232474,-1.5304919612853232,-1.6959689811965486,-2.89381482445923,3.988233734110876,-1.7580147156446728,-1.6197078004814531,1.1405545708619522,-1.5950413681221423,1.1887014445257684,-2.1804159293734275,0.2804963402981228,1.6383824917568541,3.5662710360293013,-0.5383392291327436,0.9295677277036175,3.270602050701406,0.2683572492710138,1.6675106514277835,-0.8879596359612375,-2.803483885832906,0.2038076100380007,-1.6725422914769403,-0.7842736966615171,0.8299828933526932,2.933513329046727,-2.027696118236535,1.9126969410398647,-0.28208240906026955,-1.6322112422893336,1.1176465989831987,1.1845066262746053,1.9046644781322652,-2.4502910520970476,0.3880500070840633,-0.7301688808027158,-1.3912489539559918,-0.9914434217813326,2.3554759285318676,0.702536597994465,0.14138010495937228
GTCACTCGTTCTTGCC-1,-5.888443450292881,-1.3620974507578436,-5.602911454559702,-7.148793433200603,-2.2200050746793174,2.8666162253588494,1.5917303118409243,-2.8406597860224054,-0.13253862686776813,1.7012508939748288,1.2489450291989856,2.3300903848239054,0.36705921706155925,-1.2397278737479687,3.8432778536659002,-3.439770016576653,1.5966524384567746,-2.0870011908676176,0.4862129618341131,1.9900073160363805,-2.8258432527734376,-0.26554997349882664,0.9956207202759889,-2.5453565434608807,-0.457920200309714,-0.041373355899822904,1.084838484119078,0.1699167884458717,-0.5707842051259094,0.6457042552047798,-0.0835151128820268,1.2151189545212318,-0.5081468991440969,-0.7698525495450179,-1.5237664789959258,0.12476143259356413,0.3460729689509462,2.1443300817583144,-1.0625087266846576,0.49935449408056487,0.6765546587792872,-2.3395522560732065,1.000589907498025,-0.9370530608711024,-1.2383756546961946,-0.7691091818942578,-2.652187799066059,-0.3549322557152654,1.621862941871204,1.08934560941987
GTTACGACAACCGATT-1,-10.327562825974487,-2.95626026296294,-2.633563127301209,-4.885391614210323,-8.219915368314796,-1.74188468710001,0.09265046409696685,2.041567217677244,-1.733017869862744,-2.224887434569126,1.1016976963156668,-1.7850252776038806,0.28199475064898805,-0.0038111715763206626,1.8733352839522384,-1.8543604747997964,-1.7798722580780462,-2.8778724676256813,-0.7558388176316481,1.2224497964346,1.3376637807810177,0.37584002029751407,-1.5977404561769681,1.9285219512967746,-4.120240295311284,4.212119921942305,0.5907540404331741,1.9997165057829143,0.1071607152597801,1.9335137935626034,3.4140732877872786,1.8589150251058386,1.458632987955045,0.3946987898630392,-0.7256377589226657,1.4687725136359708,-2.7916353147561233,1.4045965004432432,-0.33181229948892954,2.0259888838309705,-0.32155860102919204,-0.7995168032070599,1.2595335543201456,0.12908769905033515,-1.431194851881576,-2.5257543855904068,0.24099409032316704,0.8666567492413784,0.48231072876348585,-1.9654821410612393
TATCGCCCACACGCCA-1,3.6209238878195174,-10.294655973132857,5.42604246491628,-1.7672207021191397,-1.5199536464242838,-3.6972012926992357,4.481629817750719,-1.1706470146539794,-1.6709924877165323,-1.4215833506462878,0.6166569685247747,0.07565307344071219,2.345482833626115,-1.4951879160024042,-1.4181254781968016,-2.0445041989096224,-3.0239320405350583,1.1937250822520087,0.38595391648609473,0.9771664064038109,1.7890202736369636,2.4227612633022275,-1.8892491822616264,-3.1503399584559504,1.6069646410088712,-0.9683938523353604,-0.32227597984214673,-2.6315168754331393,1.0335754892015232,0.050127121804678876,2.6831950151018433,0.30263801297029497,0.19551268907076721,0.3094638621093553,-0.20022639987626145,-0.09591999958464542,-0.07558704393568741,0.8151125869475636,-0.6212466041945526,-0.6380451295286538,-1.6542532782795936,0.473345197146667,0.777905750090847,-1.4957370044984237,1.6415309696705327,0.31950142495996325,0.6997605084831845,-1.8808652918391304,-2.401476004523321,0.028366071151205843
GAGGCAAGTACGGGAT-1,7.497529989436088,26.430092284271524,4.084268675369626,1.8487459855418393,0.048357054258896144,-0.9808976723068716,2.1863746194877858,1.1570394740198735,1.9711820021831585,1.2957112606100063,0.6207435282793744,0.5995200069373139,0.5349576858497301,-1.3128008829561892,0.35613140271964516,-0.3174508596326707,-0.16224798216802647,0.7543274665663615,-0.2709756169682794,-0.40244850399670223,0.566414750960888,-0.27683039754678873,0.802203581011261,0.07760246848978743,0.3220659904308843,1.0658877388074608,0.08589550066598073,-0.34574101315829914,0.06663965371119533,0.21648925572834538,0.40855770534633473,-0.4996731390641286,0.27402504234287134,-0.025234551746025576,0.8328774484592745,0.43382764028682635,-0.09893621619691134,-1.1121462773434165,-0.19881055801444844,-0.17047371454400184,0.8718349120401956,-0.5102505727972388,-0.6768662697671092,-0.37505520886670046,-0.7171851413624609,-0.6092682629955468,-0.6547835607157261,0.9888395961343969,-0.1501985375548826,0.6163073769206469
ACCTGAAAGTGCACTT-1,-12.244931258928347,-7.343548968427955,14.16434278991164,-2.4774493256487595,5.1830544485825225,-5.991530202284728,-4.271833202394661,0.1002797251856072,1.274250182306089,5.457350592038605,-2.76024945115184,-3.303515636495068,-7.149111917106087,1.4952156958681282,1.224358070735645,1.629851238626371,-1.0860385441482334,-8.656344617036279,-4.036496719187923,1.1970686515536006,0.9272329320508843,0.8058629577717128,-3.1408914914089223,-4.3366137370810405,4.373133833938063,-2.0143013748370557,1.0733152210458465,-4.772930433886963,-2.636284941794028,1.5616506152223517,1.7629214451060828,-2.8271164859367315,-4.209112562260631,3.1581475774499705,2.58720653396591,-1.801073740773138,-3.1690240930049542,-0.036618302265385476,-0.011733878482511369,-1.4069514707622568,-2.3855170991665258,-0.6473936904532305,0.5438412299443699,-1.198234200447832,-2.220077605657847,-1.2303227182525776,1.3575847599237005,0.10192632091763065,-1.1249787691665312,-2.3189051340718447
CCTATCGGTGAGGATC-1,-5.976071165860114,-5.394816828344544,0.6134136148461428,-6.5844692530326805,-5.60029908620855,-2.1742662468150704,-0.45760644824851215,-1.3908612792900832,0.3300929972896202,-1.2430865364894945,0.8629662983118327,-2.1184250036427468,2.3671088009592975,0.19566944949539267,1.0815318353361645,0.7324860858184934,-1.0232296365588582,2.867945205161756,2.3102293221022876,-1.6144021917184568,-0.39914946757007413,1.1818453560939683,2.2509948895514134,2.247421608779504,-1.8111100031968448,-2.592504563201601,1.5473365225625018,0.6278214411162572,-2.054923420996307,4.181398985355796,-2.6641612718940197,1.1954892634441594,0.3214886237119823,-1.7148930019023683,-1.7221858072200702,-1.649609524442305,-1.2217897276782694,-1.7441280331839086,0.7013319037887341,-0.5168102426864817,-2.7916510162523687,0.38402411134165343,1.217724343106477,-0.15628459026696048,0.9965030682574895,-2.5329133792268017,4.320237555825857,-1.4161693149494838,-1.1372476728845586,-0.41174646933091497
TGTGTGACATTACTCT-1,8.35330767264507,25.585020569237003,4.398629808361962,2.9174954784679765,-4.558787465139715,0.010136175783956175,-1.8359674538798052,-2.268952833889115,-2.410106424124727,-0.8646137321708605,1.4220764005517765,-0.5228005622214125,-0.6641203521628013,-1.4751673132924314,2.2122356816232727,-0.11437926367538366,0.20523596723307216,-0.4396556659668491,0.539045282032992,0.7877955768670861,0.553756242091128,0.7167386339594851,1.1650298980698264,-0.9014264578559517,-0.14383899998016916,-0.8110910886483461,-2.75016886483602,0.033352219522797294,-0.36611627782573375,1.3813607703697222,0.21800075058312032,0.5391412939736129,0.35346005424602917,0.5520259688153387,-0.0981585588492663,0.17024881484922086,-0.4911417115755871,-0.20376803820280867,0.6286866796914422,0.5338512405584388,0.0777843863966285,-1.3148053649550524,1.3746259055344519,-0.3547698660519776,0.13364409899469487,-0.7167670311080775,0.20439859569970148,-1.2099368819892393,-0.764862247684469,0.6641303109356873
TGTACAGCACAAGCTT-1,17.76987599883211,1.566441750068808,-3.4122529765106466,-2.0223669839753846,3.125014502199734,-0.34035385229727483,3.4175078687992393,4.3705557507430415,3.3629080130328206,1.513362073584381,0.7024663272654987,0.6570534935201472,-0.09771239894597918,1.134732699268091,-0.5772396155111281,-0.21402008979601012,0.6093792271663753,-1.254626247834185,-0.20357280746048018,-2.7895096546911193,1.0530490416246783,1.4114710987485473,1.1179701801589579,0.036921770713280254,0.11228720935375808,0.7239932294239788,1.4356687879668757,0.03945881629577689,0.5022475971159933,-1.8137841991654016,0.4652251285223676,0.30266259932215095,1.7434864602334537,0.15013252011699,-1.5996350946104485,-2.2774209986257437,-1.1910801470200414,1.225676597272124,1.3583409929159258,-0.5653129026986021,0.8157799684076326,-0.41947915831662447,0.18013263701454524,0.40348140701299934,-0.03858334376090851,1.1361646583325078,-2.4998587337741416,-0.43806581873770606,-0.551746273891659,-1.3204824029766682
CTGGACGAGATAGCAT-1,-9.611997827222142,-3.403397455690155,-1.917957377627576,4.3298844325747226,-1.04994518005019,-1.2714987157743463,-0.25265433893366734,0.1504935302563518,-0.25359903130525696,-2.733753970359038,-0.4079907914951239,-1.4501114793967969,2.586580827001286,2.519282540223271,1.5173421547842838,-2.8488869987402508,-2.4184611634711612,-1.4563573796665041,-0.6559779252706215,-0.37984920836826036,0.7802698977069339,2.5272800892965743,-1.4173231869781142,5.177914542011659,2.2812769830892545,-0.1049177065188947,-0.14869427753479939,0.8753223477777101,-3.6442191472889545,0.5144131028406397,-2.168365241608619,2.4837918608059897,-0.6975028976517785,-4.322989827997977,-2.967600276723833,-1.2205953018421476,0.6563763745031997,-0.5778139959849868,1.126695468035189,1.452520834260646,1.7834283428022781,2.210150071817157,1.4008701878926826,-2.3094001769468706,0.6693044656033034,-2.1658673502948496,0.8916367639110145,-0.39633891176389474,2.282973977540746,0.826122552006111
GTAACACCAATCCTAG-1,1.2432035264344325,1.0341531745987609,-5.594597377164017,-7.331917827464713,2.3214757886847255,-1.2689571718356794,3.422994897386058,-8.666353162087209,-0.4702748686886329,0.9351424302317239,-2.4230306476995787,1.2391950078605327,0.07045786423810402,0.6588851318511205,0.09455030377486237,-0.1760653422485842,1.2564916988513593,-0.035200727179648256,0.710510346886305,-0.1349305032480875,-0.9153900728486151,2.055415954777756,-1.9067283194584939,-2.835844031446855,1.7853355408502927,-1.9406708586590695,-2.3399960840099316,1.2457646405693836,0.567527306234967,-0.8923900367515942,2.622141691942905,-1.04083971052902,-2.694978369541381,2.8893658574409393,2.5292992018411584,0.6859980517523794,0.9674385312612594,-2.48883745909551,2.1045852338412443,1.8773381070239372,2.4588489504823046,-0.8899189377859613,1.2952954155575473,0.6492384048068122,3.07608563407105,1.6320396593861943,-0.12404883480542775,0.25493716678746153,-0.6000887448184095,1.561185985592174
CCTCAGTTCTGAGAGG-1,-10.23909214297734,-0.8051200819506652,-18.639194860910354,16.16179594454092,-1.238063819023339,-9.58405991856095,-2.033386418041566,3.1061684742178137,-0.7644906609292276,2.2485941938722283,3.2183344395982876,-2.1450785989343055,-0.689322687441232,1.7289710586474998,4.327101401065206,1.6650600694432742,1.3930531269305129,1.7377767774532342,-0.485239400964087,-0.7617949214414569,1.193621619774595,2.2240817652914924,-0.8863096003241965,-0.8127071735482981,-1.5110668190201995,-1.7634554501513369,-1.4067091376205154,0.23767816541606107,-0.43957026954821704,4.061853495124226,-1.1174785354100463,-2.6276095678449805,2.8064874530255204,1.8682115683967784,-1.2381427286993985,2.4424416518569902,-2.4479539395496235,2.7542849803023817,-0.5293655907730417,-1.5955985042103025,-1.5093886868725477,0.17071166522031944,0.5746438388865084,-0.19557961212113056,-1.7042469128564097,-0.8199103708129317,-0.9320343068496535,-2.1802855024258703,1.7926357182510007,-1.2612347049984884
ATCGATGTCGTGGACC-1,-8.787147453070423,-2.355184278244189,-0.10967276562152337,-1.0743583261947816,0.29478701918792255,5.25491194585262,1.5450279838897532,0.4194398170590718,-0.8501282403274412,-2.591797835118644,0.5943699723375573,0.45150181159737135,2.635528113284652,-0.3146993228807217,2.672409223414797,-2.447923823166385,-1.8912997917221017,0.24209474221310617,2.555525171468174,-1.5622382054655084,-0.24631229942454955,-1.0123182231800567,-1.935567032942369,2.0872576294891605,-2.6333588586398653,3.0115768135356658,1.1822278877311632,0.8293182492163447,-0.7388223882472441,-1.3981522821209165,1.2560303321552477,0.8719677244622321,-2.459348288105365,2.906713369576794,-1.2194227212232407,2.2714731003076145,1.7795875379213704,1.075892373932958,0.4110543580444941,0.2822149646753481,-3.212047553662508,0.29057153259699287,-2.99201773657567,0.4752490112537762,-0.27470456249004743,-1.5987811438088184,0.5534688298108147,0.40142906979857373,3.3872070989578833,-2.0098026490124026
AAGTCGTAGGGTAGCT-1,15.891464301635866,-9.583784449830981,-0.34762789394226973,0.4424388723306846,-2.6358109860925425,2.085292183888044,-3.764342133947429,0.3943142129005511,0.8873155315817917,0.3242626843943559,0.30121187398291616,-0.1988756962853011,0.8749707596370969,-0.7344294545423613,-0.18447349360616253,2.060043908469628,0.7793445162176046,0.9094988810435414,-1.5139450099092575,0.731509623915404,0.3560599577817239,-2.3697981235269148,-0.6832403119731018,-0.5799102753894158,-0.6938820572808521,0.4936392728347254,1.4618238428737813,-2.576729301514865,0.5639482437981357,0.7221227380038564,-0.37691199475467635,1.5926445579080115,-2.009788247410974,0.3157969097421709,-1.3275863350180472,0.7276471066757257,3.0795044490658143,0.12172450300882393,0.6421162265237951,-0.8896354003439697,0.5418102622407087,0.3723690098187773,1.5248152532334747,2.6777416802818936,0.41843821683378285,0.6744519296234754,2.269714312542572,-2.481857472047361,-0.4875736582572109,0.8292879316505047
GAGAAATTCTACTATC-1,-9.76783091729091,-4.216908812433381,-0.060430504860262,-1.5085413522470261,-7.060402318931856,-0.28924056231774276,0.3484306130326406,3.7772661661757327,-2.2696496481980617,-2.77199279857858,0.4407876178225973,-8.790971546915507,-1.7092935801302642,-0.3427563814914721,1.050454589805531,3.5501108125037093,2.5888438091752253,0.4212903396158069,0.27850270405996663,0.7425839058035385,1.0291263537555873,-0.9910650880733013,1.373123938934155,-1.7121510081833018,-1.4499801313237548,-1.1184198515858905,-1.1769191598234043,1.9321134180778725,0.2807196507732877,0.75017755900963,-3.3757546627608477,2.7634033369056765,-1.953166501171612,1.512377425036505,1.2086106976359507,0.12463097942835845,2.274448565368178,1.520693116926471,3.656112733127975,0.1479619590576482,3.2202164981181727,-0.7660372863862707,0.1629112406005201,1.5721870668378848,-0.47214591394177857,-0.5028990293044352,1.8914172890264926,0.0669959432488957,1.6666358505995953,-0.03855683110025709
TTCCAATCACCATATG-1,-7.75816272938984,-3.244269091065717,0.09627846471763049,-6.702153716906212,-5.558249198373041,-0.35125425492145207,1.9134418654210992,0.07323642000424777,-0.9849052350355252,-0.9270955546322158,-0.23806475785270517,2.302126228142311,-0.6655109553262203,-0.6649758826184713,-1.793225256665606,1.2905352149658356,-1.1621751432280225,2.1671227443349723,-2.064920575303009,-1.2650006623585526,0.47337127709961313,2.171271369000038,0.3422055341463906,-2.9325579912220454,-1.3915383447314535,0.5977864378088318,4.317910435429628,1.8149993851673696,2.8456144073777403,-0.06004320849117695,1.147198674840446,2.9505638590966705,-1.055209240596978,-0.7144677051169299,1.2963869666695529,-0.7761099545321654,0.9287607804528124,0.84419537322784,-0.18646900711400857,-0.9558878767107897,0.8446723526497292,-0.2944250301241415,-1.5383369166788519,-1.017914455073479,1.686785182503352,-0.22011979552362582,0.6299859659060386,-2.333964316470541,-2.40652819883019,-1.8219687049092363
GAGTCTAAGACATCCT-1,-13.4446765768448,-6.258381679053347,9.241170592682586,-1.4215501195579148,1.5135583173708322,-5.278331000336186,0.4210244425324079,2.9756418021189446,2.1526056933294733,2.9981421402983637,0.6452553979759597,-4.866637732629982,0.5208138806995121,-0.04250285115588811,0.2991599759490839,4.964539435391077,4.692015163260487,3.6872705816675597,2.639067811903357,3.6997154543600974,-1.7841020469385833,-0.30728762656216835,5.183427690358959,-2.1140904837690813,2.349250981991836,-0.7545956339742372,0.7020518630170123,2.0820906638887404,-3.5161280251466476,3.720901976780644,-0.04834079989074217,-1.5315823138658569,-4.405703214605664,-1.5506898260772164,0.5123567992562574,-4.765979128537653,3.0258162977681513,0.40562703844857717,1.5565092724309282,0.3071622701606944,0.9532731624366526,1.7446451097728553,-2.5235282772454326,0.37945335504302014,-2.2577145763426043,0.45434227048790415,-0.4749936387293922,-0.3902110044056026,0.19638675286578877,0.22699129896983553
TGGGCGTAGAGTGGCT-1,-11.102213850782482,-3.378313939455145,2.864861179177223,-1.714464637442658,2.012728969718121,1.1409114057650895,-0.3457812355840331,-0.27928338738572456,0.4146826931008071,0.43147713368945567,-3.3250231823087355,-0.5635185150463269,1.757479640676549,0.7654960033448633,0.6836628053505591,2.031728811065237,3.807076761001882,-3.208517220683308,1.7622890498242691,0.7560836841614065,1.9196505511796538,-1.6212210839829109,-2.3443584098499617,-1.530763544493337,4.372465271708585,0.22826327227429918,-3.0437830469677527,1.088172759731838,-1.3528671171696582,2.254948001847181,-3.322911646163439,-1.348068152624859,0.819948489553113,0.4607476934194297,0.7715929745242673,0.33163839842739157,-0.8183974962009282,-2.158047796584373,2.3076738121077924,0.2603325524817046,2.6295029598176143,-1.3452132696647559,-0.21941540493636633,0.40333926475081006,-1.29677770930365,-0.03320971539027926,-1.4586324042731846,0.49277236343695663,-2.899434991535102,-2.149161025069721
CTGTGGGAGTTGTCGT-1,-9.176276236807215,-2.3631297413644243,-1.2163376073247292,-1.884628916707124,-1.1514024968254415,4.141284169998697,-0.5578549787040712,6.861549402389525,-2.494987799536615,-1.8034923423093485,-0.6761517105811221,0.8864678032594905,-1.935140568377631,-1.0896251713701333,2.713485059175786,-0.6527509868208508,-1.6111101788412878,-0.25064276047341316,-1.7647855303408695,1.0184134331415928,-1.2471828149372857,3.310291577147472,-6.400467808832164,1.3342576708101925,-2.6061300205128064,2.894200835793324,4.457814310839453,-0.0709326680316402,-0.9051563441097479,-0.8896833733340461,-0.8179368983538167,1.532430730673177,0.8792823999155104,-0.6934641587414103,-3.6920233778639666,0.3801267441118287,-0.5960979732508577,-0.16264601413605678,0.810756840238478,1.5974541719208626,-3.3997006320261205,1.0780815445751766,-2.4950173538730622,-0.13603641293839738,0.8551679688553407,1.4324335155098862,1.79386627729206,2.681959044342287,-1.2988589946475337,-0.0008565219656340353
CATGAGTAGAAACCCG-1,20.168743354392006,-12.019283438588566,2.4576622832119255,3.6523523307864325,-2.490499308875635,-0.20838129458593815,12.15395770700627,1.0039891627209594,-0.5710297928804391,-0.349258372128849,-3.506563412437101,-0.5657105254836404,-2.6601530566308313,0.8377706655847499,-0.11604958747022723,-2.039327542632942,1.461530130301165,0.6293554569427011,-0.19204806184421355,-1.1246453748814909,0.6351654223956837,-1.3678986467465513,0.251700417521872,-0.4900358388683081,0.8056013161244137,0.3999046817927559,0.0740430267271151,-0.17392266652177574,-1.0309186121658036,-0.8776105235841933,-0.03562552079854498,-0.43558857614833096,-0.026864280012262674,1.1242901779027998,0.25109850726437194,1.8510045216687112,2.1094777193548704,-1.4472845378836676,-0.186187939454141,1.5781550706727103,1.6537819248526806,1.7101121043465999,-0.6600405708695457,1.142613879302842,0.09895190534488196,0.8406122576281283,-1.352982828403248,0.44417138921864996,-0.3208490966321881,-1.0527831008353705
GCCGTGACACGTCTCT-1,13.768246876309025,-7.890785931519031,-0.8977892574836801,-0.5749020157248345,-0.5405687822827575,1.0828737578374243,-2.3571500126804286,0.2147137984383676,2.7205931156928767,-2.0691865895448305,1.6476757680696463,0.7251391532297528,5.087202019935884,-0.8280258438741254,-0.4001754404918143,1.6510619769246357,2.376681114347495,4.268212826977578,0.38383206999118774,1.7892951947088138,3.9563682624762544,-3.556585480381662,-0.08600358069878708,0.19420004584351883,1.3294240154305639,2.4360731168651686,0.18124207960980843,-3.5357657726497282,2.7052918939098745,-2.7806566826141355,0.8464791080716368,2.1778851212204464,-0.5892140270913452,0.7261102517521102,3.3923613389965896,-2.7360745766429897,-4.415348358498743,-3.169039875770837,1.9183202625053613,1.578958266871424,0.5086996776323998,-2.0594820977431407,1.5802202607174356,0.5971156099983348,-1.0962634352389182,-1.689280780597732,-1.2172549364777303,0.3329624467904174,0.7142045842366257,0.6600534621381708
AGGGTCCAGCTCATAC-1,17.682182065448714,23.42029730473239,7.489404867124846,5.428270992260744,-4.618682992110387,1.3734344654425226,-1.7949649786049735,-1.786076682804674,-3.657117978672884,0.4963646847430125,0.6715034858343426,2.2221322607392966,-1.167893655150522,-0.1079146641382499,0.5857886766863656,-0.5925824665497983,-0.03059039379652988,-0.16611697612857212,0.42203185061211024,0.5470477331426363,-0.40738057486785717,0.4688657874960108,0.8025329580017811,-0.21618429262900404,1.508497957053879,-0.8400430734662648,-0.8934199773283249,1.395627728497909,-1.2837182871221788,0.8060062447939587,0.8162142668330836,-0.08143239540212666,0.9649808057409591,0.3224604987340252,0.02898692640388416,-0.6749246479504571,0.9942736145873343,0.08268727125178478,-0.05171142859535672,0.4418183278351271,-0.08278781390832644,0.1704405632939281,-0.9212712989940485,-0.32630417704469994,-1.0067617230953374,-0.271304095816758,0.3435754639980948,-0.01663733469870482,0.34139713016361983,0.4193377115902073
TTTGACTTCAGCTGAT-1,-9.591633389130733,-5.2700379414246195,8.344987497764992,-5.114194120697973,-0.8220231464768613,-6.383547893636228,-1.470096764838776,-2.1023175090516606,4.78290119500451,3.006514220215905,-0.7822914391855533,2.0908044230415315,-0.7786493088285757,-1.7880422021501141,-2.843779196055802,-0.0318913829633286,-2.1227865546569267,3.6016443954837523,2.480722571816992,0.7484462997125689,2.4198709388983195,-1.482613352633566,-0.47552982914561026,-4.225555042105098,1.5748351036439237,-0.8907536490908299,0.02448305869873315,-2.2835682918074705,1.7936737504338058,-2.7751092929634282,1.2604265782507045,-1.1381118988984735,0.10859003750443884,0.7814795410302768,-1.2202303090482454,-3.7922790236660577,-1.7830630652803758,0.09639589900409878,0.1561542620266749,-0.5853041164815986,-0.36481539908914523,4.0390728747018905,-1.8626796951411357,2.085665047242424,-3.101374332739378,-3.722651774394615,3.136736311798325,1.9413624247209735,0.9212265924097925,2.9481467828736325
TCCAGAATCACGATAC-1,16.473446256815794,-9.56595615932926,0.11949615627547967,1.057646420505299,-1.6623170617068952,1.228704536865702,0.4639464299171833,1.6545216469823179,-0.1049748581202772,2.8150539560574925,0.20320537036562952,0.34583040514632124,-2.2667543282636298,0.39564355116450345,-0.5001395276417011,-0.6214926965233072,-0.8694331353338637,-0.41542288327574,1.3683004584419265,0.7638403474197725,-1.8816066089523868,0.7932209249579412,0.3979707996629341,-0.5696337696997894,0.5699648900959944,0.3025563510214093,-0.11707160024074265,-0.22540743155200146,0.06909654639438913,-0.8857904447906004,0.7735837724480752,1.015324927758428,1.1632775546124121,-0.27635147832561985,0.6948378225438331,0.3215623196156095,0.5458318531125708,0.9083245684571524,-0.050434841464563875,-0.6992411108263756,-0.39896320954693637,-1.3464171565527308,-1.5139842641285264,-1.73130790835501,-0.7015890647636176,0.23730355973329867,0.02163341066810618,0.9103943536753966,-0.7085218980362739,-0.9331698726328708
CGTGAATGTAATGCGG-1,20.96978958791357,-10.97910892030814,-0.07572460734892511,0.17183007214440577,0.7497398362369764,-0.7259434088126102,0.8099758551432664,-1.8084632488282062,-1.4170722767932409,0.6448191251196063,-1.395351732284302,-0.7488540019038031,0.7545722106445727,1.9910313701506055,-0.9172887727409653,1.309686984877381,-1.2732843919096002,1.3113977268926102,0.7741235680524188,1.1544182848078646,2.501566367472004,0.1636997594936104,0.1853978744668154,0.8211310865513971,-0.6020446681151861,0.8589304313596667,-1.404289783141335,0.0182421921729418,-0.38938159307777537,-1.0385280722149588,-2.2121544760192644,-2.3524516865307135,0.8887850278224095,-0.737378374575226,0.12305643657881396,-0.3152954653899794,-0.014004662839137937,1.678687288470406,0.44821833945143136,-1.052691548525743,0.7004647276908358,0.3499043273338731,1.4552755955799759,-2.1069007230416577,-1.0766750237663556,-2.124378513751433,0.15253620512319727,1.2606493682329265,-0.10613130210211806,3.0067640311963
CCTCAACTCTTGATTC-1,-11.4598900965067,-4.6502118067479055,3.5746867283997164,-4.483676232383913,0.740661696322415,-7.516117800889179,0.4946140494708057,-1.0643545520217759,0.26195969052017526,5.595120335534822,1.1355695822868994,3.420727111526939,-1.7646978575648047,3.814992347439241,3.7528278481535566,2.6181909384253252,2.099372472046747,-0.5651431306901432,0.1931356905541795,-7.312233857478914,0.559431176369053,2.098088845226081,-2.473969768413797,1.9694178868269983,2.487153419981933,-3.770669604654571,-0.6646913559302426,0.4798104991959528,2.064643957247546,-1.2519793160804753,1.6780728869383414,2.347418528628724,0.5778163325084732,-3.3376451589814935,-1.7264524642202654,0.2451722762857361,1.675633236538255,-2.870521046800329,1.7316262728495058,0.4106437915479628,-0.5331806560957038,-3.1444712345623294,-2.6699522514163414,-0.33447521433126265,-0.39340749113023415,-0.9504364301122138,-1.646621739180085,-1.29529043798881,-1.8005472020475108,1.4281159995455208
CGAAGGATCCGATAGT-1,17.45978129813103,-2.851441389970434,-1.2402613968120892,-1.109601218831863,4.0116810272755785,-2.0283582491152603,7.776921523364043,1.7417480760687414,3.832930147007166,-0.338653205087008,-2.299579028013889,-2.5465910256211806,1.4630740554533224,1.2752641109252414,-2.773265391609134,0.8766355719263589,-2.4160209259080485,-1.8669079034739866,1.1600508173783304,0.07081217558378068,0.4735226656762122,-0.8671781790953882,-1.0528456403210307,-1.2942876515649684,1.2338968615658867,-1.1856879122995911,0.3953265587651262,-0.9898638339071395,1.51351065714504,-1.0141668324735693,-0.5315480687918339,0.6371971897287877,-0.9944890485497763,1.282212891824833,-1.3331642836325823,1.520861419458069,1.082845637981909,-0.401244121577454,1.003778075114144,-2.394340302432007,-1.580523487550155,-1.5387594705930399,0.11909316958774037,-1.6640608980293974,0.20678244862449122,-2.738092448914846,-0.9291798980969161,-0.6677124968756613,-0.6358881572053222,-0.9167504386184415
TGCTCCACATTCACAG-1,-12.740982184020877,-3.4723303282620774,-1.768721858247284,0.7911021780246562,2.351186024038404,-3.841435707146592,-0.47480754716245444,-3.784740223051406,0.10483292489800758,4.383166844580741,-1.9558135419633234,5.936938796033093,-0.1629716464296692,3.2386203076279494,0.41332453633631866,-2.65317050058098,1.7367432082011416,-0.7162774668253772,-0.19769758225588813,-2.3768210511158836,2.0280038589158016,-1.636249434114931,2.1742269396248006,2.5411979591400384,1.492062436783933,-1.6245625992913084,5.508914884994223,-0.10714220342630666,-0.16150788789103646,1.5971532824753354,-1.5376951978989584,4.502431099011258,0.2614902661857877,-3.553344765021312,1.0555292361551032,-2.0306992598475495,-0.18274660878327298,-4.3472848948670455,-1.4170756013141024,0.7332529598076456,-1.126755308983486,1.4956100372538315,-0.3950853845374096,0.26394243196469613,-1.9831080306611897,1.9126654453914513,2.3167669815411993,1.6600743286895323,1.0773804488433703,0.9728976041817925
GAAATGATCCGTATGA-1,-5.033645157756507,-4.01443290631711,-6.0996502307766995,10.780729265657813,3.0652668927259814,2.0046725969161416,-1.9970339501368497,-1.1073310667649634,-1.0090835630241797,0.21194199363368627,-3.917230118825062,0.5255588965823884,-0.8319841651639146,-1.0574673005553117,0.5020461554148602,-1.2325900180219043,-0.29775288200174393,-1.6978522504751614,0.6371766028187584,1.4050336969751875,-0.6903283274171225,1.4622208372630858,0.3220510956479415,-1.8907304291453082,-5.300197450863148,-1.5169138991349072,1.6290318554518812,-1.1647223640162254,-0.6718914066748453,3.7027794396107154,0.9179213831269231,-1.2712630875826305,0.36849229824737106,-0.13497593454819704,-0.680979676100344,1.4927798605004505,-1.1359105194650545,-1.282913728689849,1.0801038860465109,-0.371923186105576,-1.416928000723145,2.5287617837189162,1.0254331395575014,-1.3511492026537903,1.2944304780128024,2.7364632386744048,-2.3521803798734524,1.7529690327437522,-1.8506313392729654,1.190813361417992
TGTGAGTGTTAGTCGT-1,-8.633246556578921,-4.426522086182838,4.994856986896479,-2.7036910079794114,1.0816159592545709,-2.7117099504794515,-3.6779968909466327,1.7856989238103678,-0.8552597508186053,2.8223483121889688,-0.04948882344269584,-3.5286015040808127,-0.6555349943908487,2.365965333358822,0.8834589868979126,-0.34391809311618404,0.45611632342337044,3.0472786887830186,1.604646572158149,-5.456401410812377,0.015119787594929419,0.24504738347003382,-2.102963815627765,1.0241044232398586,2.849485388792686,-1.5609647117043022,1.3151955539766567,-2.282335174499597,-1.0534043451148667,-1.0174812951187968,-1.6070516404154307,-2.3533299899867153,3.1385710250852803,3.1457746777755524,-0.2514637945942865,0.18187723010927329,-1.6693106973070733,0.04408573824092883,-0.7048881020646234,-1.0293317182923634,3.237549351367681,-2.892550727011641,2.741218478721358,-1.1644744397539601,-4.214484946532957,1.2463786147615057,0.4472532636119362,2.990272824200063,-0.8271661531921796,4.061036350746684
ACCGTTCGTCAAACGG-1,9.14552271587729,0.2443429090248644,-9.105546107261704,-6.856906073922478,4.877398987156949,1.8184923674260516,-7.933292920576452,1.0472635219091593,-0.2795139021615912,-1.481790528344476,-2.70146660721276,-4.079535416085778,-4.353103300615997,-2.164303731767388,-0.12805700773419096,1.5507209297376923,3.1641597547057323,1.5248589280222156,0.7899106586243829,2.079337203230834,3.1536908485776918,-4.396803539821963,0.25027044860978964,1.689111782704458,0.5099654546004786,3.1967893972710297,2.4511072085321683,-0.04996295461488437,2.640720066832809,-1.6604810989920096,2.147916744091966,-2.75004562228288,0.9978890588957534,-1.6893213813983812,6.721138097699454,-0.33455042973668453,3.799943950929479,1.3971547608271349,1.4708364227461421,-2.382484770100624,-0.3662737257296482,-3.9442992656955593,0.8828434561688366,-0.17622555620187613,0.03384427860741381,-1.6820581842481024,-1.4664979999133583,1.9756803594082126,-0.7866071010768085,-1.1430594564594307
GTTTGGATCCAGCCTT-1,-13.783740810150059,-4.083027316101903,3.627670519047309,3.423406565111745,7.034384883384184,6.7005998050458295,0.8333685461163167,1.706998440169876,0.1099533888252973,-1.5121103581314161,-0.2581755811961487,-3.777689476496497,-1.4096625529450577,-1.7586862109348946,4.53126728568509,-0.3202180198522511,-3.5239490992775795,1.8745913837360582,-3.5176967696950108,-2.15441849001082,-1.7966182205816192,4.7038031546095995,3.0977541735641645,0.7488375531160969,-2.642458928691656,-3.5199347101605447,0.968982852000385,-6.355775532259759,-0.15109666138071687,-4.052706624927543,0.7915938262659306,1.5935779462471351,-1.5846217176082569,1.9147381949986182,-1.5786710456427282,-1.3996566139161912,2.7637159730244534,-3.501305424222284,-1.1072225437551464,-6.9386603956286335,0.16239518597246325,1.4587801597820778,-1.3030289183293065,1.538814710155066,2.967137554134593,-0.03153674503251922,-2.1897513250100142,4.1694520556702726,0.6971966508691131,-0.008611321372442643
GTCTCACAGACTTAAG-1,-7.483778996527207,-3.464479908876308,1.2025494522414688,-3.604245918113899,-6.154162566220172,-0.20575623461012224,1.200222679790627,2.8910553909550902,-1.7886424081756687,-3.279417921318472,-0.308030017234965,0.08477506255293324,-0.04718474487722995,1.1180990973646128,-2.2069540167521935,-1.7973474361426875,-1.9627931412630637,2.4379378124794426,-0.29840913235516536,0.36501193507386565,-0.9318152262273224,-0.27299009386247475,-3.2838825475665248,1.4639712130370646,1.4381839996070245,-0.01844243677645731,-0.44327109396740244,-0.7017909288635366,-0.04585915573604852,0.9208889072913578,0.4055889025242895,0.08841210072516707,0.386010052740052,0.7242646617902048,-4.179996370789767,0.5559397576852659,-1.4187668811974212,0.6892721136763178,4.5040289794974475,0.47554322524271486,1.0123376712335515,-1.1505680839403367,-0.9604205113822003,1.561739665073842,-1.8057944889581043,3.19396724467039,-0.9790773057850497,-1.3394180552469646,0.5545887822574964,-0.07452618803496651
CTGCGAGTCTTGAACG-1,-3.6320747721913174,5.111659272368829,0.4139177481758483,-5.594454535755524,2.825286578380438,-1.8552600019628904,3.1585039971281565,1.1160870423896623,4.366135246298671,1.6647407849169389,-1.5304250936384562,0.7876856244904439,-1.893546984870072,-1.6328994696939256,-1.1160115181743515,-0.30610375551220864,2.1636712303462393,1.1548247296369418,-0.03639708263860424,1.1681251721572168,1.2792493804497937,2.3586384653332138,-0.48399981258966013,1.5258642235653015,1.1093011558901362,0.2748770300513629,-0.5540978798580445,-1.2963631377631968,-0.7681194723875364,3.3960541346121578,-2.4235443915966823,-3.1863054047464785,0.3443408955638258,2.1970360386214973,0.8334884038194679,2.2705478206226637,-5.449113144445231,-2.8510836484218487,-3.2857256294139754,1.9425815970660611,1.7422809749241734,0.4299102319190911,-0.9483698202044777,-1.276357553542581,1.4482312511048652,-2.3834460716810772,-2.468006200569025,-4.631925044479372,-1.9191287403167017,0.48689861672479934
CTTGAGACATCATCCC-1,8.699902763957557,-10.176547945282056,3.254566193781805,-1.1876335923121737,-3.4881953399125463,-1.5384716765103212,4.291374367133542,3.341024195814187,3.472470694430405,0.3490849210901035,-0.2772526717169286,0.13957312101948774,-4.067366522433768,-0.9023333634983334,-0.2988407179178081,0.04023021878075047,0.09396793600002237,-0.07227821079830422,-1.0261367148574057,1.1638897234466299,1.0965314977110419,2.1036963613523936,0.7322949249057558,0.19899015394184358,-0.5409173974485189,-2.1334303921259226,-1.371581279531008,1.3873282800210527,-0.12619215283609392,-1.2665014132286228,-1.7468550811893808,1.2966078536222696,1.1138545910983662,-3.1208795450797644,1.1320079673960703,2.120238173913052,-1.2599356169332603,0.41837939294705795,1.3691415023715314,-1.335113223703451,1.90713082782076,-2.1057661285923324,-0.46212723511996756,-0.871956722023554,-0.6932148389191173,1.5617707587613523,1.231777378421308,-0.23367980856875964,0.3867885223522893,-0.3421506748256982
GGGAGATGTTCCACGG-1,-3.4955022580576185,-0.44603585024121295,-15.23332926652254,-0.015344686935947469,-1.366524919437346,-6.308631430226819,-3.07554812489899,-0.6158006792508444,-5.3620806230210984,-1.6261597507113335,6.070680979451796,-7.30284395832761,1.1058912353058148,1.050741133856255,-0.3394437688099574,-1.017150619515431,0.10704892848658798,0.20016889496380594,4.204767389657038,1.8961456737078293,-2.124644497664622,-1.722600596246119,1.0097283382876994,1.6823025643264815,2.9299534136221808,1.7185159237134535,-0.2861881439835305,-1.218457211809236,-0.11616918208090779,2.4170262646954837,-0.3743403371270749,-1.3271726675723758,1.1262501118375472,2.7839195055806836,-0.3405703421185381,1.3234933886512084,0.6378082558063777,-1.9372480839359867,-3.4114835997928963,0.4773849098925082,-0.10622272602722306,-2.2978525685462494,0.6051705884480028,1.9923944342511675,0.7301738751677188,-1.0210346755157533,-0.3394761684123725,1.9837643632072588,-1.3128098518171405,-0.6564409417093229
TGACGCGAGATGCTAA-1,-14.148711152946811,-4.45422107604418,-9.588145581733649,15.672939185183298,-0.16461298808221797,-8.680413116386118,0.38249679492748095,1.4854122668238778,1.8465061396511775,-1.0881015566985834,-3.611767082967995,1.188965893805787,-2.3730505415885075,2.54057825401932,8.372452797210334,-0.975220537989447,-3.3490823602148936,1.3060065261704752,-0.2066441410133666,-6.214276295984662,-3.925357868919451,3.228294091780817,-6.804135760588408,2.751030368038169,1.3948230742625807,0.8721234215892714,3.891705700816203,-1.9204083966577183,-0.873922561165611,-0.49158634372134374,-3.666757102028896,-3.627022390152125,-2.924442265193816,-2.097806799784344,0.254531779333876,-1.574445626351258,1.1309158774265222,-0.5553932887746887,2.119579887247979,-0.9744922583534735,0.4643964278963543,-0.6336601120201507,-3.343633298649273,-0.19276707170571994,-0.2932578069659237,-1.721794266158402,-0.9855862299988091,-1.4032882826800392,0.05022447181567224,0.139212957028356
TCAGTTTTCACCTGGG-1,-7.600751044603283,-5.255765051037758,3.9057072213161956,-0.6401814450432122,2.836766339692253,0.39673628366535857,-3.1859007507905748,4.687976035106286,1.6051195397815348,2.5947035866585235,2.1904378448176276,-0.5789617593350713,-5.976587474534861,1.219925031654321,7.360194830981791,0.6613148083083928,-3.682124937722957,-1.8653192344593088,4.4952154986621435,-0.5139013424045816,-1.8207932219362752,5.941922846053478,-6.8375346990205506,-1.6184229517589905,-0.20140548504993014,5.610940921029661,0.3120636805478471,0.49769353166753044,-1.2208799147002958,-3.2722761216448317,-0.21921042158185589,0.45528445608338847,-3.0103053714981227,0.3842939669461268,-2.99437040129441,-1.2765545962433238,3.784854614765759,-4.1711891578426465,0.41859138332504364,0.6513015247516413,-3.252400400919475,1.53672186329092,-1.7636678131564802,-0.816824264618755,1.9434040967546111,0.519733572456232,0.25859899300507305,-0.011032958472045443,0.6395791195797959,2.4888281299456607
AGGCCACGTCGGAAAC-1,3.5422969011762673,3.824809572004136,-8.860298606915658,-8.548912681626538,7.956943623413946,1.0017547963708986,-0.8738582806840898,-8.256527738511647,-2.2162735047982616,-0.9774844671042515,-4.87127616752472,-2.6536212607365703,-4.414176952866537,-4.65759006183828,2.0751668817524194,0.10592711504532261,2.155469925797988,-0.6539593575141586,-2.507395501891677,0.9551349613586689,2.685248390087602,-2.7278071904620336,-1.7955162476116227,-0.1076861519738501,-1.5131296623360762,0.07774639596189135,0.31627752045355795,0.8831309653008628,0.6408645429900515,-0.28579267825527477,-0.8170616044401497,0.5329858661662046,-2.82079141951035,0.29716187672045286,-1.0352529234376344,-1.0119095267559324,1.4837278347817946,-1.1123007859080898,-1.4564470783210044,0.6739928498517773,1.0310737176826963,2.4259564011343002,0.5338863906585747,1.5280916929908916,-0.6393297037111046,0.22040398871070127,-0.6640270215664249,-0.15862583448237105,0.5902552478385753,-0.20197749028367065
CTGTCGTGTCGAGTTT-1,-7.739233811642929,1.5147363625165753,-8.830521442268052,-5.344607978287947,-4.0123114334300105,4.984258902071529,2.4220917337538728,0.37232661751809465,-1.0860302004351974,-1.0418922047914985,0.30958129096718984,-1.5169611401324579,0.2534496312771073,0.07589864685574312,2.449237577061002,1.2592290100640573,1.6972522514499273,1.7564271686474529,-1.0110999845748336,1.8947015398661682,0.965128596302726,-1.2390633898146148,4.067358265362856,-0.6209632515133439,-0.08810762108740312,-3.134343446990189,-1.1878302932502074,-1.9544667853668978,-0.4192505696778117,-1.1921015383098958,-1.1878384399552582,3.2612533869492593,1.8035893400171243,0.8703564160797427,-0.7167060389356945,-0.674537904236386,-1.3082600487649751,1.4291256395119813,1.8170859977887264,1.8156639420288934,1.129349030363627,-0.8133112512345834,3.192209219165205,-1.744455648526274,-0.7862675162531617,2.22597597598643,-2.4642987725216043,1.1415972851781928,1.0683707771126745,2.127800392236412
GTCAGCGAGGTGCAGT-1,13.942737434332724,-4.528635835031357,-5.343756805329681,-4.88382743875825,1.1663357904298843,1.9210756503043607,-7.458607630401173,-1.4081910916802467,-0.35187332366829427,-2.5362049709449157,-3.6447826961610157,-1.4662693242969111,-1.8951090473713734,3.2640839409516174,-2.1120832900078432,-1.646676146313058,1.1735656860527066,0.31524634046862277,-0.6539025735359109,-2.3430188218805656,-1.0779001195886215,1.0557344095229517,-1.3141616751691565,2.05140747792323,0.6099522758967331,-5.860053443912992,-0.6520765894308336,3.077909857294176,-0.48707783160821644,0.546696701559151,2.433971002268429,0.6592990089107295,-0.8057543506011144,2.997228995377808,2.1580216507495162,-5.802203937091696,-5.066879239856772,0.8122298390691758,-1.4865783776445942,1.4418368488186295,0.7229233508795617,0.5838715421546737,0.9154834992058107,0.8187030244897584,5.4660804384821855,-4.136158126122526,0.7825325940500004,-0.398551146483677,-0.2680937075864512,2.011987094815819
CATCAAGCACATTCGA-1,-12.075036898919583,-5.574591098892448,5.447963528958318,-0.4285107259931645,9.735101379117287,5.408030179112366,-0.005953302663882152,-2.682420285816338,-1.3573167161888675,0.12283785992214842,1.2785686162050283,-1.191928292645047,-0.5006853684707303,-3.366936533582668,-1.292238021422887,2.071569162072153,-2.98957578385015,0.6881889692672899,0.2863825484640672,0.5696937998321603,7.103001594618238,-2.4861961156838808,-3.067880558878956,0.8144129788417025,4.230222935089847,-0.6312925406359429,3.670560539270823,-1.7192109423425532,4.906063300667048,1.5057209589296479,1.0595852080276966,-0.5600699595540944,1.4523549929865602,-1.522598172658628,-0.008758323368036525,4.035611659284593,1.276555759203413,0.4283602947733043,-1.3884443971046407,2.5015037856898115,-3.0963078977924607,0.6535396249924523,-4.279608353656393,-3.2024602889607756,0.31416114500977343,1.8410916437508473,1.867632922580459,0.1474360426126712,-1.5589466775488694,0.09310788599861974
CAGAGCCCATCGGTTA-1,-7.412192883013681,-2.715337128812732,-3.4273931697717623,4.482846453485271,2.3913108723458514,8.225560759159738,2.622808790965132,2.8376141469379097,0.7880349125322093,-1.5484737000504487,-0.6579715865846124,-0.6239906017221282,2.6812771265792654,-0.662661348768736,2.0186032732228685,-1.6302706316874966,-0.7297024949509983,2.8477999491032167,0.39663419573155484,1.1263794247747538,2.0438071442967165,-0.6474238730887603,2.6006692054299947,2.5195731733019944,-2.0730522936355,-1.55087895439292,-1.918925909818854,1.2804546005864381,0.9622615821487345,2.7883709821190292,2.4031100984401914,1.0822539675267158,1.1465560954627718,-1.7808372764666893,0.24997443648493875,-0.9944818917829092,1.6744117601234183,0.11229140324972418,-1.3033258594108168,1.535681291799633,0.17140442304317474,0.30848875551292415,-0.06667197198965577,-1.537631117416925,-2.1327479488748877,0.9358662295112794,1.040995595141415,1.3116516519365098,-1.8830863105726123,1.952313289693319
ATGGGTTTCGCTTGCT-1,-12.891938257639941,-0.423111041960435,-19.494622984726934,10.237263423738597,-6.7435840211337785,-4.533194394362952,-0.5296201899689793,3.0730584238515513,-0.9588531979611478,-0.8097007047092767,-0.7023473431871409,-3.3829776050496703,-1.752148828166053,-0.07795370997521289,5.357926006908464,1.5359839636875132,-0.8371986206445363,-0.15342733390822436,2.170813384045857,-1.0937373582208496,0.6355489449455853,-0.3130248241027963,-1.7071915944257587,1.8564538740127932,-0.3258200980561516,0.2645300139400883,-0.9158899258112829,-3.0419663213913157,-1.1151737335357625,-0.8717308686935104,1.184746626299388,-0.47966185748103657,0.9359780511757638,1.3573524028635477,0.518926152963748,-1.1723210025315347,-0.13670906820654494,-3.3619985163165915,-0.9574709457187522,-1.79673098614893,-1.0417632787405784,3.2599519067658145,-2.3982849809933304,-2.308473581422667,-0.32745145102872014,0.4514560153483725,0.5795381751273875,0.4451006753912769,0.3210690040438047,1.1804369061076883
GGATGTTGTTGCTAGT-1,19.820658020836813,-8.949331855643083,-4.059043314834936,-1.8934940435602186,-3.4503995208342157,2.943931487881961,-3.8990672458494107,1.0809545331459414,2.513133704915941,2.503974501372052,0.4656917664292207,-0.8087276331800616,-1.043577041199793,1.226503396576939,-0.8176444172594309,0.8454220279344791,-1.1366805296484235,-0.7946439525703922,-0.04702567515921879,-2.275152942770196,0.05708928327342246,-0.3016001971164256,3.1072391328624507,1.5426369249574439,0.8582894326313946,2.6155197975469133,-0.3942742211164482,0.3508878573641638,-1.00148644318979,0.4463477463902877,0.056469064387521396,-0.43401049249975043,0.4143953691969278,0.8893628126220234,-0.6010502997492906,-1.3224200697169282,0.06503475009436947,1.9907518560988389,1.763652393984161,-0.6328419941028882,-0.9312172632619393,0.3699602629355977,-1.5304731139664485,-1.2648451835203214,1.0502712062877055,-1.3640482063566048,0.12460507027972267,-0.8344529077867114,-0.44651985528326515,-1.9903477271275614
TGGGCTGGTGGCACTC-1,-11.659787561257055,-1.0726395734705099,-15.117083183994502,9.959012897718244,3.09746376336561,-4.444745035450533,1.554659212902932,-4.866317214845576,-0.19237969440368693,0.04775129275645485,3.0534621927323435,-1.1155783771902272,1.3669364562177202,-2.258639941362132,-3.331394359253667,2.634775375168615,-1.6068039210382676,-1.2796020042597955,2.566820160532621,-1.7487889023384353,-3.5221080525831487,-0.0808069197733154,0.12571451755837737,1.5709520632686518,2.303922181492684,-0.07040206912028694,1.4868674729965385,4.770227959331873,1.5918245772564443,-1.6390985633285622,-2.786233032705995,-0.4225683505180881,4.223899796708279,3.274270935290752,-0.9544438826449058,-0.9934023651895049,-0.7262835053824249,-3.5439334152696063,-2.6476975837952086,-0.9949868928499961,-0.1691906380822544,-2.261505894891538,1.9208485560953188,1.909386349927358,-2.698846516009154,-3.693744749759399,-0.46943761667620426,1.641635430988202,-2.5340589064531156,0.9847558820344083
GTACAGTAGCGCAATG-1,-9.368941276531126,-2.4946191453013205,-4.476458387489272,-2.98115148925247,-1.087802505187664,0.12690820054769536,2.7260609947230887,-4.762188126657279,-3.7015488434785833,-0.6194515351582599,6.916766558696646,-4.535660675234326,-1.5417986409668687,5.270768394531554,-4.3457966617710335,-3.696735581815958,1.841528115275122,-0.4732875102604613,-3.4753724046620538,1.340217144740641,-0.9414436104772683,0.2217221503617059,2.8398305137480975,-2.083346094987649,-1.0337053970598111,0.5836229722450217,-0.14141798082493226,-0.9355745765282962,-0.16789871767866135,-4.814895566572421,0.6493302239008777,0.9696329438874799,-2.42757353998263,2.728859969390883,1.1730582771160742,1.0834942495572701,2.759472281440926,-0.6542002274548882,-0.4697437353877383,-2.0151480261299466,1.1892288819655064,2.105876022192836,0.27685439802883005,-3.3709672686282977,-1.2128031698873503,-1.1099442838671494,-0.4396314955570918,-0.8176313501066897,0.41435645871723936,0.7949090956118404
TTTCAGTAGTAACAGT-1,1.6685375778139495,22.29130723902153,8.17425968209366,6.707848866196949,-3.971778235999744,3.2534183282991593,1.6016809029211903,1.9588101209437292,-4.675350754419686,-1.0670112733079025,5.160496353940229,-3.564248766733666,-0.16517144429187783,-1.2009765580174534,-2.1082107852696397,2.0999065976520663,2.469383217403451,0.3205838008647324,-0.9452248332885903,1.1870870365701278,1.073820793492099,1.4989574783052346,1.0141546581530003,1.452292538318833,0.7954721529014728,0.8959959034333194,-1.8762610369416026,-0.021612192449396432,2.453699753271384,2.4708957927018327,-1.287692789987673,0.9760918816593681,0.41711547731941606,-1.6701727682802712,-2.1263854574516055,1.3596959242803397,-0.7505238700711799,1.9054741603982848,-1.6055348413609534,2.3489734898687216,-2.339524535410668,1.4891838044706933,-0.9892137459179128,-0.41274382028635265,-0.5549304064453542,-1.4885500970329928,-0.354464553445876,-0.22510647042058946,0.7838803207893159,-0.6665206326675166
GTAACCAGTCTCGGGT-1,-6.332833395541109,-2.3298070481201014,-6.872371083993011,3.1840494877716896,-2.4055531822880223,0.8910644843384116,-1.1556759430656693,2.069772909077904,-1.9783466177130253,-1.072845763986754,-2.8167070337800637,2.6642827776880083,0.4940273552453773,2.6911891573728313,-0.7642149020083984,-1.4097254854916819,-0.6141332666525907,1.2541703514020865,0.49425466853661215,1.5324644611538072,-1.5276013101424484,2.152085151695923,1.4505390996175567,-0.06760933334932581,-0.8857074498719877,1.4029552233920513,1.3666774336631542,1.0809282605012283,0.6605684744480069,1.701281101130339,0.5474084637653144,0.5308891933861885,3.4112202179118345,-1.4424873240889293,-1.8760221623567837,-0.1253441887081626,-1.525982264614784,0.9674928464344116,-0.8716234507202626,-0.8269515869678877,-1.402370642990231,1.1837568235175555,-0.05907938342632856,-1.2612875746037255,-3.1268144696195685,1.4037205155180605,0.009521110607893202,0.7617218125652804,-0.6320597360924172,2.017628783383351
AGGCATTTCGCTGTTC-1,5.522780322235884,-8.29650385215379,1.8787079349614417,-0.2721082290456657,2.358067708285403,4.677065966161463,-7.812025907440853,-1.1830132988705298,5.641756481727767,-0.39769079952126063,0.5253025923570005,-0.6158809848890615,0.9311465203944674,-3.8526690300451834,1.9352695982397876,2.648994753922697,-0.9336252503497415,1.143177158860891,-5.434227085628429,-3.8633733598987154,-4.5026041730000275,0.862848893888923,-0.520709404985522,-1.9533891634472063,0.2799247334316327,-0.8947127616369943,-0.4134597178856361,-3.839673879072763,0.6671944440556509,0.8472024616165884,1.5672531223106336,-2.7666142155454394,-2.1094698252481985,0.9952146307719807,2.7725856796675465,-1.5552031379206455,-0.2788417554550489,2.143648755301365,-2.183955144926702,0.5608619211876796,-3.555021204633148,0.26722158536709817,0.7518688060174678,-3.2040735266528033,0.4562021254335317,-0.9766764593226447,-0.04852333956704959,-0.9020045485372108,-1.3846010577298247,2.21625121114701
TCAGGGCAGTGTTCAC-1,-9.778022954376826,-1.9425962670612158,-0.6909784365015308,-9.448180146380938,-4.2697563016244064,-0.9466638402836882,0.8844769580211073,-3.6961130691963877,2.752776154892632,0.28957568212308143,-3.93689705033969,3.7738971065450877,-1.405225240030938,0.557937023336165,1.1832597885936094,0.8109069394876747,5.167749712779504,-3.798646821847585,1.535898758230844,2.552719675653974,-0.042539639760359675,-1.0062956430144625,1.400751617358164,0.6586783007052502,-1.9598663934766394,4.810685151671409,-1.6106360257875216,0.4589142285559304,-0.7218511139175223,-0.9098732290411334,-1.0286190462958928,-2.4327552182331162,0.8056780553281375,-0.5702733607013071,2.8097833006996407,1.2797867919346049,1.2563034855696815,-0.4881313814819043,0.9625859717303272,-2.5473626471486126,1.251831690045283,-1.0375410397444875,1.2234344970003548,1.1091738197683765,-2.4968671083476526,-0.9044628179927665,1.6843215185225762,1.3492432505669725,-0.39102374976745935,1.427589696292512
AGCTCAAGTGCTGTCG-1,9.038678956964686,-4.735612237017537,-5.643659357164997,-4.316070697874587,-3.005243570808591,0.3743775123544991,1.8979923577326856,-2.426211483158676,-1.666003359862564,-1.880092453392149,-0.8899848449544535,-0.14223416747384238,-0.1422073062962006,0.6207018154889049,0.010726134961465576,1.6035732767689934,-0.5482977717875681,0.6249746743750376,-0.8673424783489626,0.43957676178860083,-0.017027640125897605,1.3317839254019699,-1.2724521885095896,-1.0294240500919505,0.4587819691069384,-3.399652397540228,1.406045520604099,-0.03241766127760598,0.7810731099425217,-1.537645415741515,2.1631822018879334,0.142418811377601,1.9546210193694453,-1.0724756293035946,-1.1022327839772184,-0.8358353203823261,2.347002418254333,-0.7970338137716771,1.2440643075994993,-1.4710795769498561,-1.291474449024297,0.5426794041904031,1.21523067885438,0.3747834036028298,-1.247651329382124,2.705886940272928,2.0337770482588633,-2.1537779111207045,-0.49722032524658627,0.29587598774444085
GAGGCCTGTCAGACGA-1,13.613860420349658,30.399718476845912,4.598528801627041,2.5121183936147644,-2.662839309975905,0.37001822701917664,-1.099750472407162,-1.9132391502893435,-1.8330868031466185,0.411303729104048,-0.5431733357893165,0.9174358824391728,-1.753989427239279,1.9076386404532732,1.8968340301730815,-0.4149246978729854,1.9173876652953643,-0.050811768799596965,0.2831608992948566,1.214962513589285,0.7459623941343605,-0.3310299150892435,0.04176121377206014,-0.2222575023818736,1.5918142403875364,-0.2697015693636756,-0.08833996013287883,0.6413947190000073,-0.6664930488888633,-0.17425249353590727,0.6941887686734068,0.7801074504750534,0.38008833439092143,0.7629983635045291,0.32251915007447574,1.7243322891681698,2.185390139401392,0.07352197273092496,1.3860571362867031,-1.833114599389695,-0.2592205385209399,-0.04906324389881787,-0.16198672809565604,0.06484962741939533,-1.563843721947765,-0.255552057975514,0.6295272040036944,-0.8126799037643893,0.7881353509959484,0.5292429518611519
GCCTGTTGTCAAAGTA-1,-8.896858295607952,-5.143197318516489,4.583201558733635,-0.5555198699340943,0.1872614740242399,3.5973681332341307,-1.4746546740155664,1.7004800344807787,0.24896553551538486,0.2227445603045463,-2.5002654808351674,0.18581065755623868,2.6264900422902535,-0.8289242874610927,-1.1660895344410098,-1.5589346945763167,-2.1340957487721353,-2.0374680842106145,-0.5448319434339322,-1.9174949599810451,3.124307687866748,1.0306047450687081,-1.6137178660550733,-3.6825315523676587,0.1784627562457613,-2.9634805484042204,1.2291405216798383,-0.8742370158104733,-1.8219717870147456,2.8367882112224083,1.9012994431740726,1.6192763337726264,1.8989641468174996,-0.7993035125490735,-0.35954515488397293,3.220984296481109,-0.3130377193981219,-0.4366563939161136,-1.9630210953466714,1.9612270718417228,0.8361960487760818,-3.447008695588901,1.6333689880036601,1.8139506279946003,2.368596057656091,1.2109504777621272,3.9606174015569686,0.6241896334394067,3.654180927198496,-0.42527662406943584
GCATCTCAGCCTGAAG-1,-4.776977080108352,-5.815167723240495,-1.2178834375149836,4.858109233978979,1.7328595594054854,2.656937545793034,-4.72110757428736,-0.7690009106048592,-0.7368510013495833,-2.5511100210235518,-2.568725131060365,3.417203213020519,-3.0240553685315446,4.097378746269515,-4.086642627462654,2.6145945564709927,-0.5453552365312501,0.5033900310344206,1.466499457741109,2.428350201128601,0.551986791118558,4.316762499594515,-0.5752567177826492,1.5069122923763631,-4.2186234317439935,-2.2572530560599056,0.2910766112018656,-0.8993968658459328,0.9924600456259695,3.3428600698971933,-0.0017632756865478784,-1.4546211778591949,-0.384775894724898,-1.7172888546941538,1.5635394602051267,-3.557778144641552,2.1248004747920795,-0.8744635639377013,-0.6282125149563605,-2.0655384614759744,1.3382100102168781,1.169328308583772,1.0575139150840178,2.666172425824135,1.0461162021061599,-0.7826392467701225,5.45005057233333,0.7125805199839595,-2.3966835063828102,-0.9910806655164816
AACCCAACAAGTGCTT-1,20.713281433945355,-10.35273544781919,-0.9523489104326507,-0.5246586505107431,-0.1307069384193639,0.9350312809650494,-2.519991425587944,-0.6655591772399136,1.9424031938338984,-1.3558078002609173,0.0691154123875338,-1.0962634094977006,-0.8379716085787485,3.0807886867288725,1.1232505161788016,2.700606721675924,1.1692113370479684,-0.5259468407753821,-1.5100036660303204,-0.5075722342262595,-0.31536487324077184,1.0018031399205245,0.8022442029702733,0.5843634372448938,-2.1539108330864645,-3.2327570711604183,5.05853738726415,0.8249136529766011,-0.2991026373403733,2.687629170403102,-0.8146159813907726,-1.3305416716946898,-8.477648785579044,-3.224829507199428,-0.733848211618988,2.1577826691009134,2.9436437883949615,1.2504367644381005,-2.1245940802824657,-1.8825539938430687,2.1578177848486972,4.426997248149701,3.559427869680142,3.3367362524640956,-4.5194950431373275,3.7442824271705444,1.3952886318346374,-1.583817903027094,-1.729865981509322,-1.4512182093559514
AGATCCATCACAACCA-1,13.982449914938124,-6.9907935303109845,0.2226466459815242,0.3993316193774562,0.0977619199017583,-0.380526915764812,-0.030496983030327565,-1.5884192340453456,-3.4335314537320105,0.25514129734222624,-0.8982972108179302,-1.2519215511810877,0.00637057918452492,0.5849819728390477,0.639892063214421,0.04535890508651854,-0.562165374058525,0.5311788689373778,-0.22563139886031533,-0.8345733468920185,0.16711163245205107,-0.5708661744510695,0.4287263684416956,-1.3721955248015554,0.0031391853247662587,-0.07686737831165562,-0.9489082521593271,-0.5293318887197511,-0.154260307039783,1.7734422113467188,-0.16395825775237585,-1.8699583576439063,-0.34540643810074084,1.2208952694216082,-1.440774414153276,-1.7511605665645953,-0.5324764870862382,0.3845814674815519,-1.8520613996480384,0.32599145165055743,0.8850588780489345,0.03246427043112709,-0.8773847574884095,2.1583996711443407,0.6960536946812648,0.11152640833238892,0.6663204158914403,0.940837815452547,1.1052699393022853,0.28951923309857075
CCGATGGCAATTGAGA-1,16.128273721153374,-9.269714151227962,1.2439242928383505,1.171325646094433,-0.003932059132374477,-1.2042712157691182,3.7554489087899063,-3.019843577165153,-3.635136397952107,-0.5445121634288186,-2.4750138229393386,-1.01087687105391,0.36467244820926203,1.2956465707967275,2.581981686510893,-1.5483235734974465,-0.22914181725129837,-1.2695785258471086,0.9989292498257485,1.1557260879042022,-0.6308899927859069,0.4222821508339951,0.08544645066616367,-0.4312294551676857,-0.4511084853426197,-0.773274718385336,1.0334598027957431,1.0355055005924823,0.43320564751661383,0.030833486166748542,-0.4406797701461434,0.5343383173480643,-1.294816523772722,0.3097577754143629,-0.29249915775140495,-0.7039488225928443,-1.6428539935993098,-1.1684728286977393,-2.560091288416868,0.8459520782323773,0.26242628424058584,2.4332011450100457,-1.5041991717785588,-0.11675331998303724,0.18493947742155695,0.1749850648447405,-1.6899464170680423,1.8826318882919455,-1.0977693113633586,-1.2744125593122666
ATCGATGAGACTTCGT-1,-11.423299956823161,-5.6087369945525944,7.42791109998491,-4.537262335145085,-2.770914639957256,-5.069297547304911,-1.0154080631666695,0.5406118827558958,-0.045256307942121744,0.9815492308723918,-2.3534729474532887,-1.2501209879578115,-1.1430493455665627,-1.2726354639103197,-0.7287509178962265,0.12812105642112806,2.8824949787160676,1.5351211613225826,-1.3679565148894952,-3.1552020456009373,0.7570963824433489,-2.135355185015751,2.2897883694489964,-2.9289450217410398,0.370498534131819,-0.9183218825806074,-2.5549168362525263,-1.0334841968840325,-0.44683786737464753,0.587365224896645,-3.620663973196856,0.8670294482918974,1.0747150773342544,-0.6313293253907416,-3.317953297811129,-1.173297351472753,-0.9980965877923897,-1.5395707405115424,-1.3334722763990392,-0.9061240812247232,-0.24361800341044015,-1.3127775571402795,0.7660796445553638,-1.8951410626222704,0.3261611802174015,-0.8332125223207845,4.2888651724948845,-0.5118220371956692,-0.8515558618498891,1.702541498264834
TGTTCCGAGGGAGGAC-1,14.153328867620807,-5.513245843763371,-4.972008133348711,-2.3091028392461648,-1.9269191580694596,4.7981752798423365,-4.290225048003201,1.9083557052944027,5.655740592561218,4.403040924511642,2.0222201324168103,0.5341600082630003,-0.9029651903925033,1.0196622534080633,-1.5067141873014622,-1.3034372821460105,0.33844912485562434,-0.8834638497965723,-0.5245480070485072,-4.100598666560744,3.482989380862219,3.3485537215698207,3.057595756795985,-1.0491024518941219,0.8615350211632613,4.479077408226284,-0.761085407862259,-0.3881681215311455,-0.9071363818917214,0.38455356826534964,-2.5420208257500585,-1.3751742516130243,0.0059311760866835525,0.16264041375729793,1.922090208657821,-2.090734698396678,1.692583603873904,0.4867190949817235,-1.701702516087083,0.8667679469303459,2.496460985882679,1.5992594951634742,-3.1191577040368452,-0.7726600963500242,0.2370432837114244,0.8264296301909763,-1.4896179453648895,1.3959246698771408,1.1665776899282483,-1.6061739933337673
TGCCGAGGTCAAACGG-1,6.003166812249474,23.914521043389808,11.816028375642016,4.8106429829611015,-3.224246028228244,-0.6463853471751643,-2.1363009267005566,-0.783216209968975,-3.5457052313460475,0.31842184055545436,-0.6020293453505504,0.9186642185048135,-1.9347962907236695,-2.3396014551282387,0.36448800889521626,1.290248972026699,-0.12977556731706585,-0.8198412912513634,-0.586227459257724,-1.8616546942466414,-1.5241555007136613,1.7889799368991652,-0.16143242575410208,0.3702953122488731,0.4379989320164868,-0.16238123035483232,1.6110217463065497,-3.3732233560381775,0.30663977172035056,-1.0363798470611811,0.623270592176779,0.36226188535761344,1.0860531932135273,-0.9251702999401573,-0.3457975465201862,-1.2813026550600937,0.3411793862932949,2.56968983254255,1.4372996009655234,-0.4325163412839884,1.105207582201989,0.10012056801954763,0.9806770126699476,-0.6098377895858637,1.9155004763933927,-0.32252600303674217,-1.0774080626324347,-0.7203857860135792,2.3797661928951626,0.27914282014039743
GTTCGCTGTAACTAAG-1,-12.795036666942526,-1.031344171678738,-2.2728638055217276,-7.801574050008674,1.8028582259216344,-3.291614180059747,4.625436999842235,-1.3520278321121104,-3.687422664413975,-1.0061068232209986,9.019699658392199,-4.7589508905217395,-2.013148212660344,3.9774998144659306,-3.132606511376964,0.7912483058110212,2.627773134809496,-5.628195246190432,-0.8539917602626713,-3.8722506058368356,2.701100414746398,-6.036430739854091,-1.3841202886615314,-1.0449239253189904,-2.037903273354732,0.4472955385958907,0.5021214703128573,2.7294576258017753,0.10785713765478332,0.07527056351744232,2.701356429995478,1.3211973040963547,-2.003473476042092,3.354856458778884,1.7579394678842113,0.6032259035192894,-1.847719038771048,-0.10825071796234935,0.1906016642551952,-2.009611693403868,-2.6934379004059696,0.17205136056646103,-4.301666307228394,-4.8723888175324355,-2.189586365734138,1.8186262955289918,1.0159406051313886,4.855090456478823,-0.9986110037840169,2.941951625072031
ATCCATTCAGAAGTTA-1,-8.458129955451916,-4.3097745690136655,1.4616591934383654,0.7299500487011088,3.5684577654691276,6.242996211287623,3.1061849000568023,-0.29188458117915206,0.27930540557960115,0.6005804703239037,1.4703366545540533,1.483138805599469,-0.011025741583715802,-1.2892726697847536,-1.4707294254302854,-4.8476640538999245,2.2246159111242414,-1.9688751772854822,1.1323517673982684,-3.4929637283598773,2.746204932435785,2.414638876655792,-2.313514798805545,0.17772069692008344,-1.732757184342452,-1.622863030214243,-0.670611142645967,1.0614118265248706,0.3029299790557635,-0.5781467487664157,1.846712451289823,-2.3208789923885496,-1.5604893165335434,-1.5276487956379121,-3.5255465013077507,1.827628317819697,0.4317524208998768,-0.40150900956673385,-0.30127642980613245,-2.4927094355673454,3.898070496514165,1.526276466356065,0.7225621971117113,-1.1888636066720017,1.4236284364314442,-1.1134125600898361,0.7085374340925686,-0.014975641998898035,-0.23487000336090041,-0.01032604272532311
TGGGATTGTCTACGTA-1,-8.12333124270466,-4.806447099969801,3.4031426588885063,-3.2210356622449603,-2.1792875421828066,-2.5417292884346585,-1.3764825094574058,0.3237264191296359,1.8360835606251835,0.9837485511635367,1.0223522814514447,-0.21186868169356496,-1.821290988595142,-2.736497033556763,2.1648293482461454,-2.450427391964802,-2.7543341325470543,0.11389645700868681,4.987185016945382,0.9106616065236586,-0.06872878785291504,-1.1923537687195958,-1.5010203536703575,-1.4054908955203627,-0.6889980466126934,0.3424086233503348,3.2791152409822937,2.4544676366108464,0.8246127937452293,0.8337114656853057,-1.8801870314653604,1.85511518048096,0.12009160341977144,-1.8531284139594462,1.6657894249183778,1.844482368119119,-0.9763947538693313,2.772356554518949,-0.8151049309335897,-3.9578186807447118,0.16347968914167843,0.7263213611140348,1.7643067161564743,3.3370883431215264,0.735068019653661,-0.08747728635815341,-1.6471156918904706,0.5514386398576977,2.585930029530747,1.119535204090052
GAGGGATCAGACACAG-1,-9.84780729852106,-3.3798869629103585,-0.11233993204728046,-5.1534188695713805,-4.858147596581798,-1.4735025749068753,1.9523345741125615,2.423925902113798,-2.368284161143847,-3.6148083054391957,-0.35149777094018925,-1.800186332998527,-0.35232130882722423,0.17941955241303753,0.5428350788957803,-4.398474358896704,1.0438230201073877,-1.443402951456229,-2.7620881581705277,0.39204330902996265,-2.211468423788439,2.3737048425746092,-0.37740497117575245,-1.9983225462274827,0.807829842096663,1.6889177153963923,1.879375639873902,-0.8262554276897407,1.611924270177857,-3.9374830563601217,2.6074795727381703,-2.5677834704903253,1.6165905212935985,-1.3941009645865365,-0.14253930111769297,0.45282094527545197,-0.47026067054049353,-0.3696259735230429,-0.3017419084918867,-0.7801120690021336,0.4984338098165752,1.3718640713666561,0.9403508620029685,1.600376817148527,3.056245327478747,-2.250292536564648,0.21805028794079606,-0.4616022258232496,2.513908029916019,-4.659718212876519
CCTAACCTCTAGCAAC-1,-7.0494212487593595,0.4645225502950145,-7.0579922548971314,-11.488379287889652,-2.2316243158527223,1.2393683167071061,3.281292419379048,-1.1172757248955398,1.9957039967782895,4.435293039273365,4.333779373656335,3.507939883933193,0.28845762946048187,0.7908238668029726,0.6592737110200402,-1.1812846881688215,-2.084913753587087,-2.419672461287045,-0.3159308491503099,5.590477221562466,-0.6140871132413656,-0.7045282235513796,-1.2402578960036246,-0.5387288715703751,-0.0754556314103863,-2.927382739235263,-1.6048464117454762,0.7560748312761684,-2.3261043072964975,0.4851825903732626,-0.38999217931247065,0.5703898281399888,0.49957356066126307,1.7526207241266474,-0.46769218150727576,-0.22286653934546277,-0.15681597521789126,-0.8582030877583099,0.189887546999519,2.579350224455369,0.6261988674343943,0.5357757264467906,1.9094588490588014,-0.6592534644310807,-2.7624582617719455,0.19213708810591756,0.2432709131515849,1.108862551116792,-0.03916131777375224,1.675035795230901
AGGTCATCATCGAGCC-1,-7.241850723127952,-4.176883299470675,1.1214888623070924,2.9513320354508283,7.229857209009691,7.772836548869911,2.6994659210588385,1.1548982661031666,-1.0765192692006247,-1.869345243293572,0.12416283211830897,0.7354584295949967,0.829294159179362,-1.7323906770258684,-1.1227003607359325,-4.01950623261518,0.22791558195495681,-0.9555566151846455,-1.5683294870134012,0.08909101561818802,-1.8001241462477402,1.8690713392778215,-1.0076836739744794,-0.7890056836430992,2.3034536696111507,0.11792564448819935,-0.8100892676271509,1.4066872588815111,2.2536635878321922,0.5958440241508577,-1.7352190289843499,1.508126478406575,-0.7414292987137382,-0.15689146234668144,-3.652226249886995,-0.3353800507320005,0.9870139828062422,0.29165936456370517,-0.4605444311844186,0.2850472742459262,-2.1709013578020584,-0.7723362055631464,-1.533335582526123,1.5213024645571802,0.2197158392983584,0.26481720128295627,-1.8938326052417533,2.730937310711442,-1.0305688348888171,2.209194064097101
GTGCACGTCGGTGAAG-1,19.42941783175855,-10.368910729000795,0.665387709650398,-0.34903114967187976,1.7270681905522483,-2.9506235224663064,-0.42306248291284415,-0.9673516421654659,0.5662431518303023,0.142728227103453,0.5471427897277777,-1.2908528243416293,4.716597728381875,-0.4067446665275743,0.17683593306466414,1.162102363829948,-0.29491304075273844,0.23061611484895497,-0.38536068474547835,-0.5078000988346993,0.7752761872523364,-0.05335026958482336,-0.06882814316686292,-1.7600789030377868,0.02150151010168045,0.9643247511295373,-0.11215713628685599,0.3292458704771973,0.7448493138213775,-1.7099707240157092,-0.28894461737914895,-0.9393280415422426,2.8786792844832103,-0.888899643557863,-1.073955171788307,-2.3749169048835688,1.187996463307825,0.03396276499353686,0.6678640379247814,0.8021967568868257,-1.1275843379422414,0.801431107089294,-1.6915995686670664,-3.4627031389073846,-1.4323958815337026,1.3387910804937107,0.5062123026979676,0.5119193077087171,-0.09968685203122889,-0.7581969094014335
CTGTGAATCGCACGGT-1,0.5082656686432249,-6.311914984382584,5.4852572367494,-3.5578814032659434,1.5398390587687578,-4.049456025518827,-2.3661920213772776,-3.889434112502254,-1.199187969381835,1.4027499682208582,0.305454560542349,-0.22009030863660412,2.1866718944926413,1.3125584856751042,-1.8960680652414268,-1.9594515301028468,-1.9583467174377513,-1.533084073589249,0.37918360741733625,2.483430834450806,-1.3034987458434923,-2.9643013429491547,1.1130450673759396,3.7843916099750965,-3.6173559739854886,-0.2550437844381235,0.6459430525491279,0.2537949436370486,-5.459432313423973,-0.8038803813170151,-0.27146259744596424,1.677282919703522,0.38664401011709515,-1.4571179573678188,-2.003094948226784,-0.6762145738413918,1.3581481139378304,2.014258552076801,-2.6865340247042115,-1.3966184311581267,4.713300779826534,-0.09266117132665715,-2.103435384319723,0.23928919986222197,-1.200934401885183,-1.5400367044675949,1.8185021426668615,3.1444422847532256,-3.4101296719519265,0.6238411099206731
CAGGGCTCATGTTCGA-1,-8.643044333351023,-2.4769351869583,-0.09899358268511238,-5.120689341329543,-8.891568208471266,-1.502976073790147,-2.3007490145312057,1.7161915739027223,1.8189960739973061,-3.1040558548928274,-2.8616865599405403,-1.9276658625821164,2.6750727685318902,0.2763489405524635,-0.2838977744009496,2.313194623453664,0.7107704676466364,2.1477373569514153,1.055551997305125,-2.078406190538947,-0.19167981838439177,-2.114784038932322,0.7972585244638343,1.268813848673062,0.7065311962915096,-1.5757442086229532,-2.8616129894894153,0.6902288500423449,3.234447077311841,-1.0949159590907347,1.3532525680621013,-0.9928706952836915,-0.027649800294561315,-0.3714319684615441,1.6009020150757949,-1.4361035761354997,1.067404658597147,0.07475896488606051,0.08164038718419418,-0.025015157864317558,3.971893401261905,-1.3445476715615619,-0.6738354423825721,0.059154224127679074,-1.0363884319574574,-0.5108524533850799,2.358752145001439,-0.4500724466612329,-2.040169203106609,-0.34849384283726526
ATCACAGTCCGGCAAC-1,2.669207322111178,-5.900028866127159,-3.01956417240731,3.916322881963835,0.5405320553309796,10.26318189170703,0.3948924268937835,2.0501797009878544,2.227257345786882,-1.209289024522348,-0.7560266509459516,1.6705685318401153,0.8535739721494965,-1.0436407617163062,-1.7029233673304494,-5.195122167687746,2.261969681120463,-1.0119951840476389,-2.0680896811909095,-3.5222554773963197,-1.2734357165788306,1.9997179160086667,0.8875441321665056,0.5618403900477718,0.0973071270880578,2.2926808189124785,2.450761312353339,2.9502400944503058,0.742087529424181,-0.06666819659967722,-1.8502754655096358,3.066591701498065,1.548982992360171,-0.9622039253558899,0.5002418238288489,-1.4157730293933521,-2.0057141778568615,1.9108952754843334,-0.6618083919947075,0.06408912781842042,-0.5485701334648104,0.50422540740605,-0.7716201442072556,-0.7913211280095037,-2.5038766943305326,-0.44378509320152376,1.8217535572996189,0.6916480335746271,-1.7538008276359307,-1.1700890405377093
TGCGATATCGTGCAGC-1,13.637444984403052,-4.335969554659051,-7.005656851592898,-3.589225537368424,-5.015227512446152,7.890671336355493,-12.025881054429115,5.389790334926777,10.908100130793008,5.545814403130643,3.394719474445671,-0.0034137327622849054,-1.553760914762427,0.027613028552940032,-3.6449686582939944,-0.04542776290499067,-0.4179052195191285,-0.4693701069618557,-0.4543393207819634,-1.15090745889402,0.8102229802006329,1.225856680580083,-0.6325069174243283,0.03654424125774252,0.9412554694102039,0.3350698858101718,-2.4132584859041435,1.4878789605299916,0.34868965385450673,0.9814578602304618,1.0721216562107838,2.4145483495989857,0.8084006430028732,-0.6359304890318789,2.067263554244074,0.0009013454581754209,2.008354888264028,0.5291255282632005,2.0538061210092144,0.12107783466379284,-1.1967294210009871,-0.019554887485424693,0.637270133996863,-2.679725147272841,1.8332519430410268,0.7384831594378892,-0.3099798473563079,1.24984670337419,1.8975874421189127,-1.7926485919277568
CTCCACAAGGAGATAG-1,-13.333082587359256,-2.254987882725842,-16.495522641784106,19.84352302576606,2.4013642414011565,-0.3359792438950644,-0.9846220755510801,-0.9061297103131816,2.7356826926108804,-4.408607524403168,-2.565156523035986,0.8417156263609525,0.7107296485302029,-2.345994940310219,3.3554674458798974,0.6572143543809417,-1.5292214259007761,-0.3888355218725783,1.1362940796372607,1.4985497485565755,2.8483868352026303,0.20704969166864132,2.2855388613537406,-5.274391165961841,2.893337053804463,0.701258578338527,-1.438875866657585,-2.2386042054675017,-3.2383880141710617,2.4440244295241236,-0.015588669555149107,1.8853416886084553,-0.9205254977871311,0.021383509786435814,1.1036981952650329,-0.4505227793844511,1.0278885364102162,1.693993574743134,1.7425552974739322,-0.9109875686275389,2.0052763674482423,0.5293064256316965,2.076408390345688,-0.6332850102610764,0.49785181306416526,-0.09023227528468007,0.9752655233291079,-1.6574756267668862,2.084830983728135,-2.397169083700447
CCGGGTATCGTGGTAT-1,-4.14148757883078,-3.8431046900042736,2.357261585357988,-2.616664020081939,-2.78981150452265,-0.06428138746960492,-2.131459178999151,0.2554878781474223,-1.915168865104774,-2.9310305904429663,-1.220504360917186,-0.6756648757394934,1.7082652914718437,4.971943658319913,1.0058250244538935,-4.348148537759626,1.4543219032508383,0.7674662631344423,2.3837546291424845,2.5858950576761974,-2.5802279471094964,-0.8882133582475089,1.8529759102181484,1.8142575723081242,0.14207514031862875,-1.8776231292920051,0.671599015355169,0.06964075525494912,1.806487696686514,0.048850349184798914,1.4696646920147824,-0.14746407884253776,2.107890040916494,3.219888576312969,1.4777961916185194,-0.834496075885384,-3.474941310616052,2.0805663581039906,0.35004443580634226,4.55627613591493,-2.7977228096144944,-2.0048270412508304,-3.6380647473390053,0.9170971212436897,2.2590282658053242,-1.5769615010553155,0.16431006461587352,-0.5170546869425852,1.1759338479919248,-0.13575302789503652
TAGGGTTTCTAGACCA-1,1.124264356132873,-5.8511727022495,-3.934630655302248,-1.3582037452616142,-3.3019598892502806,-0.28930291623892535,0.6029950275110768,-2.5153040455473787,2.9759161723541365,-0.4177516922462293,-4.774048022660558,3.6404398878883453,4.483542099163597,-0.6527174812246694,-0.6106307114774606,4.3955306697265595,3.151878535880319,0.7805264515741963,-4.0821044246304945,1.325683709249508,-2.0005635049994406,-0.815829154460472,-3.403662571095337,-0.7637375454014461,2.180632881364604,4.6597871754666595,0.5796970119833464,0.6693720104105478,1.1514452177757335,1.9366644010170904,3.589495358260234,0.9204999738692285,-3.445279208384736,1.375577500204741,-1.8125646387142178,2.928237361178765,-0.9040717183868394,0.46131050319070266,0.917217802218612,-1.1969146152128733,0.27466060454411173,-0.33422889547882983,-2.645235361065425,3.7745616955042203,1.5328337665401248,2.2556483812986,1.707224017700066,1.4005064072816618,0.4553637946929612,-0.8895498743527519
TTCTTCCAGCTAATCC-1,-9.383267908592222,-5.1332971696077285,6.82450763402952,-3.992613479802449,-2.835539942992999,-4.262088304581098,0.25098038648871646,1.1644601878654752,2.329559422932245,-0.5273178282513913,-1.2375228893302896,2.1052505746972456,-0.36151830466395163,0.15342723745515618,-0.8585381724837595,-4.1619152506629025,-1.141836174872616,0.5117636550814431,-2.9214500965288455,0.12082695943552973,-0.00825405856897483,1.1438333214793688,1.174272986465972,-0.7886456348651023,-0.8400901999060123,-0.2474228386034173,0.9716340640243785,-2.4184445048042185,-2.3673015300347218,-0.21443281092219363,0.0577682200880825,-0.6512338760322834,-0.4857102425734109,1.6709831580668297,-1.4173768683528045,-0.8121374345530541,3.3757566832425407,-0.2691587810479914,2.7561414794533583,-0.9796145019930995,-1.6528555572149335,-3.306206325704167,4.0739865856762,1.2726298681015913,1.7349829226643139,-0.08655179519403847,-2.4851029827540714,1.9370754511358708,-0.7452943137158083,-1.5663355364299263
CCTCATGTCGTCAAAC-1,11.979865770479835,-9.621822714942494,-1.2855373970621398,3.3615250084304003,-0.7087879825500215,1.8428915114684552,1.7629653198676243,0.42302682613949805,-2.755128689952805,0.2357190945029378,-0.07121559087040656,-1.8300235672817478,-1.8905440160110352,0.3523521603989057,-0.3477450635400284,-1.3737175524515277,-0.07214427749259102,-1.3279431658729932,1.5387597276947351,0.3336025900564833,-0.18572185089612384,1.8470252558924092,-1.7523713871931668,-1.0482685359230175,1.4218131709848956,-1.833943490919106,3.9326876378934057,0.6885677864925243,-1.305093976494034,-0.474822058534734,2.542750583356567,1.6149934648758273,0.7098488538820064,-1.3642128250390593,-3.019490131656964,-0.25655494324144074,0.1808704928206751,0.9886354513681949,-0.5741308786538678,-2.0424751476951784,-0.7273915508240252,-1.6749448496271084,0.6643980729106037,-0.3880494777603532,1.4701697842113304,-0.6721691307309232,1.7904479452554585,-0.039085211660816487,1.134046217449397,2.1096050095493246
ATCGTGAAGAATTCAG-1,14.01374622332692,-5.491880546988081,-5.809299959716332,-7.594622222651527,0.4473436909392756,0.7315456279546999,-3.1628278248054364,-5.767986276779753,5.77935362954682,3.404212363534931,-0.25772786872240616,3.9452798211371474,1.8443004581993707,-1.6909891897575258,3.8718599450688194,0.9064944353569239,0.09746627939458813,-1.5212147415578323,0.7200120926205789,0.05019002190160794,-0.36631515486642213,1.358746068987283,0.5258902643411335,-0.33331694783924004,1.0633672495913749,-0.16539115984555752,-2.397152130519392,-1.1164802832423446,-1.4856209316252875,0.8341391522740709,0.11489901139249621,-1.4117983312309785,-1.983130338331638,-2.517955741462549,2.326825388215212,0.36446140238445585,-0.3996828248591895,1.7403171789424032,-0.1001599697009337,-0.46905773669630135,-0.3695461433340154,-1.757688992394392,0.7887843788964696,2.2869579955105386,-1.265606149414722,-0.0027841631459930654,0.3681932160210563,1.1091192725966603,1.3627262664546727,1.6285663153108254
CGTTCTGAGATGCCGA-1,-11.883616193646386,-1.2834039381873485,-3.3339630343592073,-6.27118414173454,-5.024857330747901,-0.5029866759140993,3.067545366814343,2.190778393736431,-1.0057390491123848,-2.6497596128711263,1.621167973518203,-2.9668533277980402,1.8305651512474965,0.02537966911178255,0.8501696845234075,-2.690819646101656,3.5554628324880917,-1.1179350796461929,3.3162102584042503,1.905409351023081,2.126228369059136,-1.2556135911199773,-1.1720253290454408,-0.4332195470925825,-2.478672138935099,-1.288937927083322,-0.39478142723975795,0.7356360348000146,-1.3332477514264052,0.7997739559532461,-2.1049420524037075,-1.0192857194650862,-0.24793340656914475,-0.8757011292120545,-0.7795839691385611,-1.4500115003924363,4.038817650669677,-0.09291400195432269,-0.2529322354472041,-1.9783608953898726,1.8865716731504723,-0.015817079300572707,1.689624022747115,0.5672297141679765,1.2797429875460449,0.7768439783791565,-0.0925047073502064,0.2936367093015907,1.3505870014682726,-0.5957593250618948
CCTCTAGGTCTATGAC-1,5.838343183239406,21.044501722171507,6.023001913182506,3.5218701363913842,-5.011693130092592,1.230700705513209,-0.9703545963332925,0.07938017319117625,-0.949170463132871,-0.6548546069792488,0.48338055436695865,1.8147715173562353,0.2920370634353478,-0.9884327546115202,-0.6530961132150734,0.8995343008131768,-0.29744076548446946,1.4076010715111544,-0.33000723327191833,-0.19588069442122044,-0.7218860683870618,0.2309265761633614,-2.4139339419025867,1.0847483443142993,-0.6293071764427844,0.5300691938398729,0.11028144038468543,0.2718635562004553,1.6549519284552057,0.43847975507337716,-0.11855862394390858,-0.7782353159971716,-0.9960439360629276,1.1547727849873086,0.5458663133939866,-0.6177292559244724,-0.4163518124430068,-0.35956775956145925,0.0075616189181217965,0.11981067629643088,-0.2256680348841622,0.7315358906665046,0.8345409695273492,0.5316070488809154,2.1105511425288355,1.3720611045201498,-0.9835464573132013,1.8790809503572468,-1.5975674810939435,0.3600425079348352
GTCACTCCACGCCACA-1,21.403700724924228,-12.819696507716529,1.6786610639109825,3.6042468127527587,-1.5961240355653452,-0.30836466552130815,8.914826293170393,0.9437683552468353,-0.7331913361253558,0.005493244108100396,-1.8943206003038013,0.7311365455498264,-4.926569922109252,0.4640423897537685,0.8631036498424506,-1.0789060787254385,0.15684269090010414,0.823433827143857,0.2904611255895262,0.255507539449912,-0.7652213192118676,-0.504400695720535,-0.34271018119530516,-1.4774792279379265,-2.931617880263612,-0.09973950206479498,-1.954565777177048,1.9560798498707157,0.2939575964255483,0.7629243920880086,0.052580147379314456,1.0066608980076204,-0.1543304808566755,0.21966774124448735,1.6235344664417812,0.2345350783867812,-0.21179701458645403,0.738480018486668,-0.4171063547650852,0.22994657073305955,-0.6396304959694042,-0.7579924213706128,0.4430985711099694,-0.22942505545692968,0.3349276381224105,-1.0913147427149372,-0.244357227298568,0.6657135707195605,0.1113227424981635,-2.6346290843353493
AGCGCTGCACGCGGTT-1,-2.6214721148747833,20.08952360470783,11.243727816021593,5.972575886996205,2.854475763348725,3.374929435187338,1.8266559730531209,-1.565254940643136,-0.3632431099825035,0.11784961777043822,2.006570513146539,-0.801865895556652,-0.46803653770474546,-1.4391204031027898,-1.020171178480958,2.169808181433346,-1.2921884743541425,-1.7002663869304824,-3.291796915687779,0.7250974645322282,-1.4941399213654194,-0.1251334779871402,-1.0117637688433296,-0.35740812364748165,-4.083450090470506,2.546260554152245,-0.43835751870739353,-1.9417035575538526,0.2744330845978504,0.7713623702999455,-0.040683011071743234,-1.4199261344759688,1.3212387681854663,0.2814818324087011,0.11628888874781866,-0.6708710501959423,1.0292226197125118,-1.8578752687751598,-1.7789312610813022,0.2691841896583842,-0.3294306070860581,1.2065239461459834,0.5633541885246788,1.172974958820383,0.3196950329496566,-0.9044755146680099,-0.5697773811486898,-2.051687997319604,-1.0318163374814449,-1.7244388167590392
TTAGGCATCTAAGGAA-1,6.58303074005646,0.951177242924149,-7.45707160279479,-5.868071087423849,14.887738846190226,-3.464250787812715,5.0386309503205435,15.648256070363715,-7.77408877653137,-0.566784110868227,0.39279230342462895,4.089026629753712,-0.8463306516186475,-0.88329704586638,-1.1695657930373946,0.22348860603003967,-1.0093498081435979,0.22690745251912478,1.2555903296704067,-0.30889922595380503,-2.7698067392892267,-1.05009535567312,-1.06584401361598,-1.1945468079562627,1.607129521107258,0.6741655002029414,1.6352257712260958,-2.364811090407984,-2.577160299127185,0.3889992657906157,0.3155031379737659,-0.8941884124367727,-0.8470177813265974,1.386937143909348,-2.595738711004832,2.2527106643611683,-1.9738306760523594,1.3887272023250228,-0.423410510551976,0.3611884657893268,1.9419043548726866,1.1077766977363779,-2.2290327308897364,2.777513779393675,0.9310462398231402,-1.0570045361925382,1.8284928141657968,4.919453389162688,0.6830232909847037,-0.7861012237520867
TGATCTTGTGTCACAT-1,16.56656096515818,-8.251626912614194,-2.736480790011617,-0.7136511008375732,-0.5644439163261326,1.6284775104930582,3.3536710667862364,0.2069391293740024,1.3160067854385455,2.6874832947054226,-0.2016025935494173,0.15518607120663114,-1.5077753255063449,1.5237377010021975,-1.2249187113323508,-1.0847592317933443,-0.9608057984705878,0.8914143047588616,0.1001686501712292,1.9250010645909346,-0.6001804645381492,-0.5596502716315602,-0.47374692829076837,-0.6414589779306247,1.1932613892767707,0.9192269775931335,-0.6829829721719453,-0.7178828016886344,-1.0365067776781827,0.3735187936326354,0.3444866107387965,-0.15629877783854174,2.3543741099654936,0.18393974454983178,-0.39242955745385666,-1.2746826573936518,0.40874272692737057,1.0401427957260192,0.5244825714911738,-0.5368893927829047,0.18993011131095083,-1.4563905700139883,-1.594593662300508,-1.9299667085209027,-1.3944021844079062,-1.0776353086557984,0.9152179095487202,-0.9807768432958396,-1.575816398972113,1.212706611990822
TTCACGCGTTACAGCT-1,-8.07637060846917,-1.3944709767591619,-3.5930323931361987,-7.419811433528965,-5.034524488370032,-1.0273779948477495,0.2102033428954298,2.6458077848912103,0.6833948804537557,1.7376233993026415,2.1020504672519,-1.724384370067354,-2.228164082986569,-5.035588512471934,-0.850634846066943,2.6032995215663575,-0.8374409759886547,1.0482837931209983,2.6363891149673555,0.9312710511359603,1.7062518514661063,1.1441524746768363,0.40429157969488994,-1.8363703869804051,0.7776754106111293,0.9314071534744809,-3.2664749345929422,-1.2077246529092318,0.8824157885214929,0.37782024825611144,1.233747000248601,-0.25796836346875823,0.7165950448535182,-1.5096650844109807,-0.5340817415598202,1.7463832789515212,-0.35172126722441577,-1.2091246416165304,-3.04029599975488,-0.027388294346699833,-0.08794363235055407,0.42174863909711247,1.5226022743614875,-2.039438637556156,-0.1776550629054058,-2.6661309423675643,-0.38814667877544495,0.5792264445425724,0.7684621902759511,0.6052513656775391
AGTGTTGAGGCTTAAA-1,-5.261951031219762,-2.3380765596158883,0.33395581918843403,-3.0903083123307202,-2.423089080758539,-2.6461475278208764,0.5609148126258309,-0.21732809998371283,1.3473694052510703,-1.252775363923629,-0.7377561287714196,-0.343854042942086,-1.1437648553837654,-1.2717503811732378,-2.708402354690077,3.169670328690766,-3.53312799229183,-0.1400987758435042,1.3286920773826945,-3.9372983341276395,-0.9808175422386978,-0.7193775089537833,1.4004159333637418,-1.537878115305524,-0.6930649585826631,1.254572435484776,-1.1445133712663604,1.9697082743041183,0.6208837797044675,1.0771104226112436,-2.4940277863584748,2.1557296997724613,1.5280482785678218,-1.0811804454694496,-0.1677619528550297,-0.29557059003103436,-0.6705994499362182,1.9572756909003484,0.996841095727158,1.02178718152423,-1.3652716620543397,0.8508097804267173,1.8200633134898738,-0.6126206276132327,-1.217352103522861,1.9874583903577645,2.445522508488391,-0.9577452503591163,0.6620411136075725,1.168051911638447
GTAGGAGTCCTTATCA-1,-3.176679114770244,1.2799509342683162,-8.411289912471789,-5.770189279326154,1.1859075907711485,1.9316150631699462,5.24161445591977,-4.108684052629653,-0.428728147415695,-1.1902593664527215,4.156411159613988,3.8002254408523055,-2.933301294481949,4.264393838819445,-8.357798159855976,3.7915460403232313,-6.194240173788348,5.327786994092908,3.519274234774309,-1.680675005472543,0.42246804485202577,5.517735795915162,3.238506989034997,-0.78557407283627,-0.5194924109329699,3.371615447660711,0.008134388621321499,-1.4507991014776958,-1.395264137931685,-4.835305596194297,-3.8947777941570774,-3.788161669303383,0.2286831210823426,-1.9597665026965096,-2.7882123341617375,-0.6633617739840856,-2.8592982420560626,0.0800263440896967,1.3869636890046164,0.10585369477282265,1.2399396885250615,-1.6745763266296236,1.5839415326985677,0.8114776429362613,-3.72360053417542,0.7279298475114255,4.473928715286201,-0.7452148606313869,3.189930687236831,0.551003596984249
GTCATTTAGGCCTAAG-1,-7.138166658747631,-4.270578351371448,4.480292373746936,-3.4206188431102156,-3.32349676063814,-2.192908444331209,-2.3602660278276724,1.5937222760312961,0.21478159008318645,-0.024973235805560528,-1.7775911078609756,-1.3667822716330325,-2.0024357947639158,-0.008388755974424567,-0.579278996480526,-0.7330305127455893,-1.04390824063183,0.25784679527353865,-2.7782543908089803,1.6593139774892087,0.9782265175728795,-3.444146798489039,0.373428702690221,0.6207264910171348,-2.2379347134664314,1.176410405184472,0.4808047532746069,0.44831834274116694,2.033624794250859,-1.1422818326026383,1.493495460709225,-2.5523762998847475,-2.8017434921628963,-0.137914577632065,-0.772026867475442,-2.6155969431276316,3.0854567719438286,0.1508237844018581,2.737519650228314,-1.7098499343788762,2.38270185294388,-0.5430664849551093,0.2005018298642247,1.3970605370955371,3.6260104469536545,0.005308819765249784,2.0549308899361645,0.7690092965480776,1.9060811429905626,-0.24836062105666723
TAGTGCAGTAGGTTTC-1,-10.215382199240526,-1.8986293740613194,-3.570731882699695,-4.209564624945809,-2.9165268166478837,2.1297876757413587,2.7060147518188113,-1.495034537537422,-1.12588826490034,2.4754842056945754,0.0730622682871927,-0.37387918618774313,1.759509996823053,5.236930833365938,-0.8013193308381589,2.8047159179139376,4.269715153762772,0.5508884123303738,-3.507851777655331,1.3765442721759582,3.7500406599840614,0.2485155240514759,0.5185596715363525,3.469848022249604,-0.38250512223401006,0.8014059804126271,-1.751693113173491,-0.26158453789939884,-1.9860939019338497,4.2644531795510945,2.0897219267276324,-0.3089332547629673,-1.3519622205603905,-3.6306827444221033,-0.3044597234151726,-0.7265951925458798,-3.9684086298619325,1.3492150035380963,1.8995982707830739,-0.2482261796275223,-0.6558937218981893,0.5563055239385266,-1.805529997103385,2.3103399965785423,-2.3377195346841178,-0.9755196854095713,-3.139872316308805,1.6398829744188381,-1.4609009391644183,-1.1558537105395377
CAATGACAGCGCCTCA-1,5.718831282314205,18.97595702622019,0.9810406461900658,-0.7503138762407024,2.2101175146247063,-1.1393284743866747,0.44383079620571997,2.8809038564566167,4.0375540417941025,0.23687643170503986,-0.6975889317572213,0.31246708511129984,1.3460826768244678,0.014413540645857197,-0.41870307878655616,1.8735658631359313,-0.6746605752799034,-0.7738770747042724,3.5670420904682874,-1.2048891304663736,-1.3730132862136744,0.14804140230791393,1.3467702635347025,2.4218867775736133,-0.6721703454702908,2.7681291612111756,1.032147318663914,-2.7790283031318714,-0.3673059833385963,0.020154569539096872,-1.1989189627695962,0.8124750496354367,-0.9908339878293272,-1.580762842685325,0.24344202715135546,3.1646957003839846,-0.40269881144400016,0.6358813442932298,-0.4619419066556087,0.01663227307764371,-0.16105998313725453,-1.1694294681683175,0.6189173165170626,-0.6146508111791998,1.9179963374775164,-0.8513507669453094,0.3891420176989138,-0.4111321890970889,-1.967783860283775,1.3055433707716029
TCTCAGCCACGCGCTA-1,-4.934711611377795,-5.829520890115017,4.875927450340492,0.3429586027709035,1.4342036262231315,1.1390876122772386,1.004033735949038,0.6178615718506811,-0.964199351314841,-1.0975647733984324,-0.3032660858559548,0.34544023201482027,0.6925818678084259,-0.9493532925003517,1.4248286401406651,-7.653450908678315,3.668284776565393,-2.0978389443420697,-3.1847185052727864,-0.3860601578804872,-1.0453768704761792,0.7298475274226182,1.4659573134291441,-1.8700765117747356,-0.3232266881925784,-0.8419939721931823,-2.726172593932133,-2.047364423026036,1.0325099085116882,0.7462919126933986,-2.8033351598999023,1.3105195837650032,0.14125674379939887,0.9753620229806061,1.962974675416341,-0.6337775312241164,1.8382901233723914,-1.8930436845530918,2.965176802743517,-0.143953942875375,2.1950655163848345,-1.945100269890842,-2.0052769612066976,2.5717161286885664,-0.6898548644821761,-1.5976703347344003,1.0830434370949444,0.3705760364001938,2.1456955174717005,-0.11123471913907307
TTGTTGTGTAGATGTA-1,14.33531261964351,-7.5873823810849395,-0.8190698668564445,0.27913073689102674,-0.6396389704253451,0.5722362266699077,1.586972350635347,0.7842164133959548,-1.6853486418541666,-0.8554436213486045,-3.875987440967954,-1.2914471681328363,-2.438401584913292,1.0013827381522593,-1.2834506934309482,-0.2768206871725988,-0.13680204156718873,1.2037674024718583,1.3584590047650813,0.8999505358488151,0.7399412260284366,1.4542500337870126,1.3893489383124435,1.6707252697171453,-0.33981387553959846,3.7758770836736852,1.2195175233822384,-0.6651198110371032,0.190572292257293,1.5888187843273402,-0.5084691707396543,-0.8530246434026977,-0.8717819884113455,-1.097179558774123,-1.8026177697897858,2.0153067133439597,0.3212276562206819,-0.8524946583296957,0.5848562091451709,-1.515972865050954,0.6227830138188876,-2.5946728002298243,-0.6956072772550752,-1.1579550817940312,-2.2319733197876075,1.8250315803437236,-0.178585002289432,0.4270914295575457,0.6516466709600247,-1.1639611717343499
GGCGTCACAGTGAGCA-1,7.869183974036215,4.85749656225239,-16.825628167419428,-11.978054215290804,8.969323290762375,2.377279888232514,-11.04325765855977,2.810614590884405,0.300417995003018,0.12460421950073797,1.8194441424859935,-5.488351842871446,-5.979829236284007,-1.155918672109977,2.667047517149111,-2.810545312498357,0.4083253576929565,-0.2002401043994515,3.1243721260131503,0.038516892087724186,2.3314867591050943,-0.76310871649668,1.31932148476062,3.289523845971907,-0.4655190881133006,-0.8277257074085532,3.7733116254277883,-2.9808384406249626,0.045409475157355605,2.429875903729377,-3.2266615081232177,0.9504708270133986,-3.017073062501914,-3.693457171481684,-4.0500042580573075,2.2636609014399576,2.990134187547054,3.6772611696618682,0.3702795691539141,4.985684377976656,1.2446801552161164,-1.3620768880489755,0.8008553563823239,-0.6809440008604847,0.05970709214293629,0.6073739306821301,-1.0148542495290958,-3.929411805103877,-1.6757335566770908,3.123113831964916
CACAGGCTCTAAGCCA-1,-12.899683761168836,-5.683567150449434,5.814808347147457,0.38471492169843885,8.269581331922135,5.916358077606243,1.8360625143263694,-0.12900001843874967,2.277793790361746,0.2799693090448129,-1.5484968501175287,4.096670074856253,-0.3907875343214288,-4.144993909719779,0.5191906050191869,3.8241157268917587,2.4650121789559525,-5.019333927052864,8.01089881507832,4.369748839279648,1.3253551174161815,0.4025763967344499,0.40737933026403433,-0.718285641938436,1.5675988990843057,-0.22648211342470556,2.0652894703665097,1.7414321723162216,6.298108029827572,-1.6427361170198593,-3.754757401052024,0.06585347548805283,-1.1113168016836528,3.331730493360766,-1.7476621467441702,1.2218064205559214,2.700240126478527,0.4185935374008484,-0.25565137429369894,3.958971032201327,-5.615701460857269,-1.253568653460103,-4.163998173861774,-0.8028668275380554,2.614527471930056,-3.8792677422352932,1.5191853969672537,-1.3932369899897534,0.19165154570354898,-0.1881704885945467
AAGGAATGTTGCATGT-1,6.714538077276581,-1.3666364082325568,-3.749749891843726,-3.5900289933454217,1.181077119289742,-0.45264530772461387,-8.999244578052338,-3.5247562233810026,-2.7445757895778833,1.2135918435210211,-1.1628297223852342,-1.333474204922096,0.8495580654400285,2.5179533117923625,1.0132239244675352,-0.06783484099647873,0.3222715280110192,-1.4123500324014724,0.9182692243644711,-0.1350474584758026,1.6921136837688882,0.6703889698264425,2.0100921010452795,0.43256193847181534,-0.6128888280880508,1.0975394060668666,0.33001461167383567,-0.11210331862139752,-1.3054634053110792,0.06665786145289594,-3.291638163975584,-0.46913052229266794,3.3470946591402404,0.49712711328919307,-2.157232034500485,0.29686351797131605,-1.1155113305423807,-2.108058339385325,0.9563700635309947,-0.5648530234984442,1.6988663349083382,-0.08318807912127732,-1.7382817865775622,0.48746380011437673,-0.6148481941728885,0.780528692827722,-1.5467430899727665,-0.3051006303739705,0.20023237831128332,-0.38707039697576795
TGTACAGAGAGATGCC-1,22.69933792835094,-11.938493987495038,1.2276786455780795,0.6797926421920075,2.068157073141534,-1.5606818538889358,2.9761167957770054,-0.222873365079651,2.1667187695265646,-0.8965168387740964,0.8487846299410516,-0.9976428337690029,1.574555453830029,0.3679676878446841,1.0626181725166046,-0.9716985960495634,-1.0561697351048642,-0.3790350208657641,-0.1433178653637178,-1.8086184757241965,2.968811654072307,0.3531675902038964,1.6311605019505637,-1.6439651671709192,-1.0014822147709048,3.2988280508584475,-1.3003409073828947,0.06448359255107257,0.5111124745331018,2.5728942035909426,-0.4460066589192986,-0.32848477623076805,-0.18509758296449397,1.618120061575352,-0.43891499423058256,0.6789836282127636,-0.9422182113237485,-2.2172498520805997,-0.9664413467032851,-1.799189523708868,1.9995408707456805,-0.5960098729750528,-1.693159128458651,-0.19229918428781811,-1.6004368830295952,-1.5276044976371665,-0.6706613296833962,-0.29228683688878176,0.15098396421328006,1.5782525957444067
AGTGATCGTTAGGGAC-1,15.014579948707354,-8.82568773602971,-0.7700181645352302,-1.2120789589037133,-2.556976770955698,0.6144176903400883,-4.1547717780542595,2.519971985784091,0.1357599127978554,-1.0689128574955284,-0.3131277541345753,1.9967369085066045,-3.0939757777766377,-1.607905406031597,-0.1541942204040878,3.6354120740608087,1.7251037926833113,0.9888364191175932,0.18237754444598134,0.35337419483319715,-1.8462091032912544,-1.182510247618536,-0.852956971143018,-0.3460809505675999,-1.6792520200332177,-0.5303455182096039,3.2079930566737533,-0.9567561280561059,2.062555447885334,-2.6222693548684886,2.4263507609378205,2.1252211840823945,-1.8117143619894134,1.077661549578242,-2.386831940078225,1.0656277421722926,-4.535056675871614,-2.6853329257939724,-1.6382559243281594,-0.8076433809797763,1.9531442006875308,-0.9268113017678236,5.717387728448621,2.0718207903315498,-1.6100143688702249,-0.46656733305644554,1.5826524285588932,-3.215272870953596,-0.17340614408528088,-3.352264082543765
AACCAACGTCTACAAC-1,1.2813380343904754,-0.33754501991664354,-4.139709901954629,-8.9866186121902,5.28178011874632,-2.274084014311314,1.4606606189556046,-9.566117701449615,-0.5366358408855209,0.48866807929406264,-2.26450406109022,7.07341172532349,1.760943508608093,-0.23315707258390847,2.149028956501417,0.22793957844107304,6.6117327989118575,2.0660985678498323,-1.6781876966693732,-1.6298581797282603,4.7417993892451635,3.1419627925049096,1.8954363213485903,2.576529404246297,-1.489187702048149,-0.4136175816586887,-6.778221480093379,-4.91968894631657,-1.7424597784900535,-2.395217566737112,2.355585380183213,3.3848585439428622,-2.7003594964107243,-3.606876175492469,0.4564271749256666,0.9311275804608611,2.216524892973977,-1.5663719463841652,1.2873688249428132,1.5167760251547047,-6.290773146187474,-5.526282185021843,2.4411123482153556,0.747873335356524,2.4932631339571407,-2.833158993679323,-2.8949165313034406,0.2537299808697761,-0.9219608432248058,-1.1162476035555478
ATATCCTGTGCATCTA-1,19.381417700511992,-12.126258221588479,3.540331501771644,3.4213981916217833,-0.3890849789659994,-2.4536245997311497,11.03249515550563,-0.5174007121624717,-1.143780033025232,1.0422998301212527,-1.029097885642645,-0.6744505762466799,-2.197890852086155,1.809866102349237,0.8267361777152663,-1.0551834482991866,0.10371303099802003,0.09381772080300167,0.7979616708099669,0.2386130624973602,-0.15691334597996456,-0.23141980550921568,2.3712308042689596,-0.4430151496836855,-1.0580571857300376,0.11470925270474745,0.4878230638450562,-0.6999315261829614,-1.5877091605237703,0.7601288009511897,-2.3396186280495046,0.8813897567689599,-0.7895996005669498,-1.2317080624774792,0.48442104419105214,2.583169270046186,1.0378488700316,0.9275013420248301,0.526222252279966,0.7026593560355301,-1.0076853011848739,-0.07575531212329921,0.5644209119376525,-0.0846607821522197,-1.6046990293320444,1.0622036153537817,0.3549410081132153,1.2747201683795504,-1.9494609553506526,0.8964039409601764
ACCTGAAGTGTTATCG-1,-1.1563167075063019,-3.800513465502892,-8.918638971605406,1.4438605039516184,4.157297486583749,3.210836018978066,0.3846744888399881,-2.978020906739423,-2.499526076061428,1.438893239029454,1.0237693990859653,1.4622129719010752,0.6046841628684941,3.562132643971282,1.2540685552363502,0.31631730135663766,2.6709433529775195,0.0598866751882534,0.9747661978391614,3.127596260815177,-1.6578787641503108,-1.199383652065278,1.8178209817172482,-2.4011765219287518,0.48150270778642473,2.048603966784986,0.2527602104583953,3.285144233663783,-2.321406202453073,-1.9765199311209016,-2.082407531619493,1.3450442507199032,-1.0891389596848364,-0.1011368266774716,1.9131324391498623,2.872130227810556,-0.6655225630694195,2.2276917823554436,2.058231428300309,-1.12920420633892,-2.743623621314396,0.573048135015717,-1.6072387856283579,-1.8700580018960087,-0.3139826125033733,2.707970639120836,-1.1709567078630028,1.047385062308629,-2.2786143642341012,-2.463381644231918
AGGTTGTAGAACCCGA-1,2.9447581277167947,-1.381427571683758,-4.337618869471173,-4.081391013458183,5.250112312523633,0.11066553918427476,1.6737447316433685,-8.741037373096596,-0.5320702189034112,0.9485428756701917,-4.1873610149999525,-1.193478685081267,-3.1774431078018743,-4.758158618123841,-1.1509365540342047,0.7331872070917368,2.9828735695441084,3.415343190833201,-1.1378930464782617,-2.392816308037544,-0.05210032537713899,-2.603222171833542,1.1526146804384447,-1.4794864075779985,-5.664993268919267,-0.044730552658137815,1.7658684609196458,-0.2259643129147961,-3.7698829687316233,-2.636137320906935,-1.055359992741745,0.37229312778967677,4.076021156338804,2.2081555861945517,-2.434711017693255,-2.362903815493053,2.2284109485755255,-1.3188589980199985,-1.8228115501076125,-0.6858331165767992,-0.40627185910073077,-0.4486605886644142,-2.658940649306889,1.0122873168400282,-1.5809110024337856,0.4041144394850398,1.244045520129339,-0.8705703374677631,3.4623298165183782,-1.641569305182648
CTTAGGACAATCCTAG-1,-10.762922139856789,-4.594695205187463,3.8695355466789256,-1.8361855208811817,3.1932521971710464,0.3369124995508102,-1.3212305190709241,-2.429018601634236,-0.5860323529509625,-1.3859004137964603,0.13410902087684534,-3.7275011391692017,-2.9182584344023654,-2.397611356603869,-5.997249023103933,-1.7375185238904167,5.426728094171147,4.731063977718664,4.281405231908835,1.9810046168015503,5.820397820796427,6.448455845259444,-9.131220924677551,3.693559831160347,0.9215050662463267,-2.7026731195190203,1.0677744700977145,-1.0664817852083266,0.08464016632570585,0.22349299841777093,-4.347325884029325,2.765539631686569,-0.18006534940024538,3.0946090498788204,-1.8942373084479676,1.3817995118436353,-0.7314786606320234,0.33669093989980287,3.0047462611112263,0.6765768173160323,2.0614619111011394,3.395325326176557,1.5706415524878774,0.4730077779071254,-1.8207217779629057,5.0423233145305195,-4.302815031154741,1.4321173825770273,-0.9002230658512441,0.9311275536757548
GATTCGACAGAACGCA-1,-12.294471335607055,-4.697942963054115,4.834005437997965,-6.350663696571435,-6.587843551583275,-3.4424454667058115,0.49117074859036014,1.183163750624228,0.934391072301096,-0.3630386410382454,-3.1322010240393023,1.8793819156821039,-0.9671709693903358,-0.5765348414163004,-6.254729927570019,1.5756432426985234,1.7427372095205353,-0.9586566020376773,1.3177734652966517,-0.11004469742301547,4.206333197671627,1.1670573736374548,-2.8739296214113446,1.7733900011653403,-1.8156804956741737,2.2381170875686593,-0.709735077192308,-0.8091179739701071,0.1994343660039868,3.6381776244732174,0.14760155576616962,0.5789447036158151,-0.2717124643993487,-3.3854606372616596,-0.6135060522595649,2.2118616350472426,-1.0026243685274927,-1.2428276366607622,0.007133078465369494,-3.776558231504734,4.7739263083364785,1.2050100314929038,-4.028086839032563,-2.344583768298662,1.6343938230023038,1.1288005790292404,-0.24767808300360186,0.5901859315914371,0.11396748141956942,0.41712225429195166
TGATTTCAGGTTAAAC-1,-9.789384949461335,-4.786825217883653,5.885890163148879,-0.4092255269540563,0.43850520547390787,0.35804006433380536,-0.23563799472650446,2.3194911181143354,-0.6177589843472572,-1.9957605511035463,1.504486630970132,-2.2372561671578315,0.1541774243418202,2.5957157282916836,2.169429714360491,-5.607485980510909,-1.115959993134131,4.946633240753128,-4.501097518189316,2.927678007844451,5.978062058365683,3.007983225368081,1.7003652882203062,3.556968719680377,-4.917658823484179,2.553718864917343,-0.3789956842729093,0.6877552373439817,-6.505161336904893,0.6704440358128625,6.343478374447663,-0.42582687092663407,-0.15657528682360447,0.4868098613642556,2.3325841181763622,1.9631393853553127,-1.2837144947285009,4.045958438546506,1.0794937914521667,3.7429266453495282,-0.6185695911059242,-3.2482802619241506,1.6669971206668035,-1.5266737390273184,-2.0531799589300577,-2.777097492913016,1.0406637587501633,1.355988485029807,-0.28090568170842395,-2.0629914200752273
CATACCCAGAGAACCC-1,14.444883209092652,-11.965311596524112,3.7760781587694803,3.1189750140636767,1.9097438104176505,0.10243114756031968,3.473593284733581,0.018269391481386937,0.11794160417147662,1.272346001944055,1.868280479120711,-2.17357897545019,-1.2564055741646531,2.7171797090445113,-1.9178276653438524,1.0637936444975995,6.759459639251969,-0.45262404436717346,-0.9223351343129849,-2.865310124954705,-2.7188375526576603,-1.6645050998532371,1.1769529396380196,1.3296656038986288,3.54242387736139,0.9410695300058808,0.6785792375093649,1.530780160141304,-2.536763504296868,-1.6063314104576716,-2.264723225617886,-0.9849252492484417,-0.6278706843172674,0.44914084494892287,-0.019574272727075927,1.0669169221013834,0.8873917152763595,2.775023287259704,-0.4481059139983523,1.3960944642063815,-1.1379318709182245,1.4569002752113023,2.4725386071808826,0.26560183660659814,0.5444058435578457,-0.9427690981794412,1.267981304147114,0.13819722897789274,-1.656304618907888,-1.3808223003856959
TTGAGTGCACTGGCGT-1,3.252006243679891,-1.8104140465401988,-2.9555496003821253,-3.82045443129614,4.457324851999184,0.18282355884360657,-3.8569862846290874,-2.7630596428405347,1.5576021527946138,-1.289818937703495,0.18369077222757915,-1.041801882376654,-1.9567282981403293,-7.318962828185401,-2.244883271649414,-2.787336365654843,-1.5743458902381087,-0.35917267355576477,-0.24537149863297064,-2.6570733347683246,0.6091841004753592,-2.955919780736839,2.5292086631871173,1.0157663084365471,-3.0573950497876154,-0.27462232723161945,-1.9834864286117584,0.7552972257964373,-0.07061462156515991,-1.238371079938938,-0.06805540802064643,0.4015640597114944,-1.8793561385088993,-1.0783800223771522,0.09337374033216624,2.4266798263077343,2.6465680411607146,-3.5618363867776304,-3.8034303466249337,-0.11873547113085005,-4.475610741392073,-2.9492858751067534,-4.008632525352367,-0.5646630324957046,0.41389902371603354,-0.49072924580031063,-5.776450617509044,0.24724587663451922,-0.3955237888947825,2.7613068600949706
TGTTACTAGTTGCGAG-1,-8.557603975414036,-1.766802975867537,-3.618491270017576,-6.0307802171668525,-1.5946107394215405,2.048517746764039,0.6066977960451178,-1.3857111351969844,-2.893906814978553,0.4610243523999303,1.5662759235317152,-1.0061547829291828,0.49116800203899874,-1.1121747475291923,1.192443934029454,1.433203680728951,1.178427295001788,-3.093705329870016,-1.0836183587189245,3.900792417719692,-3.3285825931937025,0.5840393383895234,-4.617548184542222,-1.1150314640243872,0.9365442624109906,4.323162139121423,1.346326342490462,3.27402973076462,0.13417457492544696,-2.0074725067960024,-0.5071525133303282,1.20921979070405,2.0348635482396147,-1.7937515841745626,-2.759206092613226,-1.1742051572876704,-1.569310778990689,-2.9175068326458913,1.881059995681844,0.07276855979803502,-0.9516272123284613,1.746072358215272,1.6986965235898561,2.7737598575872275,0.05493138045543643,1.4353986245907238,-3.4963783562372015,1.9208582515823411,-3.599725362877921,0.42574025385866215
TTGGGTAGTAGAGCTG-1,22.39767976535624,-11.40516661392911,0.8215857744306637,0.4607775448210208,1.5764008026759537,-2.976360199890809,-0.12940933829685689,-3.0515295207514432,-2.6616585217314532,-1.6841950432560666,-2.0910311039501948,-0.4365737394418909,-3.9433319310640798,-0.6668704185344931,1.2213927730156962,-0.3245919651750574,1.8657105648698629,-1.9118467862801922,2.602462307595531,1.5759775635951634,-1.8954977827382558,0.18684609921855488,2.2931099258523338,3.213329725374189,-1.0534406787825397,-0.8466191293860483,0.2705875663631963,2.8138551677015977,0.1164152146268358,2.862490788932676,3.3322958997489507,-0.13126395797470963,0.7268592365337696,2.9554439097231326,-2.268080212275442,2.332625950077082,-3.364124206586062,-3.0563261068596215,-1.2743519775196817,-2.8814195105392115,0.1472555351728506,-1.6440802786232473,-0.033113157385940215,1.3409858575385438,1.8112291403919352,-0.17808272605356293,-0.6956250461997828,-2.7295474194026226,-0.6353599046598882,4.862761325713314
CATACAGCAGCTATTG-1,-9.64325808566179,-4.959975191229968,1.7251289408644555,7.967102213898623,4.4511482844292996,3.572976418661188,-0.4237141184465923,3.6439199053211317,2.8053478873293782,0.30477436786931167,-2.2388105247055066,3.1613983874536564,-0.23139960599930917,1.2346800481631637,1.4694613788245723,1.9415206583017341,0.6821533282682899,1.7789773473287345,3.7523209918590554,-0.644702027766995,-0.46055566841056067,2.399163563071808,-1.6551369544838488,-0.15718532797481372,-3.9675378213390693,-3.3979217592867466,-1.4217767368063865,1.914144990237973,-1.1086187819486495,3.139914200603634,0.40078928374404976,-1.076586213278182,0.8287418848336563,-0.5182082654784242,2.4801587165550436,2.039732446955004,0.4486924674175931,-2.1101781108355153,0.8776449598188473,1.1995179621516163,-1.1412647264990483,-0.06918685302631407,0.43294352004744174,-2.8259593698301697,0.7892499346426768,-2.066149297176988,0.997571168066839,0.5063640007827072,3.9792521898397797,-2.7864419154541133
CACTGAACAGCAGACA-1,20.856274543410475,-13.445419440356243,3.9842986258603994,3.706535846557321,2.0588941489627546,-3.633212929760045,11.896243459846644,-1.5488756831744124,0.48430606196057807,-1.1325242912963949,-0.17038470679333512,0.035727754614721045,-0.6581250138705842,0.5229864938259735,0.8984880612736077,-1.4189736300018323,0.28062662205476036,0.6091295600516784,2.225188158202587,-0.0855431622656186,-0.20164445973146913,1.3624030385459234,0.09502874385071891,0.3481162757245625,1.308497321663757,0.027230720889113363,-1.8121229585855532,-0.3629775957116455,0.08299522885228294,-1.2820306371562977,-0.6064043632800001,-0.08389296894526806,0.42863452948602904,-2.413500742954329,2.9226162452928395,-0.030995541056674757,1.3327200237168764,-1.038133838245638,-1.7972914562474722,-0.8714839758194801,1.5134806627824569,-2.70280314735684,-2.1491053323467963,-3.0537271105696258,-1.3077195984411873,1.1903624460635307,-1.7087072437607893,1.4589923933646087,1.22356863493467,-2.254298319239415
TGCATCCGTTCCAAAC-1,0.5653582575185251,-8.915440061644835,4.742024108186925,-1.3554998943679482,-0.4792380777634564,-2.4301146940870875,1.714582534099116,0.41939549446616486,0.21018223426821303,0.9246557662501678,0.4000762322303933,-2.351494360092784,-0.1372541460197912,1.1111133255130081,-0.3559278296827754,3.061287859028215,0.005108739375483901,-0.36065987782048825,-4.109750084690022,0.7415780889819522,-1.333511869384119,-1.3388024038677608,-0.5888975693709014,0.41678323832214204,0.07634301752664033,0.20589189550457077,0.9844407843189725,1.8868838944608022,2.4844362320176105,0.7989208829522741,1.4797511791134428,1.7694989828520507,4.348090928668586,2.514017536776266,1.675178941730031,0.3780286536362545,3.9991530619018283,-0.1773927275676691,3.376782091873704,5.436001032663315,0.9989016563142354,-3.500599143149777,-2.058759894627631,3.160321184280429,-0.2344012857686812,0.34313558216045065,3.529298852294448,0.7481475611720693,-2.295490209015903,2.1352781085147376
GTCACTCGTCCAAAGG-1,-5.989353562024961,-1.1811029161693238,-3.6763251656312823,-7.242081783785146,-7.617702206977168,1.6379035215642688,0.877445082166419,1.7267070717979018,2.2717771467321453,0.5398298427669415,-0.7696013078080404,2.1533562843066023,-0.04743447256336812,-1.1743247891273465,1.4938466699008908,2.3363165841485936,-1.1230056161829978,-0.10299775260443324,3.0424770019625598,0.9779962121828667,0.9497034819159124,-0.6108074122740306,-1.3546767958508124,1.372701539763189,-0.012274502459190595,-0.29095085002956667,0.6094115959162327,1.0926680514656577,0.9894364737558895,-1.6667755042615964,-0.3260904695239537,0.04941952436297177,0.5213381852608171,0.545044124982772,-2.295785649003748,-1.316800947030776,1.4365233163578823,-0.3026822941586543,0.7456431153799489,0.7818504165806822,0.08330174483471489,1.4453772665705795,-0.5362744005981737,-0.699535787862535,-1.336400605148964,-0.20982914587069315,0.7096630774576235,-0.5120046282446128,-0.1777374393288871,-0.8039100321111825
GGTCACGTCCCAGCGA-1,-9.507512989409756,-4.609060132203838,4.7966398308168285,0.39467517982620853,8.10433771478402,3.7319094337444136,-1.872209123607554,-0.9656965264435453,0.33761524532316456,0.5605503180189388,0.5678272833078968,-0.9120139854629238,-4.446296141409231,-7.956493362156419,-0.8850855800685371,2.6347949416042327,-7.1441277510899015,1.8720672035321841,3.1169514618963294,4.923810634666802,0.14069994954039478,-1.4452285674179084,5.654464390270676,2.7683179620680494,1.8652041919106535,0.22234773944899128,2.659645945741696,1.6271466224499842,1.2079186998794713,0.40480678824795246,3.599841198126703,-0.3391126419121766,0.12659194900749468,-1.3940986689094852,1.1067470034986724,3.3244244348007705,1.8549628320902791,-5.353317780921078,-1.3436118202590985,-3.9591741961116234,1.9561297655872816,-0.21728237299170977,-0.9631787481940212,2.615337348120787,1.3451618670443632,-2.667756784588785,3.5671255010444414,-3.439342809981351,-0.18117262929359246,-0.7603771809684435
TGTCCTGCAGGATGAC-1,2.8336463443788933,-9.129298324186673,3.3748469182689247,5.492909312507829,11.29566856789197,8.746774410309188,1.9966959198655534,-0.9513607129771834,-1.8185865277775601,-3.1818824251842472,1.0303055026781993,0.9608018773627857,8.050773786385585,-4.481527318931947,2.477291928827407,-2.6314926767429196,0.949701194595634,-2.8062998439735782,4.97336836057216,-0.13806668076599368,3.384208398365552,-1.5722656743257908,0.6269059528062855,-3.0491792378181657,3.6463057950650692,1.7591589886431571,-3.479272611714107,4.540229744419463,-2.926145049649547,1.2898422965837137,1.5944046380542425,-2.2858020469982856,-5.373477522906533,-3.283028279988601,1.0379523930380306,-2.598298865743543,-0.723746563412543,0.6319271177535678,0.3225743889304672,1.0872101223263662,-1.1926908548581705,1.3338757488394881,-0.4643737454658943,-1.5802369276958164,-2.2828794574677027,-1.599922987148846,-0.4951942275857473,0.07432415252572727,2.7753016882088217,-0.07409134030183218
GACCAATAGTTTAGGA-1,-14.419258947540353,-5.860127000696595,7.780396253419573,0.6558091679259759,4.9509676620009335,2.9082774169274495,-0.14457744524705518,-0.09300722274545302,1.7652173496432246,4.291976203040504,-1.9557004073258384,-2.227387596805716,-1.5214259060304083,-1.4430623410957255,-0.34060512791564884,5.973430606970606,1.5162351631807742,-1.6475809136782558,-2.600300229852754,-2.522321648765595,2.550748335630598,-1.7090830893863664,1.944856639667376,-1.0966042963711904,0.684614782965538,-3.099809302553138,-0.7147682428049946,-1.9170429875440944,1.4586056118902124,1.487140368672135,0.5175682386917191,-1.3661336079054167,0.7986928887465625,3.1256158522920368,-3.0060511459184087,-1.0669506624523255,1.4873139086306009,-1.2350357496182676,-2.548430391240851,-2.85380606805407,-1.0235082219197937,-5.589535367076548,1.1794573905881038,-0.8078306604011087,-1.3647808551127059,2.021251464906725,-2.286113562866226,2.9301739776758424,-0.8953190305648524,-4.986465959421545
TGCACGGAGGGCTGAT-1,14.806804357578425,-7.47514606745006,-2.858946189192904,-1.6845681459069453,0.10126806889150816,-0.7978422782037659,0.44664931127380986,1.3638458156310107,-0.7950935035158365,-1.2005709466582242,0.2944248602918399,0.1149271820449759,1.840969261380211,0.850167768946743,1.0686939176681869,0.34296133912893745,0.5067604518917128,-0.17462432284863857,-0.419513037681755,1.4124753160184569,2.066429724343962,0.6172412601425022,-0.9353759718007686,1.1309802421641157,0.07661569918121178,1.9159782509721932,0.5548713580168946,1.8890137686549227,-1.1540372861699013,-0.0438446627889923,2.6105346477414884,-0.7309506984848388,1.4808340544254108,0.5524967582495166,-1.0404863590852005,0.08941945033423393,-0.20529782909372468,2.5164560654874415,-2.134610338553668,-0.4605729149746876,1.002057848809661,0.11171937193113819,2.4122178311418665,1.2116587864187842,-0.09557076973137711,0.17841325945348022,-0.4891506501282593,0.5292978331687943,1.1327212356155265,-0.1239560485278149
TACAACGAGTCCCTAA-1,11.966150148746642,-5.010078317197084,-2.6553847245487514,-2.103107636184097,1.9185414193855657,1.7394549302179707,-7.135568830002178,0.5509132895027031,2.6358872673953475,1.672806012903887,3.4946208870671125,-2.1325090590799225,3.332471812700249,2.093104676412784,0.5398592832303222,1.48722388916156,-0.1382331650078436,0.2580202131290167,-5.130643463149823,-2.2879714720266158,3.0288854595199024,0.9669733928196296,-0.3675337146390238,0.040881598576692206,0.8444265838217324,0.008696611270541244,1.7182298636948872,0.31007839177534147,-0.31070558482116617,1.5826904706230778,-2.176825383911826,-2.4743133766494636,-3.591838349469487,-0.5385675562561844,0.4862732429432913,-1.6941431667457638,0.5493305883566997,1.0956409844209631,-0.13265662238600984,-0.3110612998823738,0.9920471875841824,5.540966307061144,2.038148447183119,2.7228882449777045,-0.91539074879463,-0.054116870561520376,-1.1684913122409468,-1.2011403264172251,-1.3674849111543879,-1.0232523541015732
TGGTGATGTAGCGTAG-1,-9.135042556730454,-0.4313839718043019,-9.649949339598345,-1.4096432196315156,1.734146832734148,4.051651285637,0.11618294645777855,-4.763907680625827,-1.7818650792215778,2.795006894952724,-0.07368659486606605,4.475275642270454,-0.1861950551852721,-1.483766861441926,-2.662984766189058,-4.535625264231466,1.5641977150539177,-3.4036549660087076,2.4901118806891884,1.744211409272562,0.7944957929539915,-1.0709110527849377,0.6433956921432804,1.6156055044215887,1.9564443696515035,-0.16547414303588515,-2.0647446230748265,-0.4136956580455865,-1.0571608533551684,-3.179697050057574,-0.47459100822399186,0.7766306081882255,-1.5251792176774224,1.490096023891025,1.2725573838990736,1.168272958080079,-1.4009540448104423,0.3375678000580974,-1.0248804681050951,1.0720659277228923,2.3512939492295186,1.2321283250641661,-1.109997034236929,0.51235941691579,-0.32496355873812205,0.3643965877086664,-1.1772535038235281,-0.4792903402486743,-1.4086630285140627,-2.2593723702397064
TGGATGTTCAGACCCG-1,-9.661041027121758,-2.626387194816422,0.5919733915678945,0.7145353726074798,3.9621714466385862,2.234809895835069,0.7105599817331057,2.926250277142656,2.627285235442364,2.9205761208233025,-0.6203670364457581,0.17919368460201984,2.6070208621497506,2.1430929971460064,0.593007620623984,3.2678649742989894,0.07542840650076534,0.24132417539791567,1.8728534297456794,3.474515808412524,1.715891010405187,0.6512351262216107,3.7539296774649507,0.7132256521781228,-1.771059684223586,-0.0414435874753888,-1.2286285532032553,0.04229659147635647,-0.7103641572922093,3.8282900835139815,0.8063658090456631,0.8890976395952184,-0.38421387313082406,-0.35744250529208726,-1.406404450649147,-1.3949762100117216,1.886609555570065,2.3301461221293094,-0.478228055121818,-1.5988169119526403,3.935039508694504,1.2141511254930302,0.1990973455220053,-0.6771385140095618,0.6207752142635428,-1.7423848101576693,0.7535179474812694,1.1772370386621063,-1.3424767828369786,1.0211646164286088
GAATCACAGCCGTTAT-1,5.613805978164963,28.561719891996084,-0.568558604791977,-0.17371335296411783,-2.5306404118677133,-0.44100957835886007,4.6582415990442785,-0.1244583091696317,0.025600149508170286,-0.02617033853677178,2.1977325433162083,-1.0988819728187373,1.4542063265582212,-0.354367683503118,-0.08565492951162382,0.16464417669967543,-0.8338300523375815,-0.3728329833741589,-0.13569030918907596,-0.8842704332562322,0.07769506586729524,-1.5009998526501427,-0.013867668398345879,-1.239660839156713,-0.8129183176709289,0.034789871149064386,1.260113716868377,-0.17795002706821295,0.7689416460258373,-1.632513252494955,1.0658215215656361,0.7515243537119332,-0.5300098279218223,0.5949232937715604,-1.7255183073344769,0.4163408502016314,-0.4074349880408049,-1.6271951575799135,0.0699746952552173,0.8607792770890156,-1.4381844609899659,-0.03490573507582492,0.45828859772463043,0.5802134737274335,-0.09831533898049598,0.8126800118606005,0.13066249668753013,-0.1978541279617715,-0.03439118031259232,-0.3200507738800652
TCATCATCATAATCGC-1,-7.046633725021772,3.7524359518533212,0.4274048035503134,-2.180078290178488,4.0989160713700405,3.2089041239485816,2.759252746490066,-1.3391273806626973,1.3341895365398775,0.18762637234377713,1.6329357023936406,1.093167581937731,-1.533165852486334,-3.6230633547474573,-2.3574840329391815,0.6132989285655253,-3.432670028711266,1.4109046194400954,2.580946540114026,-4.160692124217008,-1.841604192670872,0.3280989391195041,-2.2034312845890915,0.5508316925697795,-1.911579253008559,-1.0905549043432723,2.1278663135923153,0.8177145844255237,0.44792287749192167,-1.8982151623955288,0.1009991253673554,-1.2166462425922409,0.5019863066539374,2.104777095916043,1.4942189407675568,1.002231800636358,0.18617446357004702,-0.88472386239869,0.8430603521414238,-0.7767012447015733,-0.13441502288143978,-0.9695491636704446,-1.2583794446595826,1.8714511220611485,2.3856265451960983,-4.108407292354709,1.3723585688050803,1.4398326496536205,-0.9885395946969049,0.3241870853950813
TCTTCCTTCGCAATGT-1,-2.202918648894601,5.340254201041101,-18.490878303759803,-15.662320436581563,-5.226381744363028,3.632924339718884,3.2051309064462545,0.3749379595220512,2.1534218568795587,9.037026458905425,8.700171258222962,7.955913690530773,-2.3949748585769814,-1.828877071418876,3.2957822484286345,0.2551249160663911,-2.3257117982747775,-2.9693885910526694,0.46508889129092795,1.8824022447989848,-3.2558783320629714,-2.5911684575414635,-1.4521673392692445,-0.9772703915459993,-0.7075960800262002,-2.2517378056535335,1.3206363917218444,-0.25657302065481485,-1.4745971460755927,0.7563928406515009,1.229030617491881,1.4557496870131976,-0.7450440701717217,1.3213989435751,-0.2815970540706192,2.362638521566422,-0.5272730601104743,-0.8122940308826997,-1.2101018789546178,-0.7223335642004891,0.5051212694786378,0.05769587577402997,-0.9604437903840705,-0.9371745075722913,-0.07584947757710446,-0.7407838679803735,1.2780904490466058,-1.2182246679843716,0.8135964796627042,0.6190989748865647
AAGACAAGTATCGTGT-1,-13.470413213358727,-3.0321820723991992,-1.178648169625406,0.15529181509832263,-0.25321549568879576,4.686478161930997,-0.4521417167810199,1.750837550518698,0.6261044768488421,-2.8401154714450394,1.0728868282737611,0.7280197758365131,0.06629973154117093,3.619053761472698,1.4215204953032374,1.5436161587388249,-3.140115110858445,-1.1154931865853523,-0.9264308910032343,0.20500085363701978,-0.07281174850843038,-3.4592154783377533,1.7241839143414166,2.643192442700805,-0.6569511038527915,-1.2693808805579332,1.009475999668643,-2.3838952131681275,4.432204547022794,0.6508468662590207,-0.9071692551927857,-2.01175428418547,3.7592593006062627,-2.1467394217416715,2.9468742793274925,-0.5534560842103177,1.5265267036771266,1.4233819472822162,2.304983053079092,0.6042208720368331,-0.45447725603677724,0.7455718548223981,-1.3039631330232337,1.0028806096580238,-1.3290916427188377,-1.8259379074261741,-3.850872202420295,0.34835616684523735,0.5231771076327724,0.22757573400395517
TCATACTGTGCTCGTG-1,4.997224576809391,-7.963055106474778,-0.7746732661914559,0.347276016417722,2.425207254858143,7.697819802525139,-0.7730448984764643,0.35300496303301127,2.0960952890977804,0.8199326222753045,2.197065445010407,2.7002270222302296,-1.114702894956065,-3.09783749104261,0.5955311200362469,0.8308846676097358,-2.018058300968914,2.4326488259729486,0.7814324457233286,0.1645455671277179,-1.4133728610839331,-3.4696164666188243,-0.4632657823746112,0.8796251472493998,0.13266267725556277,-0.5200472355145467,1.1002667805679613,-2.460438586083532,-0.5739085736893577,0.8138000158947676,2.1519019386029483,2.3421614188379256,-1.3401578244976367,-2.4551158973357086,0.8299778152985827,0.35196803122652676,-2.0475854185428592,-0.11652869386197175,0.9768102175313568,0.18042113542564836,-0.44238734855073886,1.7158288749655917,0.6896809396779574,-2.9670946376652814,-1.551075117259994,-1.174591973270437,3.723732975561403,-0.1440640399447201,1.0003924607605337,0.07816886416571577
TACGGGCAGGCGCTTC-1,-0.3773819733817159,-5.266590653881261,-0.01088927829784751,-1.017750725935673,3.1314517344973956,4.01656769644621,-1.4514397709687636,0.5908182167550426,-2.474545519712973,-2.293479237016375,-0.29841875641222604,-0.4693986595202175,4.272087936788872,-2.6384846970192606,2.9053284012493297,0.25181241590136844,-2.441010289904782,-0.01993774341412136,-0.6481501331564662,2.6649432677850697,-0.8598002380816216,-1.2978595581974561,-2.408185038604024,-2.19457468945145,-0.12264595149072888,-0.4863757646531673,-0.3461822615976279,-1.957637776763959,0.9602884067861203,1.0657003876921305,1.1409072207125635,1.8844848670229966,1.4895781949384455,-0.7770446760744207,1.7382623113314315,0.7138771946557011,-0.5547055832216252,1.6117199389863663,0.9187812955138331,0.05984043339478402,-1.3924037606936863,-1.6121395899148199,-0.26312000693694865,-0.2867132473135036,-2.465229598220763,-0.5207955170760376,-1.1715155310678032,-1.409065483550352,-0.01482974148659751,0.91756986302508
TCCTGCATCTAGAACC-1,3.228916520523694,10.675781883242944,-2.0277307397467346,-2.9580570873101704,5.267570548545459,-0.6583116782869138,-0.12790276492298525,-2.418289341809067,8.392741070214301,-6.171083389335601,-2.831318430751049,-4.481122504737918,2.603815308603255,6.181971797127133,-5.305770683274254,0.042324624779506145,-4.011417642621986,-0.6368383964184985,2.629633715599526,-1.14445034476526,0.1649302710859174,-0.36257832385830135,2.5776380660788005,-10.899788891979737,-6.0009189002648125,-1.1319241375230453,-1.573887234140497,-3.318141179822875,0.733535056426042,-4.069948208435297,-2.201940108832839,5.738108488349258,-2.718198933979287,0.6654177798540124,-7.597701393131152,5.437745417136616,-2.3209440467350535,0.6809524845279729,5.975546911547021,3.699288977455676,-1.64709229632966,-2.56327478465247,-0.2720191751172254,-3.3584175249113613,-4.654391409803552,-1.8940638369233833,-4.526128831055179,-0.5866509256606983,-0.16224356033848808,3.7330207977251235
CAATCGAGTCAACCTA-1,-10.492103447880073,-3.9422987258743887,0.3137457726888683,-0.30575288124620137,-0.5916847901495891,-0.5343215993407849,0.8411929551646755,2.008943214143856,-0.06984083514969827,0.2638937067868597,0.42913147502408927,-1.898449296634564,-1.5483995204724743,1.263098245396086,-0.5020647720304847,0.8281715370196884,2.732874853409471,-2.662619058621786,-0.9905695655079652,1.489787849768798,-2.801852927287917,-0.7619073016339751,-3.8261217738514404,-2.300351231800331,1.2018597530349695,1.3154519179888595,-2.6341887093643463,0.6038632830164524,0.5680430055054444,2.559203687492724,2.198874757567581,-2.9497136373876653,0.17676168919774954,2.02674735288939,1.6337155330016075,0.8238698036066715,-1.5341134710982411,0.05631737927972954,-3.1949214643323387,-4.6241968278422405,-2.632605821257041,-1.2815471733183426,0.5847140414040866,0.3505103687712494,-0.7040964609864685,2.1590931717735677,-0.7891838048409835,-0.6822245923445498,0.8628670329013711,1.063537251982683
TCACTATAGTTGTACC-1,10.364997722165246,-1.738219208057584,-8.2060110670855,-5.886772149263012,7.168983499118485,0.3286448288391232,-7.444834799067697,-2.9844659207514797,-4.381303249428756,-1.5150364745584513,-2.7294578484942487,-6.496472737319893,-6.637550225005678,-3.632733477434997,2.284878877346894,-1.661502648113967,-1.3853353509404631,4.287625536980867,0.8714262173645276,0.5028105299177994,2.0890339552465544,-2.7323093108268686,-0.9200287667025978,1.1780090634823648,1.5393096283442989,2.0707664197995017,0.9612241594999803,-0.8090338758372972,2.3004177755388944,0.20655215774136215,1.2505735282934711,-1.4983352898737397,0.21783532746977852,-3.3314045122072153,-0.2972631545730021,-1.1248568400778205,2.0954695595067747,2.009478862787847,1.2376119791601268,1.7646884396537945,-1.9027158548921628,2.4186808296027675,1.4625083095955236,-2.7235610539472908,0.15106843906788642,2.3027546013119737,-1.5427501684857376,-0.8078629686511435,2.1569064457486458,0.08465475379049044
GTGCACGCAGTGTGGA-1,-1.2940361716633895,5.370132076795904,-11.043074606916765,-12.879681773073846,0.3214362609468403,0.8007131697640267,8.234397760314113,-12.946187051500987,5.3873164245234335,4.249031559658265,-2.919988818143445,6.490834404626288,1.958222927159991,-0.6072712402288521,8.735627331513495,2.4371688184930487,5.694618464634327,-2.7184856583483885,-0.42652033362134795,-1.8682035391028684,2.789770446163055,4.692189989388763,5.202842838871531,-0.4628564433355529,1.3910197055436817,1.488402137935858,-0.9417732161563773,-1.3920381162550826,-1.2747421713128768,-0.024860869793591738,1.6813723223683166,2.417405031859508,0.6691646525013796,-0.2868689116762774,-1.7036334243995712,-0.5048500790773133,-0.42089258511873434,5.478961907193219,0.5393666916885577,1.012206603110485,0.30607416561235307,-1.410626525524099,2.275888242453471,2.1993519473273677,-0.9915295641651815,0.222263854765274,0.5857019551211019,0.5066690663787978,-0.2880043657994157,3.3798308520868114
AGAACCTGTACTCGTA-1,17.35816482184854,24.111122326613316,7.168328961155552,6.125219286044782,-4.86750179577513,0.9959678632671184,-2.610520234261243,-1.318303099760589,-5.656134348230027,-0.19575820613954534,1.3043258661734713,2.0945090961197663,-1.5035792734947337,0.030238668663662573,1.2798099274271317,-0.4878798165028857,0.942843559720468,-0.01326386946769347,-0.020873019150998953,0.9097432081118069,0.6432769133108956,-0.062104357018069996,-0.2524543942179023,-1.8267540779782478,0.7992427444126124,0.21782619019820532,-0.12781237705748325,1.6958083489759885,-0.6168804286146037,0.28506329588100665,0.9934793847164584,-0.7638547300955246,-0.9530452719511893,-0.5799237232868656,-0.19320450721169163,-1.509740037290243,1.000774272724945,1.680475163550954,0.561904087336715,-0.44432886104588915,0.5467214543293485,-0.6448357778772725,0.34946803026752943,-0.21585579401919186,-0.8015242212076451,-0.46759045061058524,-0.5507887727273283,-0.681490795058368,0.36789399663646477,1.05963266988853
GAAGGGTTCTAGGCCG-1,-12.136655765810014,-2.143139804989858,-14.614816796748775,10.109338921622195,-1.2122961548697018,-2.8814064334350995,-3.582756808934972,-3.774593223520574,-3.663927283306466,-1.8681664729056107,0.6544721567397509,-2.2578801941159714,-1.1917639698266185,0.906033198333379,-1.6247335490445372,-1.9501921828208295,-1.332147812882997,-0.9031789751996543,-2.092039105478753,-2.410296541700567,0.9289096321754461,-2.32457006180498,-0.58812864683455,-3.378322847033037,2.569291238009185,-1.0071926358933574,2.248115501470042,-1.0056298042293799,0.7185830973577095,-0.9975428697484393,-2.0269287824389783,4.57262544217089,0.6884255717610465,-2.379326749577717,3.2551136635573408,0.8207169706219888,-1.4651181283169898,-3.781917551055491,-0.7183555046632797,-1.4096754888701466,-1.3838145728610378,-1.7123587321997797,1.822448631720482,-1.8297378473110728,2.4146054198547784,2.055550147105871,-1.278847373738357,-2.5741376727739893,1.3934838168193926,0.9635365451398311
GGTGGCTGTGTGCTTA-1,-6.8811292922065075,-1.857969164524684,-4.925117198786511,6.721977726222788,4.038148820311626,4.713271445150922,-2.6277803791033145,-1.439039484533851,-0.38565123125509254,-0.9389499649901204,-2.580354610771347,1.9417549809515922,1.2981431251036024,2.321978397258161,-1.9038584519462152,-2.4024449302070328,-0.5896611103343942,-0.45120419004560003,-1.157551640347324,-2.3011034184170187,1.2399420691504726,3.5429269370748537,-2.8465534061839084,-1.4136499670703873,-0.3284286834618124,2.5789855829084782,1.0815636642107191,-2.9739447985678495,1.9552649489795413,-1.4016191414819699,0.775144366192027,0.6536844655065941,3.6126360863411437,0.6644124717084496,-1.6103517645059149,-1.0280100644696493,0.06727448639078847,-0.45319956879869455,2.5291322806306287,-1.3926034424170037,1.6962689277595715,-1.2914055470940797,0.22141099216535146,1.951369112991031,-0.25306170399299566,-3.9080006549911053,-0.5864191099051108,0.7583747177864888,0.10791541783987954,2.1996723411129913
GAGCCTGAGCTGACCC-1,-14.261353528658859,-2.551604125304033,0.2422839208469107,-5.2140294766661155,1.4967092414417642,3.1692505849651322,4.259146325292,-1.8118327226157473,-0.03030556285936061,2.169500277400464,2.703059885392758,0.27307448767808484,-1.6931082200663594,2.768187492921685,-2.7592334700640357,-1.7752729181549796,0.2985348270961213,1.209895885898353,-2.0688035371628626,3.970457208379934,4.23733392531954,1.6134564650466394,-3.8507206333962976,0.7085703295587994,1.8734420924372395,-0.18038826401837593,-0.6980345090088979,-1.1141638962641291,0.4498989645170692,1.2327674128281512,-2.9882020552676885,-0.04602965475029714,0.11703664044927532,-4.245681191250514,-1.094145446528129,-2.887877282738191,0.44272799966662535,-0.10263560629720575,-1.5615316545040123,-2.4672053835735324,0.3216932452004767,0.4231946238662179,0.9413710604071382,2.303452182857791,-0.05033029057376243,-0.5585077444345535,-1.5491942003141024,1.7168569004739975,3.9331810152406135,0.010279772213969527
ACCTGAATCATGCGGC-1,3.3071875539598303,-3.1394036580116977,-3.2553882134491614,-3.755879189183137,-2.084193279025765,-0.32511714789095514,-2.0228790777792534,-1.078959843659881,-1.93730394431694,-2.6232331399212847,-1.0542753297819742,0.6913701675336383,2.0885137773450806,0.14969210642008868,0.13211566851623513,-1.7937282275931132,0.1466229014341533,-0.30393111231575176,0.8066714102254782,1.9557419514066452,-1.9245456611350091,0.027176353056919948,-1.9066171459277235,-1.3089698018666591,-1.7547440824439158,-1.3903270886350243,1.2409018246817263,0.45202170797858765,0.43328673373411825,0.9052271909248355,-1.0235658304147535,0.3466868520003342,-1.7425540744730974,-0.3858489306170935,2.9494222850811282,2.416514010181048,-2.2085595940460254,-0.3172795573987514,-2.2746029233938114,0.6418068106722629,-0.4449895352200774,-1.231738498358997,-1.7137074171972697,0.918873345828015,-0.47816359935784813,1.0881671270148732,1.0087314989717127,1.45550323268998,0.08767573490389582,-1.465393065714839
ATTTCACGTTGCGTAT-1,-7.382211563807629,-3.722353482772722,3.318084465072866,2.6288069116106847,6.425723055602497,5.236524252192196,1.8914603456442147,0.8586954149612476,1.8346718673708962,-0.42500653900431185,-1.198639119839288,2.1627903197245097,2.4871097970254827,-1.9874529046872418,0.3803895014857851,-0.8371829456158423,1.288058234249108,0.9162300480558206,1.869931595310416,-2.1663112037775667,-0.5431408399687425,2.05028737359935,1.45806668303604,0.7987116622271415,4.42308008938208,-2.525035146278989,3.11292757555995,-4.922528957208528,-0.7641023574324882,0.6752442829296553,0.06445537128984455,-2.663703837244908,-4.043773028345118,6.383597953734002,-0.7362961129852085,-0.6324732176561599,2.1644682198292604,1.2916215329844474,0.6602177113573565,-2.248867553656879,-2.2275293823456432,0.49902428115030434,2.901106662608345,-1.6162913589882877,-0.3794785757862413,2.5629389160957996,0.4518789761616133,2.9274719555980786,2.26732701143247,0.18522824939076987
CACAGATAGTCCCAAT-1,-10.72713952522939,-5.061126875522811,5.543141907675177,-1.2909063165813328,2.602406520595771,-3.3206801030691886,0.6766756176472621,1.6681002223930907,2.823503112132199,3.8977990669178193,0.8057102663074012,2.8106606214877754,0.32455746222989956,1.9725039183847424,3.4647235841508093,-3.504788208019454,3.412240791192035,2.9078853038882775,-3.244396453502438,-0.2590063903077259,-1.1282821522586086,-2.1594066562811,-3.1879160060324856,-1.0042334475732875,-4.333272786675752,0.7721124406444027,0.7324904934246702,-0.38676800863028915,-2.892284406172766,-0.8688316213929285,0.8016263800943557,-3.3791751596895647,0.3932455835147205,-5.148964291955982,-1.9543981677297213,-0.6644348781341116,-0.16154496704978905,-3.166266615699268,-1.9670711532884266,5.289277216727952,-2.2365465775510174,-2.81196244848726,0.8031128675920701,-0.3682053366953181,-1.7238407518059378,-1.4488217127352656,-0.6064879473320435,0.6812830640792451,1.9683628431842466,-3.5478043353248165
AAGCGAGCACGACCTG-1,-7.675426706454901,-1.672108675015602,-3.293759484910837,-7.235130197410926,-6.437626986838397,1.2790920578979506,1.2980636774574443,-0.3053043964990292,-1.694176601528002,-2.701288604947643,0.25965918025705936,1.7843610631205664,-0.5432404211998463,0.9279267687566495,-0.5448976082086692,-1.9995998648186035,-0.8468039893695869,0.6676779621287638,-0.16742384742625385,-0.20628828048133968,0.3884724828512832,3.6447207171903155,0.3769661595809106,-0.8872162378778835,0.4855329558743442,-1.8833435139014567,1.5230367167418317,1.0854594708053524,3.120861916715493,-0.3831545104956626,-0.3844448697092039,-1.5066031028269111,-0.5603388381109526,2.383088433244448,0.028244197268966872,-0.3772792232619354,-2.005710002912421,-0.6060851218461538,1.1695125653491272,-0.6091676546147287,-0.8836961263139121,-0.104218032003768,-0.6928498223234684,0.48461627322091805,1.8313427350495133,0.8205857902774766,-0.8983840514562582,1.2866495710902242,-0.6705898699295654,-0.6016757809794457
GTCAAACCATAGCTGT-1,-8.204648431549671,-4.203753160802088,3.2483645610425014,6.924689983222228,6.782660308801035,-0.9973772267249817,-3.458965552416931,1.3722198094689189,4.605941722722009,-2.2860794533381354,2.8021383289834487,-1.7324240876956856,-4.495440974419675,2.9490475819011985,2.0292072474446505,5.229671767037348,3.255633951920447,3.791169041390485,0.9743393492884135,3.9789859945298285,2.203916539984071,-1.0723758318721333,-1.7150323261426141,-10.340750741539956,1.5356771694407083,0.8365617548282142,0.6425337264209291,-3.521297090749009,-2.898139426303002,-1.553328063097379,3.8485243857954714,5.589031530708017,2.433993631381602,1.301779769210997,2.214591803210409,3.556239558101189,0.26131016726623524,-1.098128250828326,-3.2322057411024914,6.657650766792632,5.383393028214909,2.4900458899250655,0.2864594551210045,-3.649481447028515,3.6635290460623473,-1.4604223806644518,-1.06157729962126,0.14188265587021454,2.654149376787537,0.2573415438452384
GCCGTGATCGCGTTTC-1,-6.032902214520698,-3.324021610504198,1.0028853916587555,-4.4238082562119345,-3.3344794424233233,-0.4778238565633941,0.059821778949464215,1.4958497698767033,0.5670134739085313,-0.28754114658872143,-2.976500210510002,-1.0221370453929595,-0.2183374164087354,1.488787908129176,-3.99257549644265,1.397503791594283,1.5917382188793308,-1.5718008982600975,0.21340189100922727,-0.1759405627650709,-2.000765565208493,-1.8744990115169458,-0.06182399184565827,-0.6383865804582628,1.6794895024852476,-2.036809796138848,-1.869862560469235,-1.7156230457763162,0.12242991356072769,2.147510486454026,-3.0341958884291014,0.2576861966150461,0.33013790524234754,-0.4902870846323197,0.031107495819133028,0.5870725811021895,0.6430361996082776,-0.3675333960385302,-1.041241185458453,-1.3770294280945816,-2.9960149525551945,-1.8334332105950055,-3.8573968734268638,1.4663271885291729,0.7782917037688067,0.04983797519720001,2.064257810674316,-0.6442510310463956,0.059503045594075196,-0.3338934908866428
TCTGGCTAGCATTGTC-1,-13.103904036995846,-9.52555339138622,14.685214773652142,-0.5572562850834104,7.422861192194155,-8.852660742492448,-1.3516977128306091,-1.421140364376833,3.312206399528935,5.678425737911478,1.6782080452928438,-2.1302885698071115,-1.5115590151977107,-0.6960271642361011,1.1936948948764643,2.327839548400409,2.223451969311605,1.8230400396624482,-0.4703823982684457,2.835978378075879,-4.001988480164076,-2.678890275079737,4.670753708015158,-0.21963001416145714,4.126170890426045,7.021599425910411,8.013890454692993,8.518548387390577,-1.2317294115384256,-1.8802191256570997,-2.0569896311279674,4.867686373116323,-4.544466120008373,2.6610398435337137,1.124420526608404,-3.275696121662268,-3.421587212722382,-0.3144884416972513,2.0710427769017086,2.1487605512692283,-3.296175706216718,-3.605194382800323,2.5993605331303358,-0.7500656575370163,0.9796229656385453,-2.103971316066729,-1.2350095743694263,-0.47375945277448717,0.3331643420733457,-3.7948308815809733
CTTCTCTCACAATGTC-1,-2.705107762977316,-7.717232702771845,-7.418175525678752,18.980581022047,5.170531015171899,-9.646425104473286,-4.571992763813906,-3.9886318633005,1.8200505659477142,1.1263329382360774,-4.069554813014644,3.932666585573987,2.8858631812717683,1.1166670717221916,-1.9101127748141897,-1.7335648228002987,-0.6085996824895621,-0.33107698167103455,-1.487041561559248,4.325050085010932,1.7386496560966365,-5.992382691424106,-3.0339589148354036,-1.3805702478166992,0.8017225848597304,-0.9887562000654377,-3.0696789710070513,-3.903623804009703,0.010021530441925634,-4.55366879605191,-3.4014264164877446,3.1826116154564463,-0.08440747894819518,1.7721082184319878,2.5194907885994025,-0.03681130103574938,-1.716934468311759,5.184638323567514,-0.08279046251865818,2.105842370225842,-1.707408104288558,4.7475267284255995,1.1475604713507426,0.6898320720918933,-0.39159430597986616,-1.6805988158881713,0.8946980371282646,-0.43888936071258144,2.6202241708330236,0.8138321722124005
TGTTGAGGTGACTATC-1,0.49717667897236567,20.98751134628826,-8.547180603570512,-5.045141090016075,5.228628767485043,-1.1061288544335017,5.981241915957889,8.054179422039162,8.736878798459884,-0.8303850171019946,-2.89705073823796,-2.3373816014055073,2.535693308816077,2.488326569946844,-0.5950217521647655,-0.19371957111332175,-0.04589094771046431,2.272509059190345,2.0358272039218837,0.5041882695347482,-0.16116701482692466,-0.8671493716737434,-2.3515942306630904,2.1046574973406713,-2.072593861963506,-0.5505212525661874,-0.4078806466607633,0.2973670890461115,-0.4435494578906764,0.13256438295807466,-2.6329490335914403,2.7267168132610604,-0.47206999936327054,-0.4903657777084414,-2.208041370994289,3.0953804368709794,-3.3598062759127556,-0.1263429201483961,-1.4564042513883106,2.1163552227107996,-0.6550551227183092,-0.46041869647517486,0.7584190886814919,-1.2216602359379107,-0.7898534049711019,-3.052614432852183,0.8401354080233594,1.0417164993308412,1.4066743102115342,0.0806008288959298
TGAGGAGAGGGAACAA-1,-12.415510272442598,-4.3402396841384085,4.329681919267156,-2.593494729959047,5.215654073478803,2.5407804780535734,-0.016374909739962615,-2.8381325815144987,-0.22356795129807455,5.042972722442739,-1.3680392390096996,-3.657333671313415,-1.1902159993118435,6.242470361878394,2.3985022890457817,4.44637094905522,5.0334094957612106,-1.5939679476145514,-0.981670197306733,-3.059296414281056,-2.9362671497131085,-4.012421302053297,-2.946831179379931,-2.014664967648391,0.8467457335030635,-0.6024769932935995,-1.7931755756825027,-0.9854203214906401,1.6878304694823225,3.2291670570927007,0.1799761477847399,-6.673391929366996,0.2395863845253826,-0.21835395444214373,-0.4518255076520218,3.2277069745688567,-0.5967243529616754,0.281384795597772,-0.6898627977523685,-0.7303394200483964,0.3375608022124212,-0.3577955384284322,1.3018731798324954,0.13798176804828902,0.11266367232849565,1.8237827755476204,-1.901820955403613,-0.2666958395964382,3.8335474610585027,0.3231657616881548
ACTATTCGTGAGGAAA-1,8.948940537728387,35.380984855558076,-6.722878807874547,-6.676913022734939,12.794791060539854,-4.912742846485908,6.930228053458961,6.1578926647413565,13.546890659349058,-0.6318606833455237,-2.8422966286110802,-7.453485700183234,4.553053281918148,1.8144783117628345,-3.231503110108994,-0.681484004809289,-2.3044597388906567,-2.4148212350674068,1.7234505503322641,-0.5503449908714502,-0.9762307668114105,0.28383886607943304,0.20365156003745621,0.1833625842672141,-1.7912207164097336,1.0982897398337432,0.9351418394209751,-0.29245194858852686,0.16621960281356823,-0.5641486058968052,-1.294459539743455,-0.45379897336082653,-2.8379302893104335,-0.01832124696126037,-0.17974470250767602,2.6131959686978687,-0.24677493249027754,-4.068530905085675,0.048729305624840756,-0.9673125130396183,0.6476562780856477,-1.8440994547895313,0.9445706902649668,1.553420178694364,-0.8696206599201736,0.7953064375444898,1.7036470495690985,-0.4415847086656961,0.4843174738244552,0.16036724025411186
TACTGCCCAGAGAATT-1,-13.795326701603978,-6.569246963911174,11.854238488467473,-0.9972817993394583,6.833025320126507,-2.264151360714456,-0.9144725186255881,-1.4499091174124075,1.8567927684562777,1.5049444714829319,1.6179901857527499,-1.9899745407896754,-1.6117328586185684,0.7626155816030749,-4.802059102220309,-1.23771022027514,-4.3579721025373255,-9.203996695372764,-7.4636475506399025,0.5958885345866374,2.077477059973254,-4.295287285437769,-2.484252458710417,2.112398538056736,-1.0534170431079097,-0.7087545955917683,-3.668348921664778,2.005629138210438,-1.7283487503486217,-1.8121361379961292,-4.191372860270003,-2.606715829428563,-0.09562383580549065,-1.9430190886454362,-3.510868702361693,-1.7308727431708213,-0.1685210994176858,0.07864244099845118,2.31150032054312,-0.8700361630656522,6.835188726329701,-3.7575748112867284,2.7697892943133073,-0.3879358299027342,3.636977358435599,0.6819731843555478,-1.559311506239974,-1.057345221623314,-0.5436600990448136,3.8951884590342543
ACTGTCCTCGGTATGT-1,18.631385889868056,-6.826389249251783,0.5698121549071158,1.3999260525534083,1.3039539571848093,-0.6189199703301573,3.900559305015449,1.9731736451477175,-0.7167813213022445,0.2897406225059509,2.2235069808721715,1.0038499509149938,-1.4108873861081834,-1.1823258089051947,1.0648924271738403,-0.6374188402142046,0.935088417022236,1.3730197694218638,0.25154785888963765,1.1002407179389067,-0.5097156706199921,-0.47652359189408916,-3.0425224492968495,0.37933428950329745,-0.57719193306505,-2.38589828082287,1.55713977304503,-1.3137960477017006,0.19491796574699038,-1.7627560866830672,2.4381184263514,1.2792185916237726,0.3615861834843867,1.552367521933977,-0.42005420896766243,-0.2370843337948596,-3.0475166507242273,-1.5742374593552575,0.9177884251114067,0.22753599698617513,1.1867386173751693,0.7642642998404103,1.4531873867424179,0.9016153085169739,-0.09136297377277801,-0.4158415524150813,-0.41716979649808295,-2.224695988068029,0.532084251729513,0.8138851585393628
CCCGGAAGTAGAGACC-1,-6.421871129994546,-1.9723956775950946,-3.0470881557358327,-5.389575870746381,-5.598331866198183,-2.8262332232992025,-0.6788654244162493,-2.8669177012983806,-3.7582221614244804,-4.129822106159092,3.4771963260374257,-3.644201637349116,0.6393488310867533,0.872082135743246,1.6821172588529614,-2.2117176559920155,-1.1563141062097129,0.0980542698669681,4.285659434809605,0.5301178425186642,-1.221896107175966,0.30699442846392233,3.0332061603538163,0.16523131527197663,-1.1370116798158052,1.6006791635949396,-0.3399948181425806,-1.6442349784776376,0.8961580379419347,2.070898430203998,0.8200708747577877,0.25968548779476885,-1.7549196673656917,-1.3745792207772671,0.6740989746341193,-0.655013584472206,-0.31597509807795865,-0.2736106367959043,-2.355909951646772,3.6998614473380784,-0.4769927056935416,-0.8738116405844364,2.247264604660555,5.089957763029303,-1.0290058132713975,-1.6673860810349643,-0.14734643412164664,2.3053452641051515,-0.821146907017796,-0.8320103482573361
GGTGTTAAGTATTCCG-1,7.980280074057416,0.15146802733577677,-8.649385972789744,-8.037160053462493,10.142527842755019,-4.6467902356274156,-4.212640025811044,9.53076146465285,-10.991252929023476,0.8291576406082017,-0.435908228636017,0.9089604524506537,-3.0760202614368497,3.3621489566402367,-1.3437944044675991,0.43251845432761715,1.4283382389886403,-1.2967617449869624,-0.6808694756611332,0.5146027003444875,-0.8121802639159952,-0.6605969188184925,1.369324823996891,-0.31184750012524987,0.9417168208662889,-1.3751976558311225,1.3096002506398396,0.31314577226885365,-2.2697767178481016,-0.006171026546303749,-1.6350011566522211,-0.9417713349206529,0.17002680496253625,1.6340586095850318,1.5084236211317446,-0.12604088930030918,-0.6310336378875693,-1.1558124472827835,0.7636827681249252,-2.015407062655,0.8569571349312257,-0.8911254056000698,0.7892973819003095,-3.8576545375776496,-0.9496080667961885,-5.039869463818313,-0.7978128460371608,0.13807518489420384,-1.559518981174898,-0.5363676361458017
AGTTCGACACATACGT-1,-11.808166959015132,-1.816014204693969,-3.058544716148774,-7.1732250092564485,-5.536759152190026,-1.2430315329816004,3.0132042546157987,-0.8410615371328526,0.4824203059625587,-4.479069153983565,2.8391499792387913,-2.39139673714945,0.7021083418177404,-2.9551962669691405,-0.27010216577229335,-5.975647115255242,3.528402637121224,-0.6552995434143191,2.304867323692943,-0.4123689153413861,-2.8159282877395557,0.334660379443624,3.1134051505082465,4.396355006375221,0.9109905139443734,0.9813769314001258,0.31113767302551415,-0.5653814544900055,5.12838995160367,0.32332167362932646,0.012224784730326626,-2.743302697380602,0.9070996021860839,2.4721693163182237,1.001137090580627,-1.2126023055617143,3.391239173929284,1.5285656021443996,5.678980581673534,1.5491571724833033,-1.153392229629485,1.2496166026797693,0.29344252774743024,-1.2414549681717086,-3.2363297193521534,-0.22066634292387635,1.4733002565509552,0.9112051723058938,0.5344377200729697,0.1534585752105035
AGTGATCCACGTCATA-1,-6.965971007081901,-2.0083828727755693,-1.2570558813044874,-3.5759117940302634,-6.097623734085384,3.5018892857986748,0.16103520482138697,3.544773650397044,1.072251231207945,-2.322154484418904,-4.372916407400949,2.591889084474884,0.9678486614854015,-1.8099826720632861,-1.4232367036717888,3.8742360968065164,0.5605882378941744,0.8805514362286121,-1.0864975045574807,-2.013446690299235,-2.108292719119788,-0.7150689981404103,-0.5734211128731265,1.32823346960521,3.618911660829787,-0.10184226042964953,-0.7567649057404471,-2.4491154205520527,-1.2443724632087756,0.5333875844571978,0.63876964030898,0.37184001073967177,-1.2441965333684772,-0.16996027785850532,0.19134539880405674,-0.26944746947625975,0.0033742466888408056,-1.641826157060639,-0.19549361322820877,0.36761612596398613,-0.6676719119916575,-2.24344616330187,2.283713619968616,1.5120704908185454,1.8470185576390916,0.48767776954757625,0.9493011644452829,2.7633064865672106,-1.1656236184388,-0.25912217445345054
CTGTACCGTCGCACGT-1,17.09702689852964,-6.146436876778568,-4.568340601845809,-1.9962768616570856,-5.213468977648345,4.76770300798923,-4.668129876898322,4.279345394102328,3.1474698449417033,2.38189915972372,-2.1011507563266805,0.5701458714762931,-3.2687800981130875,0.1957618099425273,-1.4291653247623382,2.1052187658079746,0.5484344488678586,1.7249909611241685,0.1635067328776377,0.7252742503597239,-1.3304243990709623,-1.1609716497462894,-0.32892868707077333,0.8845299722160819,0.8736718580296831,-0.6283403668619512,0.22631663254658385,0.1940125150162332,1.9274704028140746,1.3181785992386459,1.4700065915457008,1.5918384559981884,-1.0580151918047969,-0.9686588848098111,-0.4517128153027004,0.07806926179983356,-0.17352949582134783,1.1757008662640713,1.8887608603205794,0.03626645300640038,1.0847542438876707,-0.8605593822310487,-0.2728523782777932,0.30586502594301934,0.19095493347898834,-1.6124955999194885,0.6409021430994711,1.9040796252237386,-0.9554404999365849,-1.1967842890990363
GAATAGAGTGACAGGT-1,16.404744085366573,-8.355735877560589,-1.0819502043906972,-0.39449700291285444,-1.9229005439922204,1.7444705266409588,-2.2971849466810554,1.3394810064461822,1.6474094852084837,2.784655659141537,-0.9523054112161603,-1.0246618616311176,-4.811231318009179,-0.6343953822121112,0.6978183325175276,-2.6295147692603393,-1.075140841434588,0.21760970122659581,2.646202534102295,1.3647996424788043,-0.2400628739770412,-1.443246663359865,-0.13206090201237092,0.9682521874950809,0.6380128958063489,-0.771562332581572,-0.6556050676936299,-0.3548639661758399,-0.11664856815425795,1.1214897247978595,0.9540923079927802,0.5614409215171913,0.7645707591957406,-2.3911713119552025,0.06469455633571775,-0.18093141328185225,0.8356967565413291,0.275171000439668,1.5267175821652612,-0.3471941844781037,-0.4069554242167871,-0.8166776840770056,-1.6332094627703828,-1.1431919968740192,0.9398170725865167,0.8818976940400486,0.8439593568650436,1.4197212025933155,-0.23439769064644003,-0.11076444935088278
CAGCAGCCAATAGTGA-1,19.28634825539141,-13.190471199852366,3.3205864461721415,1.225372501732978,2.9015164527484005,-4.193433065254563,-2.388533970697719,-4.078965928622555,0.43785558422401516,-3.71568402250696,2.228270397955057,0.09139406996727374,7.134402717840204,-0.6415128166338911,-0.6258604928724641,1.7081629355980767,-1.8656836452231678,0.5925257587641531,-1.6910606734160671,0.07890912448926736,-2.3153642712247464,0.9961204061515557,-2.1771652271708017,2.594728822732749,-0.593308008280851,0.4343470726577638,-1.662280876185153,-0.3095495159136533,-3.433493721216457,6.065804042515492,-0.3728667848775464,1.610311385303124,1.3352875835209075,-2.92101354262275,1.0696322370678502,-0.41286303838347005,4.620629941475424,2.2359263327068075,1.3049582439203466,-1.46143005208303,-2.6907346383917288,0.8933308085664549,0.05925062895802182,-2.423801814066884,-0.846408805139667,-0.2908938082404976,1.2352397637178225,0.1901353909795101,2.2663261838262114,-1.753212224713796
TTGTTTGAGGCACAAC-1,0.8085497208908927,1.9179820601426125,-6.516263619519656,-6.660717173584457,4.432930225141494,1.062053742037901,4.066257111582698,-5.608959519737677,2.8502668721470847,2.3513077656036234,-0.6493419004896884,2.826963528223655,-1.0812534546372468,-1.7597493090292247,2.8367019503282935,-1.1031811907079256,2.504864717334958,0.1835603997925326,1.8320379497751251,-0.13129126104322225,0.07878600501375004,0.1046152856868152,1.3402371247550926,-0.69616962233462,-0.36231145433448114,0.8073582861432508,-1.268686231200744,-2.025465991340384,1.1058854543119014,-0.9915694078366656,1.5901800353586057,-0.5417676093775207,-1.22113393599117,0.8732039575863303,-2.0104847284999403,0.07373907870638542,0.09979104744622519,-0.09505296643057626,-0.6149584159825415,-1.758870071539698,1.3005563320555884,0.4463710948283265,0.8915649859530149,1.2612041696539575,-0.38180419950270383,-1.4847436467754838,-2.397013649483487,0.461075277858415,0.6358884884147382,3.0398923962779594
GTTACGAGTTCAGTAC-1,-9.703447146534314,-0.35389712374717036,1.231061498680985,3.047924021136189,2.419651961521641,-1.0240706154000423,-1.2083756626954802,-1.4305317794029995,0.07111614925163177,1.8556453640017598,1.2620244549358854,-1.914421966718638,-3.1104419948015862,0.15531813814897433,0.7213356642676103,-0.26128842784657036,-2.0118747849709266,4.0022482223751075,-3.118496481539899,-0.3124380903066039,2.117744121484841,-4.01905155320916,2.919119404035693,1.3296156934533245,1.2941996156064826,1.3859278346243395,0.7311238228330437,2.423914662778545,1.1892421212833244,-2.115080635976872,-2.003459214686577,2.343459590491902,-2.6597346693928823,-0.6452407424174206,1.3762940421641683,1.38508121554449,-1.0188480560956332,-0.9527462430924701,2.172195794456095,-4.518715569885465,-1.3328405384868358,0.2194254213232366,0.9363556180728372,1.5826731214402998,1.13815150343747,4.163040008230748,1.778520585180406,-0.8449966662190181,-1.3805432127521615,2.895308496737365
GAATAGAGTTCTCGCT-1,-7.635678469080422,-3.2740995955757377,0.5336692280623724,0.202002262015608,5.010095448297466,-4.291470635663921,-0.7505933529334966,1.5188673618588284,0.8085535162070185,0.018874462615195337,-0.7668448549630604,0.25797199419994854,-0.43561052995306454,-0.03166818674232913,7.368053424053907,4.210151091003409,-3.7154940000197763,-0.6177642878990927,1.7998489740629597,-7.169554246579415,2.626083484942204,1.6171562783832212,-7.2962422162936456,3.644633399856494,-0.31816137641361397,-2.0565595642759207,-2.5746614567150825,2.5175745521561095,-0.6984328866500874,-1.8619893672640069,-1.4559577279173448,-1.2949759049299294,-0.5367090251941017,4.904554174743859,-1.537445999574855,0.5681169304115004,0.12398240655109262,0.20111907259302078,1.7900881994196676,1.2272748668057352,3.478685436601503,-2.9890384389490356,1.6549198111410217,3.1200952473205574,-3.9190265550111376,0.329001538015486,-1.2418624628115547,-1.38542617167791,-0.1034807670673389,-2.7608590338707386
TCGTCCATCCAAGCTA-1,-7.271097247732056,-0.40300713295084883,-7.659519203644608,-5.0080971552587625,-3.342468866370153,-0.022261330051155135,4.2740179070274165,2.963441949081461,-5.2741071841299485,-0.7899145097893743,2.087707797516535,2.099016401521251,-0.5792928085114817,4.252727938116402,6.168649879244639,0.35449233574834715,-2.626599190688532,-0.5348118603208578,-0.21181279801635844,-3.6084971661428695,-2.4809438702111835,0.456003864493054,-3.8856234916698935,3.578227495092248,1.7914940739678082,2.317768308909476,2.0528605357538057,-0.5105107905804115,0.09034389513159137,-2.1673617502835696,-0.8689181961622499,0.7764335080952788,-0.3890702581893545,-0.5513910897478517,-1.129346172689812,-3.5302265663867707,3.3129718147639644,-5.072146044673102,0.6645019423501224,1.3089482683251346,-1.9692484070947398,1.0415992990699048,-0.9776688319302632,-0.011741795082576296,-2.9325341014005004,-1.2244665279513316,1.1976951748629892,3.0711055940740217,2.787574414224841,0.22015727170626287
GATGATCTCCTATTTG-1,-1.320926055613104,-4.686347390221649,-1.894655718438671,-1.5630582359409848,-5.075075163117,2.9141156680942233,4.36372005698991,2.6593263795238062,-0.09052119328269131,-0.7207145075290525,-0.2746029551628743,-1.2504341545258282,-3.0144669226453464,-0.5425239316130259,-1.9450825205280258,0.6482831300263526,0.9958962875137121,2.006778101141027,-2.667287845904492,-0.39467849137225963,3.8927131638547356,0.07846548162799218,2.125990221710266,0.3412009433210262,-1.891227238429864,-1.735430078190051,0.33317184708494507,-0.23495014213359808,-1.0535939255131936,-0.3341224060714836,1.6841318610117115,0.24053958644069728,0.6121136728479785,0.5588770204828283,-1.5303963457459564,-0.6363268419980889,2.1824266509563044,-2.3182480199583377,0.5718739671189937,1.418723365971473,0.10009994028255058,-1.4242358972935671,0.9403573940658304,-1.1760961710531015,-2.706356614520564,2.8579697499460206,1.2536203894847258,-1.905124958854706,-0.11382370497387213,2.5175333435187044
CCCTGATAGAAGCTCG-1,-7.95338782134069,-4.277687289524598,4.342210719545645,-3.4804017138940764,-0.42447994173800774,0.5380824147501422,-0.641006834548396,1.2571437535662993,-1.6574315253551977,0.4064827645867568,-1.2881280662457013,2.0224752734573452,0.9976998518590611,0.532725805573461,-0.04469440781603066,-1.5148916613972487,-0.32105657233719137,2.5285840925466823,-3.961103389036678,-2.575144252863788,-1.921479389975286,-1.18524204815582,-0.835524722503578,-1.2302505432238362,-1.5241558290490251,1.2030626776213658,1.0941918552342424,-0.99069527602866,-0.8297795299734699,-1.2882793627783784,-0.6930449268499264,3.262344641188645,3.0876240970542175,-1.9085188053374507,0.2458912990065342,2.3313353751524266,-2.110298383280436,-1.0283309848500302,-0.7260588352368668,1.8369850330786872,-1.1451441797675168,-0.2966630882894413,-0.6499055756678769,-2.475774630302391,-3.075169772435572,1.5541593757124468,0.7064508962754352,-1.1980915817995241,1.1806878019871465,0.9640050746402576
GTAGAAAAGCACCCAC-1,16.2864684704968,-7.9653853457883335,0.6248573248475867,1.0197528199139585,2.3258103050624337,-2.2240848995676887,5.4632319489303445,0.24944813226433787,1.9498249811877597,-0.6269465458814089,-1.1354478893565487,-1.3031924059791822,-2.149673418393064,1.885313329585414,-0.7256624571047944,-0.5868632442038308,-0.14374436625894726,-0.8779450510149421,1.7715542415016248,-0.527524213931445,1.657899541010375,3.0359993975179687,1.0487462142022146,1.4736426959163698,-1.3992434032585852,1.7364469090525638,1.1774760915151214,0.33704032373351617,0.011158908811179738,-2.523892279379464,-1.1090997366842752,-2.805470950018877,-0.9609423783400871,-1.7878488423567633,0.46282230776681,-0.4436446580953593,2.7387467846373847,-0.05841257718517141,0.1888273582873651,-2.124746631631711,0.1292569377853839,-1.9762255432627818,0.9965069540047808,3.563065868475359,-1.349069169115999,0.11305427322513957,1.0092715091825886,-0.06868441870760608,0.029297067279682655,1.3540502609347538
TACCTGCGTTCTTGCC-1,-8.386075391003795,-3.624232180646737,1.6676806300689213,-4.118249267171008,-7.773086820363375,-0.307543488036392,-0.5561063044721618,3.7773832765521704,1.210107543344204,-6.212503447126964,-1.8609300676534524,0.22727247217469382,-0.1945021119162005,-1.2031465276702409,-1.505752659335758,-4.9974248117437865,0.4252775500379644,0.6518121438175035,0.09473242359816501,-0.34066477862006,1.169312859528632,1.233383633268787,1.0497340664954062,-0.26394747676748,1.3573286702134777,-0.4592572489800989,0.6407583570965129,0.9438710787097434,-1.760063286786257,0.7531863697629213,2.5347036193542793,2.2823971616372765,-3.079597456715889,1.8381483557449596,-1.3429720442293842,-1.1830600853429272,-2.2587625588811906,2.0467986487961016,-0.032678047507242625,-6.503575900745935,-2.216153765897239,-1.7750239505970835,-2.296650397709626,-1.689965607912465,0.054052334773727756,1.3752042506138915,-1.2758587243608928,-3.2976724544822655,-1.0818687944292849,-1.233154452297031
CAGTGCGGTCAAGCGA-1,20.067449588556414,-12.87477142520411,2.2253276801365347,1.241344818380891,1.6071671575274786,-2.657648022798614,2.6327930973317177,-2.6724453337424015,0.1426910388472212,-1.2115014098573134,0.23296613429310087,-0.9242846836392311,4.216191909743937,-1.802807140233219,0.0406120971183356,1.6709739601106124,-1.0513189356926969,1.3801958365232094,-0.674685281124979,1.1087221366155862,-0.9720696018453107,-0.015850955890699948,-3.3689198393307134,0.03721042575958976,0.3174466392565807,-1.506251562832174,-1.097727916995289,-2.046334206495489,1.1964325821225803,-0.05062954214034017,0.4245592686909331,0.8732064734139182,0.5742839792011898,-2.5162620629542984,-2.321095783525683,-0.843484686040633,-3.3624651644626753,0.20433660419052954,3.948491868771282,-0.7650927503491439,-1.671508513018518,0.6477795617974029,0.29822596993005784,-1.478034526450827,0.6657217304936326,-0.382820209633741,0.33826452539142826,0.6517361810894541,1.6112376583665862,-1.3463875086156045
GTTAGTGTCGGCTCTT-1,-12.19612067021966,-2.5919074854205357,1.7663722166862936,-1.7470237412173741,4.417748564816123,2.6845564437972427,2.540406991017076,2.8088467497957468,1.1866846024665543,-3.074076856324895,0.6669936999820307,-1.2321301668820674,1.804275746816435,2.443887496631313,4.463919638018912,-2.498460634622572,-1.1201012796711165,-2.506453654869064,1.155016372152331,-3.830622101952303,-1.1720033570984032,-1.9097206407547918,4.740796438989625,-4.789127420164651,-0.3473892587706617,0.12279058297308601,4.659167704534198,0.9497601872271177,0.9464947716488694,-1.9660123477150793,5.6789239818336625,-3.258849607412339,-0.8318412689547083,-5.881813527030299,1.2397101360453946,-1.2804077552688964,0.8941092742997203,-3.614405246124279,2.0609895121997748,-1.7678596756783123,-1.2836563856841519,-2.0501990686770157,-1.2066171112752875,-0.09115501412587339,1.419329516533965,-0.6493910164594399,0.9126167583653384,-4.323066668214272,-1.623205743809688,0.6401748474622735
TGGTTAGGTTAGCTAC-1,18.88398121432315,-9.662333916802268,-1.397221449891466,2.1374415190622367,-0.050079549982026655,0.5981764168247622,6.768634994650246,1.8007461820075208,0.9391217033450672,1.01953394658143,-0.4487085673078527,-0.8151098225060562,-1.744492789773678,3.111050119291141,1.5140726038981234,0.24895987162604044,1.0294132754982284,-1.1407501661774186,-0.23448911399447508,-0.20356805478598616,-1.2329484140555247,-0.04865304037572557,0.30059370796703366,-0.14012846476866753,0.6511514176349862,-0.23636242521109715,0.7014878484672682,1.9804734939394175,0.5302521384599447,1.6510863295487346,1.2647904176969458,-0.1884616344128752,-1.351228605580632,0.3286089897305415,-0.8394427237315261,-0.7463069120667973,0.21639546931674813,0.3962691527793777,-0.4870780736213618,0.5771350867690762,-0.28939507742075726,1.3229348466409314,0.31675937870206494,-0.5131252362097868,-2.1263307396595335,0.7059406959577443,-1.990052696894315,-0.28600398083149137,1.2483717035068735,-0.3472702714439223
GCGAGAAGTGTTCATG-1,12.80996895505479,-8.153176865021356,-2.163043531769422,-2.5039413936692094,-1.795841361540806,0.12651187826631716,-4.14914382955231,0.7214120913621518,0.6833194329457679,-2.102537454883752,0.5377473701607651,-0.12755696709708203,6.231258359481466,-0.4678664245396104,-1.4488458187223727,1.9049003140364773,-1.0818265962600155,0.5870831950881865,-0.4275667769642112,1.1475042968516123,0.6004654266702096,0.05693219669216753,-1.1633748010037357,-1.3060090652875198,0.950156005855531,3.422216349846214,1.3446536292518212,0.14794881299751161,-3.6494284507207215,2.395167135189811,-3.9918612122260173,1.0179770789466813,2.9088691832642883,1.440505415155591,-0.09182739315016299,-1.09024139943922,2.2441695975985168,-0.08378456537271432,0.31938157992063976,-2.048497334176909,-0.20406057028025776,-1.383119224750144,-2.145846729270612,1.3453327208835224,-1.2188127411439367,1.6420664055927123,0.36823407367729566,0.1362706344574232,-0.5214285351128293,-0.054410775761350554
GTCTACCGTTAACCTG-1,-5.035163514315934,-4.278821514990445,5.038004606188435,0.6784423264942944,0.08270753388211848,0.8194394330605803,-3.7735173854547335,0.488199881395133,0.24545725622136488,-0.5482843292549566,1.4585854879540188,-3.5710386723967185,-1.6958057486239055,-0.31161910234389656,-0.6948599408159236,-2.604591046965991,2.145668032098739,-0.25987524448554006,-0.0418173991866553,1.8412241559894538,-2.4573807423311016,-2.517755026018556,-1.9560692104671025,-3.4723440149480873,1.1055410546248405,0.209966967734314,-2.7520014250056946,3.6919868998023775,-5.236980874942532,-0.2944120886424563,0.4083131549003865,-1.3314957643138916,-1.601288313038882,-0.3899997246328923,-2.031476129360946,1.5422942125066892,0.26468137065805386,1.1322246524196637,-0.3415683068966244,-1.3755029687715465,1.3155930411354666,1.0829785511772791,-4.671783477711075,2.115349751870032,1.414950850809599,-0.7856632494545269,0.430679549084357,0.4209402727899384,-0.5124336073219944,2.6015710876151488
AAACGCTAGTCACACT-1,4.893988074572933,17.11732493639089,0.14423279520080015,-0.5392163197604627,2.431507169804031,-0.23153791858021047,0.15141722729169796,0.604334726947137,2.7480443918779547,1.0026718949934639,-0.09260156092001562,-0.6924307251287399,0.799026498756315,-1.593983649524149,-0.2312522227553896,-0.5688861016456342,0.9656039386559616,1.2828477858326963,0.2384461965063898,-0.004999159276156604,0.5647531622827262,-0.7894053232658578,0.7949923351002243,-0.33159624843205293,-1.525111944654122,-0.5801127383327336,-1.3481269400571938,-2.716887333869887,-0.8152376170889587,-0.9485864017480683,0.5612740815411619,0.68823427425499,1.2714631345802196,0.6311162904927747,-0.16826699387925384,1.3926083397338775,-1.0916728272428249,-0.7378632443655697,-1.2857064479306064,-0.09552853583241004,-0.10282988164624926,-1.0498081754408917,0.8034689617081456,-0.6431592023907362,0.7081419176971709,-1.3074872980513654,0.08252532742315459,1.0699621322936017,-1.133700401748172,1.3936067875665554
TTGCCTGAGAACGTGC-1,18.69417244890226,-8.200035033464763,-2.298713943674064,-1.8213694452866216,6.398759224569687,-1.8858723909379635,1.8465561960799157,3.7592552635242704,-3.5639374282870655,-0.45260138142407147,-1.4365191852253363,0.6681036205816563,1.5924699875970747,-0.6333735655403225,-0.6255694044355435,1.2962768536315157,0.11743093096109618,-0.16937763971329545,3.4693646217522436,3.296906476470105,0.7693684144949903,-1.7042429873118239,-0.2715192197183544,2.223040993204254,2.730573854060991,-3.209961802984244,-0.7202170551654413,-0.043614710668827494,-1.4978108458956376,-2.5761885801804554,1.3439041330470116,0.20212132619071516,-0.07525550111154192,1.0582632482229655,0.5056351327180079,-0.1849469605552103,2.009643015965,0.1428921533598242,-0.8251049766510336,-0.8167486414116361,-0.45469455562886135,-0.7816295861732483,0.5612508437270542,1.2284830064993726,-1.8376889704400525,-1.996890988949456,0.017170727721562685,0.9374073058412963,1.1370781282590945,-1.7258746905946614
TTCGGTCAGGTTTGAA-1,17.94772861780064,-8.91032689710666,-1.0694055234518363,-0.967872142980357,0.29914608395874787,-0.09643971900899888,-0.2604469760926961,0.6258136307361646,-1.315962140468614,1.5342336390223998,-0.7990703451996907,0.009515005526775509,-3.2213666217048993,3.4482918772404743,0.22973304893718535,-1.697085511392595,1.4623844133074853,-0.881491246637392,0.6398386080535519,-3.0650503003731817,1.0727661342118782,0.3406624805757951,1.2682090491093811,0.9646334573617317,0.7036756904115894,0.4235686862022553,0.7489687339628875,0.7408968136952342,-0.12281980868419128,-0.5383827217164656,0.46259895080368535,-0.043287659429475725,1.4070107571332051,0.5149098168017465,1.0430945386782826,0.36915667486619275,2.133946886535685,-1.76035182276395,1.640235882881694,-1.128326263801829,1.0837302515571423,0.4763752354815523,2.2187142661012693,-1.4784886927139809,0.7293103583678886,-0.2522169392432889,1.1329114858307876,1.940500549044555,-1.489138352743539,-3.4140919154328606
CAAGCTATCTACGCGG-1,20.992497165150287,-12.329046583771301,1.09199038406,2.380185982019224,0.9836522191926953,-1.8225332967950065,4.582098147361152,0.43958152315106985,0.28160232008914915,-0.4843736828920783,1.066259556753194,-2.524661473888937,2.427691347333088,-0.6758159712597901,-0.5107484523579569,2.9533921836267854,-0.6882707165991597,1.109312580252394,-0.82889003541716,-0.0259610624731568,0.5826928690085883,0.019128628377210098,-0.41931903752020416,1.6847865054724924,0.9355710281940477,-0.12732125291867405,0.1940946619358593,1.3508424271592372,1.8811009147549278,-0.5736980252530873,0.5541228208640258,-0.5378161974035276,3.898793295384336,-1.1194390437067472,-2.4136809367328254,-3.2870793202073476,1.6868239970095051,4.062938522707551,1.6661555521381268,-0.2704222525709357,-5.813787414976254,1.4076564693587708,-0.07296131228297004,-0.7082155059556886,1.5375124465047327,-0.9824948868826088,0.3469502989361495,-5.053068819202291,-0.5728440277999509,0.6292386287130824
CTAGGTACAATAGTCC-1,-10.214834541242531,-4.656905188142869,0.45482752684063643,5.853365103830002,3.5107217511983935,0.030263038242425815,-1.105751236151037,0.7613631482424464,2.8701579087297526,3.4710948483914916,-4.233919762790154,2.933278071027879,-3.0813648562527662,-1.9472242556306316,-0.772363177819818,3.217873643594954,-0.4867770856175639,2.41358285703837,2.3517735339117354,-1.2947256719059943,3.447969103882107,0.88751881441464,0.566396206379539,-0.7453026965422892,0.33751790670638454,-1.8820823840160592,4.504317539630111,-2.2444634076670544,-0.02263161326947774,0.49492738760329974,-0.1319976481638953,-0.28829210935225846,1.6451917449736988,-1.0351898855079549,1.4479494395675059,-1.8192162864116586,-2.247409017421335,-0.6454847176009126,1.6296372285235776,-0.3581108936273857,-1.1566214299473399,0.8185202570981311,0.3198519168612195,-0.734020036645653,-1.0758705818032595,-1.1270810765868102,-0.2871108516743591,1.1432259237275855,-1.5060727783154766,0.6938685200861975
TTCCAATCACTCCTTG-1,17.54433166614857,-10.41866624938256,0.8203614980654791,0.6432043738272095,0.28655332966648234,-1.4468729200717552,0.045882318177585035,-1.1516333305214064,-2.195160513494963,1.3954796848196587,-0.6217852157192293,-1.4834979814158682,1.1571579049073144,-1.1831303234898667,0.4180130267460458,0.625030786787021,-0.1684241028718467,0.40621420949013914,-0.07715644348040251,-0.3305541342164885,0.2456842713674847,-1.0696809902013034,-0.01765993649612541,-3.5626960656054756,-1.3230403080094408,0.3648261237001642,-0.34826301839133567,-0.669062514242983,-1.3538837508224741,2.3555577416923414,0.6518742461313477,-0.04914264625523997,1.7541151047392984,2.103082365392498,-0.9928983761036132,0.103570383871749,-0.23163667874040378,-1.7896020933514194,0.017057517972056947,-2.312937589098492,0.6520947515188334,-1.617693870432027,0.020982097134170635,0.5528849157532909,-0.3953647568799208,-1.3875406492621272,0.24345356027155263,-0.6074389660826068,0.1105064180525008,-0.8030493934700921
GATCATGAGCAGATAT-1,-9.81637259709208,-1.1175305883593714,-8.277718552493418,3.6598955602832124,-1.2946254113931728,-8.332959780540488,3.5606538456247843,-2.7068462774029443,1.3404464027147334,0.8501139198689446,4.947207128509749,-4.3767337232177095,-0.6909114603234172,-3.3522007110728658,-0.1388240943595076,5.396250371130146,-0.5931422201298132,0.09237575036864756,-0.0844751277855349,0.4443446158322642,-0.7976816365983788,2.2441891572088233,6.348953696492549,4.4472998982238705,-3.7858745695984326,1.1851614120233462,0.41894298990466594,3.7934744262698326,1.697216446003266,-0.6542463347986095,2.720866687647763,-1.714858333002148,2.0728332288688764,-0.24046473791492734,-0.8531007819711217,-0.6427196784105544,-2.2138865996370685,0.19560690352195956,-1.5927654268911364,2.192901023347206,1.7474608035736081,-3.5899692488962414,1.9087239455520866,-0.2240777257910218,3.0580984535405684,0.028553268247589535,1.2205187126373922,1.3557872321892113,2.375584131134159,-0.42257476334609434
GATCCCTGTCATAACC-1,16.63942254749863,-8.399848439053262,-2.704118054383113,-1.281260565400727,-2.0833911556353075,0.11450071100880624,0.699934297732107,0.8307272262808839,0.11208620497757914,-0.18898045328307478,-1.7415178386861736,-1.6584826226715577,1.2416253493239429,0.7157949771759939,-2.946449812378385,1.682535718077796,0.26252221041053586,-1.0926618754395911,0.9943034014900286,0.2375544554366906,-1.2125280350079555,1.8261155734426877,0.3989363517979907,-0.5285790927226384,1.7153656482171968,-0.530294660765967,-0.9304280462826897,1.597462544492259,0.24457896537794813,-0.8609114858550752,1.1281002089708483,1.001193016136001,-0.43537169053921326,-0.3737659771373314,0.8925043724620243,0.8233355851801403,-0.19430775026770974,-0.8776848168007091,0.70161666010939,0.06900072521147309,0.28964664550026914,0.470020034252341,0.3840959842166165,0.6713980158028139,-0.9905387203166794,0.6554409098032246,-0.3674852383405785,0.084362981900339,0.35547645393007793,-0.021426718771418288
ATGAAAGTCAATCTTC-1,-8.342024695717082,-3.935487020826552,1.330930991795608,-4.640576082602549,-4.4909532775738255,-2.037608434613508,1.325631420029986,1.6981436172161528,-1.1315687572670476,-2.220797429497349,-1.537528143285344,1.0592857893498007,1.6154400416255905,0.39754190168714193,0.22649726839243586,0.604760255796929,-1.4839614443792575,0.11557585651385228,1.3335658834166206,-4.494143568149092,0.676956464496789,1.6507356404084288,-4.113159533200426,-1.0813512512464765,0.5246961132170879,0.32141541800479,-4.688980303917106,0.8546468765593658,-2.454720085400971,-0.4162789703888026,-0.7717946555936546,-0.6314488487227113,0.8492408128822706,-2.8303753862366046,-0.7165103072584914,-1.103747220954278,0.1081252473563826,-1.0338902393043772,0.9125611267445578,2.9313669042061217,-3.7560062941014025,-1.4187014409838787,0.726101973261804,2.1662401413734873,1.1096311941573729,-0.21134131800526554,-1.4013910366604838,1.6054556506358804,-0.9757497862407568,-0.403962568483866
GGTGAAGTCCTAAGTG-1,-4.940492981352961,-7.111843020025813,0.834719623472232,6.345130686289719,4.175142793995909,-2.7849667755974385,-1.037478645006652,-1.368985238350778,2.59015354661356,3.6144602317153227,0.43142084520370916,5.196388360263573,1.8134474974312944,1.8284369825517623,-0.8251754745730383,-2.487274651202856,1.38081061963109,-1.4067050821739961,-1.7373838425471868,2.4573632692209104,1.1452104752374481,0.5910563181649535,-2.89939246030139,3.343226266230537,-2.9455756957593207,-0.8984200315503429,-0.17393665797653607,-4.825795306590915,2.570710377398286,-0.2261785752483799,-1.7509410782940025,1.2552795888333574,0.05399750376039752,1.0718400010551352,-1.6045221556546843,2.72157686525029,2.179166799098241,-0.5938558493363437,5.168875579296619,-3.453939202434468,0.8351226041847304,0.9206615506472889,-0.6590067121096144,-0.3249142596474713,-0.44593256674249243,-0.7162323470686248,0.30347574293157575,-1.8356760980003868,2.614080470291545,-1.7340634890244373
TAATTCCAGTCGAAAT-1,-12.539098156547496,-4.354175249886172,0.5797398642423476,0.3133303752911799,-2.6574635037580627,2.7212669579331568,1.8199000321566368,1.1365581161537899,-0.8053875262883524,-0.6613081632234143,-3.14362221469365,-2.4365953982835284,-0.4656250506438434,1.9420930564204335,1.018287112772879,4.570866286621177,0.7055033417114477,0.00043428901013336586,-1.6595328735179171,-3.526869985454662,0.30149518060984576,-3.1107990781967034,0.7636283101161481,-1.346808443384512,3.200775820687302,1.8766863167578547,-3.442234237211427,0.5347278137192696,-2.40234714615919,-1.6460241089141945,0.43062297766792257,1.2988387150585428,-0.2880598234600835,-4.1069545708142,2.633413353346663,2.152386896921471,-1.5353305558677985,-0.3701075147307181,0.8195186784957521,-1.0441539439038012,-2.922147064489769,0.8837393366038379,0.604572158425244,0.5225014373730259,-1.64096878637536,-0.554242072010523,-1.7589087037131437,-1.2536905552867545,-0.7797124101132864,-0.02374329421915732
GTGCACGGTTTACCAG-1,13.822290175552508,-8.207870930582725,0.2298574675086726,0.7900196037291438,0.9800138474463882,-1.6654942016515832,3.093367731933249,-2.475456664036623,-2.4979387854217214,-0.020084186634043915,-2.0479363390213967,-0.6012641046300035,1.2651270020107745,0.7814481907209652,0.2722328333128635,-0.0786986587053106,0.352240740767,-1.3087280468972928,1.1421377493752336,0.1700325683846486,-1.327725737921948,0.7474958434363594,-0.9649973332929985,-0.07925497536742977,1.8602950681820603,-1.016212019230254,-0.20756481048826922,-0.4959801203039613,0.46960700144835743,-0.24040537576160192,-0.7190064255881504,1.9404397502365134,0.5835876187212582,1.9220671024761147,1.8872600909470825,1.4414540133555183,0.6833863869475838,0.5394530190726661,1.3812025496894444,-0.4591308656700145,-0.6943734779644083,0.5987010548856521,2.432912112429967,-2.544406540640132,1.2841734582823685,1.0490216307466171,2.177471189108773,-0.22525712143944326,-0.046516051739179755,-0.6108994716348735
GCTGGGTGTCCCGTGA-1,8.070604611516032,20.570695047713517,10.258257632069167,4.206156575284123,0.4993769042080663,-1.261367871618252,-4.65764335696301,-3.5236670754572823,-3.238773633620667,-1.6134952504857833,1.2410693638547778,0.33637386942883174,1.1371227239388322,-0.8958702803364175,1.0991114618579982,2.2115576377228927,0.15384483726112483,-0.0891322703841075,0.9421234968062103,0.29819950145006163,0.4162840660300052,1.967415180214241,1.2611779654474886,1.9568108316894672,-3.537733244125233,0.7629761344418443,3.6968921799304186,1.9750338972798076,-0.7092586746056269,1.5250158533166907,-2.500768230173184,-1.5243246029786224,-2.916091257306864,-2.7591541715955468,-1.1946299499860487,0.725062061797452,-1.5173455682253465,-2.4123960134244036,0.19805473706080098,2.5179479529359168,1.3343257535238469,0.2874343161125316,1.3596717348751683,1.2133595211652084,-0.6827935949578926,1.3845825836642067,-0.9547659283979804,1.5591099374160757,0.0875728769566644,2.0050104046440187
TGTTACTGTGCGAGTA-1,-8.973749704290157,-1.8001421860523155,-0.6938652024090819,-7.637637946617405,-1.360053383691584,-0.14500338599269919,0.7140159453884128,-2.9793384025008263,-0.5375631820152825,2.00997076693657,-1.0063268205917064,0.614733734161417,3.7048278792593337,0.6283543100554982,0.9865472455788312,-0.20325921048698006,0.35648935211520527,-0.4388305154011264,0.4388827240351062,1.250831051181679,-1.7130588677920087,-1.1108011224831595,1.3602795303354618,2.547902077562504,1.3890418772886892,-2.0473571629517915,-0.5904913555785472,0.4870040929514844,-0.15868577292694286,2.9249513839774948,0.11612624367969798,-1.272964534256711,-0.0956007575722795,2.771263952284929,0.9237624213376107,0.14755405712456232,-2.648097742617696,0.9668718386632257,-0.026222411030292412,2.617716915172095,0.3425102016401328,1.6860726208438466,-2.8406246297759563,-1.6573207931221228,-0.6757629735352634,-2.126569309426962,-1.632324622149704,-1.5484622307599538,-0.3339729099504013,0.19349770101722902
GAACACTCAGTCGTTA-1,5.4828888632182995,-0.3568306439789559,-6.537324389324633,-7.319566071079578,15.412153042931832,-10.095304195035961,-0.23462681729766655,17.784740487261494,-9.132316515663142,2.049035108573875,1.9245370012484104,5.88424538140971,2.2987971822102033,-2.7407109292654757,0.8961044844350484,2.6455639361476186,3.5124340303361556,0.6957727748974402,-3.1169486352375317,-1.3253872566410452,3.862026105525337,2.4977161738587896,1.3830357370678532,-0.558421422588064,-1.470578191759348,0.8703285974374201,-0.2835974455370993,0.7508250186735639,-0.41169340811907973,0.08874797478691848,-1.6466877100240969,2.5874384121661085,-0.46208744218030867,2.7291180278824974,0.6367587809231532,2.4573772546192627,2.108548215434093,0.5331714448118671,0.9840289800998024,1.2335665743207074,0.5215774165105695,-2.5096787050822056,0.4187625930744173,-2.8792416588068788,0.6582017059347668,1.7462268159590448,1.4745744506381977,-1.78491080775359,0.8020120160972741,0.9190027375293429
TCCATGCTCGGCGATC-1,3.2506412056012275,-6.635816600523631,-1.3869879468124433,-4.9029672374979905,-7.087416613161975,0.13175584852278804,-0.9372365883503102,-1.097493211346346,0.5926247269540029,-1.3974114103580677,-2.5009141621631366,1.1821546001363075,-0.13881264338156987,-0.5837117097909327,0.9027449440818979,1.2507121729256283,0.3542109394908496,-0.9748815659550571,1.2634219627248853,0.6971777507474959,-4.409983954115183,-0.7766029609411303,1.0056478038317131,0.7634562800425578,0.7636627042789634,-0.4124114142798406,-1.7071773300541147,-0.7972597106702731,-2.758628189338149,-0.569700036447523,-2.298207134173047,0.3053531375603652,-0.6766069183351424,-0.6562218198671099,0.22204837388563953,1.631914803884147,0.6814654138074433,-1.2779712668834593,-2.49858513267877,0.863497713409155,0.34402070439528026,2.055849676534536,2.416240560904308,1.8245618360956248,2.1970883407861628,0.4446041516690172,1.0465440447478798,-2.5719616467938153,0.7932376243939365,2.540397102408572
CGTCCATTCGTGCACG-1,5.820525188439902,-1.8850967056156847,-4.346247915220405,-7.361506130867559,11.63018201390002,-6.247860289818087,-1.7968063739891846,8.494936919188294,-8.433818547853901,0.7511798053489125,-0.3365547871388496,6.243127481282254,1.6908524717212872,-1.025470035517426,0.5776314012987636,-1.1483600902765363,1.9664044394476605,0.6117213005412376,-1.7610401128488276,-0.6369382455399833,-0.8670972321390458,1.3535446132635698,3.4583783891764344,-3.0408969303529645,-0.23129962078728894,-2.0203864840867447,-2.830049440165742,0.8439627992210447,-0.844187875015669,-2.136794185349109,-1.800580681439485,1.6851968055876085,0.08374185197151542,-1.535020251325057,-1.6487239504560336,-0.6263142325161304,-0.08264433440945317,-3.9603119915433496,1.941693974087629,1.061614920497749,-1.9344025009373054,-1.5201147566957254,-2.6423619085232555,-0.15934555423414198,-1.2955055063344456,-0.6558155250940942,1.9213341694559132,2.2095242543771425,-0.01583688340812763,0.4094313868874838
TCAGTGACATCATCTT-1,4.350789234226864,-8.438126749241317,-0.09715270459492277,1.517504590181768,3.4220803494771785,7.184478720756882,1.9024845249516875,-1.4106059269618758,2.7215206587035787,-1.0546528775428294,3.802542666683236,0.7435426266003154,3.302996678125852,-3.4495149407346086,1.0503161051867853,-2.360107582994675,-3.061863200122991,-2.13937124386856,1.2434749747114215,-2.532921961132553,3.2151882865784884,-1.1286378664569803,-2.063156003271627,-2.1195429657674585,0.24810268702426205,-2.2055085974767317,0.09821713582479429,1.503044855581241,0.9073809469133032,0.9190834925869698,-0.3605251156293155,-0.5673983125581642,1.0793701184768987,0.7120479200569165,1.0123377765035115,1.5908731641014484,1.1631497276166751,0.30444571121423775,-2.063383341061936,1.0614298558722948,0.8585145003182073,-2.3367736777703993,1.6771682688571392,0.2923907638159178,-1.2110144538958245,0.7870440654802192,1.2620352164533146,1.4903276309864908,1.8344460920884662,-0.6938053098102598
TGTCCTGGTCATGACT-1,9.479796002745296,-3.8408975609339304,-5.961302904082106,-6.0472081738782855,0.33010233547833995,2.9863995377086057,-8.489923003746819,-3.52158484651046,-2.6926561113157432,-0.6873356934430067,-3.27051094527189,1.6939289388683454,-1.113082423606104,-2.1809543747517584,-0.18559477001307664,-2.520710523421175,3.0979684141908836,-1.6439041379400712,-1.6453591767038267,-2.8967637209578654,-2.809967938867181,2.2669210487442806,2.6233722116627387,0.18278839107175515,0.6895601770583201,-1.3080265527685404,0.7012379471312254,2.6416126981192862,-1.736012170837597,0.03139567402889897,-0.5550637917988305,0.8156478312494847,-0.546523830852586,-0.05750438689924486,-0.12868213799149242,-1.5609691802159138,-0.5877158834079703,0.2579249395230037,-0.726151413123318,-1.0922674727629478,-0.12442622816112726,-0.6351143345167369,-2.2767217591916085,-3.4964464723434636,0.2227765933495846,0.7516372546206853,-0.55508984661493,-0.6953386179736291,2.8434276863027867,-1.7128554990872873
CTATAGGCAGGTATGG-1,-10.66840205035118,-1.6454356250769122,-2.424022701269837,-8.298986767715752,-7.118648212637481,-1.511572060720014,5.217791311894809,-1.977698306368861,-2.683419622119609,-1.3147452885500817,2.1562675703773877,1.5658746107933803,-0.4997200644426977,-0.252204323499564,-1.848754252876035,-0.8949085922617298,-1.7094127285388148,-0.13123560844521767,1.0120412211722352,-2.331782215515621,1.4814489425088277,0.028285548780458653,0.7705975449536568,-2.3398548309409617,1.2403840012088616,-2.8051237722338205,0.6632409714888313,0.5324713670067834,1.401062231721879,0.11966566100483138,-1.5899272640693431,-1.6888324981708085,-0.9932251131105675,-1.7814717140598706,2.716900263409976,-0.7104114768525658,0.4106781557046535,-1.3542624634031408,0.2936121860857834,1.5624430518055132,-2.7516563729563694,-0.08544553926688123,3.4748040842452887,0.28293283952946646,-0.9793309019740851,0.5417189425085852,-0.14635657345497863,-0.1779970085145718,-1.3577104314562511,0.9254230267988932
AACAGGGCACGGGCTT-1,11.347975882389456,-4.184875996728799,-5.32062701181262,-5.489853449607909,-0.08193621959196244,1.3284068817177228,-8.95583389789163,-2.3285695830926403,1.230611853062172,2.058982321187196,1.9197458525295643,-0.0421038873450182,3.695061157670143,0.8255432547260462,0.9412151985306269,-1.7824783087029168,-1.4206343385898856,-0.28086335352126474,-2.102946752582703,1.8491349378810145,0.7877813019426236,-0.2774163583513891,-1.1362511536600972,-1.716725687265127,-1.4374650837162235,0.6163388369186125,-1.2881817952003778,-0.9084175888844823,-0.6191309335658768,0.9654421563755277,-0.04124601196722796,1.5334062700986058,0.2756152041784312,3.5968271738014312,0.6786548192746528,0.7867926258283772,-0.5588978575291524,-1.8343423698493504,-0.8672863117995744,2.5934055289297206,-2.651231911598236,0.24305871796033457,-1.6317541936878932,-0.1971103089375418,-0.44688075087218787,-0.8471798579489794,5.106690566317514,-1.7429382464486134,-0.6712168419157432,-0.7985367720882888
GAGCCTGGTGCTTATG-1,-10.7797921722047,-5.68856338391185,8.056034732471208,1.8851410094197645,10.284616085893678,5.8844058342862136,0.09239035233125692,-0.3669004594020193,1.0990265000196882,1.2377429769380743,1.1359821754796453,1.318325410879589,0.6866555176889697,-1.303891828950305,0.47102735973545956,-2.023007188268697,-1.3589869267070451,1.2324845510347462,1.0481454429152213,-2.1473995201812115,0.42405287617811815,-0.08109748942810763,0.6158336472976443,1.5689191807227163,-0.16892414723856938,0.4707677744359567,-3.200553244412401,0.8032358196972849,-4.035820373837045,-3.8787786109176303,3.1419737541714623,-0.7536940955316342,1.6984231980866116,3.47955153065507,-1.9019347367683543,1.157921040747631,-0.03487156354585709,-1.1612607546364735,-1.4054957123683207,0.10267150329458784,0.7048848596418423,0.38182091735067464,-2.430920406606798,4.3313050365910355,-4.076367775756999,-2.8207679660578213,1.8243516082432636,-1.792380287223747,-5.8272272709044435,-3.092722652173925
TCCGATCTCGCTGCGA-1,2.099944185959563,-8.308897653704511,4.969173769658905,-4.131725481446071,-1.9859829259467052,-3.231977448534268,-1.3409963516743093,0.36365339256256535,4.833941562541325,2.4403081891154614,0.8546316022403595,2.239913241734625,-1.030780652209595,-3.5687342770118704,1.368748131356044,-0.7210922215626381,-2.855743416608696,2.464825632305974,1.6495275587976828,4.661936004789201,2.1953463373374325,2.863280363831237,1.7445355052506315,-0.01827019283727937,0.6365217588804474,1.9397831505199352,-1.1852058458348373,0.8750406264233385,-2.0266793123106255,-1.9491871028817753,-0.6545259674387188,0.8572738012603325,2.0122853528723477,-0.04883427225126136,1.5298581514324208,2.9610108813044915,0.7613319329146729,-0.35058886312696796,1.7553729045752555,0.14998940324036023,0.24544865779641037,2.5261493590085267,-0.1469991416243629,6.085283769448544,-1.651594780231063,0.6364284823245014,-1.3946491488483022,1.0637296495099526,1.0240821126247748,-2.514855501453708
TGCAGGCAGCCTGAAG-1,5.124499544616496,19.275982374852266,1.4231862168835603,-0.41954610836404393,2.7029667946438183,-0.9370429286022082,1.9777810331667258,1.050272584400357,3.1084838625854316,-0.4001805036522004,-0.28638627716608106,-1.3230973009484206,1.41376615383998,0.3473222817700594,-0.17134201920340617,-0.5930803995827624,-1.5688877792341154,-0.3619650768082748,-1.1856007241029716,0.78879777758765,-0.5760430891760252,1.1964849660596837,-0.9699315455547711,1.6599212271189394,1.2037565802691819,-0.8562936067121524,1.9591851580924378,0.5829305975447043,0.056640123083779303,2.08408653019679,-0.947133118413169,-0.9843467903626465,0.5185947758065845,1.0181844338934334,0.1251086843436881,-0.7114246638107071,-4.527006169239133,-1.0792692399170598,-0.7685708646339712,2.5771780258656176,-2.1428314320787876,1.9357885123494083,-0.5199076809079736,1.3807561960595003,2.3883986771389187,-0.17266889654736228,-0.3747658551814008,-0.8917779613205202,0.004059413865108673,0.01895824106947097
CAGCCAGGTACGAGTG-1,-7.82766813276799,-2.8585592373646036,-1.5795394398207407,-4.819796941895208,-5.22171630931298,1.9203979383077543,-2.8463179577547564,-0.048019115751536966,1.4301459172226865,-1.592058432366156,-2.8051666571712794,0.2650269269484669,0.10136121904737626,1.4032149625916808,6.215579219642603,-1.0794256410280874,-1.7214363539563402,-1.1852125842619907,0.6114814021598693,-0.3768160830631226,-3.9510870675252265,3.1142848464799084,-2.973986973045041,1.1692857416544153,1.1666333102914854,1.2105525147922231,-1.9361133174437233,1.4832085159301696,2.366851211341385,-3.3808356293720885,0.2091352366550839,0.17856901818680382,-2.8959989539530824,2.4441469517349605,-2.1107440501808776,-2.4160760114799413,1.727345379400301,-2.4308989464392012,-1.1853908444094257,0.5933999478613948,-0.5660113123359221,-2.669236163683801,-3.1426050452244145,-0.06685374091031722,1.6496501956896645,0.08177805537685544,-1.4749627609613345,1.0558017403619808,-0.4411855299888877,-2.708329446953428
AGATGCTCATTGCCTC-1,-11.287926514045482,-5.8266415261579185,4.657440534665399,3.779802324490912,5.354356041372577,1.4004519185463211,-4.092784947348611,-1.5440150610779486,-0.7537555472660554,1.4839967136755856,-1.683023435213223,2.2913567964208554,2.474654835355397,5.209979434256894,-4.2784893059105995,-0.8034888228710947,2.3166619062460785,-2.0112667550114844,0.22065538183222794,1.9925440009680864,-0.5647974993198311,-2.4753631400972034,-1.4077803238657123,-0.9209519130025466,2.4639773013723145,3.279546382192123,-5.203616544964616,-0.9290534021900105,1.2365401948765784,-2.8189338021584534,2.1065590261825125,-0.7493713269743896,1.1595816932695293,-3.5675930700009686,1.9260533056644336,1.4751476068068097,3.793582498728374,-2.116082070440929,-3.12592216941756,1.0185122817127825,0.06748952333829016,-0.16203689541956043,2.4412249385283,-1.9060657038380364,3.914471253596958,2.259062842308873,3.075364254177648,-1.8787915577265313,-0.6204147221914291,-2.0406666027220672
ACGTTCCGTTTCCAAG-1,-5.114429483099371,1.2124436379095689,-6.095638521074266,-5.479356201727395,-3.3764161457780935,3.0614950070349525,2.89562730672751,-2.759306833739959,-1.4535629557416252,-2.1985758167094676,0.8860804072685898,3.7305221356852147,0.9187524476149936,1.0797182141371695,-1.2022351575084111,2.1687847019931725,-0.6508345113921669,1.184332516854231,0.8259676168219607,-0.9366684000263651,-1.8350160836170029,-0.17274413498734476,-0.9975662301049463,-1.5874236039560576,0.8526586591884748,-1.0485946979288328,2.1419095843511613,2.083711782816363,-2.530819617522184,1.4226596917089673,0.7360091024143592,2.2254286796774436,-1.056234745412862,1.349132174544357,2.243576685546526,-2.6526275536298853,-0.1682450334529745,-1.334244226872998,1.1351573910596562,2.18696382138595,0.7681481872821965,-0.6446612288748093,-0.2611099309598591,-2.280133311148858,2.5551669949599165,-0.3009739570929543,0.7879459960502198,-0.07450536316255851,-2.650467861601251,-1.4337624298475073
CTCTCAGCAAAGGCGT-1,9.49218460396824,-3.3511342322525928,-5.164412658946331,-3.9417852774332167,-0.642974910704206,1.7599505035441836,-3.772353488230658,-0.30128685030041813,0.15092198192779915,0.6918972831383493,-0.9707131590081179,0.2307457938219901,1.3019284819352261,1.224850167405245,-1.1239502585607488,1.2577086232738817,-0.7370559311767864,0.8855655923696262,-2.0371534028114717,1.4693788349604937,-0.9533246439414841,0.6234157916642589,-0.5588757032959853,-0.5401535636231618,2.339998217150449,-1.507073010341643,-0.4311365059208035,1.669223309888137,-0.03297091117934358,-0.703960009515369,-0.10418988646253309,1.305166333634975,0.7104719337614988,2.0537669574175053,-0.35069504581749966,1.2501858473978962,0.10656552226748749,0.9205417371858624,-0.5998630758585023,-0.6851855354829575,-0.19220089096652737,1.187654173502073,0.28365534682582694,0.1598245421879983,1.3725967354610422,-0.04810692807952565,2.0608196217518246,0.19355540315464564,-1.0375264480256263,0.028369786871969623
ATCACGATCCTCAGGG-1,0.8878408643047198,-6.448083864069707,-5.345694439338692,3.6024100988414713,-1.8196577531742517,1.3059467147158137,-3.0132549802284054,1.759631245602651,4.4578480853043745,5.227711726380083,3.076322638383976,1.8001357090014063,-0.3348568898824031,-2.0460437821973754,-0.14572397907842538,-2.4545680585239764,-0.07944304730520287,-3.2366153577132715,-0.9203287922642432,0.6615375342931216,-1.0785116119768097,-0.6149144967727719,0.11160595658189108,0.4161038188662106,-1.1365243545164103,-1.2292187115814086,2.3719389366942454,0.5072687270882484,-0.8172427009695417,0.636228860183753,1.7404142447654027,-1.2344179445433745,1.5417909540091692,0.6699867973236745,-2.0166043535969402,0.521911734407335,-0.20689654349873904,-0.5691563377688079,1.8124316958773414,0.33041373321533346,-1.9263350112239703,-5.156417845968356,1.3102285104082612,1.3116632168960534,-2.275829838996832,-0.1548864128569154,-3.3678952838106,2.3759929556491453,-1.3688719717716822,-2.32177500857972
CATTGCCTCGAGGCAA-1,-13.512544457337286,-3.4244203388072774,-2.716639500825179,8.856232036591443,5.41166244982591,-3.202721656818518,-0.12190824435802387,-2.0816317057242637,1.660630806814082,4.428676351641002,3.1642336795105233,0.06691931703095162,0.909172670175743,5.1569156650889,1.061715165444591,-3.2870822489963065,-0.9403940752801142,8.430037221953256,-5.044640790557751,1.8608804523693934,0.9526607957411594,-0.09194702602032134,2.5795303321421397,1.1338661501866354,-1.498969960574528,1.0288816623737596,0.34221631724862867,3.422643194888276,-0.2331425521042425,-3.0891478895632596,1.0583956494286968,2.559885510820349,-0.2925901882649064,-0.24499817681723457,-0.5073178066884352,2.135746366913249,-0.43614612393857366,-1.7409338781960966,-4.53850820473493,-0.6416993769281057,-1.3182794614107403,3.2345571898166536,-4.851494350165301,-1.4990273953101805,-3.2183217841122715,0.4264778235507254,1.0520345171676422,-0.9655913625664488,1.5015501188160263,1.2853702963779663
CCCATTGCAGGCACTC-1,-8.52318907756375,-5.412741544049002,1.3702689800551344,5.012020779481378,4.306154992214012,9.959513818810379,1.909044019220254,1.92068316546901,-0.551938894234663,-2.11018564223545,-1.8052724488610659,2.291986157585586,-0.2770306951325842,-0.9771200851375432,1.5742311432183058,5.894792489709847,-0.13677769569289278,-0.6592648218457431,4.517532812291834,-2.0938652177059187,-0.6278229937609268,-0.07504634440951431,2.8997920314419234,0.1525849466344498,-6.556889465632728,0.7790467778634288,-2.383667983308097,-0.38113614340848445,-3.322041915912862,0.7243065745789129,2.9759757577672383,-1.3504597030941676,-0.8284512736796489,-0.01579954230897148,2.569798884787993,-0.12378541784993564,-2.564707410534964,2.0730529425636752,1.6202080580041462,-0.023477093579350256,-0.41704737209398246,1.9072070650010065,-1.673540226885098,-0.667667219912012,-0.4997268242406472,4.12151147835595,-0.4684914892387062,-1.1741544456874573,-2.148658786735385,-2.5009457700901416
GAAGGGTCACCCTGTT-1,-8.597992691489582,-4.847608322199939,3.2165479474805574,6.9169697254333915,7.38455127985367,2.6489450758610835,0.6585468245649919,0.41162129126137903,0.8010313411185849,0.7722521669957334,-0.34462198591858534,-2.213424150623831,1.5341687880022834,0.7800325009572219,6.873350183393294,3.8311164036238874,-3.8485114978836896,0.7299442793456555,0.9214594518823573,-0.3212491507686382,-3.4557174282581387,-3.0044508956922815,1.3366886516933203,3.4185477869054757,-1.988391980089596,-1.3362213613893155,-2.0452027351763604,2.08159673292938,-1.5940363987881707,-2.2656988785078895,-3.0183211158890613,1.717266613722277,-2.4227061786089217,-0.13932037628952193,1.140623278472469,-5.6152626566196275,2.5753240204556036,1.2730918146465555,3.188474954343504,1.159676661826523,4.17129365721248,-1.6342571064553233,-0.5374027581636615,-3.5602833834202547,-2.357605063838587,1.2730902237836657,2.5128551778190142,-4.306168018073166,0.673768237734266,-0.9952358746805033
ATTCTTGAGCTTCTAG-1,-11.037220326477685,-5.085368253207247,7.241484087271671,2.2524594249569647,5.955691383709802,-2.4152584608801178,-1.410142538365738,-4.792520509191686,1.1782089052918567,4.535916148529737,4.052774499092299,0.5718255699489825,2.510636563768609,5.368479746422198,-3.2836167515601544,-0.04979818837413433,0.6607559137272757,2.65925732474946,2.65174918437432,-1.8970650017534028,6.034472913912558,0.07091344754062115,0.9922913778903047,1.0337904325487435,4.9091371121085725,-5.323070759121614,-0.25466937518892707,4.231932581774207,-0.7265151111248245,0.20736537912730063,2.593862651236176,-2.7537420453829613,-1.6110944132253389,-4.987636680811089,-2.19497109636335,1.974492877155925,-2.195539606104199,-0.5274409775233861,-1.0257608990153775,3.455514523486563,0.4094018499667869,-2.357735640989044,-1.9922682026810787,2.7178051273810713,3.2274324498002347,4.635732801600859,3.161393389775043,0.5295366640479425,0.8337411393776354,1.3883769790347629
CAAGACTAGATGTTAG-1,12.969847108866766,-6.745557721353219,-2.96908804958526,-1.276064204940687,-1.1236496304317969,0.9539960144834567,-1.9252759332163356,-0.4536661651898705,0.6848087089739245,0.3500871516583531,1.09543512722159,-0.46881702872055075,1.529666946708108,-1.0864120670612647,-0.84775763832515,1.084787007172401,0.7393557369533011,-0.3367315036024669,0.6362585081234464,0.6760287043382303,-0.4939432277254845,-1.2614363629544791,-2.18184377486584,-3.3583882444863753,-0.9923236318131586,-1.0724283204315577,-0.9725370557353246,1.1212951008442749,-1.331871446080456,-0.18553345200114343,3.0448393365028523,-1.5334639761061246,0.5238441976764612,0.7713774988204181,-2.5730453308182293,0.15492374737152623,0.4856593514428459,-0.793565342206272,1.6635205014492902,-3.621741901948112,0.8446310631705093,0.0415336558652126,0.37870928438791895,-0.28232740028843906,-1.5548929532268305,-0.4407956967549863,-1.1179723227561609,-0.1360649480121281,-0.8744512531310069,1.1931576470590977
TCACACCAGTTATGGA-1,-9.81469646791183,-2.8831057265446653,-3.057674004657139,-0.4772078388709237,-4.319348028538835,-2.558187432153888,0.5192465078474745,3.1399176625802854,-3.980464021538961,-3.8539927250347006,4.60107009733934,-10.451307739962497,-1.9339142127533822,1.3133216476682592,0.9336889190589341,2.3006075785514315,6.234195913482419,-0.05241427868034338,3.116734061954588,-0.1615940639215398,-0.45017262314847,8.066256557426458,1.9529871336357967,-2.3445654315337543,3.8447255712213773,-0.7741106570207966,-5.103878235513231,-4.838299537867291,3.614293447180501,0.8511143457754177,-0.7942262003487441,0.9600792763893164,0.9296651009337049,-6.7313278971504396,-2.1819580113355954,0.44097944336772066,-1.4537406238003538,0.5132191025535715,-4.694691600286066,-2.0661771729325586,2.1454668766469,0.9059295559802143,1.2353574866091288,-2.186910619922954,-3.3521435848025223,-3.6268072635650648,1.0024752908719707,0.5566249634078164,0.8132688161269884,-4.228437134960535
TTACCGCGTCTGTCCT-1,-14.11151758182706,-4.845830334803837,3.9627690393193777,2.7327315238622374,4.47106887673552,-0.42558738096625615,-0.574893608848518,0.18745811193444253,1.7134042485340493,1.8147711021837776,-0.09130193722351161,-0.09708427134142825,-2.7600782820396534,-0.11423563877760487,2.7628645209959566,1.301504875685619,-1.2660726771618716,-1.6660736361234167,-0.5688666077139256,1.3088016721069575,5.659913252315336,5.194511172530044,0.8166650534770167,2.917072973885796,-0.39827138055013217,-2.2101395905879286,3.1189721092310183,-0.4534329572918153,2.892645304689439,2.596990704061131,-0.8124208874147554,-1.6115896145878812,0.7937888501028324,-1.4190635809337884,3.1298048536003,2.832398537298321,1.4567106137971975,1.2700668591354314,2.369569803917261,-2.331016930746925,-2.1214500356560326,0.6118708854161715,-3.3582012411434197,1.584645520074168,-0.014380221772913374,-0.7829930745655225,-0.37169804357640795,-0.5608659394314507,-0.9656126392844924,2.3451516890317015
TACTTGTAGGTAATCA-1,-8.560112325264086,-3.86257587342349,4.811854929125072,0.08001882437136255,0.8616182869794129,2.3468336203880873,0.8212398079725028,1.7607001258815058,1.3142520947516296,-0.5220235771719183,1.1058928420286567,-1.8442881464164635,-1.6704761716931908,-0.061809084228265906,0.8667455813476008,-2.245103778068114,-0.8419082448953398,-2.676457039181232,-0.4079960882771281,-1.5256033929961088,-1.7558108614582981,1.9515049290310298,-0.31326994758115456,-2.219825770577801,-2.799923675808993,-1.6276852468381278,-0.5025964055069931,-1.1816279429679382,0.046072645334150106,2.453335035069571,-1.2152777470326461,-0.7229709060254074,2.107334995233358,0.3780165070492175,4.036691867691249,3.3870268979715474,-2.150869159758969,2.1139650742332874,-0.562513579632669,-1.0300422077693157,-2.3986225179059626,1.362256392145562,-3.5289888698183733,0.316006354670933,0.6200292767740693,-0.7244387907919644,-5.504360740099915,-3.161323518235541,0.2335701009664985,5.108849331257833
AGGAAATTCATTCGTT-1,-12.656219182511583,-2.476500522109613,0.5039492050091908,-2.021060652503251,2.6904770769802084,4.84541777917144,1.1577136168050461,-1.826590339834929,-0.0956918391037128,3.1250401106685617,-2.999022715838971,-5.052600370926414,-0.46966732901038594,0.3201591760191473,2.307265787101907,1.5011012361445353,1.5815608635316751,-0.932911522228325,1.027162738784223,0.07079379538683868,-0.5701865853452682,-1.1903074720254432,0.5312382660793664,-1.7550879242526243,3.01562317180159,-4.209931703510332,0.4032563118756382,1.3714270745878345,0.9941085606988189,0.4382558179495473,-2.3694841507349174,-2.1532216997951137,0.8272295316986286,2.730716647061351,-0.5491128731192629,-1.3918014017817226,-0.49231395605243194,-0.3785281043603399,-1.9670543899353605,-0.3126325164147916,0.25754810050261795,-1.6990326425858988,-0.5707088923648441,-0.9038247588452297,1.0043872892025143,4.164094767728246,-0.9645638029123303,0.27917266348148356,1.0483529968792389,1.599103224525274
CAGGTATTCCAACCGG-1,19.552225152057968,-10.60959777274715,-1.8024301788672656,1.4903919584061114,-5.610533146801924,4.545115441994433,-0.5391094032548657,4.282280330486658,5.47692322027341,4.32463230138648,2.4727197221586694,1.4826596845304914,-4.797519386288385,-1.4370612368640305,-0.024659550826133737,-0.28725771328741734,0.4757094935833608,0.601559768014506,-0.6427731518785622,1.366722399432413,-1.5252094212007734,-1.3953238751833634,-1.2343455712937548,-0.5771615302062912,-0.22626812419561187,-3.176577579146262,-0.3571143694218715,0.2665635594910251,-0.9475126154256095,-0.18514056005717738,-0.03014863836554495,1.753109578074492,-2.3104031283645843,-2.167879224984737,-0.0937492408573496,2.2540542072457215,-0.5918104723792873,0.95673554884296,0.5392531943342481,-0.006582418748874861,1.6194282676124188,-0.46090091799664723,-0.8276966023476363,1.6107740908886092,1.009342935959715,0.8642235055352934,-0.34418846574732437,0.4423032079260139,-0.11451238606035265,-0.7207371030650619
AATGACCGTCCTCCAT-1,-8.991924920745626,-3.9570500067812073,3.816543818946799,-4.3163550428415585,-2.3785851809550245,-0.2213944681677524,-1.1036572608583752,-1.3516647811825289,3.144482024489332,0.7105166565246926,-1.6318361710048483,-2.4751001679592433,1.8033890352988793,-0.04912137066223291,-0.5836846081731708,-0.6971274907110568,3.4399783913644018,1.4613291064559735,-4.059241410233225,0.8747704431814192,-2.1745377129204244,-0.8461565991961573,-0.712700894583295,1.0108681044014947,1.9904667057116836,-0.6663071768230453,1.8056877443911368,0.14252089709536098,-1.0324495912336544,-0.31546473957221294,-0.12073424644900423,-2.0197804750700223,-1.983306464265266,0.9631858459151356,-1.576977410020989,1.4506356415642723,-0.16157923006364164,2.4760580711839038,0.5058176664409992,-1.3542681495322173,0.30274899322345833,0.06250983983493379,-0.591137859027672,2.5871362344207243,3.4656037778122166,-0.8532004774366203,2.817348804515465,1.6049213150533679,-2.090540055548348,0.03670408633717718
TCCACGTGTTACCGTA-1,-4.944051410094115,-3.4951873731957086,0.3707850796404785,-0.6234256260171993,-2.075520087716734,3.952774696766946,-0.8242217873828964,4.016998691231513,1.7497850806466222,-0.32234454523076017,-3.1761868603538934,-1.8775512015171445,-2.303188934393056,-0.3197121326748184,1.149408926551045,1.1531086949537854,0.8539916928980285,0.7554933301827806,-0.1548591645973465,0.3152354432033769,1.220424995239394,0.7087030464744802,-0.9444823990782251,0.8587524545422752,-0.9896828775325337,-0.7128622354197838,-0.6193320400810086,-0.23822825905082984,-1.6879669599772178,1.716662761496533,1.0479942744667423,2.6442914379546663,0.588621870381978,-0.15523936190178328,1.0587521348483422,0.3131290380904752,1.0450142384238068,0.2954134173395753,0.1825648859485831,1.3963967443160554,3.1280209393079796,-0.806435703122097,1.697476258289109,-1.5513779121115734,0.06848132783714507,-1.4861174321612236,0.8700094133856686,-0.33424839738402434,1.4841766006387909,0.38356482979400325
AGCCAGCAGGTAAAGG-1,18.953324899844215,-10.71576891932546,0.273952056117128,1.6869252063418299,-0.06556801826811795,0.5290793738473442,3.805359573338492,-0.6829165544325662,-0.6417078757029792,1.0600187313269889,-0.7087775302214333,-1.213134402043643,-0.8153596822155514,0.2560361962088047,-0.43808457823112584,-1.6350123391619478,0.8498474640427736,-0.8128121343784676,0.404302217079874,-0.45081884486074386,0.5955832396012314,-0.9798783712162649,-0.7649129526546588,0.7957111512784635,0.9491589829226584,0.08405362089477851,-0.7485762121804589,-0.7931045887087997,-0.023920550931145194,-0.6112123698986096,0.5851376484439889,0.3713684949183122,2.0462478863133304,0.6294906769039974,-1.1571388431799625,-1.5887905202523354,1.233785161674002,-2.125205422169008,0.8728129858259424,0.5274349870785541,0.04152001885819428,1.583576688913765,-0.2587991340087679,0.8338720830087738,1.2240897055763562,-2.307361723580743,-0.5454727539050533,2.159272501701571,1.4212677585306397,-0.09354313454226117
CACTTCGCAGCTCATA-1,-3.845980654567428,-5.203673923559745,-11.772616449497054,11.889565440191454,-0.49462042952969193,1.9272995005194857,-4.674257489958821,-0.3806114675182861,2.228282925754883,-0.9161844292815051,2.16966417280201,0.2936577081730604,2.0072237577607113,-3.3320806674794055,-4.555031216890516,0.059298778012172086,3.0508272289825054,-1.4596988455586997,1.5276862563599232,-0.9826154406647363,-4.36406460765664,0.44320370949809046,-0.3397722823235873,-0.44490325434091726,0.8439426153368927,-0.033571782767647086,-1.8955811499299788,1.1258940955087566,-0.8992469304625483,4.351601653654294,-0.22457995438536518,1.4694092659401765,-2.0293504547351877,1.9521784679639032,-2.717710790173201,-1.6733608320325437,2.594390616648489,2.0528565374582484,0.765859839662,1.7481090340240943,-0.5570180101501128,-3.1977627924982444,5.240014611922817,2.166725052370338,0.8700235237230095,3.663798165292902,1.0183311911722541,-4.169998478769202,2.3050831367600266,-1.509409909032799
ATCGTAGCAGACATCT-1,12.813782862638554,-7.685378028325675,-0.2637683410084275,0.34819237849541196,-2.552357227214558,0.661757076043997,0.22878115086487513,3.69163771018969,7.820682789994108,-3.235259483930402,3.7117286597823647,0.5974244242480988,-3.1966963309593903,0.22028131053796055,-0.6873309420859204,0.010276923097189451,1.956488842618611,1.8085172649919434,-1.8809259592123313,-2.2127213992217016,0.7073865559484168,-0.7426280241331024,1.0535410895922537,-0.3193224487334729,-0.790804808037495,-1.477325567680474,-1.5825827548727358,0.844267589321388,4.460107732143941,1.384176249310409,-2.0349601304558678,-2.3288582937901867,3.2045418686318,-0.5423031827051422,-0.30951712519970287,1.8584933831719737,-0.08659140027220509,-1.6799025099234697,-1.3169931783231754,1.5350090695754277,1.4931053854769125,0.923238228208401,-2.506998528021829,-0.9309324289321274,-1.2692284010035133,-0.9458483283996312,-0.617655490712021,4.096860204990304,-3.6123952147167464,-1.818085326488655
ACTCTCGTCGGAGCAA-1,4.386191513548585,20.93102582289693,-7.247447142191608,-7.479752770083667,10.214939240939023,-3.402768278396141,4.267484851491554,5.619488350478051,8.593488258922282,-1.291335335967867,-1.2180587533958462,-0.10049990843446888,1.7274806191986725,-2.5399242545916296,-0.4288489358434612,-2.1582962005340756,2.1896691575363936,0.558579356495288,1.1837403121297732,-2.4041464995707478,-0.22161985966118572,-0.1391193740270389,-0.9813840870701874,3.575083934679892,-0.2480558329096271,-1.8808298045799448,0.8504303127323463,-2.017961390648563,-3.7681932408417897,1.2516087801055322,-1.8634767601188746,-0.5780719254104036,1.6278874633595624,-0.06896027091339282,4.786250758862511,-3.21135330019068,-0.3466622616078595,0.2732803713220518,-4.752867809008353,1.3190012210935111,1.7931749763538052,0.25411389144386054,2.370146259311284,0.44149705361034275,1.947237643711704,-0.23319899457530802,-2.527162354043178,-2.1909942985438664,0.057717793374464824,1.2280965218508448
GCTTTCGAGCACACAG-1,-8.343392292944209,-4.977531545672993,-2.142338085230961,7.8583639666785325,8.68649333338041,6.552645858989256,2.516753635618203,-2.6388931240238396,0.47443115410396686,0.34518933824506653,1.0621992703732863,3.6847959444507477,0.08324499581996266,-5.723288925265647,-6.780110863400236,-1.1908870435150472,3.2113126288146607,-1.0426763238816827,0.4268668973796498,-5.0167793246163725,-4.187646658942752,-1.3184846852647714,-0.13236927198292178,-1.2206003803927552,-0.07714795090396565,-1.6685766907959019,2.18269166010415,4.998423918296164,-1.6725816463168324,-1.3830957849902241,0.02027560474577664,-1.6322542020365298,0.8134705250620485,-1.0361121488862775,-1.6572021783393542,-1.1609220688726207,1.3871796225760327,2.6920426528875003,-0.06989538943058725,0.4211218658517457,3.1359466068074227,0.7105460668030898,2.9116652628485378,1.4025690911548554,-1.383377788937222,-5.737563858074573,1.4639585506653252,-1.7825394324854427,-0.9558524816207487,-1.6954764036492362
CTGGTCTAGGCGTCCT-1,-14.453909037868305,-5.013142721351059,1.2997466244569051,3.7422533494981702,-0.00017215723064634763,2.4393391120889985,0.9403791145805521,3.197846700462231,-0.25711865335160894,-0.5151073065364287,-1.8437915182750517,-1.8951198878305655,0.47865181099028115,-0.4453426150206162,-1.086582963179509,0.2694494990204999,0.12407841824523859,-0.31129904018424975,0.09552627269045022,1.0995338577003515,1.0938000415555011,2.238028308784875,-1.7793071634381668,-1.6289906522050281,-1.7727622002260863,0.46481839122006136,0.5556233147766313,1.7814893647615588,1.570786656781767,-1.7762027840373389,0.15976369693732734,3.451446907722983,0.4592513992369733,0.3126887797893114,2.2568394743653317,1.589919707654986,1.8613859749167012,2.8709636227631914,-2.321577737445154,2.2894530116009277,2.1865855160930425,-2.5630740557074114,-1.3724960431868232,0.6378978364754403,2.7560336885718364,0.27588190060770434,-1.9142575891439446,0.06544880312010909,1.128221868975139,1.7296279787404303
CGGGTGTCACAAAGCG-1,12.462085000176087,27.930443658332393,7.874548378642727,6.6669653736063035,-5.13254126676388,1.1549099116796326,0.1204993413673961,-1.422213128612418,-4.60964990760654,-0.44869066629344806,1.6676303761267848,2.3511533318842197,-2.0993830323036278,-0.5055495710901723,0.3657441279413959,-0.07326363922907835,0.8936088675551349,0.7104670505097376,-0.2118337919060986,0.26725839135446566,0.8754785391374619,-1.0555943111305237,-0.40626225608637173,-1.6671206985980838,1.7593486661855986,-0.18927484108775375,-0.9747330116740746,-0.062497426281126346,0.010388205882290598,0.353081358746194,0.39824313947567314,0.04940938046531548,0.27350239596361237,0.23940931153402836,-0.1714053578517779,0.19530058927348715,0.1858156744288668,0.3888321538696993,1.0285126715904624,-0.17639742828107643,-0.09427642154945289,-0.40937991792730216,-0.5972005150952994,-0.32421925211741304,-0.7846843367639111,-0.4473135878012204,-0.19961361773478523,0.6246173480372453,-0.08140916740090218,0.3004648313006838
ATCCTATCACATAACC-1,-9.448844011660286,-7.0325338162329505,2.261233883566002,2.3559130073459396,-0.8706432293519023,10.320483358264537,2.2652607036270798,1.4833856270942833,-1.663291540323101,0.33966351563451413,-0.05531205496711915,-0.013236566693257557,-1.6879725631474567,-1.0675541545654494,-2.2742090856918713,2.1293971496715485,1.6448142336234088,-0.7148012831511914,-0.05252331858847615,-1.014332970076137,-0.08919396452411336,-1.9997560556310752,0.8664755625677821,0.33942121516172397,-2.847776942873378,-4.1144416461882,-0.14303261687554264,-2.004762940633359,0.2742452116311215,1.7710517185816579,0.3634195493604802,2.117303147349682,2.3003783811618725,1.6711946968160485,1.1224307407918712,-5.077447750391538,-3.941453200220971,-1.7524630924009863,1.8337376154221445,0.20814573228936215,1.0665722736441297,2.8201090831916287,1.0723650574139802,-2.0278106415558828,-5.575888577910465,1.865815374594335,1.1578229476966384,-2.376209796841403,-0.1275964264107972,1.5832857912789176
GTGCGTGTCCCAAGTA-1,-7.613969441746208,-3.830141220114955,3.8937628511200053,-4.73059033570133,-0.8047616258383634,-5.207571065011454,-5.401624829468925,-2.0538390185791595,-1.9568992308269875,-0.2421241803802406,-1.594201038373187,-1.3678252262924886,0.8867271335045684,1.3519361594104604,4.4794618503509,-1.994357724608984,-3.1373112426316294,-0.8958414739089423,5.368921718472112,-3.8687007446885615,0.5208439838852806,-0.14752129227542135,0.7968716122977924,-2.1200853540378533,-2.2707963764104138,-2.2127285618651573,-4.148517359035545,0.4603385963247544,-1.1878057708533494,0.10136471949684968,1.300261625312694,0.9540719245664874,0.5855505853238202,-1.8565476245960395,-0.0630939796879747,-0.8320007903270468,-0.6186271522545742,0.9603010407489075,-1.1202412273527032,3.4412123077942747,1.8166056305178586,-0.8240570369648252,0.6985806547460295,0.7692431498467874,0.11839021227618905,1.1257817092620062,0.41960917651354407,2.0457775753857215,-0.12711298143467661,-0.7362178832142889
TGTTGAGGTTGGCTAT-1,18.399244947273317,-10.552538442924615,0.8432514460801654,2.5947110017946735,-0.7101752815192897,-0.8511403174996233,6.010418877964773,0.37291475562318926,0.05015636683941218,1.0944451403211106,2.268240666518862,-0.7406963629081901,0.18055284925337714,-0.20449897686506643,2.340931924303366,-0.9085825794459982,-0.3672090350123093,-0.5285809243925177,0.5420678803305192,-0.949744949498641,1.8693361689218115,-1.2832347574389507,0.4010118152352674,-1.251791110735038,0.21335966804310844,0.6241326695734456,0.7301809323023146,-1.161205585153936,-0.8346997209416802,1.238513491846541,-1.162865373534691,-1.3691748819098069,-1.0645794077689608,0.5219964993988384,0.546930198322166,-0.6040502277925772,2.5895686089270002,0.5015017551922043,-0.9543286360617875,0.5211383547600034,-1.1888752371985014,-0.2646702017780756,0.3995305096835019,0.8352854983864432,-0.3353801009200795,-1.4619686728303944,0.4171077394121245,-1.3401896011977164,0.43251425684228717,1.98504020214437
GATCACAGTTGATCGT-1,12.26215632837612,26.48734188173401,3.8042857746864356,3.1757064134051443,-0.7750693126927047,0.4609984604595618,1.527892313589344,1.3579618174036479,2.6316908325820876,0.27261555504006435,2.160314905543927,0.13209348657237363,-0.10126631976335075,-0.692743829195387,-0.06601212938197094,1.3750976271063369,-1.412489015514529,-0.08609654565082347,0.34851935679174073,-0.9232723010859173,0.750651118280025,-0.43727498688375877,-0.4046626672751035,0.9573732937128249,-0.06132913936886372,1.5627220057694347,0.45733988518943297,-0.858781875202439,0.6385863806849251,0.8981191226155935,-2.4828005763184824,-1.1051173307483668,-1.2760933123840004,-0.7075515494776757,-0.5526702696918464,0.3821181140535888,1.0132874704768657,0.5665456747421191,-0.3076505778991915,0.6077669418284086,0.5486484370330713,0.2522143823266157,0.050998188703852546,-0.5052919449610771,-1.011267448177097,-1.3955081402229434,1.367662572908238,0.6773183951858619,-1.2119162941172994,0.12524801240635788
AGGCCACTCATGAGGG-1,16.281544981226332,-9.120230876109524,0.875089586217765,1.5956302122091077,2.1550770680559435,-0.17389461522500346,8.006864361337755,1.190019640637984,0.2653863897346181,0.2907869241003676,-1.255715062894012,-1.4764270239741302,-0.9810275005892374,1.2712014122901563,0.6491460581204214,-0.19579947820361074,0.39346515357792716,-0.17397968662385516,-2.7865412342711644,-1.5496722514143102,2.0574612588850028,1.1014162282419457,1.3333115427490942,1.4529699646133336,-0.909048106078876,2.1753142585518286,2.3569624324075984,0.9129782946408631,1.0619607687628025,-0.7166912069269531,-0.36443809448287606,-1.7188914410598044,0.6869787807498501,0.034698203778671305,-0.9548990859486511,0.13516524482790732,0.6588722791390472,1.560028019539046,-0.36446326992687306,1.4592452808410112,-0.616471992879428,-0.30023717488697593,0.14981958740930293,2.22704813988554,-0.29451617678698255,1.6184699562992642,-2.7511081023314112,-2.8810609002800596,0.595507471986448,-0.11091403520319972
GCAACCGGTATGCTTG-1,-7.848960201077418,-1.383709767490557,-0.8462913679909999,-6.4248677182721154,-3.545642294433141,-1.6690191679825002,0.4506162619015127,-0.3449357864879692,0.5038484139910266,-1.2306009554035715,-2.259889778724115,-0.042508889458075155,-2.034983598621875,-0.051123678434081526,0.7347402252521489,0.736536519789733,0.5856873689082702,0.06169617510147171,3.090321291730414,-1.240111938341251,-1.281527346635768,-0.5009653756576002,1.4362405405755394,-0.7540815421157352,-0.08754527562741203,-0.8356147348127122,-0.6284614687965036,-0.033200849239326924,4.776929046107788,-0.412792093531228,1.8924607756717764,1.4018750400028548,0.6253029849832723,0.0719406787765203,-1.7665870506122259,1.7543172969258078,-2.522713904776858,-0.02324864116652121,0.8147840115278083,0.14780166959015423,2.6079095732035786,-0.20997772150081523,-0.5329390286003304,2.4895864720049765,1.140460190845031,0.4224769212493703,1.1484662286170544,-5.290221689219729,0.3281878102720181,1.9013084390105075
AAGACAACAGGACAGT-1,-8.268868425379905,-3.3666313024060583,-0.4809814741287476,-1.7044944690717772,-3.703121490408776,2.977531297881342,2.491502414418368,3.9811726162247854,-0.7171558964695234,-1.305519034515585,-1.534960221576593,-0.6193546768257739,-0.39080117913918555,-2.0562436761766683,-1.2709462801644045,-0.8399106020400289,-1.7450847572925592,2.209587063469369,-2.350820998715625,0.7138254441923882,-0.8374733307243662,-0.359723295600776,0.4154610836287354,-2.115282183150162,-0.6791019233123206,-1.659207073399743,0.7201189151530262,0.5917475639365897,-0.09113066789322648,-3.2481460177055617,-2.155542760739724,0.4704916725006528,3.7219547715038703,-0.06530314504176905,-1.4841480189103868,-2.537475363157351,-0.04496697551668528,0.13124387228415244,-2.178680009732192,-0.29154549777972466,-1.4744872510934408,0.5853954045215478,-0.2996347373577257,-0.2583584771326592,0.4147003537580659,1.6683784488309652,1.167383363398043,-1.0352431444642851,1.6615074540064085,2.6940966043307015
CAGTTCCCATACGCAT-1,-2.39608921978648,1.497942310937078,-5.864684597552125,-6.421548142587093,-3.883250958444394,0.8361287925171947,-0.5242648966571047,-1.327168897868761,-0.8696271500723566,-0.05918682651805301,-2.8376567517635154,0.9428579751795622,0.7352504954990724,0.29991202194352445,2.811377520344655,1.108331375411287,2.4162204949800086,-0.17590978802851737,-0.3025399444948347,-1.2004160139597788,-0.648868876020894,0.6700234359871478,1.301728477424153,0.5557497634160556,1.896590984005045,-2.9512922694126233,-0.29045953608013414,0.5992161301531866,0.7633412543254334,0.6312072572722076,-0.10523862009568304,-1.31739260729389,1.5207660131933853,1.2321440423912453,-1.306224202726478,-1.9071349874468002,-2.4144415001919106,1.7152330919823982,0.7700629642383816,0.5409784619336222,1.3417799975454034,-0.4932039754162071,-2.5690776796517287,-0.6819324814579745,0.9846480271448996,-0.5417571191077882,0.17501377946212632,0.5851784130524756,1.307143207288067,2.1524966290589247
TTCGCTGTCCACGTGG-1,10.486713051635148,-5.770058586752876,-5.499936123117313,-2.9283745464073183,-1.2366220102877725,2.4647108319363875,1.4338999720523071,1.6140903550842516,0.7483071027510089,-2.646389074163571,-0.399081386957878,-0.32966935326159685,-2.600520955547477,1.7880123721600292,-2.220915280841705,-1.4340056334931757,-3.1520597729711453,0.9793937158227006,-2.3045354639195743,0.6689047087969386,-0.48152713286618803,0.8881437265286442,0.3307476223502495,1.18179575234114,1.2423474694768248,0.10702022873815993,-3.885014568782681,0.2061299677737956,-1.0682971378173098,-1.104989354921918,2.4327597259914233,-1.7568292210005347,-1.3232091103142345,1.300434063477909,-0.4036030726260361,-2.7527544349700617,1.6180861033606733,1.1362704073611751,2.838263814303762,0.36969271149392147,-0.9494111895105813,-0.8904196751360183,1.805988032707026,1.7270896405609495,1.3123470596110631,1.3083532799310855,0.5129427781905976,0.655774773276794,1.1659663734501475,0.5444743263466482
GAGGGATTCAACACGT-1,-10.646506838076116,-1.6294955108239826,-5.392638183599942,-0.6123296558384594,1.4375815691973075,6.897839711240875,3.218718336869876,6.176704746618483,-2.271275072102969,-2.3824280828534734,0.7242374042695204,0.12858405120369645,2.2205821915656694,-1.089904015578789,-0.6996395126789264,-0.32843653840767806,-0.6076606059542634,2.1878176282772426,2.4682479184729793,1.4272016584224798,-1.3007100501889677,-2.9503063926415782,0.14777317359596426,0.765396809173958,0.8928049048936808,-1.6879409393369202,0.550200750213045,0.38763751967251747,-0.5009692048000653,-1.8313192129960976,0.8366897448132216,-0.28907537672109823,0.10044166244762834,1.8094277672236725,-0.3274470355152779,0.6429463268681399,-1.8742745938700365,2.8688997184533442,0.5066618156511916,0.8283974763407796,-1.435799821134952,-1.828846336490941,-2.2350508133364615,0.8255514211853142,-1.6249350097838948,-0.14788315072024266,0.5539739222264665,0.5571536188419959,-0.7117816848186852,-0.8558995623323248
GAAGCGAAGATGTTCC-1,-12.60222521470189,-4.152114321319727,2.2513446508351436,-0.1816668572906441,2.468012242118535,4.648004452482669,1.25097604159153,-1.2002065719492447,-3.1517068892863382,-0.6628562622352042,5.476221527171345,-3.7441384348432254,1.1851855495547525,3.9436142261765568,1.1706172159377006,1.6510203317813676,0.31120856575408934,1.8549964329371371,-2.289088166994016,0.24467245284090672,-0.9989488758869149,0.6030942401628077,2.970850700048071,3.0684282151948565,-1.218572609339339,0.7305442359193933,-1.1874330382353668,-2.3405122880034512,-1.8910073666200056,-0.5430210040155108,4.942949594521598,-2.0353423421292565,1.1565677524282652,-0.5511085999061234,2.027166304182774,2.5318218364956637,0.33877304472074093,2.008928701212678,3.4252787409673062,2.5588454621964876,-3.197388031691484,2.082791368165726,0.5109768218536854,-0.48015089289531093,-0.15302941812367227,-1.9131418527460686,-0.7669817957998315,-1.8259754108093953,-4.467764765946281,-0.5426744609801095
TGTGATGTCCTCACTG-1,8.916857967637808,-6.926822557264691,-0.41673810272951706,-2.58732054335355,-2.1414751263878813,0.9232559864735841,-5.538535312151234,1.1376294050533158,1.6590898506615668,-0.6412927091621168,0.7381360340657089,-1.1622280011923405,-1.3451788610195436,1.5794571758115683,3.1979448655916176,-1.328160976550165,0.22204244668682982,-2.6850372686769166,3.8675290003081217,-0.9011474768209895,-1.4256500266051702,2.079269676100313,-0.007069684705732445,-0.8264928509222037,0.7656410765966669,1.3783473148381162,2.422389582405906,-2.130088301302704,1.1840198221833862,1.3876066424261047,1.819579936663709,-0.19045314420688447,-1.2870038927965526,0.270277207863915,-1.849106424564321,1.3407238708415787,-2.030764734609203,-0.5183929756355595,-0.7317531718298091,1.3939107426548991,2.372682225252635,-0.4376840272604353,-3.04440870382881,0.03273286545771324,0.5997137333220118,0.4192981318533276,1.3686112739944323,-0.5002122304105863,1.4200691366159464,0.6223708093009374
AAGCATCGTCCCGTGA-1,-3.742068677345013,-1.9964931300595898,-4.059487178642298,-1.5194997607254694,9.314113958826606,0.9042119543985689,-0.255150877713069,8.829042956656407,-3.574019153443515,-1.3571503519222399,2.538001991800187,0.6881122298094476,2.3849129609908633,1.1058772382828337,2.503101888115582,1.2646277458358892,-2.6379425059436286,-3.6520903659140997,-1.4696631601290242,2.761627001886769,-0.10238451241871352,-1.6159342026827361,1.7748276021192533,-1.5252537434749496,0.07922402871907215,0.9622895613134115,-2.611901086282746,-0.5088668149150594,-4.06390785708457,-4.573310486421306,2.0731243893917477,-1.437546181221435,-0.9377591143069381,-0.9623313385292968,-1.4246688546332782,0.6409341989328065,-1.834219134806264,4.562508334517673,-2.128830481668918,-2.3783316050955055,2.29076698574904,2.3700450885260116,1.5966202399958036,1.191320262138682,1.5197786232794008,3.383403667453205,0.021337978515442852,-2.776355555621641,-2.386850707936254,0.3463640318135406
AGTACTGAGTCGAATA-1,-11.374279207821576,-4.592480918424977,7.024746281821038,0.310898636807315,7.0207106004915705,3.0242413533110946,-0.5758011198647474,-3.535938160718165,1.0782401418786114,0.35545906204250327,0.6382419878984279,-0.7585972019976907,-1.2525409208604583,1.2759708897332063,-2.26041861814701,0.12690061910111486,-3.3814226627606154,-0.7600266584090735,-2.0748901212086923,-5.2683452641105175,2.6354581540913893,1.651523011238517,-1.9358875633353805,7.265169966145059,-0.08746980694934721,-3.711620243206803,-1.0876904321495273,-2.2225335733426426,1.0466990505468232,-2.0494516088473342,2.194007648610624,1.7027980765748174,2.2077564613593066,-2.5811957866573203,-0.915970137992043,0.21182087615592393,2.324517579228513,6.7750633811420915,-5.769522814356775,-1.2650910154607657,-1.5939993231879033,-1.6885864937532045,-1.8002391527470933,3.3259093183605426,2.7860950418530477,1.9348598036394382,-0.7254078553181663,0.18275580228473362,4.793583962740666,-1.0553141683549507
TTCGATTGTCAGTCTA-1,5.1465956962397215,-1.6206052545944285,-6.354865201274939,-7.848450275586544,1.8271272611585603,-0.4682734742428965,-0.594634741279598,-6.735204222688805,0.8462864835845314,0.15309220826336173,-1.4081003573015571,1.7217883650054633,1.9517988662258992,-0.8203384505669746,1.6068606177047278,4.517184808567007,0.39485286116719936,-1.2568303678142387,-0.34141635653749186,0.56589872797297,0.0007385670683866544,5.235019644219026,0.3418072971233068,0.13349812413483775,0.020653760478527815,-1.3942545993248108,0.5421799986800016,0.48825341933284894,0.9326806127787347,-0.7954482298544853,4.598876012505632,-0.5869547941621653,0.0189593034222624,0.735224472339586,1.4088135984398453,0.1746516847475413,0.7378313085842461,1.920936334631801,1.4457361403430002,-2.0107398307347486,-1.7569541304799312,2.50480763490715,-0.39572509878877904,0.7126310071560162,0.9120110592577887,-1.1192561764810856,0.8617886899714682,-0.33270084627267343,0.7526660761947218,2.3472345434310875
CGGAACCCACTGTCCT-1,20.99998434844237,-11.876603400128527,1.5160601163333058,2.9208383894193646,-1.4467926975936565,0.14249180719471116,5.555137088368212,-0.2386512343457722,0.4730191828147538,3.017202601891738,0.8828334228352583,1.5306537130027942,-5.611729250783343,-1.281643117619704,1.3472500531583316,-1.474750942541369,0.34006341077289104,0.9812580988852743,2.665642889528644,2.2769323799014773,-1.8395591228243093,-1.4651240498654128,-0.9930912217484072,1.1653357246859932,-1.8906899282535532,-2.982156724228488,1.206492795992979,-0.649337272417917,-0.3352069472981126,-1.352556609648241,-1.2719370365370508,2.843324628894951,1.1533488712688886,-0.622731941187846,0.6750303389371044,2.849528618592323,-0.18003797865217294,0.5371040768143799,1.1308177513232291,-0.18734670884098029,2.0597787937964966,-1.9075626173567677,2.1078193526395306,0.9758422937853178,0.9293321097093508,-0.574389111182577,1.5980188252772152,-0.040779089303767356,-0.6099765621892597,-1.8904938065938892
ACGGGTCAGAGTTCGG-1,-11.09945893854788,-2.4981910571725963,-14.26500825181502,17.177247849416656,-2.7347762486149887,-5.856029381544231,-1.4920649851190881,-0.1645209255873547,4.463313549486431,2.827967429254628,-5.233276474261183,5.707341363969461,-1.8824659293450015,-0.5731278798159057,-1.964832008577836,0.18074822260743476,-3.701455331454443,-1.1995027652022614,0.4621119476430543,-0.03005360116697365,-1.8906446722522459,-1.9892455743563948,1.1639278308552328,2.8566553648195727,0.043988511315145695,0.3241530158791507,-3.584801308976481,2.4959397144265307,1.3696864325150049,-3.159832302590288,1.2880634794087364,-1.9881057316058393,-1.098071916798499,-0.10866242981126083,-3.0776218554371306,-2.011871910030522,1.4519683318297025,-2.1948375706672256,-0.4982040481476997,0.9694621503958959,1.1355862972246478,0.03868064425155484,0.7755380343381622,-2.507354530562275,-2.5436457023290373,2.1016455638419034,-2.5382315528995685,-0.6728719296412372,-2.5530222480187956,0.11458215351938054
GTAATCGCAGTTCCAA-1,5.933181185673868,25.735439644900232,-16.264558764120682,-15.138373465211217,16.178276724551434,-5.068103364099081,9.299697112510069,7.647247317247067,17.43177997087212,2.710181292054381,-7.060762134080581,-7.3418734577801,4.543555169941208,4.694784505408335,-1.6013438084957392,-2.2587411795848165,1.8321962133670455,-6.557116962779716,2.935105567365264,0.1798373098756529,-0.2993022902530637,1.6295134710275307,2.922139152652758,1.6085105165163176,1.4241375399714908,0.4372083064390364,2.6745438819861476,-0.6262100817545988,-0.7534538898114863,-1.1407922587622101,3.0337872355463253,1.0243014734863172,2.0534417217519505,-2.108341771887278,0.3147769521548639,-1.7150469192207474,1.9138783087626785,0.9030564959376389,1.1492422090987202,-2.0355248174839997,-1.2817457675153245,2.1648988240100184,-1.2015400175649922,2.1622463706238357,0.7671270152826111,-0.12578071129749613,4.030276852812958,-2.116129488844194,1.6343967640359214,-0.3433190303972993
TCTGCCACAAACCATC-1,8.584264130572365,27.126815705825454,2.042742123806277,0.9103655496390975,1.3130730670518982,-0.8376307994565886,0.006924301061830865,1.8161112543684232,-0.23454906046049795,0.8352482480329517,0.5737279111025287,1.6480517022881376,1.0684463608036996,-0.2821214219816752,-0.7324397450490732,-0.14832726868569648,-0.1570307556059836,-1.342282751320657,0.24362078900145137,0.3065080758504542,-0.1646734742661265,-0.4149675124560996,-0.30315903504397,1.4006297050097778,0.12234882074616356,-0.4697186976024469,0.2720044709831872,-1.6998903189692478,-0.24802693625235706,0.3124906404730978,-0.9964815449149937,1.007937100536846,0.4142018569599233,-0.6463744996886153,0.48506036092715993,-1.446142987029778,-0.8140493249641866,0.12135219699590909,-0.6732345994095126,0.37004961533520425,1.505560242794901,0.38027620966014114,1.0899015200755047,0.45913432196687365,1.0380848225879902,-0.7455998797449385,-1.6730006021482062,1.8625409076885884,-0.1888571305734647,-0.6666328516556593
AGTAGCTAGTCCCAGC-1,1.8875221211739874,-6.290424424340887,-2.763209075739412,-0.8223118216091126,-4.107481095453137,6.351185000125581,1.4074713178629374,2.1188392225234427,-0.560976090015515,-2.4590752595880025,0.017553435110959786,-0.573200256898259,0.8388703483655127,-1.3915916983010699,-1.6527846539218083,-0.029243284264935297,-3.707782874215312,0.37097691062210675,-3.418242612561096,-1.8499589496687407,1.8208975685676025,1.546398367407892,1.524272688066105,0.717721248779139,0.9802611442585814,2.3450495429059224,-0.8501437261286882,-0.5093064916811564,-1.7305669265055468,1.0123556398527669,1.5358352674708196,0.4829280301387058,0.5916946617704028,-0.5194783583978178,3.144641591951537,-2.9810015883725103,-2.736274594842665,-1.8557822715333068,0.5868759910538901,-2.4517821012650924,0.5425442853433315,3.054533768910066,-1.8983611083322787,-0.49951500821621786,0.9078955514123923,0.9786974819194069,3.5509236251519205,-0.2016814546544289,-0.6258129453323721,0.3196318468919892
TGATCAGCATTGTACG-1,-7.751397681983393,-5.528270890528906,7.348595877653626,-3.2993959884730115,0.38872236925976134,-5.318887661215894,-7.050050945643004,-0.8718480640134342,-3.0813945857784253,2.922666899546337,-0.28303233238898196,-2.310535701655939,-0.7244331437405114,4.226050080913286,2.751939937962457,-2.453821154087136,-0.25553977251896076,0.8459664976241412,2.7384012340532933,-3.01358513373095,2.5428597241593867,0.523313890953933,3.0143949258359517,-1.231543963952415,0.43515209012103867,0.11068944933223741,0.6817705965008363,2.2923650748961792,0.7022585612104625,1.1757183541810672,1.3716576278434842,-2.40355925722031,-2.1721519574851174,-0.7488468332552821,-2.441322454558211,0.5209736526966322,-2.1379745816459454,2.4498989633462687,0.4131415476293086,1.8939191328687,-0.22382794873736794,-2.6647421206927384,1.8020239847653294,-0.339881061100422,-0.06179680487523013,1.589365793530032,0.3083319169818089,4.3854802914235576,-0.8446181626174001,1.705484180538892
TGTTCCGCAAGTGGGT-1,14.102321714972513,-7.777113655898563,-0.28200320408822993,-0.12204455425130724,0.4988377178494841,-0.2305618370958495,-2.8972887769048237,-1.6490297523245137,-1.247670084713935,-0.5165252387869217,-0.4554831360012097,-1.892535036045007,-0.5525919069888636,2.4691102880920166,0.0057909146965187,-0.5130578298204463,0.6968814508771678,-1.503758408888638,1.1592789007039914,1.1465716519514186,0.7036787561107839,-1.342930318597457,1.3118786546936787,2.338023572193426,0.09929683314856917,-0.8788022705772994,0.13942227291557985,-0.46785438953909236,-2.3249630548543267,-0.287560125116056,-1.6209537229231161,2.6007236720823674,2.22739992120612,1.848654543724215,-2.7361308696741764,0.21905884194265515,0.7680538653974796,-3.2480256006388015,0.13961258825406425,2.624618592640853,0.9261723395241706,4.521538056858745,-0.28361998304297753,2.3911996605152073,0.32083708039261016,1.5131212764432398,1.3014066143970977,-3.204582264493248,0.6082616019801762,0.5769946976371058
TCAGGGCTCGTTCCTG-1,-8.02361308040313,-4.696660425135664,1.5045148510934294,2.8315669712815694,7.314397386720911,10.535449446259436,-2.4959958476746107,-0.11878340337766852,-1.629916367874554,-1.0652736134508634,-2.1144333047531214,0.9361583780753737,0.3236157119984882,-0.713629780296643,-0.28151115660318266,-0.8193909031402109,-1.3656099118065286,-1.6767973775700156,0.123758852093048,2.360529190885883,-1.5072658999830586,2.9211253894556255,1.553671428273668,-0.09367309192136156,1.8115374026684166,0.8913850075989646,-1.7383298675798309,1.1157899057717224,5.297046215672254,2.620582696066545,-1.2431446449230865,-3.321213083516895,0.18253080998550444,0.672101509829525,1.6754588538870734,-0.042290911681390715,3.237842365668055,-1.774550607444292,0.4718073306448352,3.792472480060496,-1.4702975186025,-0.7570138328502107,1.0197168498511477,-3.024481286969171,1.6418931736579858,0.9436805736559996,3.1097658801858703,0.7805627689180921,-0.01977112456316469,-1.7663039365245887
AAGGAATGTGAAGCGT-1,-9.471052276429372,-4.539892607316239,3.0225366157669686,-1.1071089172498128,0.8490960645419678,2.9041982699771935,-0.6968459615539947,-0.4220340891736898,-1.5715291149362092,-0.10808900606073485,0.08792525113384458,-1.63659493004172,1.7449918720499902,2.5376624477763,-2.7846330570470594,-3.717744628261693,6.58105688728664,4.49036802015437,2.069951643926624,-3.3408358011841406,-0.905513041689337,-0.1843210218834476,-1.4662373109624327,-1.1442273714492655,1.8292814967103455,0.794630039652937,2.565760245931049,-0.3303172700945989,-0.4225364481861395,-3.012813300131464,0.5252622365968336,-3.3908585437950762,1.0103062420225937,5.243835252618611,0.9815400750154305,3.0039797982722285,-0.3075858282372928,3.5520537963671273,-0.14654050185687892,1.3231960100005644,-0.30416562822770044,-3.024938025821527,2.5713467326298356,-1.363499793049925,-2.5537414898826807,1.6530334615442084,1.7742006178846697,0.10917542896214864,1.5031685733508773,4.7923549619080825
CTGTAGATCGTAGTCA-1,-7.920477890860894,-2.0911221820395904,-2.150210558847856,-4.700229141912168,-4.241756627659918,2.875648763307425,-0.20758249404491047,0.08142169937844179,-2.1307968689903998,-3.5330512783518615,-3.1449721355160114,-0.5022669836256837,0.005287051452295601,1.7168180161564466,2.6043770290319808,0.8264807808860942,0.7746505938259446,1.9596613712056108,2.125119269113547,3.7042242396082137,-0.07726486250716064,-1.6049893349957514,1.6127006030364448,-0.3885331288926491,3.128329068819632,0.7814129383658489,3.4553229053070234,2.4229956817905154,-0.5795668032838973,0.9711538955607614,-1.2981169386427793,-0.2618105023052499,-2.079614629359354,-0.5375326794851837,3.524465182095529,2.505452109595953,1.3376835520614423,0.28457492732359635,0.8646530452477383,-1.5468048944279487,-0.879994562742358,-0.6698980718057417,1.1187985331749628,1.106164025665284,-1.2717083200441082,1.2262819017368294,-0.14416565167259263,1.9509707324398908,-1.5776081758444118,-0.05093919732578852
AGGAGGTCACGGTCTG-1,-10.244695193649463,-3.826194355069314,0.765372998078764,-3.4568835172995334,-6.44486510693192,2.3782506955584335,0.4643106474577553,2.2309249824146504,-1.7635338988150038,-2.662766761975134,-3.5926117275384475,-0.2974146299701817,1.4609973363294304,-0.24326798595313093,0.598683602983138,-1.661285854773921,0.2390291184951782,-0.0955804763963835,0.9383287756661034,1.838618501144224,0.5623178635446896,2.6564141752553505,-2.2899302017331387,-0.07881458544386943,2.3101665077075566,1.540054897679009,-1.574593229141526,0.8087800470068697,-2.451272645938327,-0.1379273060393957,-1.9308340372031063,-1.4380217691946933,2.4490479869332087,1.0958723367622538,-0.8718565329896535,0.4806613893222689,1.1810083468277321,-2.5010859431521038,-1.8254815845830223,-1.7469623682796493,0.9433908646070425,0.18741272024965266,2.199027618992641,0.353580184238691,-0.514935976041326,3.989668754934583,-2.9967562982583726,1.1128129617918892,-3.761217923224708,1.9523136991773613
TTCACCGCAGGCGAAT-1,20.74830709520108,-10.41632752605002,-0.7212336510608933,-1.3279978469534885,0.1567497276442092,0.10167748828086678,1.5534791163986619,-2.0876418052388472,0.9547070844205335,0.9353946656207999,-1.0043324738431743,0.15278249821553963,-0.2552342537264529,0.8671052033732904,-1.2062434170735024,-0.8099662969395237,-0.7910321380130121,0.26485217415584417,-0.031016970984771887,-1.026872248516703,0.6525356331947438,-0.11483653879619471,0.4266737411632258,-1.3326286664520586,1.8828481637719956,0.4249947533595781,-0.5888800291388224,-1.18377316793135,-0.7313577211803277,0.7258411783598974,-0.8162399586664443,-1.2355972861484281,1.4596139756587423,0.7910510670332022,-0.7724759355440052,-0.23471547279253147,0.21442879173673535,-0.9653782236178485,1.7204916364002403,0.26473692636049634,0.9452913615878767,0.529156577680919,-3.265150961513231,-0.16012695689711184,2.4344485330725774,-0.13029096493585657,0.30006108627752626,-0.04559126390644245,-1.9929767133898495,-1.773154475418586
TTACAGGGTGTCTCCT-1,-8.984106024157608,-5.5311911471577915,5.244870833462723,-4.516043237368197,-5.22921147415724,-5.970279749941991,0.3719743263641393,1.4948363926729626,-2.0588557532628893,-2.8643444247253145,1.2894286953505076,1.0064013815402792,-0.44323563092142404,-0.30260399241162234,-2.0512331079155475,-3.9578960427622216,-1.6625148634596074,-3.454181576077211,2.0435992972069883,-4.383030297717535,-1.1538730450234984,-0.1730846869814879,-1.1622703799698488,-0.9814853287067951,-0.0005699200799844335,-2.6407613184193814,-3.173174108951631,-1.5185697962151077,0.02203372109877304,-1.5599356806293974,5.482798368296887,-1.326774131980284,0.45943371633567254,0.047994690697332025,1.9764981985172954,0.7079781313032137,-0.4874038348668998,0.035517127902032805,-0.8392187665476072,-1.3319107118518752,-1.0062850384517326,3.19779183404895,-1.3419514265305903,2.767280949186325,-1.0260298944865305,2.180037216497298,-0.8450773947755974,-4.496757072427046,3.134833403177634,-0.2505780135237147
AACAGGGAGTTGTCAC-1,12.246244135634944,29.701366683846555,2.959613359101378,1.5785271419474105,-1.2621122452236695,0.46220231459473854,-0.26846722199108486,0.4599324503434386,1.7093953762987182,1.275381390918671,0.5333029142642801,-0.20529309070227425,-0.5199978385129269,1.213608800244273,-0.4007649135923998,-0.5853047932252563,-0.307005078741136,-1.4036254118263138,0.23855415283353734,0.019825884265472705,-0.5002669993700921,0.6473705677702196,0.5220731539554558,-0.12913822842006656,1.0120715577502832,-0.005483165028843635,0.7768994984853211,0.2206767527640055,-0.9338615858565805,0.5193422185275063,1.653045259863388,0.9742216338897666,0.10430997759573736,0.9128034049454591,0.3449884656272425,-0.260104967396394,0.05149243337885007,0.8423230502810579,0.42208356981271045,-1.598678653933457,-1.0160813742668398,0.05896649029444569,-0.02869199825087209,-0.6805143667538123,0.06219416589831508,-0.26221619146363717,1.1820502518051235,-0.6035596294263672,1.1734640602959934,0.13598723837754625
TTCAATCCAAGTGATA-1,-6.270925336289999,-1.6651823442526943,-5.062301207336107,-1.1227269836609242,-3.657227639848994,-1.6183807170969136,0.26749840368663624,2.4007186671586567,0.02049425215104442,-0.47132384188586623,-2.103308509299996,3.6450795144211026,1.2443999310867162,0.43587641423931706,-1.073846802693745,-2.931997380646733,2.1731592014033407,-2.1901920697213124,-2.102844294046098,0.6050574438542138,-0.776990535867242,0.30978800570163584,-0.5027091334677563,-0.717471334489244,-0.3659814796772971,0.44178809104496264,-0.4527571469166055,1.666222208754107,1.2530949212294447,0.09147414719283177,-1.1873070216022585,-1.187601289476375,2.398524664256653,0.5826989756027008,0.8972046382259093,2.0913046057035913,-1.2855192218871447,0.1465242173075735,0.5829200874813641,0.11621109113557263,0.6077102144808383,-0.232828469583265,-0.9274491545615596,2.4200867440957206,-2.4654246515119773,1.78342328253659,1.3195211946007506,0.7704073095994383,-0.9654935736034764,-0.6168466839671773
TTCTTGAGTGGCTGCT-1,-10.370483338313,-1.7972482620998207,-1.9593708196756534,-1.7846640678695638,-1.0082444480177235,9.747705695423532,1.0658803447177092,2.726360466632459,1.5419951422217362,-2.0427568249123955,-4.901742675245509,1.8891666276576546,2.2973178486074866,-1.3095604916521246,1.2383418914382467,-0.17912106256317883,-1.324193585379168,-0.06369812433748799,1.410241375991021,2.1403389715442676,-0.052568028696919775,-4.029060349264791,1.0777529177522316,-0.043738838272821046,-1.3958645373331908,0.5101144251060561,0.5619464285358874,3.1045400449076364,-2.275683500882252,0.2789514170452851,1.14127486355568,-0.2627914637213999,1.4555159712432724,-3.0630027440653063,-0.9741326512468655,-2.4811832510864,-0.9511576971267467,-2.5105879879037154,1.4278341844995939,-0.845213798549047,2.4043136708657022,-1.3748054878409781,-0.893099946307427,0.7950127426111085,-1.5157498219752836,-0.18120419975144017,-1.4087763309344434,-1.7336342188958538,2.0982255018132503,0.2770432096619107
TGTGATGAGCCATTTG-1,-13.351631699640418,-5.962412842249951,5.131513133406843,0.81248533501155,-0.24349248016461705,0.5875509437487596,2.690756072291253,1.1272446200124053,-1.0782379724741407,-0.36905816201768044,0.46974484153908097,-8.110363752429777,-0.9331634103900402,-2.4120874871259392,3.1175687538239485,0.2393957079347204,-0.7631288162769814,1.0005625494499883,-3.903814435901451,1.0049439325371397,-4.1798248895829815,0.3247891361408484,3.802188447139697,-1.0708434714981125,1.7711602234124606,1.0848793588669385,1.5989916662688495,0.1559999788168759,4.152154927393055,-3.4611803695036922,-3.91208792216886,1.6262281290889264,0.2811896295238888,0.9001566561882972,-1.066580429161165,-1.218364544464998,-1.7185169465886494,3.3844980227945123,2.5374456128647562,0.6572173247573706,3.5382574433942575,-1.0697220583467268,0.68742071363667,0.5222270987815782,-1.2435686618429682,0.4887381419760697,3.8805263721412966,0.33219561722316365,2.1703056609805924,1.0619981781115297
GGGTTATCAGTTACCA-1,-9.540229026853396,-3.869731158999831,3.713839068837268,-5.985177960171631,-3.9466754790214305,-3.1589191654636295,-0.36996651259090374,-0.006481165046345824,2.7846437107960185,-1.0066699925309388,-2.5146993116554928,1.4940386316261611,-0.9751134991153396,-3.814192683649869,0.4898029047720194,3.27840005292481,0.5960941439997446,1.914287169093659,0.029032877189779975,0.2587768794170854,2.9047950474951962,-2.3220845831694614,-0.4921808944780885,-0.459866266787078,-0.6126363613157156,0.9085072877339077,4.216884779634714,-0.8761035594898735,-0.7403302169837623,-0.8083618095642625,0.3107682053545834,-4.506454526571532,-0.6955473942286838,2.300688843778204,-0.4660496908704222,0.4104919388970302,2.771866840775206,0.12044577603044543,-3.244973233003767,3.172176873058455,2.57473299969735,-0.7968957957468241,1.4407268936685411,-3.2624875682322787,-1.19290322649004,-2.6194852000115345,2.2950521525737333,2.261465049804222,2.50369511435325,2.075123704306913
ACAGGGAAGAATCCCT-1,-11.037003438136448,-4.343325153626183,5.4798676697210205,-7.080302283343248,-1.2275859592519638,-5.841078692316899,-1.724605717906477,-2.393900112102692,1.7228043147119945,0.5575605790316447,1.3894419736986037,-1.3587182318613413,1.4684236292864483,-0.5368892293441907,-1.027566884394634,-3.399165610265407,-0.8092525276326676,2.477858145246069,3.4848315218871684,0.7804115380358734,-1.9109049928532007,2.9669132092194257,4.267828102938116,2.3182383214157958,2.728847357199113,-4.023379598586644,-2.3252705535958795,4.090151115864671,-1.8899770925505273,-2.4770361671662355,2.547182577883878,1.4089370423974468,-2.2732264081685036,0.4138026973550314,-0.2249739392188884,-0.10141073023361166,-0.9385699223982851,1.2692495368047167,1.6533065418115251,-0.7832575570221652,-0.8800831926906252,2.8623813138635614,-0.18082685156623618,-1.6576070773544935,0.6320125000920659,-0.6119786643296339,-0.7497003035302165,1.0657210459657547,-0.6398280936804055,1.6232001426642695
AATCACGAGAGTCCGA-1,-11.818612894483984,-2.1356222640740605,-17.42521308707375,18.81978786560409,3.0498770236037553,-4.9052110865846,-0.004847051583163176,-1.9482304086678826,-0.5473528245947272,1.1737776921995429,2.9503874344241625,-1.4551458476191017,-1.0058919523275955,-4.1410240222924,-2.863190804015132,-4.265797692199789,4.647289603489417,-2.8822892454906572,-2.8435753223777476,-1.5799084468453506,1.6425789535055588,4.1936322605959155,-3.1613585013073675,-3.1172318311719143,3.9491176572267674,0.6352720671000721,-0.7488411334928368,-0.216366442877484,1.4539502768135177,-2.3230772702908826,2.3859135344569515,1.0755090546730746,1.7148343371174866,-2.478477307129185,-4.3695060025547265,0.9999374973732464,0.22242460387653198,2.2599147349364963,0.12624126062392463,-0.23839636058675867,1.749367354117335,-1.1546641092354908,1.4057843391339924,2.3383914751338337,0.5446294818508104,-2.9668326182113613,2.2095879793797324,1.1682263717821797,-0.03683092564548081,-3.3971761393383533
TATTTCGCAGGAACCA-1,6.030063324694984,-9.766766224760445,2.090803986348766,-0.12325456591056307,-1.9287508556823039,3.0983441695486196,-0.7577698083153673,2.653327878115557,0.022850831793039223,1.3892581998276925,0.6124833305184959,0.3498824556252871,-3.4792998091194725,1.6953483817137085,-0.44629638666288535,-0.32807805628969633,-1.1670180883985444,-1.2301727661991277,-1.699813854022905,1.1441186170073419,2.8609053301721796,-1.1620120335949027,-2.647587494569257,0.550994549636748,-2.5235120124485024,-0.14830572685833945,0.009072115869046018,-0.16614277428774146,-0.2980429088872877,-1.6188449637955495,-0.5232481918264156,-1.118370943420864,-0.1962871275836461,-1.6273292443238134,0.3084009404734195,1.1840611263730494,-0.6870509536433715,0.09629656767033773,0.9380264922167727,-0.5313093592084648,-1.45411377094988,-0.6632277216528187,1.3932027091084915,-2.448188777241102,1.157819635693641,2.2667221344378636,2.0285734720965847,-2.052485740632438,1.088755940760216,-2.2732794624429964
GATCCCTAGGCTGAAC-1,2.2663287316880263,-1.4342728868823298,-7.013360187978583,13.416771204002869,1.5543305153936224,2.7019288942301216,-6.765969578276473,0.5267476616214116,1.4879756760837983,3.20885021528988,-1.6831663774047787,3.1035167949998157,-3.544059426563265,2.9154754583875135,-0.1334022739137709,-2.6752066224350575,0.11785889972966833,-0.300947925115448,0.48497218307966905,-1.237765766534298,-0.5144518098360626,2.1311847667763217,4.727437727636718,2.245293107164943,-1.978931845051167,-4.842679987201058,1.0174833224059754,-1.4409826636717715,2.5473217897806064,-1.1042506327186012,-2.0994354982988885,1.600898732967472,2.23815340979988,0.8856789311785704,-0.06671313609524789,-1.0365287907713612,-0.7489223780228936,1.3209560845027937,0.3143705095678797,2.4160141744442014,1.1798406930303027,1.3248423716385183,1.2202943612685304,0.6838754642748579,1.2225010431609966,1.942753378103628,-0.26565788937149737,1.6518854604508717,2.934064072529196,-1.5610307835405648
ACGATGTAGTGCTCAT-1,13.212111068456924,27.349839962240612,2.253389249061114,0.23977263898290369,2.376668851478204,-1.2873640834639424,-0.324904049119442,0.4492595972555909,2.1637974662361197,0.4162537643040385,-2.8104724324031474,-2.1252652042760936,0.9041025783092155,2.7189906313468093,-0.10124421289404864,-1.0872226631533324,0.12994735376347163,-0.5982066307009916,1.6323117785504435,-0.604561268305838,-0.7753784466575872,0.9341499012886209,-0.5483609582779181,-0.03811787919622705,-0.7802826868206644,-1.0746922435030055,-0.6355960224659094,-0.40616660189887405,-0.9902533583425357,0.15461859812773016,1.1947590924416769,0.6686702166526088,0.634783296418833,0.6117406322202643,-0.8287726054453971,-0.4721311203884553,-0.07633715095903189,0.16019768381686056,1.4512327355872001,0.31572123392924495,-0.08879500344186989,0.8620895166377373,1.1646699215611092,0.4971334073951338,0.31414081144298167,-0.8585004031960365,0.5922439568719083,0.768223301594913,0.8617696051865494,-0.4410713289652047
TACCGGGGTTAAAGTG-1,11.386411557743783,-5.69956664780689,-0.8145780650918233,-1.5813763121598818,0.6438342680825023,-1.3254995807288275,-3.3660716112713267,1.1441335697472546,0.4387751414399218,-1.276602631221754,0.8339269508979232,-0.17413806533626866,3.5906406462561797,-0.734548682581589,-0.5131812228428696,-0.09596659779712502,-0.7180221442357737,-0.8270429969598236,1.4467377099983882,0.7606492798673655,-1.6685315468262074,-1.2893750268742916,-0.5453974713684739,0.23666921268664298,0.25416943549260956,-2.590200827620241,-0.017063271747202746,-2.511760219187414,0.31765237665590773,-0.3299257177767504,1.4175659199242843,-2.5132246437652963,-3.5904282026393095,-2.6037014427839744,0.2008752174771244,-1.3363586779896353,-5.38181224220475,0.6961070001498909,-2.6722345197683235,0.46893739592693645,-0.745289951668006,-0.9739944396704934,-0.40402240919720833,-0.3092428010954784,1.916709242980931,-0.6303188436121973,1.6010517827541153,4.875891275724106,-0.8941440475046322,1.5223026964169355
CACGTGGTCGCTCTCA-1,1.7870938190475032,-5.962052332970642,0.6118399242023197,-3.7772054761958307,-2.077847051644455,-2.738605106407572,-2.3083537523218296,-0.7450857673726404,-4.0756477606231725,-0.8843848783550272,-1.39188211448146,-0.5838413681522124,1.6064789650916782,1.9090207470905503,-0.868024806035437,-1.6167715071921658,1.5511069369616186,0.01580262328207553,2.8308737820272585,2.0934497304719235,0.42264982829865255,0.019389220500735146,2.2798464704314,0.7706769286407028,-1.5616708650848712,-1.4283227039648654,0.798303373922268,0.9744884426374968,-1.584872816138197,-0.39336820050173166,0.3776453645702813,-0.35193528760164783,-0.3942558677636168,0.8662005228637738,1.7201430028972131,-3.461081863834627,-1.1896908272901654,2.6465675273349722,-1.1054441599644194,-1.642023381182358,2.445029592478504,-2.3195313657269137,0.4332295620600618,-2.968214838967791,0.04257826845771205,-0.2114347465995846,-1.7970177234126714,-1.094848738494918,-0.6790017539532409,2.0483227262917545
GTGGAAGGTGACAGCA-1,-8.202196574645715,-3.0325546188644252,-0.007174131892981978,-10.089212348724478,-3.886963948684261,-4.139917904488531,-1.9618205611698363,-2.716843282893482,0.5329975108331824,1.6843012599704095,-1.2754808580859793,0.3373039367659111,0.021196355036233322,-4.823600362351044,-3.3852408346061265,3.109357460009416,-0.4005433545534624,-4.057398922022133,0.2603838445852089,-1.7672500010380046,0.9709891863341981,1.9638837807617375,1.2515858486581604,1.1976477634998801,2.4727493328914916,-0.728219958563107,-0.9591431005265781,1.0991516619816335,-0.3526262532048806,1.9420641945530164,-0.15459442558313832,1.2548938424801783,0.8658582841286672,0.4744163092144105,-2.184625147008471,1.1314230037216901,-0.4034221241245134,1.2935389967076567,-0.3265397142877464,-0.9593613608504016,0.16740152905193667,0.5080547768144372,0.05702261229718285,-2.6980266405099265,-0.907148372628372,0.0830549389331412,-0.793468661191577,-3.0279679167955,-1.2930139581151514,0.24372985506188669
CAGATACGTCTGCCTT-1,-0.18238782075691373,-8.835516466570004,-1.0797601886176433,8.831747982902973,0.894526446958113,-5.338662119284542,-0.04566789835352257,-1.043787839041873,3.22396238450641,-0.0751498785697131,-2.5500631054825096,2.8575808859095684,1.851760717156916,-1.8988993939364054,1.4968028667532902,-0.14863925835380074,-3.394049179194372,2.199515908137808,-2.742014934359428,0.6248085115282108,2.227354601069718,-0.14920881115907117,-0.5949484708705084,-0.6072147521413718,2.6671418139730467,0.19461163574355594,-0.7088510491083425,2.1135823438783112,-0.533484954565009,0.780231471546356,2.6595642887307718,0.5476678293856054,-2.4778168725558642,0.19200271003799244,-2.3361074814786975,0.5274214365683811,1.1140448108024412,1.711245558496127,-0.11007004128409252,-1.3453674999690315,-0.7970473501430311,-0.48040443388990334,-0.49475564520928106,-4.323221974011963,-0.24713849368502278,-0.5738770122358636,2.927661842700997,0.009539219134866743,-2.380254746920806,2.502172907680788
CTCCGATCAATGCTCA-1,-3.2818422859608387,-1.304671711076889,-0.16151091230061468,-1.909432779363639,1.6060173586477002,1.5265998955221713,-1.1417066795625512,1.260415798388558,-0.9488638864935387,-0.5995323278144448,0.32063895595784453,-0.5513545767979682,-0.04574357315775673,0.7552927458265414,0.2963713122727616,0.982456168581348,-0.30379457085763983,2.1570738116297212,-0.8899267836424103,-1.6350951360601518,-1.8446647512419312,0.38471900009991994,1.8985882432026608,0.37670005609932955,-4.21604200521338,1.716247046639437,1.6587998386002285,0.25109800587624204,-0.6254194229271135,-1.2011560799516563,2.2304014972408375,2.389154478192225,-4.609649780159721,0.00722202541062322,-3.2979642809739875,0.21053556046865302,1.5722743215675696,2.1848420706822402,3.1095885639894854,-2.8812063265757883,0.34375589535165024,1.0649993711896653,-1.9478254419094228,-2.0016114272681116,-2.0316082059103358,0.3439327183298102,-2.7047107536172748,-0.5246591466421997,-1.4230458546069686,0.6566204494868865
TCGTCCAAGTGCCCGT-1,18.103761111721,-10.616791318161955,1.1998021527758005,0.3642195633925379,1.535341528429539,-1.5797340705875906,-1.3117965939226826,-3.2155833766869386,-2.934737618689088,-0.49860236874838504,-1.2636564091689677,-0.4089580063440455,0.9269221013764407,-0.6882625345546218,1.136913872654031,0.06847046863751458,0.6398824791963679,-1.9085058667347063,0.8739061265806359,1.9584564034670318,-3.5017084680820925,0.04929152098620411,0.46546522388818584,1.6211176478390177,0.9548568584309742,-1.0715860528711147,0.5278736110945917,1.311211489910882,1.8965059952449144,1.8362008918087862,0.7180343504191136,1.219260286942415,-0.4778294591969394,2.9762337311994114,-2.324868123595131,1.8743103304874529,-1.6680118222720737,-1.3125594486224454,-1.6831641734566636,0.45640988892377266,1.6105968740470757,-0.4758476792469765,0.2662311807287404,-0.33770703772604377,1.2877224093974613,-1.2747991059636778,-0.1810782217863095,-2.1733462516470436,0.6488893582171561,2.132565838526205
CCCAACTGTACAGTTC-1,19.13723197981386,-10.369632761590031,0.8581040340715294,1.8380960636018873,0.38109613439473855,-0.8407832511812808,6.094445594221962,1.3249942852276149,2.620690532122623,0.5078691867822785,0.16991598252181936,-1.2224214431060805,-0.2560613971685982,1.0646815022685336,-0.8575688109835748,-1.8948309780501642,-0.21947261782104044,0.05473995596001695,-0.2700918617565135,-1.0903067669504012,1.0831021063581152,1.8432812715611553,1.2826161485139498,-0.38940386269070715,1.1792397734090674,3.0235079558862035,0.9688423818460244,-2.1878927652379874,-0.31426784117511775,1.7538725422453103,0.6592634727308544,-0.15547248511385234,0.2473484506009055,1.4111328023689378,-2.8994708000094946,-0.2492917801836414,1.4023618733992582,-0.06926974462796992,-2.0399757557922946,0.7050565909161712,-0.026694385180434776,0.48287509638223597,-1.8332600407842352,-1.1312687025691401,1.3391499855215556,1.633038326235169,-0.6656185906377944,-1.915968107999109,-0.5101851240327148,-0.6975265124781788
ATTTCACCATCATGAC-1,-9.567460903137109,-3.58949037349022,4.332876810377531,-3.4789234631563764,-3.3634446698532967,-2.4981340709997157,0.9765328802857299,2.7013495891607264,2.113856754556874,0.7286879740046193,-1.241105871249179,0.9768043490097541,1.2307354419423702,-1.8279927067542823,-2.3750693025843006,1.696926109656899,1.7788436013438955,1.5019021408171074,0.3921869965571227,1.6218576449073716,-4.020306791297833,-2.576345118374862,2.4653452571712298,-2.118082104278559,0.4835542030662661,-1.278200477576727,1.799879494615023,2.4996056787713035,0.7017534991390166,-0.4716790317304558,-0.6777566927418505,1.951735717474944,1.1563414335011388,-3.2215169841725304,-3.6677164381620138,-2.1357424966372958,2.6780630164052885,1.745793761232013,-0.9708836881028015,2.9757526757729478,-1.070341623293831,0.4126396749895953,0.6843944806834237,1.7513612808737755,-1.815805939482441,1.2523637898112436,-3.6855577672494455,-1.4330328431837784,0.27719141875730424,1.67653136534495
GGAGCAAAGGCTGGAT-1,-13.308208370001125,-2.3620229470099847,-6.894159218762482,-0.08201966079761439,-5.000503649002624,2.099810082551788,4.072214451595249,2.488990068616723,-1.0950061539669598,-0.6255590147694768,0.7722293474150513,-0.3786624751488714,1.403052030452663,-0.7801762277557667,-2.5255596011301065,-1.7890907468316306,4.009594900927698,2.099120239284583,2.718774844223289,-0.16719014457318376,0.9420965992468692,-0.3406899527442392,-1.470526971339447,0.39910031321567385,0.6124780356787798,0.8950713692182211,-0.37837262247804676,1.0744323044547344,0.6282707699335044,-1.9703540071184007,0.9094328772727687,-1.9924632077055746,2.4892681915340487,1.0437683139874758,-0.5452367141038095,-1.327190426075506,0.9804048963037447,0.2004783387906139,-2.1121098074542193,-2.4424114965919173,-1.0946818397903053,0.3805227657650044,2.076527631597761,-0.6123282392917776,-2.387030475219482,0.0387473418242686,0.5044742466406779,0.5733254785633785,-0.9572480531996663,0.6636187686602898
TGCCGAGGTGCAGGAT-1,-9.812738432182796,-4.077609352810327,-7.290010970545592,10.499347710905349,-1.0873288581388203,-2.6983852453335175,-3.5050081463680107,-0.07528213815554415,-0.3592437961951248,-0.7327492019067267,-2.977187518419121,3.4132533829856526,0.004299392416576508,2.1729867484579493,0.9721524225747511,-2.8336543608314297,4.718002870279886,-3.6856150489897925,-0.09257110423468715,0.4665999191938322,-0.029111962952844336,1.743544137643625,2.8631729180367373,-0.5103372885358474,0.4926739437980099,-2.264458510347871,-3.213140452650687,-0.4996153595744481,3.3840963038582363,-0.39877630047848833,-1.686185744966535,-1.0534148480508314,-2.9302214510843227,-1.9131044815851603,-0.19573508993945493,0.123931210094692,-1.160960557846242,-0.5460529312716148,2.5502382887667236,-0.823603332474645,0.586882036020038,-1.9150892965416852,-1.8031502023560462,-1.5565759418893148,0.028263944565801825,1.6542641808247716,4.190009105368738,-1.6362751177257862,-2.517196841812247,1.3778261029365086
CTGTGAAGTCAGTTTG-1,11.351223832808023,-4.1746281351872785,-3.4374928408967436,-2.593702763699667,-0.3634463704537717,0.6631298720302898,-12.728448945862034,-1.2536561502272756,1.0531353560149899,-0.4471744002465267,3.1956974441199644,-3.058363247457432,6.2681589825989015,2.664977066157473,0.24321654168471898,1.0372763397622307,-0.49741198313506946,-0.7841030672514777,0.9194832592620682,-1.9074320992022347,1.4379250176692517,2.0690109484706185,-1.1531515076680565,-2.722945393998311,1.2722163025840993,-0.21067255173343605,0.07082154229915681,0.6900484805843736,2.0795189532385896,-1.8861813473958984,-0.7911961915303583,-1.302394112739993,-0.06258119564435316,3.067083384727303,1.4756119813067878,0.44637971825564987,-0.5328325464696212,-0.30586056085988755,1.846477124134793,-0.9895033722863859,-0.5965275123852661,-1.1044892295805062,-2.412879444984035,1.7414611305321295,-3.4476008553703235,-1.6600453164768962,-0.8689638934315519,-1.3866450834547221,0.6239162407399048,0.8160100678852447
CGTCAAATCGGCACTG-1,17.68123550174384,-8.339787282687398,-2.506077054078968,-1.0758100687520666,0.901404367137169,0.003947981050604259,-2.261601182137339,-0.8299953113859825,-0.907813840772109,0.04003750540795712,1.6758891640021436,-0.5707453590214977,-1.7054699427671467,1.7194804972400115,-0.9226765492272775,0.9985470062097438,0.5118778999306084,0.2518591498699924,-0.5846777952854793,0.5715410712030216,-1.0073452596661645,-1.0863281796810598,-1.3872141046755522,2.388105646379552,0.08436746759530095,-0.0333555753047123,-0.04273788420858139,-0.1789663131883464,1.7599533546696267,1.3525646643873985,0.9900786974521876,0.16452934720052745,0.656589373572311,1.281077923593866,-2.115297020409551,-2.619365667154564,-1.7678984238573512,-0.033057808211480945,0.719036788545524,2.4881228064994123,0.6447628695694506,-0.5438322888848683,0.20605891616872002,2.5141202086895835,1.7787971581902589,-0.9862288159832486,0.16100975483753988,0.18686963319609196,0.013173161755907775,-2.225028690971904
TCACGCTCATGTTCGA-1,-9.587586731660524,-6.524991711891625,9.04685700206138,-1.8019514699872379,3.667211309657281,-1.8591171627084577,0.6411364836341185,-0.7489210176349529,1.1854928240647504,2.3996944697253744,0.2850311826117161,-0.6411662601830632,2.0698378168915714,2.100609825950783,-2.4429955227179163,-6.779665897708601,0.9265344195601528,4.083839753153052,1.8279812920966492,-2.363646020833195,-2.5800751035768514,-2.1635634737420273,0.714912571085355,-0.16215270425890807,2.323924677379801,3.406307594421913,3.053730664505526,-3.7659233350698402,2.0913772581765446,2.3576580143502968,2.547718851977584,3.3191158089975508,2.850530212426922,-0.2940990397846771,1.3728498295481513,0.8548680976173364,-1.2191555128048945,-1.386512381454121,-2.5822107242697445,-4.938193497495658,-0.3215042458868039,0.29911857236433625,-0.5092632515137094,0.2537986244665442,-1.5756215104288374,0.9570929680677485,-1.794627286450457,-1.8816350808513416,-2.0710247425707435,-2.4353308381975842
TCAGTCCCAGTCGCTG-1,-9.832229362516191,-3.6773441479967413,2.752441997188374,-4.993870798365529,-2.600484385125859,-0.5968915986239626,-1.1745794782187682,0.47681025995794524,-1.5951234123969649,1.2244304473491034,-2.552485010390954,1.0378018164164282,0.21419012147089667,0.968853270842929,-1.0779882516978425,0.41726227234315283,2.0704428852899204,1.6553243308360237,-1.0604757238729392,0.5267373319364039,2.4462812158819727,-0.017020378084708625,-2.4245122623790185,0.5662289892498483,1.124802645027454,1.8371024130558877,-1.626363456735367,1.6795132539785047,1.8335049876731333,-0.5698769487579193,0.9165559117048276,0.9303333392948777,1.8874099473604615,-4.469633537084336,-1.5403149691995968,1.9414833050371707,-0.7162993825974522,-1.3981726799460747,3.9164750332850993,0.7648602997071192,1.706412628598026,3.0789113965588903,2.659106423890947,-2.0785536249823413,2.8128808010912363,1.0315403929683529,1.7804057806318534,1.596772960646682,3.0204858984789085,-2.7191865764734273
TATTTCGAGGTCCCTG-1,5.846089795519814,-3.083609847979798,-1.7863037619353346,-4.702577099808516,5.9587498780064685,-2.9931177103220876,4.401691928410579,-7.134703818819039,1.2779985392451143,0.23013291964344437,-3.6645026203752242,0.896545368025881,-1.9403636812913634,-5.547518755828452,0.02857258614707096,0.8306627186063468,2.374552825472127,-2.61604538240348,0.6810223470507527,-4.297678924917563,-1.5009800800229574,-1.870667919924297,1.7160174405309834,0.987708811452823,-4.4044039818157295,2.702336723602637,-0.14211089666021562,0.8521272955710476,-2.1484275974750475,-0.2298402775234212,-5.838627407683046,0.3593823437376847,1.0184087657754515,0.8464965970140452,-0.9010551238044051,4.468466688956582,-0.8610987564695732,-0.4008463310010951,0.17080215130774465,-0.09182455800095014,-3.6022114146176554,0.6532346391278225,-1.0511545148792862,-2.4784778793847524,1.8173740931169307,3.9914488027906847,0.7554363357249376,0.8556322756839558,1.7527584725854894,-1.601533714307174
TCTCAGCCATTGAGGG-1,11.359397731610741,30.292976963426707,0.548820559972197,-0.6846155094371187,4.133637881512533,-0.7715972489534907,-1.1936180956400768,-0.2410155045205668,0.38549755342041087,-0.3463619526616835,-3.1835905764870867,-2.4804309108121187,-0.24615913344763404,0.07341792359561054,-0.21827986736644897,-1.9230034851123141,0.09777484925028142,-0.5530893781673824,-0.40619877801063925,0.8167078161200925,-0.1138827227544497,-0.8288731282225874,-0.1465762866308864,-0.9198015236516551,-0.6126994906438373,-1.742758733140369,-0.9048646533119548,0.3147139645674828,-0.13807465174650405,-0.8929307238138449,0.28230184490946314,-0.42735876450178145,-0.052519169001652065,-0.09277427553042811,0.522887233129477,-1.9491287107372604,0.08174595456090465,0.036462087850756913,-0.8642722973411759,0.30787536070262045,0.007133182277155326,1.3866401896535454,-0.18028011355900866,-0.8894807954780644,2.2769777387703933,0.5181822936240178,1.9501060106455337,0.04637895744180839,1.1608253098925778,-0.7968561549827992
TTGAACGAGATAACGT-1,11.892519893867567,-8.468674927828996,0.1560649834846143,0.03829163659322859,-0.22084580385522257,-1.8827005805124524,-0.47842325650756795,-1.3666151569586862,1.862102438677136,-2.0682186720675633,3.4283764090271873,-2.7286454531552566,5.834155904870877,-2.0131634797169187,0.3036304020693269,1.787335553319044,-0.5166859273388136,-0.3645997022642504,-1.5254836502545075,-1.2072216777603055,2.1642665555436125,-0.07269225988767575,-1.1440759264491804,1.20490690624439,-1.1891660959126875,2.63854634802248,-0.33961349028005544,-0.9929850231061487,2.782099710118978,0.8012432055362844,0.3248745201315085,-1.965995523646656,-1.167813092529866,1.0565130055589864,-0.9865788282459385,2.2930982316302915,-0.6681349636252115,0.800916975825704,0.9641753467792289,-0.8367424527039935,2.908318125189602,-1.9601016220933736,-1.0690393766131077,1.788502046490744,1.6072461511746994,-0.2660431286051956,2.1219359730045952,-2.9550467033425054,-1.3819698458345706,1.0608465973666898
TCATACTAGTAATCCC-1,17.14202352421021,-7.176040891927503,-3.3226113962513804,-2.5352411665722343,0.2571178711814979,-0.31382512090314485,3.3087987179947493,1.0484516473694077,-0.344484489186614,1.3205410556892174,-0.9997349904053268,-0.4238332688819569,0.004732287549286671,1.1770267963345924,1.576412920052441,0.22010869132309993,0.3609513276969406,-0.6576092524669512,-0.06329262165895716,-1.2255352633895802,1.4665405654908348,1.1412832772336974,1.3419857716878503,0.6470753344869815,0.8112265054128006,0.9700033834696429,1.9696842061726285,0.12206840169248886,-0.6633208502828131,0.46333494303234024,-0.42741674958073267,0.06104563982331572,-1.3281735328465845,-0.13390819901017748,0.058951492678412494,1.8959404172499643,-1.2392900098932966,-0.2377385757119575,-0.8782333600629365,-0.15725862228182777,2.2606552857842717,0.4188310750457245,0.14046632791090954,-2.4083700409610977,-0.0029723581663524358,-0.21225622751996745,-1.9128746528642064,1.4590434182677654,-1.2038706518801325,0.4961071465395298
GGATCTAGTCTCTCTG-1,9.417218272548778,25.532698870397525,5.374811152515777,4.0504623828070505,-1.4938332648870896,0.1567745151034658,-1.2235248595355075,-0.05014284558270627,0.26726330442859536,0.48167775081192604,-0.450390882962605,0.18766521192874147,0.6229241149500583,0.24916780354068485,-0.09370445587038251,-0.2854379013591801,-0.38302236872101136,-0.9338911347976361,-0.2549532802361566,-0.042615242042296254,-0.41367848145208297,0.17328375745304647,1.0641466305891487,1.0920722668180858,0.816173765933303,-0.6745811719449807,-0.11125376265959099,1.3812793711778781,-0.3512346570336262,-0.42806108495822087,-0.3931483774454854,-0.2406592271550708,0.6884338319179649,0.06277402892429242,-0.1731472210256146,-1.1020192199319971,-0.4687657864156968,-0.4470659617377804,0.7079263055823583,-0.2301299184978825,-1.4938516824116692,-0.43977726345868245,-1.4317582584493722,-0.07329228509014928,-0.4927994970450545,0.6518176791222935,0.16994702978929102,-1.2842292541254852,1.0675352002123217,0.21671327370880586
GGCTGTGTCTACTATC-1,10.47052864881636,-8.78546411197177,0.7807753301288626,1.0533418259221563,-4.39415742752363,1.6101982729470081,0.030232793701316082,1.6426064036347747,-0.03337761986694918,0.1634953343399298,-2.572627963760524,-0.3741765322821147,-0.5135844830539785,0.31107704385981566,-0.3941822885568233,-0.09933831835937526,0.8713252127150173,1.7701859640743742,-0.817857128441604,-0.7461102312500519,-0.5697060341715344,-1.52817294000307,0.11229329159138562,-1.085268337987547,1.0469939630191323,0.7148346306262837,-0.4724391172371445,0.513907251445778,1.9202836962547094,0.4262254988214739,-0.13297172179207783,0.9312884710504103,1.9072162752756388,0.6714010443639477,0.455225422546712,-0.44009558605540344,0.2377721969240354,-0.24236911271958506,-0.4176130987524881,-0.12535585087380305,0.13494879691088169,-0.2940254825248688,-0.9525724789151944,0.5897321634193673,0.5755527532217715,-0.18184655590108736,-1.9374526713139928,-0.08488336251747002,1.1231825288932449,-0.4844259555893993
AGCGCCAAGATTAGTG-1,-13.267156282096934,1.500784250321069,-21.526855581149444,13.957944402936477,-1.930570835840723,-8.123324603660366,2.9041227509824017,2.82207321262541,0.2220688323587053,-0.6589837532209286,-3.2382553898543374,0.01054614423013562,0.16708328146907128,2.017392375380655,-1.832386535288196,0.39282795748360444,-4.693026373508537,-1.712784938004475,-0.8735630510839262,3.579265560777044,3.3342759912157582,-0.9782942961459733,2.104039506200375,0.21547832675757891,0.4507570032184446,-1.1493422097131425,-1.8180325182344885,-0.29947078149093953,2.016903410890342,-1.4795487664352107,-1.2334681424154368,0.7965221645530101,-1.1774025575928473,1.7241771499493863,-1.435885756704542,-1.446871552468099,1.144353185904875,-0.9554970138574387,-3.458152745884885,2.360929446505486,1.5189570084140251,0.05024907853065849,-0.9569090281844789,0.07961170846587873,2.2313560483484456,2.8678783351000394,-0.8629446707767339,-3.4011099565409433,-0.9861132811881175,-0.4552451659649
TTGTTGTTCTCTGCCA-1,-7.6612125220782,-1.9205219961499742,-5.8005965471254575,-2.169648807528848,-3.989157015052652,2.846008295315673,-1.4132848277072747,0.23042421110462943,-0.7217161494720182,-0.6882688992420731,-5.3137655818672895,1.5637874314630837,1.3151767855130025,-0.05654065623308533,3.101163180244557,1.8019092451990637,-0.8033123422049852,1.832523663590284,-0.2860404955399573,-1.820479422091211,-2.5247644059925793,-1.0063727568591518,-0.2769083423960102,0.6230438649845478,2.5747984526717436,-0.08611877819245684,-1.0276219165768326,0.17404881102352474,-0.7507785648858608,-0.05991117621658705,0.4217838659624081,1.6446349925561892,0.5415557775147632,-1.1672291588887074,1.059841792461403,-0.9009300075864627,0.0403130278556115,2.3060237257352245,1.66887824011312,-0.13376332210414293,2.566317408257367,0.49163434127135014,-0.8742743599540934,0.07331115445539792,0.16004109681741277,0.4282640565318539,-1.5145979985254592,0.6969217903120379,2.8156514900436584,2.312984186811315
CTTACCGTCAGGACAG-1,-9.96660486839085,-4.847857916703263,3.873161718547193,1.109800758984467,6.18188213467722,4.235381496584227,-2.0835509073818033,-1.0508679008883963,-2.3974140938442074,1.306281122944965,1.4837200095363936,0.9711076242768966,2.1729370120221665,-0.8408522325914184,-2.0150131275967698,-1.6243377427893932,0.41433265553399606,-2.2585839640298184,2.9774078899842094,-1.021397471817056,-1.4592825105665301,4.1023663849054355,2.3152642184671515,1.9345629118130387,-1.235394327547913,0.5689306138951298,4.805067190028957,2.0912736692810485,1.4792070186301616,-1.519681338466444,4.075048730142859,1.589722558231224,1.4901058346547646,0.019405461965799415,-2.314866953833279,1.6230650192948932,0.8184895609787413,0.8057949749431922,-3.538346032999444,-0.06112406774583394,2.4965581436373423,-2.62128955701867,1.0044640597700356,0.19352509835702958,0.3043618844068114,1.1231823329191073,-2.163873218764308,0.17480306503181722,2.33849603295198,-1.5787839296492991
ACTATTCTCGTGCGAC-1,-2.979037891482703,4.206317467293497,-15.587987645729624,-13.189558520974327,1.9670795759856845,2.5876464302699618,5.681579613593526,-11.435687241246358,-2.1318090288540903,1.5669942612285206,6.228692881540475,2.8783991311972184,-2.8480983872181596,2.1897065354050596,-3.4026390992581677,4.506615637876478,-4.419914167839759,4.467593250562722,-1.1772492439377829,-1.4737518964601986,-1.9417732774850516,5.511632744131907,2.350664575912367,-4.134405177499707,0.07730738443778967,0.874362545736374,0.20553715798474198,-0.24243831129909596,-3.3198078903855928,-0.22756827503367547,-0.4840750434906856,-0.07518424758820746,2.7565164863514413,-1.3847182983523685,0.4330931605984368,0.07128303592562761,0.6689148585165817,2.4765807230673422,1.677163784750287,-2.3137027269152832,-1.3882571279524736,1.823934062752216,-0.721091128323867,0.9095566768564004,2.2271315989963516,1.3208497719868455,0.8398720420782534,3.15731330612822,2.9100268177301554,-3.0400702302752136
AACAACCAGACCATTC-1,8.65129357452596,26.026587030144846,6.557974899331349,4.817470040455052,-2.8401031712379026,-0.2658647377555473,1.4052504334720486,0.9390322795983376,0.03028411208113954,0.20318532445925885,1.8087810477609225,1.0837870703215535,-0.5139362912498463,-1.1312860590872296,0.24579482981578746,-0.07975289959320579,-0.6014581787928672,-0.06715357307425224,-0.6494925021171184,-0.42848048049403004,0.06102012492591298,-0.4885842113358653,-0.2882819282713178,0.5988299806646877,0.8068143186774507,-0.1418631221877433,-0.6688945739667796,0.02104133959860386,0.13989942186906723,0.05202485823048122,0.6086783603717906,-0.3915103761974516,-0.20529513378758196,-0.9114335241462465,0.10222645472750481,-0.6414618322955119,0.9600563502887921,0.23414501726732362,1.3446812776601043,0.32988756995603097,-0.15860270826870623,-0.16673241860250998,0.226160639609759,0.46550121497118013,-0.9914044085906043,1.2294815958876835,0.37468890839976005,0.614310739477451,-0.1774506128986984,-0.2439279958475174
AGGACTTCAGTGTGCC-1,1.6697672257549203,2.801673166495763,-5.883771317305794,-4.357555526431988,6.620822566450662,0.7175680960611781,1.786901423137761,-8.021571390942796,2.9379566080540713,-3.6308632844646596,-2.732936368996685,-3.0878532095008424,-1.946343272748299,-6.0151560593743225,-0.16466447885439048,-3.314685165045888,2.4907634010905344,5.779971512901384,-0.6736437498849454,0.6266338243034111,1.7103425152056353,-3.782596020999302,0.9037823135615625,-1.3603406965096856,1.2278898975811916,-0.1947927785366141,-0.44694996490190064,-2.434157877136331,-0.42474834227892616,-5.227816473849481,1.8665217398310545,-2.249517219317886,0.21246686808516013,0.8047603718746674,-1.6772472523589133,-3.0678146727737805,3.8058171296548826,0.6264246121463329,0.5387177823499779,1.2612900412609147,-0.7394784877350227,-3.818231633779106,-3.52908124750978,-2.1279093461441567,-1.8190247300027333,-3.5805031070440494,-3.3356767239333394,-0.3549851183545638,2.0174799098034746,-0.600740771608883
TGCAGATGTACTGCGC-1,-6.848243914173165,-4.394491171567678,5.4591942654069285,-4.619729386603144,-0.28583801375332685,-4.282822219293744,-0.4062688944762171,-0.6426877131318511,-0.44144480339460174,-0.3651937983054793,-0.5000684870080552,1.5705078530796863,1.2975662664232457,0.07954909032519736,1.511512350927569,-0.17771273918573527,1.9734856886882226,-2.0301854786284843,3.345149699753232,-0.31730933230284214,1.5387210478003608,-1.0817934561930358,0.4240360167461938,2.0791659620146126,-0.6009309137031004,-4.447167291985826,1.2620818230087696,-4.563965274918583,-0.6848329638765085,-0.6952372145678302,-0.9470732335043782,-0.19692088592148946,2.175627993424593,-0.4201543964730493,-4.840746565218558,-2.9930816463874446,0.918757639610427,-1.1490185260199621,-0.6342169520505522,-1.6783575520317504,0.0426752463519319,-1.4925059903136881,-2.1867639608768052,2.1081479911084355,-5.213302038928799,-2.7638669416555355,-0.22533159638432942,0.4932728067972241,-1.6696497971323918,-4.870902910104938
TCGACGGGTCTTCAAG-1,-12.122062166405602,-2.65505700026089,-11.121406716922593,11.77292644517889,-0.4251980946399777,-0.5906382854126292,-0.22453307635895756,1.1049561887782595,-0.45951205960616004,-3.1177325090632078,-3.549803725119204,-1.1781761171212246,-0.06092333462413817,-1.6269935070813502,-1.1864751467102699,0.5728970215552306,0.3308740309357105,-1.973360197298876,0.5431268859239899,2.2987710842891396,0.2706929461329802,-0.5535279167786133,2.1732211575254565,-1.490872996020482,3.7111650672251044,-0.47083291229643764,-1.2076259215356229,-3.360161651668948,1.199278631148624,-4.34426693944336,1.7437563106006553,-2.1407995054200897,0.731509626394364,-1.5351698143926458,-0.7535404905885715,-1.1043785139859117,0.17073862779570334,-0.4463574017935534,-2.600470154506783,1.0980935936090364,0.03094379371085265,0.39248171806136606,-0.1256307765393357,0.41938852419148537,3.7216956132736323,3.2369233091320764,-2.5010429047954728,-1.1147957785142637,-0.8870871722635225,1.0807967041705036
AAGATAGTCGCTTACC-1,15.298831088556462,-8.832089672078382,-2.4865253297068177,0.11933645919373372,-5.919585702895305,5.341424522889008,-2.587622184657982,3.91127071051472,4.3976504620606915,1.3625249922902625,-1.9810348789764893,0.025711348620358968,-2.1031146455027456,-1.5906573780820294,-1.8434651961462774,0.5133429905398271,0.8351552196850371,0.6169512506942528,-1.5869681430229514,-0.7390354498797743,0.7482337101017629,-1.8077801492489458,0.7558221170848163,0.18937546869456912,0.10875810880237229,0.7255398450037267,0.5774243389639001,-1.1751058893844608,0.5231159979845056,2.1492277920064717,2.507189409925238,-1.6533664651277147,-1.8139022632111492,1.8889768303435535,-2.604478048601912,0.29427468349528335,0.8426489868230356,-0.5763134797141237,0.0880190754655049,1.2957585222747907,0.9335011660949433,-1.899641656727251,-1.4464135452654276,1.1845673034339217,-0.473587308122276,-2.058996165206145,-1.9060836754197268,-2.0223981213618822,-0.26446073965161937,1.065624431287401
CCTCAACGTATGAGGC-1,-11.784216810189914,-2.6689837076285183,-13.04516519835889,16.897241872605207,-2.3470298527612417,-7.771665407641311,-2.0583472151589923,-3.286172055701945,2.3537098528561327,-0.7378789779249478,-2.6068422626308867,0.4775736695760896,-0.24586267543807563,-1.0544641052224064,-2.7235776438139934,0.35739411297477425,-0.5778585547639563,1.693733264269129,-4.461493050157451,-1.9349838233581014,-0.6937134473705178,-0.49950919467850924,1.8626468284451472,0.12981412635470455,0.2801638726947832,1.786046216056392,6.05178278239738,1.682447967915651,0.5179175306912044,2.0403429185997703,4.1930566823354924,-1.4845999075191907,0.12822222400246988,-1.1483567804353378,-1.7708782473329123,4.8671149759365315,-0.645396591021102,-1.9857015366934636,2.8142928516458032,0.5913326366901911,-1.188610436814457,1.2873382113970648,-2.00428400322583,1.4502290984372614,0.5697188017711009,-0.21247708182151112,-1.5296337221467262,2.949380080209847,1.56441444136317,0.8378643393856978
GTCATTTAGGTATAGT-1,-9.666577080524885,-3.656496091515334,0.49275575980725167,2.2853367486428358,1.0500187478263827,-0.1647934490240785,1.5431768605314913,-1.1612165159092462,0.28314332294822275,2.0674727383837244,0.7509339897139735,1.5785205395129087,0.9921692364032971,0.9881046704980168,-1.59174707695008,-0.8222239343728764,-3.7983415117782924,-1.5270117276382855,-1.3022202180423599,-1.452611310910177,1.4048577998294265,-2.8269469621751937,-0.7758812663675588,-2.3338972399656885,-1.1640319703436208,1.0580474386087166,1.1974754055975552,1.8312977700246496,1.7191156896770636,2.821627766108873,0.2105215628208052,1.4059232219884659,2.0529452213078763,-3.236019051494022,0.9647770623446605,0.9616733693035084,1.6170336393385325,-0.32603370347899446,-2.8478974860377115,-2.976990924770677,1.7468390370560638,0.5336760498171689,-1.0561821639103917,0.5120638959935654,2.032131790667801,1.0300547611954114,-1.755421943909278,2.4812750305037117,1.272338883940484,3.7157204145860456
AGTAGTCGTGACCGAA-1,6.041170971123051,20.874317410125144,4.304073267017675,3.3640174111466243,-2.620389191218067,0.19273840007959564,-2.054077670143888,-1.684040958266542,-2.5866204816989824,-0.0968893456457417,0.9848415210181294,1.975867469240039,0.0016249062538487458,-0.45004864912527454,-1.1430112921534779,1.608389431034946,-1.4478060433661304,0.35183625701780313,-0.31502902510196606,-0.5122357282419945,0.9703408812795693,0.3379765923152841,0.004836092828863276,0.7913917594578216,-0.671620339465245,0.3913299106539915,1.0128993127735093,-0.0357019206785779,-0.6860065094399616,0.6868494547100733,-1.9839184588666496,-0.287637059627695,1.245551445907752,0.24744167530915878,-1.7515059505915342,-0.27675737325532074,-1.7177305197251511,-1.0532803813268194,-1.373073052142025,0.32487583779751983,0.3358927415340007,-0.300570506615327,0.4582225612346756,-0.644062381134185,0.8927368401699366,-0.12401108821513532,0.4882098620858024,0.3980394774608754,-0.16530368427938594,-0.03616013155397529
AGAGAATGTCGATTAC-1,12.287151024455406,-5.664122421287985,-1.9257460214698325,-1.0723137036108887,0.25609303742169165,0.6933776822486346,1.9885492664504762,5.044402313537715,2.241524476728278,1.624731424400609,-1.130233594907884,1.0185847826457022,0.11654108464215637,0.9247661719742823,-0.9929117782432926,-1.2441737926524172,-0.4856770235623376,-0.9170597474210913,-0.7746207586459654,-1.5506536964303548,-0.285621934999078,0.059839663738387866,0.9323644166660533,-0.2939242826520061,-0.22476209999488486,0.6122748049682268,-2.6045940257956928,-0.39834509906066445,1.1656526549694803,-1.2935445672592762,0.37032625994112056,0.5588735342174543,0.9334273395629208,1.0152344852119335,0.5762106213007427,0.5103068707363196,0.5959633461979705,0.032288848662617414,0.5496185584870543,0.9924550998614994,-1.2102942039719662,-1.3704363575891785,1.2384925168877867,1.0455057498153941,0.015477835766511086,0.8053506864997274,-1.0526069676843737,0.29992098463214356,0.17125898101618547,-1.38354338990744
CATTTCAGTATCGAAA-1,-11.29312575369313,-5.1661666100607855,-7.464857032063165,14.488011684695696,4.422301721758194,-1.866089344200343,-0.5904689560602017,-4.499393304645375,0.8533182257435725,1.1677989834288203,2.8567255236858893,-5.286865106261615,-1.1624357961206324,-3.0046795195809284,-3.4154579749814706,4.4763729541792125,5.310384360804289,-3.303857417047152,-1.6952043296548747,2.330318796485339,-6.577963138192769,4.390784387008961,-0.9663524077564062,3.0053750191586843,-3.665200590299505,2.097865913426804,-4.855008847802596,-1.2338857742640437,-1.8666446231525942,1.4911839085948313,0.2235582079478653,-0.13595557882861276,1.6739286919121863,-1.1405300230315565,-0.15689164765915695,0.1294300780662267,0.37816584344007814,-0.738968013717014,2.236058058123046,1.273720246565446,-0.8819795330362475,2.2661237126685627,0.43821074470007415,-2.853283226384895,1.9735543555773294,1.4317630511608774,-1.11715253753253,-1.5601227766743302,0.189273235878839,1.5112034458343753
AGAAGTACAAGATCCT-1,2.1086684012305743,1.2470477424670807,-6.371362631757861,-8.639010328623305,5.056937510103627,0.4989103140781783,3.2843284754869306,-9.588512169557404,2.522143368902223,1.965534785807223,-5.531395822743264,1.6650442307037305,-1.8317704483489867,-0.7980612106175395,6.6775090193415405,-2.224870438077361,2.7164772672124053,0.109318792663533,-2.8379871398161254,0.6011511490409273,-1.495320988698185,0.32599816516797486,0.09049790729417018,-2.524028065919654,1.0862313396367436,3.845339550568651,-0.48938854973065415,-0.39052074402562864,2.7454667415266596,-1.620240477248373,0.5378464778828947,1.230471006667516,1.3164230154081604,-1.5484027022578297,1.1863985320514996,1.556629641918201,2.103732416307399,1.2227469151816275,0.10221650140275017,0.4828041690205515,3.676219234490889,1.2259783222667158,1.2841567554914717,0.3093042087730438,-1.5223750501494375,3.034530996897561,1.107320433440813,-0.2924034344956923,-4.305393503674271,-1.4013112986191878
GGTAGAGTCAATCCGA-1,-5.5775218548602385,-5.47251274276658,5.647067346476394,0.9278419127721895,2.5882338783064327,2.927634724907482,0.37827170693327294,0.940441295906083,-0.2580144229678074,1.3180493318883304,0.1865478234497039,-2.0920588435259697,-1.9370701216803108,-2.1346178495218786,-2.7027151250763737,-3.083720255575352,4.479367095688696,-5.2790245649223895,-3.517090406828171,3.4805997657879972,1.3777795094655838,0.2934976591629341,-1.3835996765659118,3.2833546857267177,1.984530502364319,1.844381600957896,2.5475609309581877,-2.0470146371339317,0.42092720581535614,-0.5639393905267122,0.15556526925225886,5.646337620234651,0.5625079421257891,-0.10144984755166214,-2.022682008597475,-4.80243171058977,-1.9457710795014096,2.0020346928497927,1.1770921282245155,-0.7813405991254077,-3.23993188528359,2.08926550702827,0.7086961341223214,0.016199143078367312,-4.411384541879113,-2.1592080022336546,2.307349668972978,1.9324865268159803,2.68287274310942,0.9210022818120687
GGTGATTGTTCTCTCG-1,18.443927181440316,11.640070441856388,3.0050027406051822,1.677492733114222,-1.320678734390046,0.5090153753425251,-3.405893588409227,-2.7314020524142255,-2.3713663398480733,-0.4973614664848872,-0.622481942117495,0.12135961247001012,0.8784477114939029,-1.3642618886305098,2.5957615284708027,2.123986021116603,1.3699600265411853,-0.42658356531393193,-0.8027473234503762,-0.8484398917800057,1.0422493492584632,-0.8014954337273134,1.6608662651206818,0.1838794918493233,-0.3122317667091588,0.04964463790910891,-0.08970331756285005,1.7311791062208344,2.317402672206182,-2.322625993620058,-0.9101113890703993,0.5665725647146702,2.812699502417467,-2.0852511523236847,-1.2609082725802199,-0.485981805305173,-1.0847026077425717,1.5947104802243448,1.7894922977495786,1.0249402685349605,-0.7466131511633691,1.148098340568857,-0.24824942178422235,-0.3924958144253336,0.6158225010318493,-0.5910356527980458,-2.5757925523144123,0.3352196503004277,-1.335904207876409,-0.2789432933089653
GTTGTAGAGTACAACA-1,9.463831430136091,-2.4377480157848805,-8.575359759888338,-9.209315234321302,2.9400319005498967,0.292937265579718,3.5898060301772916,-10.48618692050159,1.1661997338865129,0.9693983086944266,0.2728721612200589,2.1569822621586736,-1.6074147546986564,-0.928265745411792,0.3880067578403276,0.5924223194267915,-2.4311665134362475,0.7969296322478508,-3.6931658452708973,1.0544502829244398,-1.1270554396446844,0.7348165168106321,2.1254634630437086,0.23242170989815128,1.044590808683037,1.1540358071742065,-1.5529202116747622,-0.0656192957642176,-1.5188225840349816,-2.397518775158615,0.20047517432421558,-2.7756940817176736,2.3644692219521,0.6031731737518427,1.4184995911390628,1.6774963950092494,0.8179145004800714,2.1093417603307167,2.188705309138683,0.8600992325440857,0.041482756453466066,-0.30652126631412624,-0.5161100847615095,0.8832276985377442,1.6543800210918604,0.47129259285904024,0.8661857251741548,-2.9415287369586793,1.7015371648726145,1.1645124739083166
CGGTCAGTCCCGTGAG-1,12.323016723073422,-5.4478000254269965,-3.3874698319327403,-2.4932374794070133,0.042079868478806674,3.589791337603068,-12.125577903295591,0.5101660368315454,4.130119337828589,2.9558450461563144,5.868291441216586,0.04439298475607903,2.0966415504809466,-1.283376170161948,0.8893841720706107,0.1712901480233131,-4.479931214982371,1.279007084217465,-0.9002535724428727,-2.23925438591591,1.6068273685012444,1.6891961748647641,-0.44760609336454005,-1.551587098685181,-2.0043908372877333,0.020967511199691154,0.38304219590064814,1.1104757784194226,0.5179545237784998,0.39498826717511554,-2.09858478801149,-2.153391210859253,-3.8696193303133164,0.009702918201752671,1.2639341084750049,3.4090783523278003,0.7834284977293433,-1.7432030786119024,-2.231250736983937,-0.41108448655674845,-0.5517934009086828,-2.3427679397677106,0.7318495444529752,-0.6295444760165233,-2.5036979160544597,1.4273634318290713,-0.5236459412696908,-0.2036356807237395,-1.5926493306924303,2.003258331707982
CACGAATCAGGAAGTC-1,-7.184603406946167,-1.5995935094842033,-1.4497540239933477,-3.8744222631735887,-2.00222446911654,3.0948763399049417,0.27250867686393765,-0.9370543566405785,2.5893387624028033,2.665039602608613,0.824851677600899,2.895584239451093,1.8180525525212181,0.7792375249421412,3.6543730928350007,-2.332275940859786,2.3152745322752626,-1.836894226246739,0.6638708795763747,4.660912855546848,-2.8980540719203858,-1.9073127433325507,-0.3375854961080401,-0.8338593650182468,1.5951414944146303,0.7337777594298278,0.7673496807846614,0.2887899017629498,-0.9270851157383866,-0.0002747718463234189,-1.2768555742181205,1.282701520136924,-0.164779994518247,-0.3384409883748367,1.9896199831529793,-2.038096799335719,3.709497657407902,0.6019175384707854,-1.0884629334653493,-0.7836092780425454,-0.05739471082106765,-1.6003004874418358,0.18871345451364765,2.753351453061637,-0.7947833322842881,0.126598680057736,-1.1469186713410089,0.0681472858902734,0.20375512003301025,3.1542416130882223
CCGATCTAGAAGTCAT-1,-9.13764676061611,-5.46739192903979,5.053327003359692,-0.20424142991818633,1.5390860889365474,-4.548128356612757,-2.3384373702001056,-1.6858485077491694,1.0315931836123022,3.1586276375881575,-0.6997742425403801,0.41080854907850956,-0.8080114704323105,0.2297384686876032,-0.692789239425496,2.1098080910253443,-0.14978284991138419,2.3550696589272744,1.6245793325176188,-2.081039521933954,-3.536698386015894,0.9581392705493363,1.6564260517343545,-2.872508872492476,1.4986781902671458,-0.629001665444144,1.1876219084332298,-0.023970285093853638,2.6042638836351686,1.0843405332362765,0.7135541503678037,5.866078375370869,3.266877868621309,0.6130879435292236,1.0681386027878175,0.10821166285938534,-1.2871442992297228,2.1374561796087233,1.240265524912285,-0.6859883021912914,3.113791329604791,2.1389231140389176,-0.05309331119710624,1.108682986884789,-1.181534480565163,-0.8211469656875641,-1.182211179216831,1.8757092496138457,-1.3753509895705924,2.3784523658676764
CCGGGTAAGGGATCAC-1,-7.950406903611202,-1.9640587254485131,-0.5548934918519471,-7.125904251584938,-6.668855021766729,-1.4706806048814556,1.2064354667411803,2.6989807105735597,2.783590611423477,2.343859050706072,-1.91019655965698,1.5689956802371972,-2.071617573243883,-2.7570738403575064,0.6746478136801457,1.1419334093068427,1.383660299291197,-0.9986631744061765,1.1770912398158335,1.8618750024938042,1.2810872826440647,-1.2415950044530815,-0.9502614093746574,-1.2711290104087343,-1.935798688026912,0.657634069918261,-0.7119290322277855,2.723293934374153,0.36477671180747256,0.5921736367515,1.390391209359943,1.4587019611236198,-0.599543458332519,1.0128553579316917,-0.6496091223160894,-0.5870896022523318,-0.3086415161067259,1.7265180527283728,-2.0048512865980723,-0.14628929365519966,0.22360852133591075,1.3416734028414814,0.488870901395597,-1.5382612181109256,-2.099905735952915,0.43763439971303686,0.8653572393046048,2.315662365069023,-0.1811831208800533,-0.21811987363165708
TCGTGGGAGACTTAAG-1,-8.036347687071803,-1.9505201586193186,-0.4982964233449185,0.5439617935809422,4.174165435582958,8.932302451041801,3.0582161753462698,-0.6198074635779137,0.2907036042267483,-0.9823759932039254,-0.10263489157678854,1.1519479732414,0.4836693774018172,-0.8986906583229791,-0.6790244570150902,-3.2783256825759275,1.6417934700521446,-1.519737649032888,0.9314850848997721,1.1659539337617826,-0.25291261423407796,0.47689818714454774,-2.3429018899516945,0.628028438021656,0.8335270058977159,1.8481826566542434,2.0666797270792743,-1.00277214205842,2.921016096549891,-0.5776161698152142,-2.1449756775409576,1.3147445936377884,0.4582806802922232,1.8268123438179988,1.077649635127062,-0.49251610095957765,1.7294278871414663,0.3839504775300593,-2.194573959838727,-0.081745293878158,-3.4042273970638437,4.724537642775784,0.13892135838477504,-1.4580729283339047,-1.2318647601629127,-0.8458730625675378,1.483601869074097,1.0553955517855478,-1.369017585420468,0.3245334315358529
AACCTTTCAGGAGACT-1,-11.031438220491097,-2.561489309899741,-2.6296335385402965,1.012997312301982,-0.403722292399556,-2.6227580462438906,-0.8746402927535235,0.014199042686154994,3.6909818822808296,5.829003461636666,-1.0049606397418973,-3.1365757002232804,-2.7547575915901166,0.17545724365455392,0.25759736522981097,3.62086995660538,3.8730606175496805,6.7425430499094166,-1.27496893047362,1.8262424816334024,2.918457104904566,-1.3319635304209263,-2.4721183257302086,0.8931634527403731,-0.11982530947782646,-3.00396998100468,-0.24812554094733874,-0.5780921900043275,0.9163817397570052,1.2261782484871666,-1.5304980019310988,-2.387670137188961,-2.059718510773425,0.9555840082578952,-1.4522170825796423,2.4206606535465687,-0.4772989519309558,0.012129073455880398,-2.6767617294366324,-2.060921666059258,-0.9889937702254079,-0.8099392161353939,-0.7328977442753696,0.31745991967951415,-0.9590094365002212,-0.1677691672826853,-1.7255235845995693,0.20519216253813044,0.6207914122070026,-1.0327691192913602
GATAGAAAGTGTTCCA-1,-8.62851811781328,-3.046344805956335,0.7091218367069239,-5.880984033157603,-6.830971294573308,-1.0821276494884549,-1.404246636089577,4.016511441017158,-0.45805684254755463,-1.6174050470566825,-3.9917037065264442,0.5452993307989856,-2.1095189019217178,-4.376289280855653,-1.7782877291863024,-0.8558748824919145,1.1034818591180462,-0.006025173864539543,-1.1498566951486364,0.582423480255238,0.7686979075382757,2.3828804420551046,1.3874080552356216,0.4457742610688574,2.894865356442521,2.1966978089662534,-0.27848219720682843,-0.8793057347056236,-3.7250360382390473,0.4369969034835232,1.8431272639906535,-0.4771200973552028,-2.463817292176051,-0.16371549147317763,0.5022992620914941,0.859568060105726,1.1376087893646425,-2.350767365720741,-1.9186419999542106,0.2949508962738696,-1.181234562571699,2.8477446321243685,1.8249396776065896,0.4174072154543553,-0.7634242415857562,-0.540349967019718,0.560497072589905,-1.4846094058920711,-1.3522393623635487,-1.3731972981346792
TTGCATTGTTGGACTT-1,-9.248261488975485,-2.747160353362218,1.8536465633145365,2.608476654181726,10.324161537803466,8.023754446037213,2.1499117743566893,0.12428832702340382,-1.2502780443602157,-1.341485734410187,0.10665593852571276,0.6901748230346746,0.7322689462316878,-1.6695509535003603,0.6693462500900939,-1.9884215045715492,0.9408602802199644,-3.8798286620786238,4.917605339560212,-1.4508591921887817,-1.8738786149586228,0.8285696395535753,0.6267257349722599,-2.1439052183216503,-0.8198925855433574,1.4930933313082366,-1.180705119200794,1.1535836477267059,-1.5835157944892677,1.3541597329208452,-1.6827809860356762,1.228977177206991,-0.16487097979499554,3.096801377952552,-1.0338333209562534,-1.523296077079684,-0.03263682076665516,-0.04887978070710208,-0.678354552727646,2.3187573374712085,3.438951888995683,1.8254845740557752,2.924350247918314,-1.2603920602466154,-1.7725124738734488,2.1969390783014755,-2.847944389950299,4.128513101341137,-2.3798802945936703,0.495232544065296
CTCAGTCAGTCTACCA-1,9.024842329252165,-11.528484655340106,6.417038880675233,-1.9100036862643115,-2.348528212770142,-4.838074391185364,4.566670449515224,3.2588715669587187,1.6459532420892844,1.8839104901318355,0.08498392843725291,1.4974921868704523,0.23387802096713484,0.15926672860148286,-1.0122034124918367,-2.1894615494413294,0.38354635726462066,2.0230818576508907,0.4281669140272463,-0.9009956345879205,0.17327101526229172,-2.1064145990351264,1.5611934217641201,-1.657921981207976,-3.08461536039843,2.0426982621589946,-2.6410175776865326,1.5385210830555789,0.2721237982635698,0.27483433468468194,-0.41728885556338063,3.265433889414085,0.8403842398456932,-4.066218557972283,0.733233760861813,-0.23369425575660233,-0.5506120206752992,-1.0343522069614477,-0.4614179561291212,-2.163357951335334,0.6897387171912409,-1.617291451837728,1.6170850081969648,1.57916833995872,1.9139354295309396,1.4088914332688816,-2.337122108001596,-0.6801394082680716,-1.665766833266593,0.5825068474180217
CCGGGTAGTCGGAAAC-1,-9.532178193221222,0.3819861854679855,-9.923372320740839,-7.338752540785737,-3.9784156555772,4.943705369145511,0.4631883774961021,-2.6893334602659276,-3.0135824587137585,-1.5370823661719069,-4.503976217751973,-2.1438396682193885,1.4215233178837123,2.724878166365575,-0.01563193024820255,5.025941953643751,1.4026196378639062,-0.5819796587507772,1.6092239848329986,0.17898408989560954,0.5473552493072101,-3.2746370450062967,0.5087193587105867,2.754217528228524,-2.1849560921195366,-0.5185679998209396,1.279514531768344,-2.950319876286843,1.3941818592621238,1.256984612925902,1.0711289700386313,-0.012919086296103258,-0.8672615879086839,1.1137857450978166,1.8601867733300463,0.6350858295436081,4.824068072371007,0.805094244187153,0.13210843104371153,1.8981029614065819,-1.007391968475704,3.0826955107920364,-0.0172429669562246,-1.8763317921303553,1.8725104005623001,0.16811678945540323,-2.1097140607920872,-1.3385183158906562,0.8532414323700126,-1.703294045535405
CGAAGTTTCTCAACGA-1,-12.137829127699275,-2.157571183215816,-9.49875883090003,6.088939998587684,-4.570789267587643,-3.609102691895838,0.08616497988296812,0.5848164292437347,-1.5810414231567922,-1.5135485551583867,-0.7362396452537786,-0.3664560363873519,-1.959214326142784,-0.1481137678431491,-0.6018696216602237,-2.517589065872671,-0.10245639678897944,-2.8554005943969525,2.4851617027600454,-1.5362734902480246,2.0094987461330622,1.670958354121518,-0.7069865686867678,0.20973664242171378,1.3102377576352422,-0.18901563892640222,-1.3312267693210806,0.1256369255835515,1.4230651582925324,0.9974448083986069,-1.337079935857342,-0.622365263657859,-1.9040710587457828,-2.950469869858363,1.4106069330361126,-1.6687763351629938,-1.3489515523277726,-0.15458425308329488,1.9468977386665285,-2.751059003362636,1.052057568451093,1.7615757619914976,-1.8981382049998512,1.347300739064192,-4.0422414496005,-3.0280774580786796,0.9207437254874311,-1.2689827371479148,1.0671499371621234,-1.4843401455963272
GTTGCGGCAACGTAAA-1,-2.0822726977011346e-05,4.079462530912199,-16.331447171566722,-12.474687396622754,1.2138846080022583,1.9347321326531401,1.3433950311007956,-0.3724601701202086,3.5492039955128667,8.393540988946487,12.12919875043187,4.17393263207313,-4.3480217913321795,-2.165235085217348,3.4621088802943207,0.19400595447659721,-1.5574600624208643,-0.7336443345900889,0.40690271696130476,1.024309514976891,-2.8025947820332116,-0.012994531152344906,-2.2720629702413735,-3.1501589416400275,2.132576793794227,-2.7167821802738654,-4.177733547223249,0.28031147401137335,3.6110040640800642,-0.3505680502348685,2.340017910487861,0.9223226509779283,-0.8766107771115563,-1.5237747894746587,-1.8034332452651243,-0.0548359906020203,-1.4705310242511382,2.511808300160064,-0.07307175813186285,-1.466111336754006,1.9143927208467364,-0.9677102990513766,-0.13353890688864573,-0.13700907070281818,0.48189751017519106,-1.9647125956979041,0.4814378070059474,2.5417682670791844,0.5047387163164061,-2.4775431610794802
TTGCCTGGTGAGCGAT-1,-0.3965335789951502,-4.947679647353526,-1.2342604631640182,-4.693048402628097,-0.919485038738194,0.6934856518486442,-4.772068581392295,0.9966555494857072,-0.5252612158658032,0.3740817276736513,1.407229312660765,-0.4735953817823295,2.93256305821355,0.6323342914888747,1.9920655625044768,-1.2846785863773367,-0.715707346157486,1.3717561078347484,0.4515227634264621,3.544886851405346,-2.1805094044493276,-1.4136549452437241,0.4923525415989899,1.7346294235291562,0.5846163067719179,-0.40123312132699746,3.130259724027168,-4.247343550481679,-2.8364285086198717,2.1034703141567515,1.6126512878558332,0.11114646432538924,-2.674756401664,-0.7526355232859305,-2.5526592087478854,0.021194744357467554,-0.08345527566341898,2.9477543574062235,-0.19034488352958728,-1.9053217134076141,-0.8863480365881701,-1.334179723494387,-1.9675436316270303,-1.8174499703933258,1.6108628665436922,-0.5922367664462446,1.6621020078902586,0.7069062132891164,-0.07953674293052679,1.3278433350681784
AATTTCCTCGAGTTGT-1,-2.9653162040735395,-1.7774577913162033,1.676828036373834,-0.9620535467340534,3.476071881282698,0.8900991406172933,-1.0589095154063477,-1.8886018116793366,-1.871124565002094,-0.11927670883356853,-0.6020095336610475,-1.7053608448301223,-0.30346466144527,-1.6078992722191698,0.28661289959072866,0.37484450400468966,0.42318430359377,-0.5611876773500483,0.4197956836302815,-0.045873019872419374,-1.1206473058556452,0.12017318027726713,1.9603956616352032,2.3771864995825456,-0.15864310098215956,-0.05349656346027179,0.8911919034364042,3.4583168282308905,-5.694616593098739,-4.114196677602357,0.6437880058441391,0.9379356034891803,2.4780309879420983,0.34143208712797385,-3.3553773329656593,-0.12029634212185174,-1.3330014675696313,-3.4966190242412623,1.9114153436996597,-1.5545216602542724,2.6849821569879833,2.4645181431137413,-1.816929241267352,0.7674956220433203,-1.2604669341434596,0.2793354109189396,-1.746352316823564,-0.8299136740679707,0.3654181504461839,-0.3617096569582424
GCGGATCTCTTAGCCC-1,-14.227722907154298,-2.196358225748267,-6.478700188363142,1.6175130666279542,1.547814215881536,-0.002935092811008139,3.2603822426166555,-1.7111596956662822,-0.5469314567462111,2.9240853796541053,4.7574277793605875,-1.7483687529609202,-1.1539528207633902,2.6203577220346945,-3.50261559297385,2.552412282288437,2.331033770010912,-1.0733321090997088,-1.8279142169321378,-1.5806153182579135,-3.638292885062492,-5.802723426356443,-0.1445956081485795,-0.024533075630507196,0.04565734064865032,-0.048441805461893646,0.09340630646571117,-0.3561972871331942,1.9639181958420835,-0.6643517909365161,2.502563608988096,-2.50458849922745,-0.9844029303384731,-0.7321227407899672,1.8974557112928183,-0.313608428864169,1.5134540127011142,-0.24794054455168943,0.0462902404914231,0.44412733468238946,-2.1396095482297652,0.19321582898602763,0.19958063231265996,1.2389098125286602,2.1971954889152956,-0.22481255532510236,-2.119550724725338,-2.1478746117540797,1.7872443036080754,-1.5959368277962407
TACTGCCCACATTACG-1,20.287397682850223,-11.243389483027867,0.6638734228145956,2.1142578404821237,-1.2112262900795723,0.24307402859796362,6.889737040428364,0.2923153149541492,-1.41153974566585,1.0689160296599045,-1.4854591696335724,-1.1699987834482963,-6.1402450542250655,1.1668164733376527,-0.35622668979318634,-1.6566579776997277,1.9291305702421295,-0.046799300230032634,1.2477076150860043,-0.2041896518437027,0.03322754282589481,-0.8192809292468614,0.3861827517242087,-1.5093455269653309,-0.34605246487160574,-1.339116665471922,0.9179586517573081,-1.5835516242849392,0.0676742471422693,-0.26579941449094147,2.7133315743035022,-1.3792416068671944,0.34795686369092865,0.5591941524450597,2.3800659276462737,-0.8652371922191612,0.07747623406776806,0.7004004156273322,0.7266650623786028,1.5133199060725495,-1.6805396550500495,-1.113416345938925,-0.6926772558559753,1.1202504531430388,0.2963682215753597,0.0031735652697943554,0.35649933068984246,0.595883520975398,-2.1139646784864587,0.46066053243508115
TTGGTTTCACAAGCAG-1,-10.012182490510522,1.6524226966360505,-13.803665246248908,-5.2166541250582625,-6.108101438230676,-2.6577590230598767,5.404506711385147,0.19235790898763308,-1.5769497203075582,0.9417370262646442,1.0954257944090922,-0.0397718188798879,1.6991000883375051,2.0376159202937516,3.578837807567924,-3.093710998471167,0.40404623268707074,-1.0070250325410097,-0.012350474136243537,2.947965610842276,2.9374575927249866,-0.6832157037882021,0.31511163016925203,1.1329398246058708,-2.415480546850219,0.7291104109977621,-0.8915423476514848,2.6856260852725162,-0.19733212126961738,0.4794287935245404,1.0357227326592138,-0.9329328771211631,-0.576415581191271,3.302235857619379,0.800944586325627,1.4055347002150869,1.4334282732215107,0.9787793418317964,0.060027603328074754,0.22171570755578426,0.06897512742171694,3.066393321713222,-1.8597270746107009,-0.08839887078569209,1.518797364825404,1.2864356298494013,-0.1559134218808482,0.9530130424434732,1.9455820049403831,-0.4693959994179588
ACTCTCGTCGCCACTT-1,-3.1827997413284246,-5.111485836345367,4.212164433740739,-5.180766111709008,-2.35449440369556,-2.9134375270821455,-5.92139194125103,-0.7480672311958995,-3.0959131222017726,1.3404436278502598,-3.6993966703531513,-0.24673971369619638,0.5191058728921731,1.893456658772686,-1.3699083168397597,-0.3842658540408569,1.4112820857001092,-0.3134234424302954,3.968757734492667,0.5011513800196379,1.7546381572674647,0.6950237110973579,2.51008680197609,-1.5828326923528506,-1.2464666330654914,0.3484893596535455,2.1859852169224934,-1.0187351557674975,1.3726577474206594,-0.9735942920947263,3.277757999697259,-0.15953643603113013,0.9315822853458368,2.009520702446316,-0.6504867418956434,-0.1775505364425433,2.102617820296498,-0.7171575828245523,-0.24337566741532177,-1.6261886903319296,0.7739692645386805,2.4044764125172238,0.3840239819891406,-2.5478102366651836,1.4569282352812571,-3.511120492472632,3.993567584685163,2.1264246396356867,0.07324157194073304,0.7393901892758459
TAGCACACATAGGTAA-1,21.674998869292565,-12.67754542757564,1.928699560202682,2.225051036208813,0.9263645140661003,-1.7727553744657887,3.335817053430235,-1.7525802508739825,1.331770611844298,-0.2299657400691151,3.277846285139323,-1.1505676752220357,5.661776122311753,0.2601641402505477,1.7885602750940353,0.5871488304346176,-0.031989966077083286,-0.38460153448147655,-0.35866807141173,1.491957545465642,0.9565550651558469,-0.7914474018516824,-2.101383680346244,-0.08232121450952413,-0.6470104284685098,-0.1448330864242404,0.7555477225392515,-1.5658700090608184,-1.5192990944634535,1.3466303012571759,-0.10859804526850693,-0.919752902091055,-1.0303883078932916,1.1780858733433617,-0.25986536574789776,-4.253961736748095,0.003910317892820991,-2.1009157235981952,-1.2763116700570054,1.8572256602612813,0.4279558940246116,-0.6832592835464537,0.6040052918917096,0.9096483140631669,0.5881655415966813,-0.07596521382878818,0.1201704409859455,-3.26379984206298,0.9285401259827012,1.563366412913014
AACCTTTGTGAGCCAA-1,-10.497874135327342,-5.278477445718198,7.795268902059422,-7.861951678362884,1.6073617216590341,-10.954446371778237,-2.9284440337839723,-4.486801944505143,1.1182668041773425,1.8524094101960844,-0.33978987972928293,2.996327805304552,-3.086086666788314,-0.3084829758114486,-3.4076246589719834,0.9567820874077273,-0.9071013339284882,-6.574957152839016,5.058126412375618,-3.074794936841788,2.8644166276279557,-6.381473624260135,-3.980158512285423,2.622560101713678,-5.179009712651441,6.336331129859129,-4.119264934302328,-3.4615133955128234,4.4723005276631564,-1.0654614354721075,5.801893682215454,4.26976537842666,-3.8668948608972293,1.970531517015966,2.875102951804297,-6.815804347757456,-2.012262565427792,-0.9342825688617676,3.515316386057703,3.3254266671206647,-3.7685276728189288,4.2134690901488385,0.8535596206806838,2.8181706591112667,-4.836810688364712,4.016551020095667,1.0868401872814248,3.8786885332573795,0.24424421086906717,1.3692140025282726
CGCATAATCATTTGCT-1,11.916931381827391,-9.14222509980229,-1.7029978040942104,-0.01701389207821359,-1.5944775362955452,-1.6633279970750698,5.6051952141311965,-3.600629572285219,-1.422409335634715,-1.389381904357772,3.3426638543133596,0.13151281300828901,-0.0779565149699639,-1.1185584392276025,-0.35324176941114777,-0.2921555524626088,-3.4730232265235204,1.0826010218673032,2.5541520893543272,-0.2984429132212959,1.3105725325866393,-1.3621815035636413,0.0351132487027293,2.2349736117055694,-0.9782802360828503,-1.3172932162718771,2.907456495436126,-3.5377683810421203,-1.0056326106012572,0.9559989995875495,0.6514354579830162,-1.2262676796088434,-1.062399934707902,0.7597029387495607,0.21051797657633994,2.6873573989288606,-0.14330795227199244,-0.9513555691262657,-1.8177867749497374,1.1576029379748178,-1.2753568410181637,1.497633018748926,2.440810572367259,0.12821924117718803,-2.341739855903172,2.872537275393545,-1.3787062627592628,0.3055044447478338,1.9826493354266383,-0.5098905263283374
GACCTTCAGTCTAACC-1,-8.3050550862417,-7.259014171036087,9.527836713567593,-0.6768576746596563,0.9747422997394959,-1.8042362155413043,1.2442215641802723,2.0916555386266262,0.017900682335201635,0.6182456602868208,-3.648075028853543,-1.1277571488957339,-4.294974640716465,0.784942425429506,4.313440060160624,0.12501678914471828,-1.2397483584319697,-1.8861130581580454,1.5406972521822,-0.040199318237513965,2.7045941881808906,-0.1706188018660856,1.7523765205976538,1.046591775287407,-1.0320618964539414,0.08029454559733859,-0.3179151944749674,-0.5304170326013763,3.63906753568398,3.3896583705214667,-2.799879092337154,0.4586446602428337,-2.046494467497646,2.4328917473597236,-2.280243959569218,-3.1428936855967198,-2.936874170318685,3.070952627135948,-2.56368490948026,-2.1486835207092043,1.2446353494876983,-1.6576933524907225,-2.5795106133263093,-1.2987307616742745,1.8910386234117007,3.1357765335754446,-1.8474749952517335,-0.5673825306969615,2.630778312694437,1.8392360150745093
