from,to,weight
174,15,0.12935421815075693
174,30,0.12562741769659835
174,32,0.13383593880385758
174,38,0.1386467046512652
174,57,0.10195015114117893
174,66,0.11174636229178397
174,71,0.08760057879018653
174,74,0.12996837427767344
174,93,0.13436509537648328
174,97,0.09141078754171096
174,122,0.12733934949383838
174,134,0.12679721799896537
174,137,0.09668472206964454
174,147,0.1194328314088434
174,150,0.12708421138609047
174,166,0.10945103794505585
174,171,0.14136075587642255
174,177,0.0943440082221908
174,193,0.11601369911445905
174,195,0.13213174088182938
174,207,0.12078835251453836
174,222,0.12119969145177932
174,233,0.12799540640348836
174,236,0.11556608930891618
174,254,0.1001298660887255
174,260,0.1232293625465853
174,269,0.14852050777296144
174,290,0.11026282206919086
174,294,0.11191698943410537
174,305,0.10244976956626033
174,306,0.12959304580600758
174,332,0.13274050388474185
174,345,0.09534405378627306
174,357,0.09580267565045482
174,359,0.1382391922375613
174,367,0.11524250839884437
174,370,0.1496509357652365
174,377,0.11719513496133312
174,378,0.11178594009022517
174,381,0.09344320619710735
174,427,0.1368076333633492
174,440,0.15849112390991185
174,441,0.11825677436105538
174,451,0.09483747291211896
174,454,0.08809499204265332
174,459,0.09846796587104326
174,460,0.1091661349701937
174,464,0.15637164933341077
174,465,0.11227919916735786
174,474,0.09452279383261811
174,494,0.11030647120517814
174,512,0.14370641191115993
174,514,0.13395864636045668
174,517,0.11748142265838019
174,521,0.08861305993772318
174,528,0.0952963495313093
246,24,0.06522445738694223
246,29,0.07047059572205161
246,46,0.07229801144784634
246,84,0.06369589235068931
246,115,0.04056647006360551
246,170,0.07290490463548104
246,189,0.07157677612057313
246,204,0.06502325339903291
246,226,0.0616144291526184
246,238,0.0673405231476321
246,248,0.06496210015783484
246,250,0.06684363184250335
246,279,0.07954148399932781
246,335,0.06735804369818325
246,395,0.06672232946621992
246,406,0.06470553672502163
246,419,0.06699071564969866
246,422,0.06500495967101654
246,424,0.06758275190300556
246,426,0.06495840240558637
246,455,0.07347632448883645
246,468,0.058736213092648516
246,513,0.07066191066813733
246,516,0.0670462961209787
246,530,0.04720321846831999
291,25,0.10103899857830777
291,30,0.09324755412105122
291,51,0.07301813819002193
291,54,0.07469458903403832
291,76,0.09934677681212933
291,86,0.10187058702099487
291,122,0.09481382550269483
291,137,0.09338330240634178
291,163,0.09996852436988424
291,171,0.10022544719948095
291,172,0.08420138229424654
291,184,0.10769219878237171
291,208,0.09631644190691992
291,209,0.09249657381448548
291,233,0.09656658003967328
291,249,0.09568200599211384
291,263,0.101203588906514
291,269,0.09782171804996946
291,270,0.0478219079474031
291,297,0.09675519942781106
291,325,0.07094077729655274
291,334,0.07336350888314556
291,344,0.07515144250249804
291,345,0.10495425343338827
291,404,0.06435036040720472
291,417,0.0928326773278053
291,427,0.0960189163507504
291,447,0.08554519917566564
291,454,0.09613194008059736
291,471,0.08056884704006827
320,51,0.06911934441597832
320,107,0.06234740309298717
320,116,0.06301605850459195
320,129,0.06119312082151393
320,157,0.07223293691743127
320,183,0.06028003100172694
320,208,0.05995959966410444
320,267,0.048001630751029915
320,295,0.060020183621913914
320,309,0.059082170337078896
320,327,0.06049184754185646
320,338,0.08481154801117889
320,357,0.05990010229021809
320,429,0.04393736630033758
320,444,0.06052609614700274
320,457,0.05949872150999957
320,459,0.05898140120378951
320,470,0.06311158645115095
320,471,0.06186079803541373
320,486,0.06126311182246288
320,516,0.06007393032018494
320,527,0.060725389387045844
327,2,0.06438913767210405
327,12,0.06760902678214915
327,31,0.06762642144312418
327,47,0.05999103986915387
327,49,0.06693828088189989
327,66,0.10115357493823483
327,68,0.08751442442707284
327,89,0.09518930425362486
327,107,0.08027235545132097
327,129,0.07595896482344315
327,134,0.10721963396647845
327,135,0.06657350498326228
327,157,0.0817232561118668
327,171,0.0987455853995282
327,175,0.06553014355352664
327,176,0.04662594310131783
327,186,0.06731781682688663
327,187,0.07055246434566993
327,188,0.05660356032875462
327,222,0.10048009503482529
327,223,0.08401811191185565
327,238,0.09914276032523592
327,256,0.050922255339933116
327,266,0.046123065388257216
327,267,0.04683079271449248
327,271,0.06290267815766057
327,282,0.05035962709645667
327,285,0.05850434427813423
327,286,0.06687591391123791
327,295,0.07868805328714404
327,305,0.10334068326367739
327,309,0.09295914322339147
327,320,0.06049184754185646
327,338,0.09155615841701518
327,347,0.09468358397130539
327,351,0.04969637690733418
327,357,0.09559973188190762
327,363,0.06310222099093028
327,377,0.10390981697426309
327,393,0.08201087641275387
327,400,0.09808336901105266
327,406,0.09851037576898497
327,411,0.09242624067423504
327,415,0.0653925183831544
327,424,0.119668992699087
327,426,0.0944513254654555
327,435,0.05636707447960365
327,444,0.08611333073017742
327,460,0.09293216845032232
327,469,0.05792070972192316
327,475,0.06829387557640436
327,486,0.09711002701907423
327,494,0.10580719573191832
327,496,0.06490411554646965
327,500,0.07201034366823875
327,506,0.050687533060874715
327,516,0.09741834460701451
327,520,0.0595766830943578
327,525,0.06416744961277838
327,527,0.07317835063212771
347,2,0.068036983037236
347,4,0.06005375959743185
347,24,0.08812134648972922
347,63,0.05271278636540761
347,85,0.05936581498311907
347,105,0.052718891054550264
347,116,0.09586146169809984
347,125,0.07206988810616997
347,131,0.06341444539173698
347,134,0.10045311559690773
347,135,0.06563951837750517
347,140,0.09651516440695813
347,143,0.061330198115690716
347,154,0.06773505893791772
347,163,0.091795295315281
347,169,0.049434839875437425
347,171,0.10302458834748494
347,186,0.06648590174166479
347,191,0.0548032882270461
347,202,0.036783059701031656
347,223,0.07793461901747606
347,236,0.08948174202689127
347,250,0.09385104245580822
347,267,0.04633969890660393
347,271,0.06246433375246479
347,282,0.05108241553523405
347,283,0.0983098302375261
347,285,0.059647043763233626
347,305,0.09670618819171135
347,327,0.09468358397130539
347,331,0.06800936904278684
347,335,0.06964862846307121
347,363,0.06594746294597127
347,383,0.05430802963122435
347,395,0.08794324137758548
347,397,0.08018967737163324
347,411,0.09033879307329691
347,412,0.08307147307115056
347,415,0.06496095141659457
347,424,0.08779062257886815
347,444,0.08482080438889023
347,445,0.068806341595792
347,458,0.0916521415699192
347,460,0.09911293841746005
347,462,0.08508758382165961
347,469,0.05767780216618842
347,481,0.05787698351485421
347,486,0.09261799742757328
347,494,0.08858616763747694
347,495,0.09428273023819751
347,500,0.07505486248240634
347,503,0.09250568223246107
347,525,0.06433977398298082
4,9,0.04682435933992422
4,24,0.060990649090791785
4,43,0.0522082537601024
4,46,0.058514555745994935
4,68,0.061062299410786225
4,85,0.05858108029022541
4,89,0.05929343437666249
4,166,0.05930828211171218
4,202,0.04118570367231383
4,206,0.05184172269991037
4,216,0.06072716604000083
4,235,0.06654474764851445
4,238,0.05839235804940965
4,274,0.0584539200658484
4,347,0.06005375959743185
4,411,0.061611578741221515
4,421,0.061271064178792786
4,424,0.0639610947597289
4,429,0.04952744862094947
4,433,0.05968276939495888
4,444,0.062111388741518024
4,460,0.06150010679603349
4,502,0.060091712975683
4,521,0.06312398169632907
4,523,0.058284112972691204
22,1,0.023966577073417025
22,8,0.07640234533322979
22,17,0.08162338071137472
22,99,0.07603187798972418
22,158,0.08469127011418649
22,168,0.07846270089283192
22,169,0.04839248425933879
22,234,0.07724019513420825
22,241,0.08031992862197271
22,288,0.08625284692210441
22,330,0.07745770970519464
22,366,0.08306989319317347
22,371,0.07526889209469532
22,373,0.06461811562205554
22,384,0.07833279793386907
22,385,0.07853233701137546
22,405,0.07690436115191703
22,407,0.07558642635636482
22,420,0.08064657966052007
22,478,0.08213968627960333
22,479,0.07621614441661283
22,484,0.0768498525773257
22,529,0.08178625479269823
217,10,0.17520177811258272
217,26,0.1750966458381754
217,38,0.18277234982364457
217,65,0.16830471361792465
217,79,0.17201866059223522
217,86,0.13759266445448715
217,90,0.15247008364466794
217,117,0.12870558134206048
217,124,0.13760538639565606
217,132,0.17008493443161374
217,151,0.19238637402030875
217,161,0.18214117192224077
217,165,0.18118271715400988
217,194,0.1261815587670152
217,205,0.18362611133732767
217,213,0.1781948688052724
217,231,0.1718486333503607
217,253,0.12203072125248433
217,260,0.11932080230256008
217,300,0.18583031113385862
217,306,0.2085123738678637
217,307,0.13825864709752972
217,354,0.15949408249684274
217,355,0.11078989346660541
217,370,0.1599359961606447
217,386,0.18956539986632473
217,401,0.09279423074093018
217,413,0.2019069919522662
217,442,0.21395790653889843
217,477,0.2111048582240201
217,504,0.18787598686757345
217,524,0.21293164773127993
312,16,0.1361034902245063
312,19,0.15676227892081188
312,28,0.16966659918384627
312,48,0.17479533950253878
312,59,0.15624120214693327
312,75,0.14818523810553288
312,80,0.09941626863398294
312,83,0.150776492483069
312,102,0.1647529263263401
312,112,0.16187414375295334
312,139,0.1834293799434186
312,161,0.16059104136793695
312,201,0.16692053396268258
312,203,0.08333115321864648
312,212,0.14952495952487185
312,244,0.16170870466506398
312,251,0.10756286501075152
312,277,0.1673477008401782
312,280,0.168855552257303
312,301,0.13001431718377585
312,315,0.16415919451137842
312,319,0.1845424031549175
312,348,0.09234411787929964
312,368,0.11219244671997922
312,372,0.16544771858624926
312,380,0.15349725118578858
312,398,0.1881754196483117
312,401,0.09337016105086994
312,414,0.16600709648685513
312,437,0.15786318199115115
312,450,0.15968530210422327
312,490,0.1381143475472472
312,511,0.15702498043185414
82,24,0.056594698224537665
82,51,0.052418176925418704
82,57,0.05512010941023937
82,60,0.05160437901502058
82,144,0.05275083808583014
82,158,0.05256556213646314
82,168,0.052745988138549325
82,195,0.05182578596397129
82,210,0.05249693745618679
82,224,0.05566923176158186
82,243,0.052793479004677284
82,270,0.04645321715564165
82,289,0.052628016082252725
82,295,0.05388131030345416
82,305,0.0509944759759382
82,406,0.05097933134836772
82,467,0.05178711071997388
82,474,0.05274797203042861
82,476,0.06041044276342978
82,523,0.05961038005345377
82,528,0.05335270244311703
346,67,0.13313023374523278
346,79,0.1466272774963482
346,94,0.10341793474855765
346,142,0.15273605295430778
346,161,0.1394090873938579
346,192,0.15914597601945088
346,198,0.17472999551704468
346,205,0.13501578679155615
346,213,0.1505732811950297
346,215,0.11911124152793098
346,218,0.14675653565209507
346,225,0.17567529565600232
346,228,0.11780514082584623
346,300,0.14571192188056487
346,310,0.14979759746611707
346,374,0.13847046627665738
346,387,0.16884896952892572
346,410,0.1707833963173043
346,413,0.14419371635449355
346,431,0.09236698158090337
346,434,0.10606635214483151
346,453,0.13887959014880163
346,491,0.16042441020546477
346,497,0.17180496867993852
346,498,0.13538798286306108
346,504,0.15065352824878056
414,6,0.16966682574373668
414,8,0.152286185779405
414,11,0.13716122127550445
414,16,0.14082006230090666
414,19,0.17223538742973077
414,45,0.17759960031104488
414,48,0.17952662634749825
414,53,0.14749366228076694
414,59,0.16013612010623568
414,70,0.08934365341356203
414,75,0.15938418863317436
414,80,0.1027930095094942
414,91,0.1578575195600103
414,96,0.1834647900151402
414,104,0.14152926507177196
414,108,0.1777728837773305
414,110,0.1677835467367602
414,112,0.19616132360228583
414,127,0.13945709740841228
414,139,0.1777225553269226
414,165,0.17962240041037134
414,173,0.19178806946141466
414,200,0.14639042125397406
414,201,0.18432677465600902
414,209,0.14193086875513267
414,221,0.13224734826680942
414,228,0.12794546267463042
414,242,0.09719464335832118
414,244,0.18834875022012748
414,247,0.09712398955801467
414,251,0.09975570866409306
414,259,0.10909112248512083
414,272,0.1143065380510316
414,277,0.17764211022177462
414,280,0.19191696507539646
414,292,0.15620236412814867
414,304,0.1615709646928059
414,312,0.16600709648685513
414,336,0.13935201577715425
414,337,0.17247718176878027
414,348,0.09315251243066092
414,354,0.1577384517587967
414,368,0.11574602644070794
414,371,0.134202699425824
414,394,0.12322093471966046
414,398,0.1918835781845872
414,405,0.11198712652569226
414,407,0.15674304269476239
414,420,0.16146012501437712
414,428,0.1640224132142286
414,439,0.1592500682598941
414,443,0.06979742678489742
414,449,0.124222675566757
414,456,0.1529660247720793
414,473,0.17198300888280904
414,483,0.18204712102923454
414,490,0.14451049000163294
414,492,0.165840613295208
414,505,0.19171141143583872
496,31,0.06845189693957876
496,89,0.0641777127475945
496,98,0.06039054431914744
496,178,0.04320125628005884
496,183,0.0918550274039784
496,193,0.06748015054505209
496,222,0.06541490250455874
496,259,0.06546285710694892
496,260,0.06660720835148298
496,305,0.06452069117787827
496,309,0.06696225907914582
496,327,0.06490411554646965
496,338,0.0683097301182538
496,340,0.06414697808280369
496,342,0.06695188280207923
496,357,0.06712276630646492
496,377,0.06863554281199863
496,449,0.06450922196593614
496,494,0.06475568491324515
496,510,0.07181357416451406
496,520,0.055814880410215824
496,522,0.08202622255493146
496,527,0.07700187692533436
342,142,0.09673973704491301
342,151,0.10216793209958015
342,183,0.10269504289359614
342,193,0.17766984841401026
342,198,0.09508567787318256
342,213,0.09505310700893856
342,218,0.09508990807412408
342,225,0.09360504301469313
342,231,0.09805754307993556
342,259,0.09710935869537995
342,260,0.11274627376315627
342,332,0.09477304005630674
342,340,0.10441830027108179
342,349,0.14780163443063637
342,374,0.10216453179328187
342,377,0.09667657769921101
342,442,0.0974330744820158
342,464,0.09409987198405813
342,496,0.06695188280207923
342,507,0.11508295293337842
342,522,0.11833950799331833
435,5,0.049441319720964785
435,49,0.0694378876181653
435,68,0.0647396958941863
435,107,0.05812334355445747
435,125,0.05566490752402634
435,129,0.05655866755544748
435,196,0.057442661582376764
435,210,0.05593952704357272
435,248,0.06043888335866486
435,309,0.06476691308348362
435,327,0.05636707447960365
435,343,0.0587272998028447
435,391,0.061133386375736815
435,397,0.05855873881681049
435,424,0.061867889054048206
435,432,0.05544835536664364
435,444,0.0676936691498459
435,445,0.05636499853182925
435,481,0.058601712711467094
435,516,0.05491658873514859
435,521,0.05613294366801591
464,15,0.1403285433223972
464,18,0.12085604252235517
464,25,0.11708678838721412
464,30,0.12892096909909145
464,32,0.1195852906502804
464,38,0.15366135427339267
464,66,0.11279066982547335
464,74,0.12117272642242133
464,86,0.13037644382861865
464,90,0.13330753147179028
464,93,0.13266127666910124
464,122,0.13589035259696744
464,124,0.13358065066599245
464,130,0.13781348713226294
464,147,0.14050576861387223
464,150,0.13060483476671744
464,171,0.13550968022657542
464,174,0.15637164933341077
464,179,0.1315688254227639
464,193,0.1217968038715982
464,194,0.12556854306099854
464,195,0.10965660661745542
464,207,0.12015266707317449
464,220,0.1130708656689959
464,222,0.1067100422157917
464,233,0.14477744973989443
464,236,0.1151802127536943
464,239,0.11225304223571733
464,249,0.13079365732085158
464,253,0.1375634625607664
464,260,0.12978786242824963
464,269,0.1494653225457382
464,290,0.10697509199358704
464,294,0.11395631320284845
464,306,0.13680538108989215
464,311,0.1284221547860972
464,332,0.14304657605054952
464,342,0.09409987198405813
464,352,0.12767890811245158
464,359,0.1504015069372187
464,367,0.11254560605945294
464,370,0.16610661297460644
464,377,0.12791842315008156
464,378,0.11628315347896177
464,379,0.13905820224520207
464,403,0.09255565720187657
464,406,0.10825842547195494
464,423,0.1303984666906348
464,440,0.14742956251598696
464,441,0.12284920299567983
464,460,0.10671380550025081
464,465,0.10955938605777239
464,480,0.13797301696978806
464,503,0.14030323659654798
464,512,0.16529244227826384
464,514,0.12363985702701988
464,515,0.12079026468894531
464,517,0.1079169943028701
464,522,0.08614307951342055
465,25,0.10862166975676235
465,32,0.11462387960000943
465,37,0.10453262979101141
465,89,0.08876939700094329
465,90,0.10983176135858834
465,107,0.07576002329072873
465,109,0.08220606113414211
465,122,0.12149269907314927
465,143,0.06334173800297267
465,157,0.0774253478388766
465,163,0.10634924492165046
465,171,0.11617787979036893
465,174,0.11227919916735786
465,184,0.1240962289224456
465,196,0.10390618566304127
465,210,0.08397401004095431
465,249,0.10690880108399847
465,263,0.11466362073183033
465,269,0.11301906612029071
465,274,0.10889027757555894
465,283,0.10873478360418501
465,341,0.08856076224501735
465,343,0.06427847136283941
465,352,0.11015411739641685
465,370,0.10859310125320573
465,417,0.09989274773698784
465,418,0.10896655870108754
465,427,0.11275232704466728
465,432,0.07776807088024941
465,444,0.08149003950320004
465,464,0.10955938605777239
465,503,0.11727687572409803
465,512,0.11488412210143668
465,521,0.09181770460228982
72,3,0.10562083009082694
72,37,0.096645101527537
72,39,0.09582833251591505
72,58,0.09862505790073771
72,68,0.09402593078702143
72,81,0.10222133248000938
72,100,0.08817470615580782
72,129,0.0755817818306281
72,138,0.09601950821069861
72,143,0.06587846309774177
72,146,0.09947691513377356
72,163,0.10009436482494911
72,172,0.08545055586090614
72,184,0.09592384161733616
72,196,0.11076839925677164
72,249,0.09583286025251724
72,252,0.07707093725589206
72,262,0.0557814118671242
72,283,0.1058374398904575
72,287,0.11206843510032363
72,329,0.09972826787382129
72,333,0.08820942270363015
72,334,0.07106423959668301
72,339,0.09879656571148936
72,375,0.07407073527587076
72,408,0.09860330418570049
72,412,0.0738847997645619
72,416,0.08189843965724428
72,418,0.10662261091565145
72,419,0.09820759556521381
72,432,0.08052418522748636
72,448,0.08156176623491382
72,457,0.09089260351649439
72,495,0.09275307283867269
72,502,0.08022667714368678
72,503,0.10165857605464229
72,518,0.10230078922665194
102,28,0.1698738165541307
102,48,0.17320370564528395
102,83,0.14968151400590157
102,110,0.1558565002426025
102,161,0.1554102759921532
102,201,0.1548144770672647
102,212,0.1483880838888828
102,240,0.15287833351105243
102,277,0.1666704554808488
102,278,0.15525138109883352
102,280,0.15404113736507025
102,312,0.1647529263263401
102,315,0.15705727877884967
102,319,0.15539646912299812
102,337,0.15694974998960484
102,392,0.15670114737267446
102,398,0.17763068063150894
102,425,0.16659326816280318
102,437,0.16271510897836453
102,450,0.15564709682439554
102,473,0.15568316992024156
102,483,0.15311850979386993
109,3,0.08334368112778998
109,37,0.0889920067977403
109,100,0.08567357742514
109,101,0.044516805799574025
109,114,0.04979176662739816
109,116,0.08160985830028344
109,137,0.07955473279278608
109,138,0.08220925879232839
109,163,0.08430498829471084
109,184,0.0803884198209549
109,196,0.08109762511433001
109,216,0.07650520346765785
109,252,0.07493071707457773
109,283,0.08829449694697665
109,293,0.05068734789837267
109,302,0.06706780437318538
109,314,0.044515430051049305
109,339,0.0860991892719866
109,341,0.08239788249921319
109,343,0.0622950228625918
109,383,0.056703384129820775
109,391,0.0803829768161957
109,397,0.08303119439414339
109,404,0.06155859577235267
109,408,0.0864422796375137
109,417,0.08597104303886033
109,432,0.07641236280868245
109,460,0.0804229155627245
109,465,0.08220606113414211
109,495,0.08657272257170057
109,518,0.08029596205222593
155,3,0.117551655141876
155,30,0.11847693636882572
155,33,0.13324369447301648
155,58,0.11356410160671021
155,62,0.10575993706517574
155,73,0.12605960102590458
155,74,0.11218092684576991
155,81,0.09859427141739456
155,100,0.09413380826957993
155,103,0.0853828259625531
155,116,0.11035518226767874
155,128,0.07814126675775376
155,129,0.07693409986196814
155,138,0.10516020014211538
155,140,0.10134047743063122
155,146,0.13682684954081045
155,147,0.12813924611800648
155,150,0.11665940057573607
155,156,0.06299667887877355
155,163,0.11373182082378806
155,172,0.0862648173600356
155,179,0.11310193627158792
155,207,0.11416262678042698
155,208,0.1117407825328107
155,219,0.10058597483616041
155,230,0.11948256782695123
155,235,0.09138400089516169
155,238,0.08963608018743154
155,239,0.11123242906780169
155,250,0.10586796289239235
155,255,0.05987929607150668
155,258,0.08428932954788577
155,275,0.0533817982440637
155,279,0.08572597512312256
155,283,0.12759018935298672
155,284,0.09616902044799543
155,296,0.09619501773727468
155,308,0.11720696203827957
155,324,0.0937642298199642
155,333,0.08297678314052527
155,365,0.05175527211860187
155,375,0.07195911608063454
155,376,0.09475531407703905
155,378,0.11654748033758724
155,393,0.0792097030708709
155,419,0.1012942753868944
155,422,0.08149481273944353
155,424,0.09465303091109402
155,426,0.12117263826105765
155,440,0.11449026251942251
155,447,0.0955140700944514
155,451,0.09814497533008285
155,455,0.09390692748229633
155,458,0.09266633351856059
155,459,0.0971608466930225
155,460,0.11613345383121096
155,470,0.06701616942166952
155,471,0.0690123186148804
155,482,0.0851839909180203
155,486,0.11501168606379236
155,513,0.10876051224233801
155,516,0.09408485315752708
155,517,0.11060848914945087
155,532,0.08169338368447
103,35,0.06142958255160381
103,40,0.04952619630581794
103,62,0.07919242650861875
103,74,0.0793515227013708
103,81,0.08046723802165516
103,93,0.07863875483303473
103,125,0.07812638212243767
103,131,0.0664723863781478
103,134,0.08087982175772157
103,137,0.08953643027092996
103,146,0.07921402587711297
103,155,0.0853828259625531
103,156,0.06085940869348608
103,169,0.05016145535539589
103,171,0.07975810430747145
103,207,0.08201778763030744
103,216,0.07516990274338817
103,230,0.07957706672818556
103,250,0.0818394720140882
103,255,0.06450111382375587
103,270,0.046872939701094726
103,331,0.06869312385173766
103,341,0.08098820092050209
103,345,0.08115553855403927
103,361,0.0555633344334516
103,411,0.08644822148214427
103,415,0.06295319298595671
103,426,0.08193236942970883
103,436,0.07860440201930531
103,470,0.07208482998907
103,476,0.07606062707168056
103,486,0.08055084515864859
103,494,0.08032195887112968
103,513,0.08267232069854022
193,142,0.1134623752139534
193,151,0.1303510705510525
193,174,0.11601369911445905
193,183,0.11131414256023286
193,198,0.11968083912047278
193,205,0.11453973837318772
193,213,0.12428544840621582
193,231,0.1296435821133426
193,259,0.11093590699973345
193,260,0.15276841107741643
193,321,0.11749459730663078
193,332,0.11678580249505376
193,340,0.10041233972429589
193,342,0.17766984841401026
193,349,0.1579479806588867
193,370,0.12237949319530833
193,374,0.13166757259414977
193,377,0.11263169367385482
193,387,0.1140252938259205
193,413,0.11506840238437997
193,442,0.13565265854858063
193,464,0.1217968038715982
193,496,0.06748015054505209
193,507,0.13768028744196745
193,512,0.11281407173488295
193,522,0.10757266095438697
522,31,0.07087528557698777
522,66,0.08620416310089572
522,98,0.05796249008014346
522,178,0.041059993808783175
522,183,0.11645583408200375
522,193,0.10757266095438697
522,222,0.0960693678107591
522,259,0.08918304956427468
522,260,0.1030288254182502
522,286,0.059836617319322195
522,305,0.08490307302177375
522,318,0.08480993078702069
522,332,0.08562574162402532
522,340,0.09786817557239812
522,342,0.11833950799331833
522,349,0.09899509825865989
522,357,0.09110107179373314
522,377,0.10379791788607587
522,449,0.08939061255031101
522,464,0.08614307951342055
522,494,0.08492816215676514
522,496,0.08202622255493146
522,507,0.09381312089362474
522,510,0.0710387366482563
522,512,0.08700615425080986
522,514,0.08933797848212935
522,527,0.07914552202173954
80,6,0.11503749416539442
80,45,0.10505582425691333
80,53,0.0990508359929016
80,65,0.09865689176738379
80,70,0.09240153745721141
80,98,0.05854853983032555
80,132,0.09846231249416922
80,139,0.10706599370475485
80,173,0.11018559057541051
80,178,0.041497110567611954
80,213,0.10023355817724557
80,218,0.09845263719629913
80,259,0.10731361460733943
80,303,0.10176796913854382
80,306,0.10001571277498976
80,312,0.09941626863398294
80,321,0.10026769856499618
80,326,0.10056974298641447
80,399,0.06789510743764866
80,414,0.1027930095094942
80,439,0.09945181383586395
80,453,0.09871872331364145
80,487,0.10635938647503768
80,507,0.0993525693695277
187,12,0.06613588882213917
187,31,0.06448580411661778
187,66,0.06324215656954367
187,89,0.06603501870880449
187,176,0.04645307637182722
187,186,0.07013532533146873
187,222,0.06396970212765364
187,223,0.07259831530454212
187,235,0.06470648704021814
187,256,0.05246467866126166
187,299,0.06280352860912533
187,305,0.0674317259732756
187,327,0.07055246434566993
187,338,0.06210857441338497
187,357,0.06474357963635495
187,367,0.06395556263695387
187,369,0.0489986545824196
187,377,0.06431944680838181
187,393,0.06328516848147964
187,406,0.07348108198320959
187,475,0.06276214647667581
187,521,0.06451066042365491
187,527,0.07537368558526393
478,17,0.09695325972275268
478,19,0.13549239525070647
478,22,0.08213968627960333
478,34,0.1370790836725812
478,42,0.1198372715580149
478,44,0.15461482381261488
478,50,0.1326880242260001
478,56,0.0926948802236481
478,87,0.13763143454418475
478,92,0.07654996189655448
478,99,0.11542815216280668
478,111,0.13365651555290176
478,120,0.1288862299698127
478,133,0.13662832817210113
478,141,0.07348914429425796
478,149,0.0834519264992761
478,162,0.13588608257316795
478,168,0.09115920253579468
478,197,0.13798435979447035
478,234,0.13303041993276984
478,244,0.14179566726908008
478,245,0.12933333876979675
478,278,0.14308597827511083
478,288,0.11948767217137324
478,298,0.0950442903729022
478,328,0.09112393127730724
478,366,0.13547306944444754
478,382,0.08103902417416232
478,384,0.13589223810139484
478,385,0.11048196331113613
478,392,0.1677413976837578
478,420,0.13409288626034746
478,425,0.13605459489757699
478,446,0.08835589645195303
478,479,0.13303597110595305
478,483,0.1330824905598352
478,492,0.13858512307334883
478,511,0.14804916203929872
478,529,0.12487502795003351
479,8,0.19228655499211966
479,17,0.09325724731060059
479,21,0.13665240741387433
479,22,0.07621614441661283
479,28,0.15658911644036988
479,34,0.16695099389798865
479,48,0.14986730677045448
479,53,0.12669091352697145
479,87,0.17171383628275486
479,96,0.15222416271546924
479,99,0.1149211925915567
479,110,0.15532764649357936
479,111,0.14441454226905368
479,119,0.15170461887010744
479,120,0.1318254131246634
479,123,0.13676577418085897
479,133,0.16528476312139004
479,168,0.09580405369873356
479,229,0.10321248679012174
479,234,0.1392421291515866
479,240,0.16932083901082426
479,244,0.15611352701359757
479,245,0.12257258661635566
479,247,0.09883355567744587
479,280,0.15938574119335966
479,288,0.1295021845965885
479,298,0.09355941601286598
479,304,0.1507214118220763
479,330,0.1170016106768853
479,336,0.13453485023450984
479,366,0.1544085907358682
479,384,0.13918490089656815
479,390,0.10175670165499828
479,407,0.15087638937996412
479,420,0.1538705908125532
479,425,0.15570927316695582
479,437,0.15716226390990706
479,439,0.15030054449980873
479,461,0.09392625734730028
479,478,0.13303597110595305
479,489,0.1379586878224043
479,490,0.14139810483962492
479,501,0.14499933787045804
479,511,0.1555358960929573
479,529,0.12946303769911127
479,531,0.0936385873772644
499,30,0.10853262849430396
499,33,0.11083007955330589
499,36,0.09298399132969169
499,60,0.0922619549680805
499,93,0.10283847198172062
499,136,0.052215153791820845
499,147,0.1057046511971859
499,170,0.08707062224514567
499,179,0.11328728116770712
499,189,0.10138436002067024
499,194,0.10618222343417355
499,207,0.11122338878043332
499,253,0.10624442484411015
499,274,0.10413686976751035
499,279,0.0897024640041192
499,289,0.0994966680309467
499,311,0.10898521063387247
499,332,0.10139094121388087
499,359,0.11904022965370639
499,370,0.10253904460046165
499,376,0.096356683121842
499,379,0.10880571005429328
499,395,0.10335090764233616
499,419,0.10132594770738632
499,436,0.10670553195573027
499,480,0.1277344386837954
499,508,0.10933296870271678
499,513,0.10559716240545658
509,21,0.10313338619161554
509,51,0.06831831556428901
509,53,0.1136753599893513
509,61,0.10164473374376992
509,64,0.06856835428829097
509,70,0.09540804056025806
509,78,0.08814613436778466
509,88,0.08449102049886396
509,95,0.07573991650370836
509,104,0.10192118410326544
509,106,0.06264855968751401
509,111,0.1041698369528068
509,133,0.09772051510798498
509,141,0.08087944507897622
509,158,0.09174558099574323
509,159,0.11795084418155417
509,178,0.040924479893232
509,197,0.10222063027251904
509,203,0.09174058266638806
509,229,0.10311478083464264
509,242,0.09663893961251893
509,245,0.09968200966583551
509,261,0.07663127404905071
509,272,0.09873247728788435
509,292,0.0984353317596725
509,313,0.07147901683981352
509,328,0.08836136882481924
509,348,0.09277503344569858
509,350,0.09133231029146581
509,366,0.10023564227119064
509,368,0.10950999498246218
509,371,0.10899641281422967
509,389,0.12241198568485055
509,394,0.10059909410169171
509,428,0.09798336826164344
509,484,0.10800896372314887
509,490,0.11948154161208978
119,34,0.16787327162635723
119,48,0.14017881793691833
119,96,0.13641435134517316
119,110,0.13909561062922712
119,123,0.12046986716274634
119,148,0.11489211013400001
119,234,0.15341445642560791
119,240,0.13665091412355942
119,276,0.07431340430063263
119,277,0.13422301803178052
119,278,0.13819176968336971
119,280,0.1385015555257988
119,301,0.13659033952637128
119,336,0.13086059877981687
119,337,0.1449628840192901
119,384,0.14326797125295324
119,407,0.15117922447748486
119,425,0.13713037957446614
119,437,0.13565226865201002
119,439,0.14384112031329685
119,479,0.15170461887010744
119,501,0.14941282685983884
119,511,0.13900428002283272
119,526,0.14112600024726857
303,6,0.11788888780149057
303,65,0.11336030536662849
303,70,0.13034839436285287
303,80,0.10176796913854382
303,106,0.07106194766145256
303,132,0.1181102537355692
303,139,0.13005549359696175
303,142,0.11603647924016416
303,152,0.14003344028978262
303,165,0.11187438723921769
303,173,0.11400397518312604
303,199,0.1314233929488756
303,326,0.11633335434387095
303,354,0.11188562769239413
303,368,0.1103494674481114
303,387,0.11252530900692069
303,401,0.12363971637062031
303,403,0.1137641415765307
303,477,0.11318213102228121
303,491,0.1200843970711071
303,497,0.11382575901876685
303,498,0.1155281336677839
303,505,0.11528799184021847
425,17,0.10162002864136731
425,21,0.1444489245791612
425,34,0.1677977777496383
425,42,0.12133386315910856
425,48,0.17282150749473757
425,61,0.16347973641152483
425,87,0.16306865336208864
425,96,0.15275005084181997
425,102,0.16659326816280318
425,110,0.16966934853487128
425,111,0.15923903210325646
425,119,0.13713037957446614
425,121,0.1456646435369214
425,162,0.1339476022727641
425,182,0.16382029271226875
425,212,0.15464189781307647
425,234,0.1416008454561468
425,240,0.22562687615210872
425,277,0.15998657568380908
425,280,0.161982892627175
425,317,0.10548923190997479
425,337,0.1706783588475751
425,366,0.15792594248272873
425,372,0.14851213419527703
425,380,0.1436093300678984
425,384,0.15433338071086347
425,398,0.15662482657886237
425,407,0.1473352435150783
425,437,0.16065929282977323
425,439,0.15602482974751367
425,456,0.15486261832813597
425,478,0.13605459489757699
425,479,0.15570927316695582
425,483,0.1623075564321051
425,490,0.13987098335746082
425,501,0.1542426646568914
425,511,0.1804263880952537
425,526,0.16061180398554906
515,25,0.1412919633807439
515,37,0.09098016689768855
515,38,0.1321543427455886
515,73,0.13045307009862722
515,86,0.14971977843295864
515,90,0.14345183919485358
515,122,0.15485598721550634
515,124,0.1546053079243236
515,172,0.08702802459206484
515,184,0.1608403721592568
515,208,0.10583990787174255
515,233,0.14886368813386683
515,249,0.12382622322292965
515,260,0.11328198572107527
515,263,0.15192717595641014
515,287,0.1251629899196851
515,339,0.11003259882765573
515,352,0.14004122518448175
515,355,0.1395125550557551
515,358,0.08545071722119066
515,370,0.12729357124044705
515,418,0.12033737518949573
515,423,0.12167418691387476
515,464,0.12079026468894531
515,503,0.12576393631673075
515,508,0.11772813339890453
515,512,0.13093892081379627
515,518,0.09300692094354987
9,4,0.04682435933992422
9,29,0.04825063849669593
9,46,0.046978662999839674
9,128,0.0490049657779237
9,154,0.04669008316892674
9,188,0.04692301687059021
9,191,0.04999961083856668
9,230,0.046578316063614324
9,232,0.046620524160474235
9,258,0.0481006504149993
9,322,0.04660769144755719
9,393,0.04733563991928736
9,416,0.04654489695434378
9,421,0.04732221698719132
9,433,0.04803513942813922
9,469,0.049025540155219934
9,493,0.04667092220574745
9,502,0.049997230049452245
9,506,0.06058524592265314
9,516,0.04766568086516621
106,70,0.07143564567298671
106,99,0.06146461015447194
106,144,0.063135687207299
106,152,0.0718622012827092
106,195,0.060932766663127295
106,199,0.08592848928160424
106,203,0.06835388861108152
106,272,0.06154477134734443
106,303,0.07106194766145256
106,348,0.06209401753210565
106,368,0.07129943411986542
106,371,0.06242127685698263
106,389,0.06139673374770857
106,401,0.08020038829162014
106,403,0.07566956194642903
106,405,0.06862465028330296
106,447,0.06189653563760269
106,484,0.06212775886509006
106,490,0.0625765908691443
106,509,0.06264855968751401
213,6,0.1871012754354329
213,10,0.1868918388760997
213,26,0.1878897688056756
213,45,0.17033436084982045
213,65,0.17719272812806455
213,67,0.12408159297082313
213,79,0.2500509265066232
213,80,0.10023355817724557
213,126,0.17610786820107494
213,132,0.20756758721374172
213,142,0.19467237955637495
213,151,0.23920474480013443
213,161,0.21295955855320675
213,165,0.18038661842323175
213,192,0.15536582999870946
213,193,0.12428544840621582
213,198,0.21975513339736413
213,201,0.19459294443305822
213,205,0.22895322820464253
213,217,0.1781948688052724
213,218,0.13888502172361777
213,225,0.18980289564275407
213,228,0.11906212117601285
213,231,0.19812492081131272
213,259,0.10850127862347206
213,300,0.21294751320103095
213,306,0.14995728471713823
213,307,0.14275352404680397
213,310,0.2115997314851392
213,315,0.19515995156331736
213,321,0.17124404367824164
213,342,0.09505310700893856
213,346,0.1505732811950297
213,349,0.11223714161193307
213,374,0.22042976262670572
213,387,0.22141919470344398
213,410,0.21522250354040875
213,413,0.19981852342529782
213,442,0.2299673690420321
213,453,0.12936928325330177
213,487,0.12121965520393893
213,491,0.164232194080731
213,497,0.17374795291180814
213,498,0.15482417218689346
213,504,0.2403093885786571
213,505,0.17949086918162524
213,507,0.13663337911094087
213,524,0.17938094630079243
483,11,0.12362522720186156
483,14,0.11113313865828704
483,19,0.17034886041837813
483,44,0.17661155728891334
483,48,0.19000106930902694
483,50,0.13241406189085292
483,59,0.17037554379834474
483,61,0.19756005322040404
483,96,0.1539520764581294
483,102,0.15311850979386993
483,108,0.16135411931652416
483,110,0.18338088116182946
483,111,0.14512659115359466
483,112,0.18923326297026802
483,126,0.17021241554918307
483,133,0.15221450076797452
483,160,0.14678371261963657
483,173,0.15913076114292116
483,182,0.16351855505370003
483,197,0.16295638382327318
483,200,0.15775509912090466
483,201,0.17069934455328548
483,209,0.12649785091897214
483,221,0.12872181013626158
483,234,0.139459757402302
483,240,0.16756711657090143
483,241,0.14290518390745674
483,244,0.19284921397825533
483,277,0.1948178149962519
483,292,0.13710429912509553
483,317,0.10469097665188272
483,319,0.16483736358649193
483,337,0.1698868992424043
483,366,0.1675450619992371
483,384,0.14887368779164403
483,389,0.13809967412964483
483,392,0.17560467916520922
483,398,0.17986479718319703
483,414,0.18204712102923454
483,420,0.1747257427256859
483,425,0.1623075564321051
483,428,0.17751172157069664
483,430,0.14928268754184124
483,437,0.1910868351054467
483,456,0.15998430523788107
483,473,0.18399351458425772
483,478,0.1330824905598352
483,492,0.2009585330222187
483,501,0.1427668669222465
483,511,0.19230455946591296
494,23,0.06799379275115681
494,35,0.059459835317193774
494,57,0.10294482316994018
494,66,0.10557280071511446
494,89,0.08968908773509819
494,93,0.10912605993413758
494,97,0.085797276865314
494,103,0.08032195887112968
494,107,0.07608531760340279
494,134,0.12822092005596755
494,135,0.06594163888905934
494,171,0.1284090378003897
494,174,0.11030647120517814
494,222,0.12600330939215026
494,269,0.1011581879119026
494,286,0.06076189823756077
494,293,0.050426131320274514
494,295,0.07437480359082096
494,305,0.12883818614120893
494,309,0.0827410060674546
494,327,0.10580719573191832
494,338,0.08426093799196763
494,345,0.10697701185959141
494,347,0.08858616763747694
494,377,0.11023486626322063
494,397,0.08275589922778674
494,400,0.1011043129750762
494,402,0.07758100245519388
494,406,0.10102318634555887
494,411,0.09984709672508171
494,424,0.09432745218255133
494,427,0.10499799166941909
494,454,0.09054090782635842
494,460,0.12843271741529627
494,475,0.0686840458530556
494,496,0.06475568491324515
494,512,0.10308725092031641
494,514,0.10467168915520147
494,517,0.10205636813138642
494,520,0.05737717317160243
494,522,0.08492816215676514
527,2,0.06706325793039801
527,12,0.06850631284855145
527,27,0.04280188865103777
527,31,0.09057359063408137
527,85,0.06114878020417677
527,89,0.08711455746062183
527,157,0.07391209865229864
527,166,0.0735589205637146
527,183,0.07147859993707058
527,186,0.0682045279600643
527,187,0.07537368558526393
527,188,0.05722114461176996
527,222,0.07501754217505822
527,223,0.07253937300519776
527,256,0.05183243299116993
527,264,0.05789468456312905
527,267,0.04965991399099251
527,282,0.04953954270996955
527,286,0.07225143124943577
527,299,0.08032449404110419
527,305,0.0844421015372223
527,309,0.0757439286158003
527,320,0.060725389387045844
527,327,0.07317835063212771
527,338,0.08018912577046804
527,357,0.0781047602607115
527,362,0.040148477772120106
527,377,0.07515100760146164
527,406,0.07690454545513685
527,469,0.05723308981854228
527,481,0.06021086391338209
527,493,0.06433018364487413
527,496,0.07700187692533436
527,514,0.07203562313885743
527,520,0.06147666737148332
527,522,0.07914552202173954
74,30,0.12861818182887577
74,32,0.11105084826343717
74,33,0.12469685711229844
74,38,0.11637421638142058
74,58,0.12454225096908345
74,62,0.11308918690486806
74,73,0.11382813799968355
74,93,0.13915181880788627
74,97,0.08670226862956093
74,103,0.0793515227013708
74,137,0.10211992979309824
74,148,0.11254236225359604
74,155,0.11218092684576991
74,166,0.09890027716266815
74,174,0.12996837427767344
74,179,0.11922572285048161
74,195,0.12011595653796185
74,207,0.13040982655314012
74,284,0.09406626397765977
74,289,0.10032811203049112
74,296,0.09565029679444184
74,306,0.11840398834780796
74,311,0.11832808190360217
74,359,0.14721812569851786
74,361,0.05509533360262819
74,370,0.1208587382387126
74,399,0.06389690149988034
74,402,0.06899251662029213
74,409,0.06425802590442439
74,427,0.11783601120670638
74,436,0.11751783312037609
74,440,0.12462674836204658
74,459,0.09414801529874695
74,464,0.12117272642242133
74,471,0.06826556591072562
74,474,0.08838285130602133
74,492,0.11326303677846444
74,512,0.12219980952661523
74,523,0.07791116892843819
74,528,0.094081803733154
134,2,0.06533564197970494
134,29,0.07924088087210046
134,30,0.12087299313407454
134,49,0.06471773947281136
134,57,0.1069500587795202
134,66,0.12234692853678192
134,71,0.08858595246541336
134,73,0.11791707294548462
134,89,0.0896556568457705
134,93,0.11667847020245996
134,97,0.08933814147641966
134,103,0.08087982175772157
134,107,0.07259210418682358
134,116,0.101835144104
134,128,0.08607027977956808
134,135,0.06866686495210847
134,138,0.09589758680417686
134,140,0.10225450908637411
134,150,0.121553590606432
134,157,0.07634823693982702
134,166,0.10572291435621387
134,171,0.13354110468057698
134,174,0.12679721799896537
134,177,0.09515105121745149
134,179,0.1207928660209129
134,184,0.11428655763807512
134,189,0.10383280558799456
134,195,0.1088297439866837
134,219,0.09457082074853647
134,222,0.11160025396942931
134,223,0.07790556820163212
134,232,0.09215797158729999
134,233,0.11495018808218035
134,235,0.09198480851794637
134,236,0.11163894821008655
134,238,0.09060272460795854
134,239,0.11256091373502153
134,250,0.11142440862299306
134,258,0.08164301442181342
134,281,0.06662109549028906
134,284,0.09867827096631306
134,290,0.10665399794513886
134,295,0.06984887669342582
134,305,0.129557211039303
134,309,0.08295880571968513
134,327,0.10721963396647845
134,332,0.11597226341842437
134,338,0.08252945503067952
134,341,0.09555258041883838
134,344,0.0707559940174043
134,345,0.09780616679179267
134,347,0.10045311559690773
134,356,0.07397047697348426
134,357,0.10456627119157373
134,367,0.11063716710356128
134,376,0.10181559479634522
134,377,0.12486334771347515
134,379,0.11872698324137675
134,391,0.10645291586862264
134,393,0.07986416627603708
134,400,0.11070775232242426
134,402,0.06783102266867858
134,406,0.11082573725160957
134,411,0.11250674309223024
134,424,0.10301851407165385
134,426,0.10162575831625066
134,427,0.1327414613842518
134,436,0.11222957349501574
134,440,0.13309228017889152
134,444,0.08217926672209484
134,458,0.09322741687626845
134,459,0.09407206179985461
134,460,0.11467868462394344
134,462,0.08627117864869271
134,467,0.09899963242534636
134,474,0.09444658242072293
134,486,0.11281442819010085
134,494,0.12822092005596755
134,502,0.07809228865319588
134,512,0.12170851785976958
134,514,0.1401254074200169
134,516,0.10489730278709947
134,517,0.10259725092197626
134,521,0.09521460096964768
134,523,0.07921449355000316
134,528,0.09920335606151263
188,2,0.056778069529919255
188,9,0.04692301687059021
188,27,0.046176136766694714
188,29,0.05715793589612258
188,31,0.056516264545407244
188,89,0.06846211488562073
188,186,0.05646420230999882
188,191,0.056371987277466104
188,223,0.0568369802997067
188,232,0.07573374577722457
188,235,0.05709335239907503
188,256,0.06128675549185853
188,264,0.06177132967640508
188,266,0.047905938335153414
188,327,0.05660356032875462
188,393,0.06353214381484877
188,421,0.06274392119568827
188,429,0.04709548054274984
188,469,0.08630760902758262
188,493,0.06349831886607468
188,500,0.060248171429829946
188,502,0.06977767654728793
188,506,0.05091547220252954
188,521,0.06116697102070516
188,525,0.059744232139617146
188,527,0.05722114461176996
333,3,0.08351165905764876
333,30,0.08020358674545225
333,37,0.08981297824736995
333,72,0.08820942270363015
333,81,0.0812431856551621
333,138,0.07952469132251855
333,143,0.06126194802902187
333,155,0.08297678314052527
333,163,0.07937053303777143
333,185,0.08582262841157795
333,252,0.07862276151138921
333,262,0.05682135538877979
333,283,0.09067344950560738
333,308,0.0840835786456549
333,339,0.08049040590484344
333,341,0.08174009845023654
333,375,0.07855256927565721
333,408,0.07924731870089921
333,419,0.09097251956849961
333,422,0.079243576702021
333,423,0.07911382851479477
333,426,0.08351538301774193
333,495,0.08400330593623852
333,503,0.08135574423022973
497,14,0.1448109650784785
497,67,0.1478317284558682
497,79,0.1740677329422395
497,94,0.12285209168455576
497,142,0.23969720151677978
497,151,0.16360279766938682
497,161,0.15596999401588885
497,167,0.06972533346371014
497,181,0.09468328022869245
497,192,0.22630462847414665
497,198,0.24818862820216714
497,201,0.1552356376742887
497,213,0.17374795291180814
497,215,0.13664954404624366
497,218,0.17831418307700977
497,225,0.23956134041286223
497,228,0.1331796407877359
497,300,0.17440851805057633
497,303,0.11382575901876685
497,307,0.1302901909299518
497,310,0.20134530662463077
497,340,0.10583734567462558
497,346,0.17180496867993852
497,374,0.15632973161900007
497,387,0.2197348217587125
497,410,0.18882001098492007
497,431,0.10197934935302012
497,434,0.11834261643975644
497,438,0.10636209751843931
497,442,0.15590645702804176
497,453,0.17030804142819084
497,491,0.23576031783923895
497,504,0.16799410553616204
130,18,0.11887586966754057
130,33,0.1347578018220415
130,36,0.09066512504690866
130,38,0.12881727823580047
130,52,0.09327487630004533
130,73,0.12947510730082148
130,93,0.13700627366896795
130,124,0.12522165382495604
130,147,0.13648118611129476
130,150,0.12495419412251192
130,177,0.09458870169894083
130,179,0.13467142190315448
130,185,0.11103437797076511
130,194,0.14198810773117357
130,219,0.09418196580922171
130,233,0.1257940225524446
130,236,0.12122290937899578
130,290,0.11023729884749717
130,306,0.12616019879403012
130,308,0.1437432896982782
130,359,0.12507065700230965
130,370,0.13686810545534242
130,379,0.1255308535838146
130,381,0.08879306104933406
130,386,0.12587123442294884
130,423,0.1256975876042841
130,426,0.1052191405640338
130,440,0.1284534995248964
130,441,0.12207328269185443
130,464,0.13781348713226294
130,480,0.1231756571496053
130,503,0.13628596312359095
130,508,0.11534914877152241
407,8,0.14921574865264473
407,19,0.15089926374267834
407,22,0.07558642635636482
407,34,0.1587809967166376
407,42,0.12467959404302065
407,48,0.1485391208899059
407,53,0.1377654030249576
407,61,0.15373012038240627
407,87,0.14553468459076796
407,95,0.07562734015495702
407,96,0.14714346453949956
407,110,0.15543510190391488
407,119,0.15117922447748486
407,121,0.14245527265007807
407,148,0.11319007925790844
407,173,0.15393773688921564
407,209,0.13570900745492434
407,229,0.10817455577736221
407,234,0.14127254356961857
407,241,0.13063873207346968
407,261,0.07466656371949913
407,272,0.10707268668370752
407,278,0.1660245609021712
407,280,0.1499692213948999
407,298,0.09595531729767498
407,317,0.11002091398028571
407,336,0.16018747796792512
407,337,0.16819365197349126
407,348,0.09164051246726995
407,371,0.13659841738591777
407,384,0.14516441044059053
407,394,0.1214171240501651
407,414,0.15674304269476239
407,420,0.16253050676803182
407,425,0.1473352435150783
407,449,0.12937886621866176
407,456,0.14948730907577526
407,479,0.15087638937996412
407,484,0.1243956198533133
407,526,0.15336596825559368
407,529,0.10984835583559074
407,531,0.09384057439251342
492,17,0.09556102863817477
492,19,0.16176849257004772
492,38,0.14836234464911136
492,42,0.11879595787616648
492,59,0.17331117161378784
492,74,0.11326303677846444
492,76,0.09829225334859083
492,87,0.16478557442118624
492,112,0.16543486885373146
492,127,0.1271099679997085
492,148,0.12412050438396857
492,160,0.14112607790625192
492,173,0.15764812639602252
492,182,0.16189087386353596
492,195,0.1094770995465673
492,200,0.1485656779030902
492,209,0.13655824131799693
492,240,0.16399014359252517
492,241,0.1338394607950626
492,244,0.19856391008254987
492,277,0.17556851482315866
492,278,0.1652353967291717
492,289,0.09937400387398254
492,297,0.09920982641729692
492,301,0.13321073012787704
492,319,0.1598209339473029
492,330,0.10787221781598917
492,345,0.09716386071505145
492,354,0.1578935984825321
492,366,0.15862758959757534
492,372,0.15174587387032407
492,385,0.10637506069047692
492,392,0.20395279679039444
492,398,0.18065254981233494
492,414,0.165840613295208
492,420,0.1703506731467408
492,428,0.16109012304560377
492,430,0.14158511041322097
492,437,0.15914275750224063
492,473,0.15815557308433306
492,478,0.13858512307334883
492,483,0.2009585330222187
492,505,0.1598982289379861
81,5,0.047976257931109816
81,13,0.054635309653194616
81,36,0.09059976315751754
81,46,0.10641477949007784
81,58,0.1001332754363553
81,72,0.10222133248000938
81,73,0.09989739968015987
81,84,0.059646052909632444
81,100,0.09015426589641815
81,103,0.08046723802165516
81,118,0.07238942019781533
81,125,0.07100610921088125
81,131,0.06312751048967224
81,138,0.09995141293177244
81,144,0.06085964996883097
81,146,0.10585391969811771
81,154,0.06398124200612366
81,155,0.09859427141739456
81,156,0.06135304612735797
81,164,0.058986293386472335
81,170,0.08755719898646545
81,179,0.09891482891515425
81,189,0.09976590007861168
81,207,0.1087192560810989
81,216,0.07867511891481874
81,237,0.06377394240850238
81,238,0.09118101475665667
81,283,0.10890776564097551
81,284,0.0976805903297111
81,322,0.05094196303710473
81,323,0.06281747192519041
81,329,0.09897348832534875
81,333,0.0812431856551621
81,339,0.104183589747589
81,353,0.062186562648528086
81,356,0.07118614677775324
81,375,0.07213906632431873
81,391,0.10023658974630427
81,396,0.08029932459450105
81,409,0.06330990111518743
81,412,0.07466102644302526
81,416,0.08399691563003786
81,418,0.09986727437391614
81,419,0.10156806990694328
81,422,0.08603565132443973
81,448,0.08248506201063179
81,455,0.096501183927922
81,457,0.08790953396648149
81,458,0.09071827915168382
81,466,0.060941098967619615
81,468,0.05702490046788166
81,476,0.06857966063555766
81,485,0.08361104480777687
81,486,0.12247029918020638
81,513,0.10956342151205108
81,516,0.10185790512483724
81,532,0.0755586602304848
238,4,0.05839235804940965
238,30,0.09564531172168943
238,46,0.09641522020634567
238,47,0.06894654723496414
238,63,0.053580850608995416
238,66,0.08892107151576839
238,68,0.0820180979667473
238,81,0.09118101475665667
238,125,0.07070687019738492
238,134,0.09060272460795854
238,153,0.0567041456319231
238,155,0.08963608018743154
238,180,0.051101453628710235
238,186,0.0642271129967097
238,189,0.0933526179650785
238,207,0.0897149571458848
238,210,0.07870465073236699
238,226,0.06081190905462206
238,237,0.06799911110610975
238,246,0.0673405231476321
238,248,0.06562448189431988
238,271,0.061263500682861176
238,274,0.0921408880753223
238,283,0.09030892997266739
238,295,0.07329078284544953
238,302,0.06390849895205974
238,305,0.08886344033464502
238,309,0.08504667421948742
238,322,0.05112742493572198
238,323,0.06512809733259886
238,327,0.09914276032523592
238,331,0.06750093247352786
238,339,0.09157156146037936
238,343,0.06302228406348571
238,363,0.0647265348642969
238,365,0.05147236994346501
238,396,0.07859769590400147
238,397,0.07807020361905091
238,400,0.10065096915895286
238,424,0.09430196277022734
238,460,0.09166841874546082
238,475,0.06979765163632311
238,486,0.10151520522305822
238,506,0.05245729847632489
238,513,0.10350365988889632
238,516,0.09887278884202189
238,518,0.09181100574444752
362,89,0.03966359662757414
362,94,0.038611486043658376
362,113,0.048157463048222514
362,183,0.038406847615493206
362,190,0.04509317982852236
362,229,0.039817300988895535
362,273,0.03995100722208358
362,313,0.03845340999911841
362,340,0.04161458523587971
362,341,0.03968126921006321
362,364,0.04858481840751008
362,431,0.0418934039753533
362,438,0.042848208421970485
362,452,0.05526550944412317
362,463,0.04250998661460981
362,472,0.04285723739914448
362,488,0.04343035672279742
362,516,0.03857222072023347
362,520,0.038290988297074204
362,527,0.040148477772120106
472,14,0.09512616422460611
472,64,0.06454098714094274
472,67,0.0981879251404053
472,94,0.1423828316895044
472,113,0.1083540268395963
472,167,0.09433990543613203
472,181,0.1049186414827583
472,190,0.12906131192161122
472,192,0.0922989325553022
472,214,0.0758044324168246
472,215,0.11446870080486585
472,218,0.09811161890742424
472,228,0.1033374738615974
472,273,0.10271171470332942
472,313,0.06942071599759905
472,340,0.09893199079404265
472,362,0.04285723739914448
472,364,0.05683098021006776
472,431,0.11572331904424506
472,434,0.10889243696696849
472,438,0.1278556971625283
472,452,0.05966200571240532
472,453,0.10236347269943219
472,463,0.13940981827953844
472,488,0.12509788599662144
472,491,0.09741161664354207
152,55,0.10529278541227206
152,59,0.10440327950489632
152,70,0.11090873215901248
152,106,0.0718622012827092
152,127,0.10401316339609738
152,132,0.10234404174331034
152,139,0.1093100952946811
152,144,0.06351975417747042
152,173,0.10240776423759798
152,182,0.09948084509335385
152,199,0.14860024684796014
152,212,0.10005489832394956
152,303,0.14003344028978262
152,354,0.10323585604069052
152,368,0.10300976851234366
152,401,0.12714847960168915
152,403,0.10966861132888882
152,430,0.10549566298330934
152,439,0.09877715530474404
152,473,0.09886618404490197
152,477,0.09902987909247174
152,505,0.10237053913445196
199,19,0.09011473297047966
199,55,0.10087499708929677
199,59,0.08909543559239937
199,70,0.11369931033345286
199,83,0.08962084190635118
199,106,0.08592848928160424
199,127,0.09287762281025007
199,132,0.09153795268377218
199,139,0.10391530492629583
199,144,0.06619177457363955
199,152,0.14860024684796014
199,173,0.09166417040234265
199,212,0.08854702586665611
199,303,0.1314233929488756
199,326,0.09646490818445651
199,368,0.11234331955352163
199,401,0.15229203698130825
199,403,0.12787550848231338
199,477,0.08996017603346172
199,487,0.09433004558026051
199,505,0.09052201963732608
199,507,0.08862509612320195
403,19,0.09485432432158365
403,55,0.10818021680200891
403,70,0.09314543953460752
403,87,0.09418976439657616
403,106,0.07566956194642903
403,127,0.09664050953020442
403,133,0.09171994214919063
403,139,0.09814755930044097
403,144,0.06687892294777462
403,152,0.10966861132888882
403,165,0.09162387746560832
403,199,0.12787550848231338
403,244,0.09364937204443391
403,278,0.09191304070638721
403,303,0.1137641415765307
403,318,0.09565211696558742
403,326,0.0951092125748945
403,366,0.09378926897957374
403,368,0.09929707375020773
403,401,0.11815820499683215
403,464,0.09255565720187657
403,505,0.09343800379712877
450,28,0.16750173511454716
450,48,0.1535573285374624
450,61,0.15845558023868672
450,83,0.1651576735371758
450,102,0.15564709682439554
450,161,0.15114076249615127
450,165,0.15556862323541004
450,200,0.17156538377462643
450,201,0.15056570407603817
450,241,0.1322344276123966
450,277,0.1508256625229955
450,278,0.1545854344965015
450,312,0.15968530210422327
450,315,0.16067788893569196
450,317,0.10742033435289441
450,319,0.16463139904862686
450,354,0.15880710280630236
450,366,0.1636971875485413
450,398,0.1759544168154579
450,437,0.15453151498371073
450,456,0.16005700226489866
450,487,0.12226749672424514
450,505,0.15057423637362713
12,2,0.06624266973727519
12,27,0.04214783904288119
12,29,0.06097916425274074
12,31,0.0577669415971753
12,89,0.06379202606840442
12,135,0.05816362628879717
12,176,0.049366024903484185
12,186,0.06419637976693587
12,187,0.06613588882213917
12,191,0.06108824617485299
12,223,0.06315013365357838
12,256,0.056880319121112424
12,264,0.058832079354004495
12,282,0.052874349139422606
12,299,0.05913635656834306
12,305,0.06324516892143271
12,327,0.06760902678214915
12,338,0.05846026867486057
12,351,0.05451324744331085
12,369,0.05030284195561656
12,393,0.059593615655828526
12,421,0.05755934949694108
12,502,0.058696277006721094
12,516,0.061220714683895526
12,520,0.05681894151718089
12,521,0.0614991808525149
12,527,0.06850631284855145
38,15,0.12408195646571005
38,18,0.11174875535342646
38,30,0.1297553046796367
38,33,0.12844906222728353
38,73,0.13196873849103585
38,74,0.11637421638142058
38,86,0.1398921155022935
38,90,0.16981790793794554
38,93,0.12883480190372998
38,124,0.16818882269434055
38,130,0.12881727823580047
38,147,0.1263089809190131
38,150,0.12505311637065164
38,165,0.14973057994724512
38,174,0.1386467046512652
38,179,0.13771786635805197
38,194,0.1368880049657211
38,205,0.14990324053858578
38,217,0.18277234982364457
38,233,0.16133009556143124
38,249,0.1374609759673225
38,253,0.12870204144451403
38,269,0.14396202064641303
38,294,0.1181347111334378
38,300,0.1423253057665319
38,306,0.16169414200044133
38,311,0.12382300698177252
38,332,0.12327694937555171
38,352,0.14937283233533577
38,354,0.14292737578381542
38,355,0.11388161485619422
38,358,0.08572955543574008
38,359,0.1377116486059289
38,370,0.15185499100714112
38,379,0.12546285063675922
38,386,0.1912065026314874
38,423,0.1516680373833373
38,427,0.12927245366018864
38,442,0.15324305091135068
38,464,0.15366135427339267
38,477,0.17534455471331256
38,492,0.14836234464911136
38,503,0.13307330421886981
38,505,0.1444929156539522
38,508,0.11706330974848721
38,515,0.1321543427455886
38,524,0.1639844978935076
89,2,0.06957733167432145
89,4,0.05929343437666249
89,12,0.06379202606840442
89,27,0.04305027080511196
89,31,0.07003134658399562
89,54,0.07113824456472914
89,66,0.08809570351275939
89,107,0.0819635595945934
89,134,0.0896556568457705
89,157,0.08245994075111436
89,171,0.08450412557869491
89,175,0.06755748560007996
89,187,0.06603501870880449
89,188,0.06846211488562073
89,191,0.05490907985393825
89,222,0.09074154893253047
89,232,0.08740145925001548
89,256,0.053795245507656055
89,257,0.05294130077000798
89,264,0.05892965218432511
89,266,0.04497336192309706
89,285,0.06285167497494802
89,286,0.06071680234205971
89,293,0.05850035339715084
89,299,0.06325497476795956
89,305,0.09170106780113531
89,327,0.09518930425362486
89,338,0.07958973655684709
89,351,0.054145682090026764
89,357,0.08483004740948706
89,362,0.03966359662757414
89,377,0.09165603377974002
89,406,0.0830507879628724
89,411,0.08690879469301296
89,421,0.06871108065820412
89,424,0.09306279249580594
89,444,0.08810460705087034
89,454,0.08689780229972748
89,465,0.08876939700094329
89,469,0.06564017502670676
89,481,0.05829551214977346
89,493,0.083030911066952
89,494,0.08968908773509819
89,496,0.0641777127475945
89,500,0.07492426476331948
89,502,0.07887038740625138
89,520,0.06057424244563841
89,521,0.10177282243285628
89,525,0.06371629812472279
89,527,0.08711455746062183
313,53,0.06864361494483057
313,64,0.06800565786670384
313,70,0.0697861203092671
313,94,0.07017711110417373
313,203,0.06697970318692238
313,215,0.07189737218409212
313,228,0.06698865934406587
313,229,0.07147714976457091
313,251,0.07248920157449107
313,259,0.06716072688692407
313,272,0.06871337251508
313,340,0.06691267675155692
313,348,0.07415800820148498
313,350,0.0692568740502253
313,362,0.03845340999911841
313,368,0.07059581506764492
313,371,0.06887978703992134
313,438,0.06901640218196935
313,472,0.06942071599759905
313,490,0.07021958771182259
313,509,0.07147901683981352
384,17,0.09644586482598308
384,19,0.14455941497577987
384,22,0.07833279793386907
384,34,0.1423255162827265
384,59,0.14963619690114544
384,61,0.14541863312679548
384,76,0.09409315904145307
384,87,0.14032012618558332
384,96,0.14044467682933945
384,99,0.11986300322362903
384,110,0.1446866438603921
384,119,0.14326797125295324
384,123,0.11432528052617637
384,133,0.14525797561487042
384,240,0.1455090974844051
384,244,0.14398220644056536
384,278,0.13945897172556404
384,337,0.14895395330768932
384,371,0.13385893470090982
384,407,0.14516441044059053
384,420,0.16579090766017385
384,425,0.15433338071086347
384,439,0.14174314477747335
384,446,0.09074987351920309
384,478,0.13589223810139484
384,479,0.13918490089656815
384,483,0.14887368779164403
384,490,0.13738942062632797
384,511,0.16040585736571397
476,1,0.02334079748519884
476,24,0.07070434091117614
476,40,0.05079677481343071
476,46,0.07162545565861766
476,81,0.06857966063555766
476,82,0.06041044276342978
476,93,0.06877507443713349
476,97,0.06714089937332267
476,103,0.07606062707168056
476,137,0.07041507345182221
476,163,0.06743984995572465
476,169,0.05170167979842681
476,170,0.06795616335994742
476,216,0.06737953556354996
476,224,0.0714455030447823
476,255,0.06102102565060616
476,270,0.05539831360725361
476,279,0.07157502230254942
476,297,0.06672110827242513
476,339,0.07059534154976677
476,345,0.06861193618752716
476,411,0.06724876207105038
476,454,0.066735391434431
476,455,0.07058161576857759
476,474,0.06843055866302872
476,513,0.06949909844352488
66,30,0.11358544138196967
66,54,0.06989385693244864
66,86,0.11092581492425933
66,89,0.08809570351275939
66,116,0.10459877682794749
66,122,0.1234376446010483
66,128,0.07972397406458295
66,134,0.12234692853678192
66,147,0.11926654393652766
66,157,0.07876543368305372
66,171,0.11448919401096423
66,174,0.11174636229178397
66,187,0.06324215656954367
66,222,0.11788892232676143
66,238,0.08892107151576839
66,260,0.11385008546934607
66,286,0.0628117003591359
66,290,0.10288923587962498
66,305,0.10854921951689353
66,314,0.04295626023613824
66,327,0.10115357493823483
66,332,0.13305096075034611
66,338,0.0803108227097425
66,341,0.08755934306376727
66,357,0.10547555324600742
66,370,0.11653395087564435
66,377,0.13011869288874456
66,400,0.11611125557288465
66,406,0.1270066884404835
66,411,0.09762707949485677
66,424,0.10164079219096897
66,440,0.1287963547658675
66,441,0.10994052369884807
66,444,0.08792667269593515
66,459,0.10372285648949484
66,460,0.11020211363838074
66,464,0.11279066982547335
66,494,0.10557280071511446
66,500,0.06970636843116969
66,512,0.14037166060988604
66,514,0.12378983250567607
66,517,0.10369582725516295
66,521,0.08972688008896632
66,522,0.08620416310089572
381,1,0.02342779231236099
381,15,0.09189079255616472
381,52,0.09048839625593409
381,93,0.08706609638765542
381,130,0.08879306104933406
381,174,0.09344320619710735
381,177,0.08781159942938493
381,179,0.08925912388817508
381,185,0.08873250047933753
381,194,0.0920951460191896
381,207,0.08990390441665824
381,236,0.09913417917508412
381,269,0.08872723323432348
381,290,0.08895966378338101
381,294,0.08754374077565971
381,406,0.08758552602200917
381,423,0.09181207396749744
381,440,0.09059680831839592
381,441,0.08919173017714513
381,462,0.0857955819183524
381,508,0.08948418632505498
381,514,0.08831832744864306
93,15,0.12252532583997335
93,18,0.12054434103523573
93,24,0.09189781275413879
93,32,0.11634121137950929
93,33,0.14129893307503452
93,38,0.12883480190372998
93,57,0.11117452112499851
93,73,0.1338361743201842
93,74,0.13915181880788627
93,97,0.09039178547075258
93,103,0.07863875483303473
93,130,0.13700627366896795
93,134,0.11667847020245996
93,137,0.09597746353497945
93,147,0.13813168475170265
93,169,0.048918415368972644
93,171,0.1326349128529632
93,174,0.13436509537648328
93,179,0.12900108851763353
93,195,0.10772410144702883
93,207,0.1237109908860072
93,222,0.10603224137314896
93,232,0.08839158933979364
93,233,0.13633655019654353
93,250,0.1098971499757611
93,253,0.1457863425667911
93,294,0.1239786832726592
93,306,0.13153608986201723
93,308,0.11322479823265164
93,311,0.13230368448353375
93,332,0.12125156910443143
93,345,0.09513371381900494
93,359,0.14854368448706434
93,367,0.10893126053950246
93,370,0.1539416253629392
93,379,0.1280265130585621
93,381,0.08706609638765542
93,395,0.10885912334350525
93,402,0.06808334346730298
93,411,0.093571967697615
93,426,0.10811595665265297
93,427,0.13789890936181057
93,436,0.10909249746288961
93,440,0.13189275704370132
93,441,0.12958970423280922
93,459,0.09284282651424086
93,460,0.10648414820872953
93,464,0.13266127666910124
93,467,0.09645676822887084
93,476,0.06877507443713349
93,480,0.12497714595744969
93,494,0.10912605993413758
93,499,0.10283847198172062
93,512,0.13495389631792057
93,517,0.11294859439384086
93,523,0.08261144332643296
118,1,0.023650231017287797
118,24,0.06911203762769837
118,40,0.0462129958059204
118,60,0.07633914279155414
118,62,0.07320543249001957
118,71,0.07152744599670648
118,73,0.06886931113795626
118,81,0.07238942019781533
118,169,0.048438578753301015
118,216,0.07069103305586666
118,230,0.07070217313073632
118,254,0.07432931958347953
118,283,0.06919723246636204
118,289,0.06982334162825167
118,305,0.07287072252524557
118,339,0.07365252405556474
118,341,0.06882287570062814
118,359,0.0689923630930658
118,391,0.07088097668524264
118,436,0.07079943140546172
118,486,0.06941399827032085
118,513,0.0755391724008574
118,516,0.07040046372297376
154,9,0.04669008316892674
154,20,0.046395996516862756
154,43,0.050361429777633714
154,63,0.052431728898650304
154,81,0.06398124200612366
154,101,0.04129456087021647
154,105,0.06154943250715336
154,136,0.049550171957597935
154,140,0.06776639942035927
154,145,0.04334864558595546
154,191,0.05448250959244924
154,206,0.05522752255057134
154,216,0.0643470908719277
154,252,0.0662533510772613
154,258,0.06332863979327145
154,262,0.05699940808174314
154,283,0.0649139242906421
154,324,0.06519055464999575
154,341,0.06605549046087977
154,347,0.06773505893791772
154,391,0.07012214502292835
154,397,0.06637807984671797
154,408,0.06615371961947526
154,422,0.06866485320633307
154,445,0.06434238119532457
154,448,0.07705243508743845
154,455,0.06644062913049115
154,458,0.06440032692429393
154,485,0.07454879386362265
154,495,0.07730128116188612
154,513,0.06510352290227069
458,3,0.09180766021455132
458,63,0.054745037549995136
458,73,0.09748858002752393
458,81,0.09071827915168382
458,85,0.05905912645894717
458,116,0.09888572268349258
458,131,0.0633173705186324
458,134,0.09322741687626845
458,140,0.10075014631910904
458,143,0.06118353166700194
458,146,0.09194426640451539
458,147,0.09071114472731608
458,154,0.06440032692429393
458,155,0.09266633351856059
458,163,0.10048106046778467
458,164,0.058776637946439614
458,169,0.04842933587867514
458,171,0.09628872209686304
458,248,0.06315824169954783
458,250,0.11251605321902557
458,258,0.08121175443943879
458,283,0.09563430222734562
458,347,0.0916521415699192
458,363,0.060448287545620975
458,412,0.07724237280217836
458,416,0.07937671696805469
458,419,0.0913885841536447
458,426,0.09207236957683815
458,445,0.07369347019812648
458,459,0.08956448149175446
458,460,0.09514744860147106
458,485,0.078134096635286
458,495,0.09055770523802546
458,512,0.09257867220909023
162,21,0.13441444877448172
162,34,0.14071885087902808
162,50,0.13237138320667902
162,61,0.14712992390884091
162,69,0.10621306833633466
162,76,0.09618687583568607
162,87,0.15210466167069495
162,96,0.13574342782213433
162,99,0.12281917186645736
162,111,0.1346965445210589
162,121,0.13564004148467868
162,133,0.13579444254785858
162,149,0.0771325697562115
162,160,0.13391233381681092
162,197,0.17443359492686797
162,244,0.14590132991027727
162,325,0.07742851206484938
162,337,0.13380149774052533
162,366,0.13508864387038402
162,385,0.10598349523539077
162,388,0.09473545403135002
162,398,0.13991289396010098
162,425,0.1339476022727641
162,437,0.13414427949686736
162,439,0.1335309966415471
162,456,0.16370651907940614
162,478,0.13588608257316795
162,484,0.11485943748819491
162,489,0.13137251767054997
162,511,0.13319185169331405
162,529,0.11313676797023163
162,531,0.09154058196579527
332,38,0.12327694937555171
332,66,0.13305096075034611
332,93,0.12125156910443143
332,122,0.12380055098042272
332,124,0.11971586404087732
332,134,0.11597226341842437
332,147,0.12897088373394197
332,150,0.12682625308906367
332,166,0.09873999285399594
332,174,0.13274050388474185
332,179,0.12363288311210016
332,193,0.11678580249505376
332,233,0.13555076653178916
332,260,0.11950159093448817
332,290,0.1076766684782067
332,306,0.13355845897328464
332,342,0.09477304005630674
332,359,0.148124433200958
332,367,0.11264654799599508
332,370,0.14720658229085312
332,377,0.1254331729821095
332,378,0.11159746301013598
332,395,0.10216975483985313
332,400,0.09723498092741507
332,406,0.11347384166741344
332,440,0.15043052786690084
332,459,0.094712789812742
332,464,0.14304657605054952
332,480,0.12621606746991124
332,499,0.10139094121388087
332,512,0.15651275139498388
332,514,0.1318728304313501
332,522,0.08562574162402532
344,23,0.06612276316067156
344,30,0.07815355931032879
344,37,0.07303182764206613
344,40,0.04439647807114526
344,53,0.07051011382209305
344,120,0.06993826680949691
344,134,0.0707559940174043
344,135,0.06766389311523963
344,137,0.08121989584702316
344,140,0.06988961578599384
344,148,0.07021896003338365
344,184,0.07577988100173827
344,208,0.07050939794331382
344,263,0.07083938102427649
344,270,0.04861774373715676
344,291,0.07515144250249804
344,295,0.06891148943929727
344,297,0.0744207389888144
344,334,0.08045290650356723
344,345,0.08159878637216435
344,391,0.07551179257697462
344,404,0.06308340909052378
344,417,0.06969907396785859
344,449,0.07089194559369957
344,454,0.07360010520703238
344,523,0.07127779698519422
376,3,0.09431302910454253
376,124,0.09618703482307821
376,128,0.07855563963554198
376,134,0.10181559479634522
376,135,0.06630706528770747
376,136,0.0529218802144631
376,144,0.06324568286712882
376,155,0.09475531407703905
376,172,0.08531676299043038
376,179,0.09932445988065308
376,194,0.10321522089011931
376,207,0.10259542250924464
376,230,0.0966240768616655
376,233,0.09494140115333187
376,250,0.10131488328116033
376,306,0.0954956219451457
376,379,0.10154905176632133
376,391,0.09981711646374702
376,418,0.10433199861258433
376,427,0.10479004989425378
376,436,0.09937141743596546
376,440,0.09949376906382083
376,480,0.0956032419797481
376,499,0.096356683121842
376,502,0.07656388490716896
376,513,0.10509716235833173
49,5,0.057834540429187675
49,41,0.054096351644490615
49,43,0.050637018388835414
49,47,0.061627052639599306
49,107,0.06649629475384208
49,116,0.06283750630607088
49,125,0.06469115956905776
49,134,0.06471773947281136
49,138,0.0634072938864918
49,157,0.06571926119166978
49,176,0.05095205037412201
49,189,0.06357601832459248
49,248,0.06281053295541109
49,309,0.07139423108462298
49,327,0.06693828088189989
49,343,0.0679027123529086
49,351,0.051509476040112405
49,357,0.0629566801857555
49,360,0.03135081347379353
49,383,0.05349378851983447
49,397,0.06724349537973598
49,400,0.06764237133670573
49,411,0.06845114568727138
49,424,0.0680145284491075
49,435,0.0694378876181653
49,444,0.06725207734519008
49,486,0.0639228427732545
49,520,0.05759620810572066
49,521,0.06326860987985837
58,3,0.11325259797063394
58,18,0.11097123228470737
58,30,0.11305691365415062
58,33,0.1100858703167773
58,36,0.09885033253815587
58,60,0.09093599299573393
58,62,0.12488579213239728
58,72,0.09862505790073771
58,73,0.1251204530264117
58,74,0.12454225096908345
58,81,0.1001332754363553
58,124,0.11671546820598049
58,137,0.10136560884924471
58,140,0.10226377272211087
58,146,0.11335035088737744
58,150,0.11283585884957328
58,155,0.11356410160671021
58,170,0.09160761839657279
58,179,0.1193646741065476
58,207,0.12134350484525702
58,230,0.11315569833196586
58,283,0.11019347058204193
58,289,0.11546300136463866
58,324,0.10471021766292668
58,325,0.07344391422766093
58,329,0.1201019353090751
58,356,0.07132829585565918
58,359,0.12250609213608671
58,361,0.05744727397929138
58,412,0.07084355567405538
58,416,0.0757568513898572
58,436,0.10840372427712011
58,448,0.08084323234647342
58,455,0.09854784401871718
58,480,0.11262560908900023
58,503,0.11681184781955434
58,513,0.10842595126149308
58,528,0.10224610152188496
507,6,0.1406569305955825
507,45,0.1384189318553949
507,80,0.0993525693695277
507,98,0.05772802882963023
507,132,0.13450662250684597
507,139,0.13413958690073904
507,142,0.1327626744483927
507,151,0.13262196477213103
507,173,0.13041686005478914
507,183,0.10755686415802945
507,193,0.13768028744196745
507,199,0.08862509612320195
507,213,0.13663337911094087
507,218,0.12924102892197253
507,225,0.1291060554870934
507,231,0.1469031205131213
507,254,0.10571683312696997
507,259,0.13879495006408926
507,318,0.1296443648648681
507,321,0.16111461969624427
507,342,0.11508295293337842
507,349,0.14341013349172624
507,374,0.1556697656946871
507,387,0.12986053922583934
507,449,0.11431555995273562
507,487,0.13884542154866575
507,498,0.13088460229147628
507,510,0.06898311310881747
507,522,0.09381312089362474
50,8,0.15252804296076902
50,17,0.10338184234912948
50,34,0.13776728392074797
50,42,0.13209888322385474
50,44,0.14816364338868762
50,87,0.14458736707155878
50,123,0.12891944718625487
50,149,0.08042668945015385
50,162,0.13237138320667902
50,168,0.1030104845512937
50,197,0.14118728634835206
50,211,0.0725284542647743
50,234,0.1333894486335629
50,277,0.1361038006084815
50,278,0.1404074222118773
50,288,0.13923864625659482
50,319,0.13675504945452402
50,366,0.1378236150823261
50,373,0.06551623336553952
50,382,0.09183519216811456
50,390,0.10256296154813416
50,392,0.13274368069221182
50,398,0.13597074736591833
50,428,0.15803837946411112
50,437,0.13438503121673262
50,456,0.14898661523670023
50,473,0.13856490792988868
50,478,0.1326880242260001
50,483,0.13241406189085292
50,529,0.12138731979429497
73,3,0.10833664614947289
73,18,0.11267844788221627
73,25,0.1141145753458597
73,33,0.13072679228905185
73,38,0.13196873849103585
73,58,0.1251204530264117
73,62,0.10775576819228042
73,74,0.11382813799968355
73,81,0.09989739968015987
73,86,0.13778799811721962
73,93,0.1338361743201842
73,118,0.06886931113795626
73,122,0.13201963248618492
73,124,0.1504154928150036
73,130,0.12947510730082148
73,134,0.11791707294548462
73,140,0.10882487508110449
73,146,0.12740725834476105
73,147,0.12485466446741508
73,155,0.12605960102590458
73,163,0.13229835998159353
73,171,0.1348527773694868
73,177,0.101145809114738
73,184,0.132682710727236
73,185,0.10453277722958008
73,207,0.12334975473482053
73,208,0.10966746333754968
73,220,0.12336357856335456
73,230,0.1324698092551502
73,233,0.12922026588248475
73,250,0.10195190142995424
73,254,0.11256683161909421
73,263,0.12147749217283027
73,269,0.1318775364347956
73,283,0.12183005986341133
73,306,0.13393466406446417
73,324,0.0990510080933198
73,329,0.11719155021751433
73,339,0.11830478447516268
73,355,0.12274352896857593
73,359,0.1296541439196074
73,370,0.1522475912588361
73,378,0.11181564471232262
73,416,0.07579338666783829
73,418,0.1311828798570307
73,423,0.12432341841510358
73,426,0.10206948777195234
73,427,0.1464408704382403
73,441,0.1268724464990976
73,451,0.1031322955520936
73,458,0.09748858002752393
73,460,0.10981380426193063
73,480,0.12477588690051407
73,508,0.12196347830997976
73,512,0.13134843981949018
73,515,0.13045307009862722
73,517,0.11780873796950303
394,11,0.12586712026158273
394,21,0.13295477726916594
394,69,0.11058634543951684
394,78,0.09981343015887635
394,87,0.12268732991917816
394,88,0.07441631733309512
394,95,0.07653184611487567
394,99,0.1144282281424926
394,104,0.12544779958425784
394,158,0.09365270888729164
394,159,0.14383131575061756
394,160,0.12441625025603464
394,197,0.12462095791397702
394,203,0.08186185188319184
394,211,0.07373205267699333
394,221,0.12125854881322713
394,229,0.10431159841271354
394,242,0.1027627322021876
394,244,0.13725788712749296
394,245,0.12670589832424223
394,261,0.07170086462644427
394,265,0.09247316456397071
394,272,0.11403551943066217
394,276,0.07854544123935053
394,292,0.121949847659631
394,297,0.10610320403941613
394,304,0.13995451820768343
394,316,0.07614860026492075
394,325,0.07114942795663358
394,328,0.08127474969150193
394,336,0.13946139195765397
394,371,0.1367062869988721
394,385,0.11552211755850064
394,388,0.09871357034926657
394,390,0.09907489328872061
394,407,0.1214171240501651
394,414,0.12322093471966046
394,420,0.13172698553912193
394,443,0.07295247386396253
394,446,0.09179361706204114
394,456,0.12057732564976643
394,461,0.09437030027739426
394,484,0.12458949962510446
394,490,0.13446943944304088
394,509,0.10059909410169171
394,531,0.10327120849958056
471,30,0.07038308510019228
471,51,0.07836190190811121
471,74,0.06826556591072562
471,76,0.07005537071803673
471,97,0.07243346445141956
471,137,0.06972656388477629
471,146,0.07071707447777607
471,155,0.0690123186148804
471,163,0.06849262826723924
471,172,0.07930668092072349
471,195,0.06965611291116187
471,206,0.052590612284617644
471,220,0.06993019606755589
471,230,0.07025817954748423
471,261,0.06845900568692827
471,275,0.05464630362306415
471,281,0.06290544849984216
471,291,0.08056884704006827
471,297,0.07529778271869025
471,320,0.06186079803541373
471,345,0.0711555284991042
471,361,0.06090721088137653
471,411,0.07037778296459457
471,429,0.0428237197186205
471,447,0.07495576677882167
471,454,0.0730760352196874
504,7,0.18681809762494245
504,10,0.23034324305607096
504,26,0.2746843056309018
504,65,0.18178700797019554
504,79,0.35075100837913653
504,117,0.13680929406636458
504,126,0.2075358870535978
504,132,0.1805654541230194
504,142,0.19202927551306698
504,151,0.27170848703196593
504,161,0.24621351894938087
504,165,0.18998936082205656
504,192,0.1397801696981698
504,198,0.2218748527952811
504,201,0.2088407782117267
504,205,0.26080817412675467
504,213,0.2403093885786571
504,217,0.18787598686757345
504,225,0.18134875781888807
504,231,0.19172381298599253
504,300,0.34250208527913256
504,306,0.1430167374336344
504,307,0.13250181065746638
504,310,0.20955556667208997
504,315,0.24758543628852855
504,346,0.15065352824878056
504,374,0.22291146942924478
504,386,0.1449047484177181
504,387,0.23205376742086706
504,410,0.23756532926269258
504,413,0.24986438233776342
504,442,0.25317017658183677
504,477,0.17706934742210242
504,491,0.14506518394744555
504,497,0.16799410553616204
504,498,0.1406521216964114
504,524,0.20549945577076387
513,3,0.11966325523787172
513,30,0.10819120906755592
513,35,0.05904714668771071
513,36,0.09479678541340648
513,40,0.044278170920536444
513,46,0.11006651543830767
513,58,0.10842595126149308
513,60,0.09892568204496245
513,63,0.054327680693675336
513,68,0.0816702140988888
513,77,0.06794991336226823
513,81,0.10956342151205108
513,84,0.0595493446197477
513,103,0.08267232069854022
513,114,0.04716578174806691
513,118,0.0755391724008574
513,125,0.07124695645188957
513,131,0.06576042844415285
513,135,0.06566430540310207
513,136,0.049808161919377175
513,140,0.11079972650702757
513,144,0.0609237423464636
513,154,0.06510352290227069
513,155,0.10876051224233801
513,156,0.06472928674207028
513,170,0.10853833663503022
513,179,0.10768200993304922
513,189,0.10439913944341436
513,204,0.06420532110541582
513,206,0.052723472153178824
513,207,0.1139902711999729
513,216,0.07740019082597413
513,219,0.09972662829682663
513,224,0.0806542569767916
513,226,0.06680121400313696
513,237,0.06201399198068851
513,238,0.10350365988889632
513,243,0.08464740301537495
513,246,0.07066191066813733
513,250,0.11684036288397825
513,252,0.07696237000565892
513,255,0.06213774210132
513,274,0.11139304534353701
513,279,0.09715189743248945
513,283,0.10609584090360058
513,284,0.0996573790576389
513,289,0.10207144688978183
513,324,0.08913155392293426
513,331,0.06879850720699535
513,339,0.10912449482246776
513,361,0.054860072573773094
513,363,0.06017104537943999
513,376,0.10509716235833173
513,391,0.10432479129051846
513,397,0.08056178167376515
513,408,0.09114869967435521
513,409,0.06364864362075966
513,419,0.11109423853255795
513,422,0.08015282201621247
513,436,0.12929247987903858
513,448,0.0832930251719829
513,455,0.11845431560840983
513,468,0.05704784510557598
513,475,0.07072118219328011
513,476,0.06949909844352488
513,485,0.09225589023918225
513,486,0.1067129085562947
513,495,0.09842738259363672
513,499,0.10559716240545658
513,516,0.099096418568386
513,519,0.05584570020710301
513,532,0.08090116804775896
122,15,0.12096939160906472
122,25,0.13461736936050864
122,30,0.129414882331601
122,39,0.0966845875281897
122,54,0.07086147352724648
122,66,0.1234376446010483
122,73,0.13201963248618492
122,86,0.1395233212755961
122,90,0.1374294032676376
122,124,0.13227403080251363
122,129,0.07659706362754723
122,146,0.13867809296757405
122,163,0.13326464386638717
122,171,0.12231779829282471
122,172,0.08538925605517925
122,174,0.12733934949383838
122,183,0.0888858240885404
122,184,0.13804264021896936
122,208,0.11732331840009526
122,220,0.1601628185231107
122,230,0.11598073920359472
122,233,0.12919446408762275
122,239,0.10990798821209684
122,249,0.12283732814680569
122,260,0.12918949851293882
122,263,0.16172269764286398
122,269,0.16976653257085933
122,283,0.11947061403725241
122,287,0.12279534322629942
122,291,0.09481382550269483
122,332,0.12380055098042272
122,338,0.07906032239019609
122,339,0.11747468616146761
122,352,0.1401709337905694
122,359,0.12749021736220306
122,370,0.13539554436012552
122,377,0.11462075196892295
122,378,0.11748113396692487
122,417,0.10520724844625871
122,441,0.12437824788197435
122,444,0.0812017998345982
122,447,0.08785961640506454
122,451,0.11575505099808743
122,457,0.08985621645023732
122,464,0.13589035259696744
122,465,0.12149269907314927
122,482,0.08059931342864093
122,493,0.06430551024957747
122,512,0.143737223579773
122,515,0.15485598721550634
176,2,0.052431337949735896
176,12,0.049366024903484185
176,41,0.052831754159620305
176,49,0.05095205037412201
176,84,0.046034140625136964
176,125,0.05111839739037523
176,175,0.04645210671697171
176,186,0.0460116184027551
176,187,0.04645307637182722
176,299,0.05029150293785105
176,309,0.04651644541150641
176,327,0.04662594310131783
176,353,0.04810716681452308
176,363,0.04655801213317092
176,397,0.04830141681600455
176,424,0.046387059132726435
176,481,0.04882594251179624
176,516,0.04737032807979318
176,520,0.04876107900472424
176,525,0.0488141850758893
36,46,0.10017650939095954
36,58,0.09885033253815587
36,62,0.09333404607669162
36,81,0.09059976315751754
36,130,0.09066512504690866
36,164,0.059088393557162056
36,170,0.09829545906278213
36,179,0.10456152578721428
36,189,0.10796543223827959
36,207,0.09678563884373864
36,243,0.08765796934551275
36,250,0.09703841078055733
36,284,0.09577170162502252
36,308,0.0925254097755363
36,359,0.09091899877756626
36,379,0.0973541728917363
36,440,0.09329846298044488
36,467,0.10108932836918572
36,480,0.10263176281949914
36,499,0.09298399132969169
36,503,0.10052237786819011
36,513,0.09479678541340648
255,1,0.02334670614793508
255,21,0.06411945262581156
255,40,0.0458823492418695
255,69,0.06554379604648704
255,76,0.06010244610241483
255,103,0.06450111382375587
255,135,0.06116377689518764
255,137,0.06632822570812794
255,155,0.05987929607150668
255,163,0.06072140775061424
255,236,0.06083703268735648
255,279,0.06039976873969436
255,297,0.06388072639072413
255,330,0.06189135318005571
255,385,0.06203838455885302
255,409,0.060834628835555044
255,446,0.0629728134924346
255,454,0.06117764475853818
255,470,0.06197027072935476
255,474,0.06296209683105827
255,476,0.06102102565060616
255,513,0.06213774210132
255,519,0.05604995436252232
377,31,0.0652356939150593
377,57,0.09789176933053752
377,66,0.13011869288874456
377,89,0.09165603377974002
377,107,0.07692293185429629
377,122,0.11462075196892295
377,134,0.12486334771347515
377,157,0.0823600056147363
377,171,0.12355576527386834
377,174,0.11719513496133312
377,183,0.09550569554044037
377,187,0.06431944680838181
377,193,0.11263169367385482
377,222,0.10929376178605184
377,232,0.1027816195432761
377,239,0.11549368625596691
377,260,0.12876909248086382
377,269,0.11385554967510077
377,309,0.08097686538079964
377,327,0.10390981697426309
377,332,0.1254331729821095
377,338,0.0831852221203674
377,342,0.09667657769921101
377,357,0.11094016698175277
377,367,0.11161230962518127
377,370,0.11507210833025021
377,378,0.10959410122723605
377,393,0.07824632855050781
377,406,0.12589563251008912
377,440,0.1143215627713639
377,459,0.09710953643339332
377,464,0.12791842315008156
377,494,0.11023486626322063
377,496,0.06863554281199863
377,512,0.12317508911026384
377,514,0.12125355886570127
377,521,0.0945245610011667
377,522,0.10379791788607587
377,527,0.07515100760146164
404,23,0.06775773890723821
404,76,0.07174642698303499
404,109,0.06155859577235267
404,123,0.062070814111345754
404,135,0.061987944021259164
404,137,0.07041092254824252
404,158,0.06222401904364484
404,270,0.048089621881084954
404,291,0.06435036040720472
404,297,0.06662056136003978
404,298,0.06279056052115586
404,331,0.06235360464011995
404,334,0.062479370295061405
404,341,0.062311603476403056
404,344,0.06308340909052378
404,345,0.07391752777305682
404,415,0.06387765576166377
404,446,0.06480046401949884
404,454,0.06837508994126437
404,495,0.06368431921684342
404,531,0.06970345725597209
416,9,0.04654489695434378
416,39,0.08202788909233075
416,46,0.08429916441288225
416,58,0.0757568513898572
416,72,0.08189843965724428
416,73,0.07579338666783829
416,81,0.08399691563003786
416,131,0.06120365341375867
416,138,0.0790954560173577
416,140,0.0835216018185945
416,146,0.08041786326336073
416,163,0.08336545873011308
416,184,0.07565316844673411
416,196,0.08072203337792257
416,283,0.08005582236625511
416,324,0.08871291439849996
416,339,0.08259944152038208
416,419,0.0787152023515433
416,458,0.07937671696805469
416,485,0.07646480258423005
416,495,0.07530268672889576
416,503,0.07623087023302388
490,11,0.12447590404074547
490,21,0.1748486083170582
490,53,0.1644886259365647
490,61,0.1396768439619486
490,69,0.10355072816276714
490,70,0.08908475947034075
490,78,0.10108912312410752
490,96,0.140077591063892
490,104,0.1323818759917769
490,106,0.0625765908691443
490,110,0.14351392052137238
490,111,0.13760046841815848
490,112,0.13996438431334224
490,159,0.1412231246434913
490,203,0.0830157642918646
490,229,0.11897233192816085
490,242,0.09886311270449392
490,244,0.136909274639828
490,247,0.10673338179608713
490,272,0.113437400859786
490,276,0.07994530671224898
490,280,0.14400915977544262
490,292,0.13648374790665427
490,297,0.10697835349366609
490,298,0.10065119549004724
490,312,0.1381143475472472
490,313,0.07021958771182259
490,328,0.08579545558802719
490,337,0.13709181871542214
490,348,0.09344086135961945
490,350,0.09261191935390034
490,368,0.11493084624112415
490,371,0.1670067077944372
490,372,0.13972078513507602
490,384,0.13738942062632797
490,385,0.10653004738807367
490,389,0.14477494035722704
490,394,0.13446943944304088
490,399,0.06770281684322124
490,405,0.11086246056635096
490,414,0.14451049000163294
490,425,0.13987098335746082
490,446,0.09525680619125047
490,449,0.11364295124208772
490,461,0.092699226129513
490,479,0.14139810483962492
490,484,0.11502880610352133
490,509,0.11948154161208978
490,511,0.1709520403508588
490,531,0.09275214242217533
528,30,0.0953253043900155
528,58,0.10224610152188496
528,74,0.094081803733154
528,82,0.05335270244311703
528,134,0.09920335606151263
528,150,0.09815934387563947
528,164,0.059301086407161155
528,174,0.0952963495313093
528,179,0.0987758863644429
528,189,0.09453467312154913
528,195,0.10684642106062177
528,224,0.07795942417721041
528,243,0.08953794076579122
528,250,0.09885888669082231
528,289,0.10999365343398101
528,308,0.09715011662528647
528,359,0.09700299125493678
528,436,0.1100784026691955
528,440,0.09407118864458107
528,455,0.11492786517137271
528,467,0.102270202311383
528,474,0.10361711808024658
528,480,0.0962806544741113
528,514,0.09439087383513024
528,523,0.08351145821625124
62,1,0.02319261974427517
62,15,0.10911932913569551
62,18,0.11905927804459428
62,33,0.10453400094995881
62,36,0.09333404607669162
62,40,0.044516996423105956
62,46,0.10175021808772271
62,58,0.12488579213239728
62,60,0.09431941551983578
62,71,0.08495616849204088
62,73,0.10775576819228042
62,74,0.11308918690486806
62,103,0.07919242650861875
62,118,0.07320543249001957
62,150,0.11326612069970225
62,155,0.10575993706517574
62,156,0.0627751164211347
62,170,0.08764615317904809
62,179,0.11199133128029437
62,185,0.11473031821713582
62,207,0.11240905154164789
62,219,0.09500356570333453
62,224,0.07433215840182206
62,230,0.10931429633085346
62,243,0.08124154319583367
62,274,0.10958027284173227
62,289,0.10704556580400604
62,296,0.11491356596724026
62,324,0.0953931928362252
62,359,0.11029209114312735
62,361,0.05467914357988614
62,423,0.1070081717613518
62,436,0.10453815751958898
62,462,0.08344727718037702
62,480,0.10969409274682278
62,503,0.10815275819111216
395,24,0.09533012171663778
395,60,0.10945976888077255
395,85,0.059694980466276464
395,93,0.10885912334350525
395,128,0.07827238519858894
395,136,0.05374468475357938
395,144,0.06080849411798758
395,166,0.10331251267328824
395,179,0.10171038182707635
395,186,0.06436875451767667
395,204,0.06590936497117206
395,207,0.11484272360322921
395,220,0.10201921682492351
395,223,0.0743920592194952
395,224,0.07325361230262227
395,227,0.05117837208084368
395,236,0.10543734422474732
395,246,0.06672232946621992
395,274,0.10558247086171707
395,279,0.09194117989922457
395,305,0.10159980419122462
395,331,0.06762656362558422
395,332,0.10216975483985313
395,347,0.08794324137758548
395,356,0.0720353247652687
395,359,0.11616828780492736
395,379,0.10615605343491986
395,400,0.096366352870212
395,402,0.06722371308040015
395,406,0.11414500623139674
395,409,0.06432260414612115
395,411,0.09631728143846813
395,436,0.1260082474892763
395,440,0.10284160881277232
395,441,0.10234743073691889
395,460,0.10363098593270226
395,462,0.08884560811682239
395,475,0.06883048764062934
395,480,0.10715421694448231
395,499,0.10335090764233616
395,514,0.10140989544828484
455,24,0.09987714629263916
455,29,0.07772429601211181
455,30,0.09469540304862911
455,46,0.0987056388875808
455,58,0.09854784401871718
455,60,0.09859618452696059
455,63,0.05223799263052901
455,77,0.07871002879637362
455,81,0.096501183927922
455,136,0.05160119431234147
455,144,0.06261983242043485
455,154,0.06644062913049115
455,155,0.09390692748229633
455,170,0.11267915872308704
455,179,0.09655183190004199
455,189,0.09924538272773997
455,194,0.09710606537269507
455,204,0.06186086741725585
455,206,0.053814762359762534
455,207,0.101955360628763
455,216,0.07607103479634668
455,224,0.08048419981753452
455,226,0.0681193153676964
455,243,0.08134413128839707
455,246,0.07347632448883645
455,250,0.11714915536869393
455,258,0.09401682222706455
455,279,0.09831864159016489
455,284,0.09256377309329185
455,308,0.09932860795545499
455,323,0.06184847885795152
455,331,0.06622085480567778
455,409,0.06300339571670427
455,436,0.13170395080176386
455,474,0.10022616706088336
455,476,0.07058161576857759
455,485,0.0818913647156474
455,495,0.09169803218894539
455,513,0.11845431560840983
455,519,0.05668975409751048
455,523,0.0779214757110274
455,528,0.11492786517137271
455,532,0.08608713003494409
33,3,0.1092615023117444
33,15,0.12509581632498334
33,18,0.11814725664339215
33,32,0.11225492723386025
33,38,0.12844906222728353
33,52,0.09068285109455729
33,58,0.1100858703167773
33,62,0.10453400094995881
33,73,0.13072679228905185
33,74,0.12469685711229844
33,86,0.1302803246590726
33,93,0.14129893307503452
33,130,0.1347578018220415
33,146,0.11169219695444413
33,147,0.14020910232123254
33,155,0.13324369447301648
33,179,0.1552341711191208
33,185,0.10922323219170735
33,194,0.12689202243533493
33,207,0.12106221617355477
33,219,0.10152242388608823
33,230,0.11195945315172251
33,250,0.10213979751425037
33,253,0.12869296468589192
33,274,0.11215929720605665
33,279,0.08556650739180886
33,294,0.11255500285553811
33,296,0.09558174709535426
33,306,0.12713823466676047
33,308,0.1235901653666728
33,311,0.139131671764342
33,359,0.1390301471609554
33,370,0.13785298070766933
33,379,0.12705658003262735
33,386,0.1320913738324535
33,418,0.1269120507684532
33,426,0.11561153543034573
33,427,0.1334841299712603
33,441,0.12433777411866266
33,480,0.13125831197601612
33,499,0.11083007955330589
33,508,0.11851082857905142
148,48,0.11855288565934655
148,74,0.11254236225359604
148,76,0.09254025897243127
148,96,0.11666655597410394
148,97,0.08795660772095147
148,110,0.11648396617641364
148,112,0.11891058766922541
148,119,0.11489211013400001
148,182,0.12416735699383664
148,212,0.11250315244641902
148,234,0.12429643509413486
148,244,0.11564603297330228
148,280,0.11555725730261462
148,292,0.11358007732771452
148,297,0.1096937127347763
148,344,0.07021896003338365
148,392,0.1190508232948323
148,398,0.11307524510004305
148,407,0.11319007925790844
148,420,0.1176198447896465
148,437,0.11287522688842316
148,454,0.08733404087087474
148,456,0.1167272463693243
148,492,0.12412050438396857
148,526,0.1246069600417266
216,1,0.023180517087553545
216,4,0.06072716604000083
216,24,0.08430966329140395
216,46,0.07848145759596295
216,60,0.07873457061713006
216,71,0.07542964956489659
216,81,0.07867511891481874
216,84,0.06195752827122658
216,101,0.043255586251796055
216,103,0.07516990274338817
216,105,0.05465705327357059
216,109,0.07650520346765785
216,118,0.07069103305586666
216,125,0.07122535211621239
216,153,0.06728588356045434
216,154,0.0643470908719277
216,202,0.04015779935235691
216,204,0.061263983610699464
216,206,0.05346199510737389
216,227,0.049147110937757935
216,230,0.07514175627322131
216,237,0.07878161442698636
216,257,0.05392878285288537
216,275,0.0528146760595459
216,283,0.07744525400463112
216,323,0.06274799330911121
216,341,0.07509406022742034
216,391,0.07862301831365076
216,397,0.08185908881502639
216,422,0.07884742618788253
216,455,0.07607103479634668
216,467,0.0756645951678178
216,475,0.07207971266614684
216,476,0.06737953556354996
216,513,0.07740019082597413
216,516,0.08258666347555793
216,521,0.07538706919195196
216,532,0.07480399483605246
292,8,0.13626854977104402
292,11,0.15534430028162285
292,53,0.13527461354348388
292,61,0.1455486850499108
292,75,0.15736605333051157
292,78,0.09293747490903793
292,88,0.06976179171371834
292,96,0.1712125233569832
292,104,0.15822923468129083
292,110,0.1657655475956119
292,111,0.14901568429902054
292,112,0.14329283934015644
292,148,0.11358007732771452
292,159,0.12213962110043529
292,221,0.13887151650758722
292,229,0.10843564323721801
292,242,0.10152204580567925
292,245,0.1216235642529862
292,247,0.10808346448620502
292,261,0.07341203386686541
292,265,0.08551749840689546
292,272,0.1088076946158052
292,280,0.16863241838014842
292,298,0.09084868639265381
292,304,0.14731914336304464
292,337,0.13888105683781304
292,350,0.09599165255366367
292,371,0.13704034938240528
292,385,0.10949222178314116
292,394,0.121949847659631
292,398,0.13625795588246992
292,414,0.15620236412814867
292,420,0.13601294645209444
292,443,0.07155576038152558
292,483,0.13710429912509553
292,490,0.13648374790665427
292,509,0.0984353317596725
417,25,0.11151346683949373
417,37,0.09509270822825786
417,54,0.07189401282592987
417,100,0.08940727217625308
417,109,0.08597104303886033
417,122,0.10520724844625871
417,129,0.07683273985508488
417,131,0.061816651982624794
417,140,0.09789380928986174
417,143,0.06198053550875164
417,163,0.1167747199561539
417,184,0.11310241609720632
417,196,0.09752823245215887
417,208,0.10544357373081954
417,220,0.10648604136539866
417,239,0.09986546529342281
417,249,0.11091489692726351
417,258,0.08190003302936688
417,263,0.10586009732477474
417,269,0.1002738416028748
417,275,0.05218244256621726
417,283,0.10619624474999095
417,287,0.10193288222715431
417,291,0.0928326773278053
417,329,0.11712800032477651
417,334,0.07399393073856547
417,344,0.06969907396785859
417,391,0.11095301083661187
417,408,0.08701950908501908
417,418,0.11074193470237816
417,422,0.08045702784725232
417,432,0.08462788115475459
417,447,0.08604766291141651
417,457,0.09298778378773895
417,465,0.09989274773698784
417,482,0.08563404801443424
417,495,0.10030831413306796
417,503,0.09761208975094453
417,518,0.10225186155884346
417,532,0.0800326513061545
92,17,0.077159506553896
92,42,0.07638843664544583
92,78,0.07808789174653494
92,95,0.08317692905813494
92,99,0.09106611365432143
92,121,0.07590579315205799
92,141,0.07415588897141917
92,158,0.08867531102256208
92,168,0.09143303881408482
92,234,0.07680202612464786
92,245,0.07564382211949985
92,270,0.04837831424265279
92,276,0.0783532555267086
92,288,0.08923330907938906
92,317,0.07898689358328724
92,366,0.07799475710455267
92,385,0.07627736904881428
92,390,0.078535166777988
92,478,0.07654996189655448
92,484,0.08407740696828808
92,489,0.07636037169521341
92,529,0.07918166800021174
245,42,0.11790028336004423
245,44,0.12730082813240498
245,56,0.0983965845119783
245,61,0.12786073637141326
245,69,0.11759161832751253
245,87,0.1354400112107079
245,92,0.07564382211949985
245,99,0.11856909556473014
245,104,0.12700320203904755
245,111,0.13152928174076509
245,133,0.1310342153108748
245,149,0.09040379308120126
245,158,0.09659315915878824
245,160,0.13955096365294176
245,211,0.08435437077639352
245,234,0.12492084867421284
245,244,0.13104555123562114
245,261,0.07192152606980728
245,265,0.08639305267856875
245,288,0.13579544599537774
245,292,0.1216235642529862
245,304,0.13491954986705162
245,316,0.07216588587181973
245,371,0.1337553487002891
245,372,0.12554494711119954
245,373,0.06989681396598983
245,382,0.09135969814540211
245,385,0.12033209631758877
245,388,0.11084697780898578
245,390,0.12951103417280657
245,392,0.12234805339255235
245,394,0.12670589832424223
245,428,0.13581875009958336
245,461,0.10575813185837381
245,478,0.12933333876979675
245,479,0.12257258661635566
245,509,0.09968200966583551
245,529,0.1159015155933782
253,15,0.12110820023876886
253,18,0.11730273260906726
253,33,0.12869296468589192
253,38,0.12870204144451403
253,93,0.1457863425667911
253,147,0.12166083749092534
253,179,0.12586173165693307
253,195,0.11300678653089305
253,217,0.12203072125248433
253,233,0.12243978547115467
253,239,0.11034014316990716
253,294,0.12467939276856922
253,306,0.12591494252191152
253,311,0.15586562949106872
253,359,0.14841762408932502
253,367,0.10693353395187122
253,370,0.1348826035552842
253,378,0.11659104516315306
253,379,0.12106484054487128
253,386,0.12432109271387294
253,427,0.12052195322734953
253,440,0.12278611740613736
253,462,0.08574878117998577
253,464,0.1375634625607664
253,480,0.12930972187495457
253,499,0.10624442484411015
253,512,0.12697499604352974
253,517,0.10999554349715554
335,3,0.07069560223932649
335,5,0.04834760448973977
335,13,0.059857863729837105
335,41,0.05377860328310611
335,46,0.07433835807968552
335,47,0.06144023696032091
335,63,0.0556054652649555
335,68,0.07273341441455554
335,84,0.06976366074338207
335,115,0.04039271527718031
335,125,0.0798159682669483
335,138,0.06928624038155257
335,140,0.07093227901051609
335,145,0.046436241162329896
335,175,0.061696489943675166
335,196,0.07080488065757636
335,226,0.06577709868575998
335,237,0.06312719576596985
335,246,0.06735804369818325
335,262,0.054402232555623015
335,279,0.07006281279086651
335,302,0.069235955988544
335,341,0.06906238356173731
335,347,0.06964862846307121
335,360,0.03068704483772418
335,363,0.06431894324510438
335,365,0.0608233392281988
335,391,0.06809707530614033
335,408,0.06838829940831441
335,412,0.07790107193687211
335,424,0.07789475404710808
335,433,0.06884082940492807
335,495,0.07072001692783163
335,516,0.07138034429463819
335,525,0.06083948399324407
335,530,0.040819091455289586
335,532,0.06971477580917866
168,8,0.10398515560410765
168,17,0.0936667149008468
168,22,0.07846270089283192
168,50,0.1030104845512937
168,82,0.052745988138549325
168,87,0.0942275511166278
168,92,0.09143303881408482
168,99,0.09432400115156181
168,111,0.09147810348915786
168,123,0.10166645528648352
168,133,0.09237105392107936
168,158,0.09110716406641889
168,169,0.0482594441405961
168,211,0.07304832200667949
168,234,0.09664546774158486
168,270,0.04781413596939366
168,288,0.13023165346124366
168,366,0.10389577398953694
168,373,0.06833565574993676
168,382,0.08866915600272292
168,390,0.09441135225987915
168,428,0.10059791729414864
168,478,0.09115920253579468
168,479,0.09580405369873356
168,484,0.09254163694676365
168,489,0.0935055243593971
168,529,0.09945268420135699
336,34,0.1508411346009283
336,42,0.11535689454552035
336,59,0.14928592665531257
336,61,0.14956255057782053
336,69,0.10632861304289312
336,76,0.0929637697332715
336,87,0.14703573568853254
336,96,0.13273210819469697
336,104,0.14058045060691496
336,119,0.13086059877981687
336,159,0.12361695065948387
336,160,0.13284057033910715
336,200,0.1325693148254998
336,221,0.13049217372558786
336,229,0.10494555273477807
336,244,0.13359658164677543
336,276,0.0765927847893797
336,280,0.14106881764998438
336,301,0.12836513513063005
336,304,0.13523001572593385
336,317,0.10754430311713667
336,337,0.13228366860374882
336,348,0.0930237986423652
336,366,0.13093018830028125
336,385,0.1096041083774835
336,394,0.13946139195765397
336,407,0.16018747796792512
336,414,0.13935201577715425
336,420,0.1387809885710907
336,456,0.13985608402296892
336,479,0.13453485023450984
336,531,0.10591162160748682
371,21,0.14965218295853885
371,22,0.07526889209469532
371,53,0.14112568099390224
371,64,0.0632731203259643
371,76,0.09258874102415018
371,78,0.10483679433556185
371,88,0.06916177627788925
371,95,0.08364692363350365
371,99,0.11426655577524988
371,106,0.06242127685698263
371,110,0.133999351684536
371,111,0.1455899126420798
371,112,0.14581222457237966
371,141,0.07131567789680564
371,158,0.10342820580315361
371,159,0.1272477571984298
371,229,0.11217448073613526
371,234,0.1395802504178972
371,242,0.10123305574558106
371,244,0.1329615360377297
371,245,0.1337553487002891
371,261,0.07563870259736499
371,265,0.08814537260498922
371,272,0.12284654070025296
371,276,0.07888722017345381
371,292,0.13704034938240528
371,297,0.11361069279440886
371,298,0.0970207092704131
371,304,0.1528118904685913
371,313,0.06887978703992134
371,328,0.0819411146201115
371,348,0.09468841062030421
371,350,0.10031580014226171
371,368,0.11261967242794753
371,372,0.14950421138078102
371,384,0.13385893470090982
371,385,0.10728006016287844
371,388,0.09552409417606901
371,394,0.1367062869988721
371,405,0.11101151962664883
371,407,0.13659841738591777
371,414,0.134202699425824
371,420,0.13164556474030353
371,428,0.14364045652628712
371,446,0.08993578853191522
371,449,0.11290506826392951
371,461,0.09769133839312151
371,484,0.12741244682710243
371,490,0.1670067077944372
371,501,0.14328912217033524
371,509,0.10899641281422967
371,511,0.13794548303766174
487,6,0.12932624009473276
487,45,0.12057132776628894
487,65,0.13499100876633024
487,80,0.10635938647503768
487,83,0.12980401849529716
487,98,0.05477134342795398
487,132,0.12707214303948972
487,139,0.14281292286209174
487,165,0.12292394643571981
487,173,0.12660967412370638
487,199,0.09433004558026051
487,205,0.1193579077724219
487,213,0.12121965520393893
487,231,0.12575221372102763
487,254,0.09966359305931081
487,259,0.11402227011480008
487,310,0.11967649113847356
487,318,0.11703156893286899
487,321,0.16130602349563158
487,326,0.13080692237319974
487,354,0.12134176210985412
487,374,0.1271872032639776
487,398,0.12145294047542603
487,401,0.10776145805516679
487,450,0.12226749672424514
487,505,0.1184304761561811
487,507,0.13884542154866575
51,76,0.06919912925509161
51,82,0.052418176925418704
51,97,0.06786499149308264
51,137,0.07232868421197207
51,171,0.06488673624830572
51,208,0.0650765700017097
51,265,0.06746796004824238
51,291,0.07301813819002193
51,297,0.06982690158142928
51,320,0.06911934441597832
51,325,0.07241875848039069
51,345,0.06723273558214274
51,368,0.06498365265488182
51,385,0.06769157377296413
51,402,0.06579301500825559
51,446,0.06493199366648478
51,447,0.06605874361155392
51,471,0.07836190190811121
51,474,0.0677474574603439
51,509,0.06831831556428901
51,523,0.06908604971504866
211,50,0.0725284542647743
211,69,0.07489379372025326
211,149,0.08174792886718243
211,158,0.07365501792149264
211,160,0.07166834929270112
211,168,0.07304832200667949
211,245,0.08435437077639352
211,288,0.08204711390646326
211,297,0.07168296253007037
211,316,0.07442158671641512
211,330,0.07420971339893392
211,373,0.07661191217973845
211,382,0.09035213246153982
211,385,0.07553144811514417
211,388,0.07509347059219587
211,390,0.0954436861122708
211,394,0.07373205267699333
211,461,0.07579855630395578
211,489,0.0748347217832261
211,529,0.07209347153359044
31,12,0.0577669415971753
31,27,0.05085352800217336
31,89,0.07003134658399562
31,107,0.06238405999023979
31,115,0.0396605965394225
31,157,0.06785867612794469
31,187,0.06448580411661778
31,188,0.056516264545407244
31,222,0.06258714375861293
31,256,0.05540416267034067
31,264,0.05684147452652938
31,266,0.04811526363860485
31,286,0.06916150963277229
31,305,0.06678293895210258
31,309,0.06517125887141453
31,327,0.06762642144312418
31,338,0.07298568401833166
31,357,0.06500720575393779
31,369,0.05379494591941004
31,377,0.0652356939150593
31,406,0.0642885964364083
31,481,0.06241175563229214
31,493,0.0638679847168575
31,496,0.06845189693957876
31,500,0.06242234453460369
31,520,0.06233958171968344
31,522,0.07087528557698777
31,527,0.09057359063408137
75,11,0.14696052142365001
75,48,0.15768920219042412
75,53,0.12587811457651105
75,61,0.1401440388608147
75,94,0.10356661620269786
75,96,0.16667289055137852
75,108,0.16414333739741985
75,110,0.1475684368673119
75,112,0.14711611944207245
75,126,0.14451829512585104
75,127,0.12761467626682824
75,139,0.1471889336852078
75,181,0.09661660440310253
75,182,0.14682684503499768
75,201,0.15596263591164158
75,212,0.1651005170006281
75,221,0.1297220946519326
75,228,0.12101067491141355
75,251,0.10820386322172962
75,261,0.07521698113019279
75,280,0.1989276731815571
75,292,0.15736605333051157
75,312,0.14818523810553288
75,337,0.15894554603060077
75,350,0.09175935351662547
75,368,0.1270061843731803
75,389,0.131534730137263
75,398,0.14793990050482203
75,405,0.11498173042607093
75,414,0.15938418863317436
75,505,0.15113309214938772
75,511,0.14599444081961893
370,15,0.13004523510224694
370,18,0.12251332753426505
370,30,0.12870375679221982
370,32,0.11875509274950978
370,33,0.13785298070766933
370,38,0.15185499100714112
370,57,0.10374735566490033
370,66,0.11653395087564435
370,73,0.1522475912588361
370,74,0.1208587382387126
370,86,0.14701046538342122
370,90,0.15361924906467073
370,93,0.1539416253629392
370,122,0.13539554436012552
370,124,0.14014071772558034
370,130,0.13686810545534242
370,147,0.13671027097487262
370,150,0.13580888800879137
370,151,0.14051534277336167
370,171,0.12516386498323115
370,174,0.1496509357652365
370,193,0.12237949319530833
370,194,0.1256355850363969
370,217,0.1599359961606447
370,220,0.11581302895023621
370,222,0.10703199087829718
370,230,0.11699274979906728
370,233,0.1484598994885649
370,253,0.1348826035552842
370,254,0.10910658103728105
370,260,0.12616347881631043
370,269,0.13266789761037506
370,290,0.10421966620941729
370,294,0.1141206932889028
370,306,0.18391895055959706
370,308,0.10903509667741669
370,311,0.12054804361441687
370,332,0.14720658229085312
370,349,0.1060497135736329
370,352,0.12765592361639963
370,355,0.12254408612481443
370,359,0.157354715020405
370,377,0.11507210833025021
370,378,0.11427706722593826
370,418,0.11774426086010494
370,427,0.13696806592498886
370,440,0.1589671473277583
370,441,0.1332210850122597
370,442,0.14327063987013616
370,451,0.11555975738431082
370,464,0.16610661297460644
370,465,0.10859310125320573
370,480,0.1371033671445168
370,499,0.10253904460046165
370,508,0.11572842474175996
370,512,0.15160993661255925
370,515,0.12729357124044705
370,517,0.12085426104962237
370,524,0.14166700924217787
400,47,0.06069624908114301
400,49,0.06764237133670573
400,60,0.09061854738804409
400,66,0.11611125557288465
400,134,0.11070775232242426
400,153,0.05799566766742591
400,171,0.09664046857237464
400,207,0.10412332193032937
400,222,0.11512969627018828
400,223,0.07486787355545509
400,227,0.049491768364032906
400,238,0.10065096915895286
400,271,0.05977969248054378
400,286,0.06509624649043079
400,295,0.08054241828987019
400,305,0.11123370852963976
400,309,0.09491268586658384
400,327,0.09808336901105266
400,331,0.0661656248222236
400,332,0.09723498092741507
400,339,0.10039136185286932
400,367,0.09857235572438426
400,395,0.096366352870212
400,406,0.09773360679523542
400,411,0.09725386260235826
400,424,0.09421706832746653
400,426,0.0969027229367873
400,436,0.09512541226331823
400,440,0.10425209444507064
400,475,0.07704506332008906
400,494,0.1011043129750762
400,512,0.09700870653535609
400,514,0.10822356000936266
409,20,0.04915123283982429
409,23,0.06442018383231103
409,35,0.06117907379212706
409,60,0.06340496294890585
409,74,0.06425802590442439
409,81,0.06330990111518743
409,100,0.06271009733729759
409,116,0.06577131315085623
409,137,0.06556925017571626
409,166,0.06428246948919158
409,180,0.05110908836555713
409,207,0.06413416799530007
409,243,0.06386796080115287
409,255,0.060834628835555044
409,258,0.06272641258453288
409,284,0.07257855506317887
409,375,0.06239073000132515
409,395,0.06432260414612115
409,402,0.06369180300251719
409,436,0.0645363465021136
409,455,0.06300339571670427
409,460,0.0675930107301738
409,474,0.06514042605352169
409,513,0.06364864362075966
475,24,0.0705454626672345
475,35,0.06457167530903958
475,60,0.07369245898229927
475,153,0.07555737169073463
475,186,0.0692895486933623
475,187,0.06276214647667581
475,202,0.03783439700409613
475,204,0.06469660010623825
475,216,0.07207971266614684
475,222,0.06805108939013457
475,227,0.05014377207640181
475,237,0.06324125457978198
475,238,0.06979765163632311
475,271,0.06241370748194603
475,279,0.0744994316853924
475,305,0.0821904763314263
475,309,0.0677382040475
475,323,0.06229909243625772
475,327,0.06829387557640436
475,369,0.04887401454541722
475,395,0.06883048764062934
475,397,0.07147637189981046
475,400,0.07704506332008906
475,406,0.0699578973539429
475,468,0.06183944765007757
475,486,0.07348299463284298
475,494,0.0686840458530556
475,513,0.07072118219328011
475,516,0.06996074929982897
475,521,0.06866823459568216
475,530,0.039680761471682126
57,24,0.10148521101314453
57,71,0.09033356545759925
57,82,0.05512010941023937
57,93,0.11117452112499851
57,101,0.040938269683157766
57,134,0.1069500587795202
57,150,0.10071556298225244
57,171,0.10561371675002887
57,174,0.10195015114117893
57,222,0.0980372340940191
57,290,0.10128547535547396
57,305,0.1064029715651898
57,308,0.09904484464460518
57,359,0.09858794978035325
57,370,0.10374735566490033
57,377,0.09789176933053752
57,402,0.06786962582834148
57,406,0.10417599753823108
57,440,0.1056115494171043
57,467,0.10950076690153811
57,480,0.10094404728662482
57,494,0.10294482316994018
57,514,0.10405869491772946
57,517,0.09869969829841982
57,523,0.07878733927343985
244,8,0.15849447248262363
244,11,0.12672774289251523
244,19,0.19908022326700464
244,21,0.14524082162485757
244,42,0.11534287225805899
244,44,0.1833855893126346
244,55,0.1257398309204488
244,59,0.19958776798694522
244,61,0.17844797372260277
244,69,0.1034016189743731
244,87,0.18419106387767123
244,96,0.157623020943892
244,99,0.11972100358765371
244,104,0.1422733323133239
244,112,0.18480934043616964
244,120,0.12543693924528265
244,121,0.12952465714002848
244,133,0.17055179187222982
244,148,0.11564603297330228
244,159,0.12498291715101323
244,160,0.15627263520017884
244,162,0.14590132991027727
244,182,0.15574710304011277
244,197,0.17237781243668182
244,200,0.14927211068324867
244,209,0.12605149168311464
244,212,0.1486208118356653
244,221,0.13518508438867402
244,240,0.16327558223864508
244,241,0.13045714552365553
244,245,0.13104555123562114
244,272,0.10386848129783739
244,277,0.18427446924529167
244,278,0.1664691500609749
244,297,0.10883076381946287
244,304,0.1758929522982056
244,312,0.16170870466506398
244,319,0.17025448449930658
244,330,0.11447791159284244
244,336,0.13359658164677543
244,366,0.1705845891058291
244,371,0.1329615360377297
244,372,0.16229138055030307
244,384,0.14398220644056536
244,389,0.14582266612026398
244,392,0.17653508417449723
244,394,0.13725788712749296
244,398,0.1888488063558768
244,403,0.09364937204443391
244,405,0.10625854799086319
244,414,0.18834875022012748
244,420,0.19555681457687002
244,428,0.17844601119036232
244,437,0.18189081496821496
244,478,0.14179566726908008
244,479,0.15611352701359757
244,483,0.19284921397825533
244,489,0.12848063389141018
244,490,0.136909274639828
244,492,0.19856391008254987
244,501,0.13867750703521176
244,505,0.1754435908529936
244,511,0.1809191576050108
244,526,0.1540602054206273
326,6,0.15288712156523251
326,16,0.13608874024604573
326,19,0.14724826577727038
326,28,0.14571446348790376
326,65,0.1765217988425771
326,70,0.08924160345965436
326,80,0.10056974298641447
326,91,0.1462569623771148
326,127,0.12655586904014376
326,132,0.1428861571486949
326,139,0.18559144630710964
326,165,0.14691028552837804
326,173,0.1654021989406463
326,199,0.09646490818445651
326,201,0.14394877219793367
326,205,0.15104340227561558
326,231,0.14308993842754092
326,259,0.10576351297268215
326,277,0.1565262634862772
326,278,0.1504935746384286
326,303,0.11633335434387095
326,315,0.14781508150567402
326,318,0.11366988448498296
326,354,0.14783528158239143
326,374,0.15626617965790635
326,401,0.09460217373386554
326,403,0.0951092125748945
326,473,0.16063884367850573
326,477,0.14727589870560312
326,487,0.13080692237319974
326,505,0.15349868494636443
345,30,0.0987596315126851
345,40,0.045283133463019744
345,51,0.06723273558214274
345,54,0.07321853621571119
345,76,0.10489046124764231
345,93,0.09513371381900494
345,103,0.08115553855403927
345,134,0.09780616679179267
345,135,0.06590180992187551
345,137,0.09465844878292384
345,163,0.09952821415128889
345,171,0.09785253917899858
345,174,0.09534405378627306
345,184,0.10254759936403798
345,195,0.10029045295348597
345,233,0.10055534282457816
345,249,0.11294220392235906
345,270,0.04886231718522082
345,274,0.10038362071439269
345,291,0.10495425343338827
345,295,0.07164391592754102
345,331,0.06726458666934845
345,334,0.08846800915514744
345,344,0.08159878637216435
345,361,0.061248638848600656
345,379,0.10165442176817885
345,402,0.06828907970601754
345,404,0.07391752777305682
345,418,0.09689241728211352
345,427,0.10480516552695042
345,471,0.0711555284991042
345,476,0.06861193618752716
345,492,0.09716386071505145
345,494,0.10697701185959141
345,503,0.09508872006989297
526,8,0.14838815036960257
526,19,0.16557156173624465
526,34,0.15764211911983425
526,42,0.1273621234645148
526,44,0.1608221096659247
526,48,0.15881993060912583
526,61,0.1669590037637469
526,87,0.14848999180389352
526,111,0.14401912941591635
526,112,0.1528300789907323
526,119,0.14112600024726857
526,120,0.12358372514349236
526,121,0.13486682837081337
526,123,0.11523250904508965
526,148,0.1246069600417266
526,182,0.17595206568353267
526,234,0.14146260534119984
526,240,0.14941558187401435
526,244,0.1540602054206273
526,251,0.10038196636852066
526,277,0.15641085309325775
526,278,0.1485824308338881
526,297,0.10582539215465137
526,348,0.09750620207049632
526,372,0.1638302457182713
526,407,0.15336596825559368
526,420,0.16052031290826002
526,425,0.16061180398554906
526,428,0.15763954920517825
526,437,0.15217332385834667
526,446,0.08952933365343314
526,449,0.1157884735008671
526,511,0.15428448415189472
97,29,0.07660318451748953
97,51,0.06786499149308264
97,54,0.07147839916851027
97,74,0.08670226862956093
97,93,0.09039178547075258
97,116,0.0880735292815296
97,134,0.08933814147641966
97,148,0.08795660772095147
97,171,0.08893613437379823
97,174,0.09141078754171096
97,184,0.08717646580969045
97,208,0.09378385214584477
97,230,0.08614943344415622
97,232,0.09110023128837096
97,233,0.08571691553292297
97,239,0.09659631178636902
97,249,0.09039007374074047
97,257,0.053395007711677184
97,258,0.09136336298099282
97,264,0.051911366665731005
97,269,0.08766392767451367
97,293,0.052602601607698835
97,411,0.08723016496910765
97,421,0.06925002747339665
97,427,0.09619077810772571
97,459,0.08918053674275485
97,471,0.07243346445141956
97,476,0.06714089937332267
97,494,0.085797276865314
97,523,0.07634593798775098
218,14,0.13205129409810115
218,45,0.13361481823251695
218,67,0.13960098258378725
218,80,0.09845263719629913
218,94,0.12823761124195046
218,113,0.07851103558226448
218,142,0.15586579312839116
218,167,0.07169481720434395
218,181,0.09562993891683387
218,190,0.08634459157891367
218,192,0.1782303655870527
218,198,0.15916706533560065
218,213,0.13888502172361777
218,214,0.06559114141959774
218,215,0.13882609586228933
218,225,0.16964449044789584
218,228,0.13066034583017033
218,231,0.1283845112258822
218,259,0.11260610878503988
218,340,0.12321075272705367
218,342,0.09508990807412408
218,346,0.14675653565209507
218,364,0.04695746207432479
218,374,0.13088326008273005
218,387,0.1582172993361967
218,410,0.1348234927889058
218,431,0.1084950574473946
218,434,0.12504839182226654
218,438,0.12034699434140048
218,452,0.047949116745330166
218,453,0.1466753985210233
218,463,0.08982904656396064
218,472,0.09811161890742424
218,488,0.08711505081290422
218,491,0.1737673460590235
218,497,0.17831418307700977
218,507,0.12924102892197253
264,2,0.0544344723664889
264,12,0.058832079354004495
264,27,0.05308967846133323
264,29,0.05764723433253752
264,31,0.05684147452652938
264,89,0.05892965218432511
264,97,0.051911366665731005
264,107,0.05192864444549543
264,188,0.06177132967640508
264,191,0.055155120056543744
264,232,0.05543562592443088
264,256,0.05060293224050712
264,305,0.05142642496714112
264,351,0.04917515710176406
264,421,0.05344574561534627
264,469,0.05680953356749071
264,481,0.052822475726529684
264,493,0.05935884167830249
264,500,0.05346510099332282
264,520,0.05157548590476048
264,521,0.0524667094886936
264,527,0.05789468456312905
270,23,0.04762020197211497
270,76,0.04643668180783849
270,82,0.04645321715564165
270,92,0.04837831424265279
270,103,0.046872939701094726
270,128,0.046479128636720046
270,137,0.04644507574267522
270,158,0.04724408630630235
270,168,0.04781413596939366
270,288,0.04655741139737156
270,291,0.0478219079474031
270,295,0.05124805709788684
270,298,0.047549479916411994
270,325,0.04823863415885149
270,334,0.04658812777210433
270,344,0.04861774373715676
270,345,0.04886231718522082
270,402,0.054696072484113456
270,404,0.048089621881084954
270,476,0.05539831360725361
179,3,0.11496280902199066
179,15,0.1263401365070183
179,18,0.1138751195308006
179,32,0.11272637747085285
179,33,0.1552341711191208
179,36,0.10456152578721428
179,38,0.13771786635805197
179,46,0.10068585151233025
179,52,0.09135548685670351
179,58,0.1193646741065476
179,62,0.11199133128029437
179,71,0.08453093399623791
179,74,0.11922572285048161
179,81,0.09891482891515425
179,93,0.12900108851763353
179,124,0.15972936390150644
179,130,0.13467142190315448
179,134,0.1207928660209129
179,146,0.1245822628107899
179,150,0.14251875328935695
179,155,0.11310193627158792
179,177,0.09650254945298464
179,185,0.10814262029309094
179,189,0.10411867444579727
179,194,0.1415824208898383
179,195,0.10743799192875012
179,207,0.1461589016844005
179,230,0.11632813318202666
179,233,0.14543814353775372
179,236,0.13223427996288825
179,239,0.11584012144644157
179,249,0.12218266611225503
179,250,0.10326815472025411
179,253,0.12586173165693307
179,274,0.13734476835222298
179,289,0.11227695525855413
179,290,0.10337382651401937
179,294,0.121355162909908
179,296,0.09562788497379059
179,308,0.11615025817814921
179,311,0.13368179079255196
179,324,0.09349238437776844
179,329,0.11818803865697312
179,332,0.12363288311210016
179,358,0.08745692628727193
179,359,0.14923500264753492
179,376,0.09932445988065308
179,379,0.16432130660014763
179,381,0.08925912388817508
179,395,0.10171038182707635
179,418,0.1369816088891062
179,423,0.13776376395538173
179,427,0.1456906569423414
179,436,0.12150500996563081
179,440,0.13412110537107857
179,441,0.12142627661577403
179,455,0.09655183190004199
179,464,0.1315688254227639
179,467,0.09809832470755722
179,480,0.15430130315227578
179,499,0.11328728116770712
179,503,0.1394096711187476
179,508,0.12168203452754246
179,513,0.10768200993304922
179,514,0.11931579349716086
179,528,0.0987758863644429
184,25,0.14601195043564652
184,30,0.12710856213553093
184,37,0.10166649063189574
184,39,0.09375839149676726
184,72,0.09592384161733616
184,73,0.132682710727236
184,86,0.13817663619077897
184,90,0.13693795164292777
184,97,0.08717646580969045
184,109,0.0803884198209549
184,122,0.13804264021896936
184,124,0.13806005128440235
184,134,0.11428655763807512
184,140,0.1056565828860506
184,143,0.06334474928216423
184,163,0.13309732655357498
184,171,0.12704198742746187
184,172,0.08671784116129598
184,177,0.09066434505252075
184,196,0.10576824084519758
184,208,0.12002994476680147
184,222,0.10234168948189154
184,233,0.15072839819973868
184,239,0.11009708418888069
184,249,0.14107535521627967
184,263,0.14262994710004115
184,269,0.14268146711172536
184,283,0.11927158156655765
184,287,0.1270317443481066
184,291,0.10769219878237171
184,329,0.10694230463590156
184,334,0.07777403180901604
184,339,0.11927645534077709
184,344,0.07577988100173827
184,345,0.10254759936403798
184,352,0.14320929748627056
184,355,0.1266198273879665
184,358,0.08490064423527335
184,391,0.09954041955773017
184,416,0.07565316844673411
184,417,0.11310241609720632
184,418,0.12880440528363776
184,423,0.12190464215498165
184,427,0.13127987368046065
184,432,0.07911965992063637
184,447,0.0855957958779619
184,451,0.10010726338610723
184,454,0.0891121892877965
184,457,0.08739420904483548
184,465,0.1240962289224456
184,495,0.09219419718461573
184,500,0.06786937437697065
184,502,0.07760600161709706
184,503,0.13986362859097468
184,508,0.11333976975053954
184,515,0.1608403721592568
184,518,0.10115533882872163
231,6,0.18528797965147004
231,7,0.1760049594696435
231,16,0.14713796253460837
231,26,0.17304692765965413
231,45,0.16754548807084713
231,65,0.16765012488776634
231,79,0.19428788812212375
231,117,0.13936375828804848
231,132,0.19680390567889025
231,142,0.16977120474511487
231,151,0.1959155206778837
231,165,0.17224544231974132
231,192,0.13077262815672028
231,193,0.1296435821133426
231,198,0.1831547818821252
231,205,0.19851977081351035
231,213,0.19812492081131272
231,217,0.1718486333503607
231,218,0.1283845112258822
231,225,0.1583239370637874
231,259,0.11445542331105277
231,300,0.20441131038849322
231,306,0.14506390009798023
231,307,0.14244430840779596
231,315,0.18434193356994125
231,318,0.1271678310621149
231,321,0.16575507502991826
231,326,0.14308993842754092
231,342,0.09805754307993556
231,349,0.12392071350947206
231,354,0.15934337086175163
231,374,0.2272145468430366
231,386,0.14637276992338216
231,387,0.18707863400613084
231,410,0.1860551861197607
231,413,0.1828703871749253
231,442,0.20728126935596225
231,487,0.12575221372102763
231,498,0.15689305115892715
231,504,0.19172381298599253
231,507,0.1469031205131213
231,524,0.17063830643823166
393,9,0.04733563991928736
393,12,0.059593615655828526
393,27,0.040461682193248465
393,134,0.07986416627603708
393,140,0.07983777409021353
393,146,0.08734794138338756
393,150,0.0861301644150728
393,155,0.0792097030708709
393,186,0.07374776400730577
393,187,0.06328516848147964
393,188,0.06353214381484877
393,191,0.05528765460581321
393,220,0.07822677444355512
393,223,0.07542336585898453
393,230,0.08359160691986768
393,232,0.0887967445205317
393,236,0.07886118453060445
393,256,0.05301685136751705
393,266,0.04751437905871439
393,267,0.04715696567771777
393,282,0.05368453154374766
393,283,0.08213505403043365
393,305,0.08147045210607697
393,327,0.08201087641275387
393,341,0.08271609463620933
393,367,0.08452544176368604
393,377,0.07824632855050781
393,378,0.08256687680308585
393,426,0.0855268885637192
393,451,0.0814717906353784
393,469,0.06364260955534866
393,493,0.06573798294862417
393,502,0.09381433847866842
393,516,0.07819259770347603
393,525,0.061963556469435487
411,2,0.06316773848423088
411,4,0.061611578741221515
411,29,0.08129189001030951
411,35,0.06058159299055364
411,49,0.06845114568727138
411,66,0.09762707949485677
411,77,0.07388157971695623
411,89,0.08690879469301296
411,93,0.093571967697615
411,97,0.08723016496910765
411,103,0.08644822148214427
411,105,0.052854428767140756
411,116,0.0993735980889218
411,125,0.07478497465124968
411,128,0.07788155132438797
411,134,0.11250674309223024
411,171,0.09672230988346732
411,175,0.06514153084771246
411,206,0.055442724749342705
411,222,0.10295841767133641
411,223,0.07666366774071143
411,227,0.0512479634734527
411,236,0.09762404926531582
411,256,0.05063760806981414
411,257,0.05167716278312692
411,258,0.08348147865865653
411,281,0.061532695620851514
411,285,0.060230682462923776
411,286,0.0598341452740387
411,295,0.06761492475467851
411,305,0.10139922714330314
411,309,0.0834394763458301
411,327,0.09242624067423504
411,331,0.06773798767884044
411,341,0.09458922236360204
411,347,0.09033879307329691
411,357,0.12045698072139424
411,367,0.09455701765743235
411,375,0.07440317211476137
411,383,0.05378870402241485
411,395,0.09631728143846813
411,400,0.09725386260235826
411,406,0.0956687498188263
411,415,0.0618423077550466
411,424,0.10237211922674781
411,426,0.09905791881864327
411,436,0.0979487143702659
411,440,0.10228910914583914
411,460,0.09333681351682094
411,468,0.05811042267461016
411,471,0.07037778296459457
411,474,0.08748077875874893
411,476,0.06724876207105038
411,482,0.08408810039832125
411,493,0.06372883156849575
411,494,0.09984709672508171
411,500,0.06936188730889246
411,521,0.08979221113166481
411,523,0.07746054657905037
501,48,0.15074630598141553
501,91,0.1455389845853032
501,96,0.14698684235576828
501,110,0.16038477722311426
501,112,0.14216698472255
501,119,0.14941282685983884
501,121,0.1471256655064068
501,234,0.13825321271720717
501,240,0.16084187445188813
501,244,0.13867750703521176
501,277,0.15236618716578207
501,280,0.14530837943849192
501,337,0.14353298523913094
501,371,0.14328912217033524
501,425,0.1542426646568914
501,428,0.13846122104766778
501,437,0.1512606736265706
501,479,0.14499933787045804
501,483,0.1427668669222465
501,511,0.16178354802650505
167,14,0.09460151804513885
167,67,0.07294268911704448
167,94,0.09030533837749503
167,181,0.11368464998659691
167,190,0.07874197307712459
167,214,0.09697766221343872
167,215,0.08281344442361036
167,218,0.07169481720434395
167,228,0.08013929252743957
167,242,0.0834287546700715
167,273,0.11920688997468791
167,350,0.0910975346701935
167,364,0.050427689851271586
167,434,0.09809131935328262
167,438,0.082030074905716
167,452,0.04830838669182354
167,453,0.07288942183297205
167,463,0.09382003340527448
167,472,0.09433990543613203
167,488,0.08290308507348192
167,491,0.07425371078008271
167,497,0.06972533346371014
366,8,0.18993640847153745
366,17,0.10525771850145164
366,22,0.08306989319317347
366,48,0.15656174671343198
366,50,0.1378236150823261
366,61,0.15892636711359068
366,83,0.1486525716707677
366,87,0.15858076515652644
366,92,0.07799475710455267
366,99,0.11337414471807362
366,111,0.14329475677884732
366,112,0.1626561305846841
366,121,0.13041512114405948
366,127,0.12784780794737607
366,133,0.1513640780056833
366,160,0.14284346796191427
366,162,0.13508864387038402
366,168,0.10389577398953694
366,197,0.16190067282715062
366,200,0.17137583002507134
366,234,0.15055492797876754
366,241,0.16371153996667173
366,244,0.1705845891058291
366,272,0.10871800073033526
366,278,0.1674133512074887
366,288,0.14003827838155616
366,297,0.09915328682529519
366,317,0.133574217145056
366,330,0.10675444617808233
366,336,0.13093018830028125
366,337,0.15645205122643116
366,372,0.1496569788579955
366,389,0.14961069735567115
366,392,0.1558517834615035
366,398,0.1583468927114114
366,403,0.09378926897957374
366,405,0.11587721375065994
366,420,0.15894107027709944
366,425,0.15792594248272873
366,428,0.18520366569076904
366,430,0.14172061926541388
366,450,0.1636971875485413
366,456,0.15402544428341866
366,478,0.13547306944444754
366,479,0.1544085907358682
366,483,0.1675450619992371
366,484,0.12393388721292123
366,489,0.1328240979449321
366,492,0.15862758959757534
366,509,0.10023564227119064
366,511,0.1554205898919817
366,529,0.11114882712330729
366,531,0.09184700782402186
227,29,0.0494022591967823
227,46,0.04871563505976093
227,60,0.05310582113716426
227,77,0.053729548679633275
227,85,0.05082158099670643
227,125,0.05157685113518467
227,204,0.0505967446522278
227,216,0.049147110937757935
227,235,0.04882500869364114
227,279,0.05322454005624263
227,309,0.05489538464942959
227,395,0.05117837208084368
227,400,0.049491768364032906
227,411,0.0512479634734527
227,424,0.048819684768035755
227,426,0.048983431382715506
227,468,0.0502348868335977
227,475,0.05014377207640181
227,516,0.04918892516422015
227,523,0.05149166210323645
285,2,0.05877062834733098
285,20,0.047913760496193905
285,29,0.05913087432400575
285,43,0.05169608325959526
285,89,0.06285167497494802
285,189,0.05710680774992691
285,202,0.03750881770253772
285,236,0.06021987937726046
285,257,0.055877586691189404
285,281,0.05752169442532503
285,296,0.058314381216999514
285,327,0.05850434427813423
285,347,0.059647043763233626
285,351,0.048803250047483385
285,353,0.05805993639323717
285,357,0.060345224722019836
285,369,0.05247644583659386
285,383,0.06004650629764682
285,406,0.06305893972795382
285,411,0.060230682462923776
285,421,0.057572560383769324
285,424,0.057501263356111276
285,426,0.05814931562876393
285,466,0.07047981431065421
285,486,0.05992740973477884
285,521,0.06863387768278115
452,67,0.0487676519552765
452,94,0.051395173403036516
452,113,0.08383287557734721
452,167,0.04830838669182354
452,190,0.06479559482223936
452,192,0.048665589170618015
452,215,0.051733590569790294
452,218,0.047949116745330166
452,229,0.04843546399199182
452,247,0.0480782595290841
452,273,0.057180967765605585
452,340,0.055281219578766964
452,362,0.05526550944412317
452,364,0.09427764913394802
452,431,0.05857028675062318
452,438,0.06318326594351201
452,453,0.04816062033184669
452,463,0.0651880822458964
452,472,0.05966200571240532
452,488,0.06928523696937487
5,2,0.048834573037607985
5,49,0.057834540429187675
5,81,0.047976257931109816
5,125,0.048873375976292946
5,138,0.04872855288378201
5,145,0.04121559250125298
5,196,0.047831899818245545
5,248,0.05379322272246086
5,299,0.048012426611864
5,309,0.050635140517209506
5,335,0.04834760448973977
5,343,0.04855038649333267
5,353,0.05785512517867206
5,356,0.04767380281555423
5,360,0.0330723297324679
5,375,0.05163318922115273
5,391,0.047742093342614554
5,396,0.049589948445177987
5,412,0.04888750946439182
5,435,0.049441319720964785
5,481,0.04977617496584661
5,525,0.049388884381577486
53,19,0.13046941197276588
53,21,0.13819196281574156
53,64,0.06490555728988141
53,70,0.09408197550514587
53,75,0.12587811457651105
53,80,0.0990508359929016
53,96,0.13061827228485395
53,98,0.05722800704323254
53,108,0.1267441452377464
53,112,0.12868395910808983
53,120,0.13505246831329434
53,173,0.1422792676564532
53,178,0.04221385916984975
53,183,0.09127606953254329
53,203,0.08244821923946208
53,212,0.12793323870078682
53,229,0.12591116871526556
53,242,0.09646048062495101
53,247,0.10970441984311136
53,259,0.10548543428318706
53,261,0.07610208187968164
53,272,0.12274591953829933
53,280,0.13886771531097383
53,292,0.13527461354348388
53,297,0.10008883507217779
53,298,0.114021128152182
53,304,0.1408263076761394
53,313,0.06864361494483057
53,344,0.07051011382209305
53,348,0.1034007902549441
53,371,0.14112568099390224
53,372,0.13018927413371773
53,405,0.11798733868430523
53,407,0.1377654030249576
53,414,0.14749366228076694
53,443,0.07191380308248212
53,446,0.09035933256701913
53,449,0.1555123848893836
53,461,0.09709038415238518
53,479,0.12669091352697145
53,490,0.1644886259365647
53,509,0.1136753599893513
53,510,0.07447398908810443
249,30,0.14175145589603752
249,32,0.11946730121698913
249,37,0.08985561504519873
249,38,0.1374609759673225
249,72,0.09583286025251724
249,76,0.09401700503822293
249,86,0.13849473036794002
249,90,0.12304680557756754
249,97,0.09039007374074047
249,122,0.12283732814680569
249,124,0.1407207402668508
249,129,0.07591919010093479
249,140,0.10333737645084941
249,172,0.08485609713265445
249,179,0.12218266611225503
249,184,0.14107535521627967
249,208,0.1131553734917435
249,220,0.12432781086359689
249,232,0.09499068812095297
249,233,0.1514333173845597
249,239,0.11325230359117071
249,263,0.12576467737849062
249,269,0.13068140722102678
249,274,0.11342210816683614
249,287,0.12980926934283474
249,291,0.09568200599211384
249,329,0.1163590692083242
249,334,0.0720655752110135
249,345,0.11294220392235906
249,352,0.1324501202063178
249,358,0.08613931899351596
249,367,0.10972182733256465
249,399,0.06471557994075157
249,417,0.11091489692726351
249,423,0.1311325907227214
249,427,0.13547770116120708
249,440,0.12359361914499682
249,454,0.08730764811551282
249,457,0.08588865142203687
249,464,0.13079365732085158
249,465,0.10690880108399847
249,502,0.08045302609777646
249,503,0.1460240518487006
249,515,0.12382622322292965
249,518,0.10312492850918076
282,1,0.02327255533233019
282,2,0.05554005324356544
282,12,0.052874349139422606
282,29,0.050076547933401196
282,47,0.04897452567095165
282,125,0.04911008751122174
282,145,0.04048740735885449
282,175,0.0487986401168182
282,186,0.05393681450401174
282,191,0.04955242031502879
282,223,0.05508442728535201
282,267,0.052383990654097684
282,299,0.0507602412554029
282,309,0.05109338015010696
282,327,0.05035962709645667
282,341,0.04915005589586635
282,347,0.05108241553523405
282,357,0.051036423146459925
282,393,0.05368453154374766
282,516,0.050566262275947765
282,525,0.05013647410724193
282,527,0.04953954270996955
375,3,0.07092739551139735
375,5,0.05163318922115273
375,13,0.056778078330289125
375,72,0.07407073527587076
375,77,0.06670232656779818
375,81,0.07213906632431873
375,100,0.07559148165411175
375,114,0.047818679531090265
375,115,0.03964542776625564
375,125,0.07168367792571963
375,138,0.08537211689083218
375,146,0.07231904164816605
375,155,0.07195911608063454
375,164,0.0587920180048534
375,172,0.07056675083389011
375,175,0.06471952379558726
375,250,0.07170830379907488
375,252,0.07993625830216088
375,262,0.05342751909222935
375,284,0.07275773140034995
375,308,0.07077860050591524
375,322,0.052502299681796344
375,333,0.07855256927565721
375,357,0.07054610726326135
375,391,0.07093553438196905
375,409,0.06239073000132515
375,411,0.07440317211476137
375,422,0.07078087672550254
375,424,0.074626663727659
375,516,0.07503097367475806
96,11,0.15119840899816647
96,21,0.13571159747528846
96,48,0.18132640556927979
96,53,0.13061827228485395
96,61,0.1565681969696756
96,75,0.16667289055137852
96,104,0.15117670170242406
96,108,0.15766335384483865
96,110,0.18574402599569512
96,111,0.14210336893475445
96,119,0.13641435134517316
96,148,0.11666655597410394
96,162,0.13574342782213433
96,209,0.12675370289215382
96,212,0.1648731599463627
96,221,0.15225145078281407
96,229,0.10473213361658765
96,244,0.157623020943892
96,247,0.09721755855339874
96,261,0.07232975111000667
96,272,0.1051609737975774
96,280,0.20199601139527684
96,292,0.1712125233569832
96,304,0.1402936565285902
96,336,0.13273210819469697
96,337,0.19451418047888347
96,380,0.14467385486923845
96,384,0.14044467682933945
96,407,0.14714346453949956
96,414,0.1834647900151402
96,425,0.15275005084181997
96,437,0.16551667895881142
96,439,0.1744597440846047
96,456,0.15135117821727342
96,473,0.16491241752032249
96,479,0.15222416271546924
96,483,0.1539520764581294
96,490,0.140077591063892
96,501,0.14698684235576828
96,505,0.18409391951026993
96,511,0.16974371850818049
379,18,0.11212179777046337
379,33,0.12705658003262735
379,36,0.0973541728917363
379,38,0.12546285063675922
379,71,0.08313603705610347
379,93,0.1280265130585621
379,124,0.13250301341739493
379,130,0.1255308535838146
379,131,0.06258306478501006
379,134,0.11872698324137675
379,171,0.12358943692248871
379,179,0.16432130660014763
379,189,0.10653785724174991
379,194,0.12730339658605017
379,207,0.1350387757135713
379,233,0.13280020634365525
379,236,0.11649857445470356
379,239,0.11493813879730107
379,250,0.10226661647134333
379,253,0.12106484054487128
379,274,0.12456227204422579
379,311,0.12607511327668453
379,329,0.11511825868155551
379,345,0.10165442176817885
379,356,0.07202544008233687
379,359,0.12278676382641583
379,376,0.10154905176632133
379,391,0.09922103199454939
379,395,0.10615605343491986
379,418,0.11935150685822532
379,423,0.13063716378116882
379,427,0.13629588130478343
379,436,0.11065741979844931
379,440,0.12361064165453582
379,441,0.12107768166580449
379,462,0.08875071444269504
379,464,0.13905820224520207
379,480,0.1350948662522441
379,499,0.10880571005429328
379,503,0.12843309698665098
438,14,0.0993317729428858
438,67,0.12299806474605926
438,94,0.12096108694297313
438,113,0.10069385559250855
438,167,0.082030074905716
438,181,0.08746436615266749
438,190,0.1190261899513646
438,192,0.12471986114343875
438,214,0.0666822051581023
438,215,0.13235954325906898
438,218,0.12034699434140048
438,225,0.10266013221383788
438,228,0.10238130911290888
438,247,0.09897632936870882
438,273,0.08369391470396363
438,313,0.06901640218196935
438,340,0.11755304649603364
438,362,0.042848208421970485
438,364,0.06119588333818542
438,431,0.12577429555367117
438,434,0.10272206527546657
438,452,0.06318326594351201
438,453,0.11287896158061599
438,463,0.11988351127854
438,472,0.1278556971625283
438,488,0.10624764954629598
438,491,0.11283023131910021
438,497,0.10636209751843931
457,13,0.05343573844140792
457,25,0.0899993762804878
457,30,0.08854612886747236
457,37,0.08915471958085325
457,39,0.09318420455730529
457,54,0.07166314205141648
457,72,0.09089260351649439
457,81,0.08790953396648149
457,122,0.08985621645023732
457,129,0.08040768197912215
457,137,0.08479440614782631
457,163,0.08489519530348538
457,184,0.08739420904483548
457,208,0.09018973119281969
457,249,0.08588865142203687
457,262,0.05445060774025598
457,269,0.08501333722879742
457,275,0.05244692682377305
457,283,0.09497946164367335
457,287,0.09818579282972009
457,314,0.04628987995869978
457,320,0.05949872150999957
457,331,0.0670741473870436
457,334,0.07152499778267132
457,396,0.07232975842344065
457,412,0.0739813531621519
457,415,0.059660718694880474
457,417,0.09298778378773895
457,422,0.07827682269882087
457,424,0.08620401702897222
457,432,0.0775978403559176
457,444,0.08694141938715831
457,445,0.06997278112712588
457,482,0.0849401013929844
457,495,0.0845181393992015
520,12,0.05681894151718089
520,27,0.040202488825151296
520,29,0.055827259967955775
520,31,0.06233958171968344
520,47,0.056496767081313806
520,49,0.05759620810572066
520,89,0.06057424244563841
520,107,0.07522215466009674
520,157,0.059042568442255146
520,176,0.04876107900472424
520,264,0.05157548590476048
520,305,0.05852569622012415
520,309,0.06108049386863233
520,327,0.0595766830943578
520,338,0.06367349412258229
520,343,0.06040819978767905
520,353,0.05616857723560331
520,362,0.038290988297074204
520,369,0.05440206095551368
520,424,0.058366377262781655
520,444,0.05609566484444919
520,494,0.05737717317160243
520,496,0.055814880410215824
520,521,0.06255408949330356
520,527,0.06147666737148332
55,19,0.14410899981644512
55,34,0.1406244030072363
55,44,0.12266736080570677
55,48,0.12652827252635962
55,59,0.12273470451884978
55,83,0.1292211674194741
55,87,0.12386491241744284
55,126,0.12477761100463068
55,133,0.1278632812647271
55,152,0.10529278541227206
55,165,0.12287405917935992
55,197,0.12257917784412586
55,199,0.10087499708929677
55,244,0.1257398309204488
55,277,0.1457241928321671
55,278,0.13792434652031835
55,337,0.12341423262746756
55,401,0.0992256544380279
55,403,0.10818021680200891
55,428,0.1236084139974732
55,437,0.1260111906100945
55,439,0.12287523662751842
55,473,0.14256732733206587
55,505,0.12596264501931026
78,21,0.09122670790152748
78,42,0.08871184367014064
78,88,0.07554710921602266
78,92,0.07808789174653494
78,95,0.10740477869127016
78,99,0.0996039955780075
78,111,0.09382383838578971
78,141,0.07471088848974411
78,158,0.11717750933904589
78,159,0.08966549217309233
78,229,0.09137251120468394
78,265,0.08660978138021078
78,272,0.09919601337206337
78,276,0.07714686328410873
78,288,0.08945292408402916
78,292,0.09293747490903793
78,298,0.09037495126537194
78,316,0.07230302023219869
78,350,0.09011396285952737
78,371,0.10483679433556185
78,385,0.09059324914081276
78,388,0.0890787360132488
78,394,0.09981343015887635
78,399,0.06774478743335645
78,484,0.1012223598297977
78,490,0.10108912312410752
78,509,0.08814613436778466
129,37,0.07763449225797887
129,54,0.07356420919230441
129,68,0.08197555281078696
129,72,0.0755817818306281
129,107,0.07556834269229805
129,122,0.07659706362754723
129,138,0.08274045244963459
129,140,0.07708508539237865
129,146,0.07918050650895951
129,155,0.07693409986196814
129,208,0.08552452821274693
129,210,0.07798215673073433
129,249,0.07591919010093479
129,262,0.0548914490055713
129,268,0.056292613586054155
129,275,0.057069305044782255
129,283,0.07946894279104143
129,293,0.0524278924066275
129,302,0.06609972639343671
129,314,0.04296280407071811
129,320,0.06119312082151393
129,322,0.05086160456340396
129,327,0.07595896482344315
129,338,0.08133794188385683
129,341,0.07628274447040209
129,343,0.06290831277350402
129,417,0.07683273985508488
129,424,0.08885772084246131
129,433,0.07412939846045456
129,435,0.05655866755544748
129,444,0.08624309975824172
129,457,0.08040768197912215
129,500,0.07377040749394687
129,506,0.05217163073209687
129,518,0.08136052750121081
484,8,0.11445586121114072
484,17,0.09574634521193964
484,22,0.0768498525773257
484,44,0.11538388133801147
484,56,0.0934212315106903
484,61,0.11567982779698803
484,78,0.1012223598297977
484,87,0.12001262580074126
484,88,0.07092779874339138
484,92,0.08407740696828808
484,95,0.08994616446228659
484,99,0.12096301541214897
484,106,0.06212775886509006
484,111,0.12485595832122179
484,121,0.13042689564166665
484,123,0.12009462008485647
484,141,0.07529258880855903
484,149,0.07861914793887503
484,158,0.10397085408331601
484,162,0.11485943748819491
484,168,0.09254163694676365
484,203,0.0852521350938042
484,229,0.1105229430124435
484,261,0.0777269536637072
484,265,0.08381740672086613
484,276,0.07620199704388679
484,298,0.09442781463173305
484,304,0.11800388834404311
484,325,0.07233651487109673
484,328,0.09166703045888458
484,366,0.12393388721292123
484,371,0.12741244682710243
484,382,0.08264687230908084
484,385,0.10541442931457262
484,388,0.10756354817198865
484,389,0.12080935368452927
484,394,0.12458949962510446
484,399,0.06473083146864424
484,407,0.1243956198533133
484,420,0.12006341144214912
484,428,0.1274218098336784
484,443,0.0731906980212451
484,456,0.12143200068302103
484,461,0.10313702953784082
484,490,0.11502880610352133
484,509,0.10800896372314887
484,510,0.06606097312100183
484,529,0.11719507277356507
484,531,0.09511359664482447
45,6,0.18156263881887094
45,16,0.13203987829602612
45,65,0.15600680770630426
45,80,0.10505582425691333
45,108,0.15443733926677375
45,126,0.1565344633960532
45,127,0.13030388278463023
45,132,0.1796592241028881
45,139,0.17740763341461588
45,161,0.15815368217426323
45,173,0.1931918696177732
45,201,0.16720884069978467
45,205,0.1795126484889218
45,213,0.17033436084982045
45,218,0.13361481823251695
45,231,0.16754548807084713
45,259,0.11736639610724665
45,277,0.15085429468677203
45,307,0.13298996286144069
45,315,0.15250059876623406
45,318,0.11360435215065885
45,321,0.1738631969266961
45,337,0.15579377915804046
45,354,0.18001868192101825
45,414,0.17759960031104488
45,439,0.15183218407137145
45,449,0.11440200578441555
45,487,0.12057132776628894
45,505,0.16039789941973664
45,507,0.1384189318553949
143,37,0.06940981699007288
143,68,0.0692759541685484
143,72,0.06587846309774177
143,140,0.07002473344546353
143,184,0.06334474928216423
143,196,0.06990157717310576
143,283,0.06598616077712043
143,302,0.061146579147550534
143,333,0.06126194802902187
143,341,0.06146872864514291
143,347,0.061330198115690716
143,391,0.0633060543823051
143,417,0.06198053550875164
143,429,0.04442276872114936
143,432,0.0728281661668818
143,458,0.06118353166700194
143,465,0.06334173800297267
143,485,0.061127173196503425
143,495,0.07143728674791099
143,502,0.06659844710214
143,518,0.07074091611970214
295,1,0.02319325669482672
295,23,0.08337371411246483
295,24,0.07052101526616832
295,46,0.06783993614245962
295,82,0.05388131030345416
295,134,0.06984887669342582
295,137,0.07336603636510682
295,169,0.052276570919148516
295,222,0.07820264297471906
295,238,0.07329078284544953
295,270,0.05124805709788684
295,271,0.0602673152359065
295,286,0.06310126122730852
295,298,0.07168114571961712
295,305,0.0704400684222672
295,320,0.060020183621913914
295,327,0.07868805328714404
295,331,0.06634308755752931
295,344,0.06891148943929727
295,345,0.07164391592754102
295,363,0.06081924312569801
295,400,0.08054241828987019
295,402,0.07273840437383154
295,411,0.06761492475467851
295,426,0.06943166697612856
295,449,0.07005684709759295
295,486,0.06750320842777842
295,494,0.07437480359082096
295,516,0.06798686535570984
299,2,0.07344503051898339
299,5,0.048012426611864
299,12,0.05913635656834306
299,43,0.051279711381675405
299,85,0.06866412794658831
299,89,0.06325497476795956
299,115,0.04111881496414703
299,116,0.06599081336618241
299,157,0.06879566009447625
299,166,0.06605591381255102
299,176,0.05029150293785105
299,187,0.06280352860912533
299,223,0.0670780715638589
299,235,0.06953839780947337
299,267,0.04790566757657963
299,282,0.0507602412554029
299,305,0.06670056030835965
299,309,0.0668410123531647
299,323,0.0642762443681644
299,353,0.06548699846832544
299,369,0.050020706772459005
299,406,0.06751524886814303
299,421,0.06745111804790645
299,481,0.06401997515501567
299,486,0.06447303634187078
299,516,0.06619702365997833
299,521,0.0662659338300455
299,527,0.08032449404110419
364,67,0.0467404901191332
364,94,0.050123982957276075
364,113,0.06474572407846242
364,167,0.050427689851271586
364,190,0.06513299716952697
364,192,0.046675344370971636
364,214,0.046924192900453895
364,215,0.05038178057080363
364,218,0.04695746207432479
364,247,0.04740022158448005
364,273,0.05617231543991719
364,340,0.05153755204517219
364,362,0.04858481840751008
364,431,0.0537993328667885
364,438,0.06119588333818542
364,452,0.09427764913394802
364,453,0.04627205501654677
364,463,0.05977419684174126
364,472,0.05683098021006776
364,488,0.06560114828673105
60,24,0.10200035892827011
60,46,0.09912067725630731
60,58,0.09093599299573393
60,62,0.09431941551983578
60,71,0.08366090655921796
60,82,0.05160437901502058
60,118,0.07633914279155414
60,136,0.05102622724858466
60,137,0.0924788088222042
60,166,0.09093777522777448
60,189,0.09756701590075934
60,204,0.06558206570101385
60,207,0.10353071045494407
60,216,0.07873457061713006
60,224,0.08381417392974466
60,227,0.05310582113716426
60,237,0.06533535581775514
60,243,0.08196968358700482
60,248,0.06327420625004927
60,274,0.09207724951624546
60,279,0.09689944940555799
60,289,0.09873730791878474
60,323,0.06782353259528605
60,339,0.09604236650743651
60,356,0.07153504912665763
60,359,0.09723931784618604
60,395,0.10945976888077255
60,400,0.09061854738804409
60,409,0.06340496294890585
60,436,0.11557882623177829
60,455,0.09859618452696059
60,468,0.06168958898376081
60,475,0.07369245898229927
60,480,0.09705884734920359
60,485,0.07820270209140989
60,499,0.0922619549680805
60,513,0.09892568204496245
60,519,0.059780165917437594
60,523,0.083551338509268
172,25,0.09173713111670884
172,30,0.08921261183162518
172,37,0.08342781468824395
172,72,0.08545055586090614
172,86,0.08797455410557098
172,122,0.08538925605517925
172,155,0.0862648173600356
172,163,0.09670168656891202
172,184,0.08671784116129598
172,194,0.08436865543915575
172,249,0.08485609713265445
172,263,0.09075741751162952
172,287,0.08801327646028356
172,291,0.08420138229424654
172,352,0.08505891628005963
172,375,0.07056675083389011
172,376,0.08531676299043038
172,391,0.08355555173610568
172,399,0.06524194494681143
172,418,0.08549221307008521
172,423,0.0837682667381032
172,471,0.07930668092072349
172,515,0.08702802459206484
257,29,0.060840156012769146
257,46,0.05220405271071172
257,89,0.05294130077000798
257,97,0.053395007711677184
257,216,0.05392878285288537
257,232,0.05090033663823277
257,252,0.05307294097708707
257,258,0.053311009111575026
257,285,0.055877586691189404
257,341,0.05335709668295858
257,383,0.05354465191460614
257,391,0.05167783005289023
257,411,0.05167716278312692
257,421,0.05699755170387945
257,422,0.0537501806145442
257,466,0.06013703928349805
257,469,0.05217909912696037
257,502,0.061674319656159673
257,516,0.05185947018505516
257,521,0.05686932000167939
47,43,0.05046848864731785
47,49,0.061627052639599306
47,63,0.05276884085587233
47,115,0.04153963858326237
47,116,0.06081442432813165
47,125,0.06040181755578361
47,145,0.040427833372309874
47,180,0.04894904031644379
47,186,0.06121066854168462
47,210,0.060122137364644286
47,223,0.06530168382565872
47,238,0.06894654723496414
47,282,0.04897452567095165
47,302,0.06446034487279867
47,309,0.06433690843147905
47,327,0.05999103986915387
47,335,0.06144023696032091
47,343,0.06999888927089885
47,353,0.0619999094718321
47,360,0.029909407247846898
47,363,0.06796478311353832
47,397,0.06829745349731364
47,400,0.06069624908114301
47,422,0.059428473615277935
47,424,0.06462285101909325
47,433,0.0677120148236892
47,520,0.056496767081313806
47,521,0.06004133616590114
47,530,0.04053258926501856
469,9,0.049025540155219934
469,27,0.04226563303752072
469,29,0.05910597911689233
469,89,0.06564017502670676
469,128,0.05945935860576842
469,188,0.08630760902758262
469,191,0.062044543922087324
469,223,0.05855167937238536
469,232,0.07293818906100948
469,256,0.05079529765195179
469,257,0.05217909912696037
469,264,0.05680953356749071
469,293,0.05119153602903145
469,327,0.05792070972192316
469,338,0.05787887656835173
469,347,0.05767780216618842
469,351,0.050957493781541754
469,393,0.06364260955534866
469,421,0.06501327239689138
469,429,0.047909682817706425
469,432,0.057023347937974145
469,444,0.05995948918371604
469,493,0.06538782765326338
469,500,0.06358478020766915
469,502,0.0699834995241213
469,506,0.05453034726045281
469,521,0.05817900913797084
469,525,0.0647916100324892
469,527,0.05723308981854228
90,15,0.12053136678851263
90,25,0.11843422216058999
90,38,0.16981790793794554
90,86,0.15764254744016795
90,122,0.1374294032676376
90,124,0.1443918465383146
90,151,0.13082209497736516
90,184,0.13693795164292777
90,217,0.15247008364466794
90,233,0.14729450827113416
90,249,0.12304680557756754
90,260,0.12916688352457714
90,263,0.14281480334280214
90,269,0.1378381208257276
90,306,0.13974074445681167
90,352,0.15869536322952493
90,355,0.11779820290787703
90,358,0.08754471934584104
90,370,0.15361924906467073
90,386,0.13169154063682542
90,418,0.12307538856511047
90,423,0.12223440820384088
90,427,0.13887705604398956
90,441,0.12602454080274927
90,442,0.13035707605566865
90,451,0.0996711337663117
90,464,0.13330753147179028
90,465,0.10983176135858834
90,477,0.13665697087743114
90,515,0.14345183919485358
90,524,0.1414795087555544
160,44,0.13920075301762908
160,56,0.08752061642823526
160,59,0.15036252411668571
160,61,0.16606274528621573
160,69,0.11027516957493907
160,87,0.13594899692156606
160,104,0.16093746127046837
160,111,0.14246326076566623
160,120,0.12169586091095966
160,133,0.14316272168510333
160,159,0.12209978223779004
160,162,0.13391233381681092
160,197,0.14174403873311658
160,211,0.07166834929270112
160,221,0.13106748280964262
160,244,0.15627263520017884
160,245,0.13955096365294176
160,301,0.1309326248101817
160,304,0.13612285150873485
160,328,0.08045774728924233
160,330,0.11081955401257718
160,336,0.13284057033910715
160,366,0.14284346796191427
160,372,0.1393058210833877
160,385,0.11521060325306136
160,388,0.09356363605915585
160,390,0.10263157466438354
160,392,0.1374886890906806
160,394,0.12441625025603464
160,398,0.1376111009955119
160,437,0.13761554942860305
160,456,0.1380570353660305
160,483,0.14678371261963657
160,489,0.12965928292305637
160,492,0.14112607790625192
160,511,0.13810223741339847
196,5,0.047831899818245545
196,25,0.1056814487969622
196,37,0.09371582887685145
196,39,0.10841837974364733
196,68,0.08473251247276152
196,72,0.11076839925677164
196,109,0.08109762511433001
196,138,0.09484240920606726
196,140,0.09501295056937097
196,143,0.06990157717310576
196,163,0.0984313493145232
196,184,0.10576824084519758
196,210,0.09693479180190268
196,252,0.07685447810851866
196,274,0.10123827248317542
196,283,0.10827717042238572
196,287,0.09594942422354884
196,302,0.0641464049851754
196,334,0.0717375643702539
196,335,0.07080488065757636
196,339,0.0977461175688867
196,343,0.06761815717605342
196,356,0.07193571969979289
196,383,0.054704563708174926
196,391,0.09593439943813348
196,396,0.07153027555001586
196,408,0.10201670558144164
196,412,0.07359832030078685
196,416,0.08072203337792257
196,417,0.09752823245215887
196,418,0.10224846968642062
196,432,0.09266359464675424
196,435,0.057442661582376764
196,445,0.0691198859241215
196,448,0.07901184237441922
196,465,0.10390618566304127
196,495,0.09826681609258875
196,503,0.10087330243303302
196,518,0.09707291677881925
260,66,0.11385008546934607
260,86,0.14529201826097637
260,90,0.12916688352457714
260,122,0.12918949851293882
260,151,0.1164451864672204
260,174,0.1232293625465853
260,183,0.10727156823241955
260,193,0.15276841107741643
260,217,0.11932080230256008
260,228,0.11599237057611526
260,232,0.08850793281821852
260,233,0.1133721216083629
260,269,0.12209993545831471
260,332,0.11950159093448817
260,342,0.11274627376315627
260,349,0.10974019197094732
260,370,0.12616347881631043
260,377,0.12876909248086382
260,441,0.11493808501227121
260,442,0.12046606341642348
260,464,0.12978786242824963
260,496,0.06660720835148298
260,512,0.1213085608995872
260,515,0.11328198572107527
260,522,0.1030288254182502
505,6,0.1621103842121994
505,10,0.18095233040032027
505,11,0.12446758214996721
505,16,0.15598753134023202
505,19,0.19404614338037035
505,28,0.18075414444516286
505,38,0.1444929156539522
505,45,0.16039789941973664
505,48,0.17863195321820366
505,55,0.12596264501931026
505,59,0.16343726909020853
505,70,0.09033840971572421
505,75,0.15113309214938772
505,83,0.15265435497207241
505,91,0.16152692510063626
505,96,0.18409391951026993
505,104,0.13248949988290717
505,108,0.19044969032782788
505,126,0.21295177105422686
505,127,0.13800939574849153
505,139,0.17722137687745068
505,152,0.10237053913445196
505,161,0.2050206297612813
505,165,0.21166298885438098
505,173,0.1575248105514924
505,182,0.1600700882807493
505,199,0.09052201963732608
505,201,0.20593934370477082
505,205,0.1999438444264034
505,209,0.12623202067189035
505,212,0.16316128568680063
505,213,0.17949086918162524
505,244,0.1754435908529936
505,277,0.20358527886448294
505,280,0.1861447363419938
505,303,0.11528799184021847
505,306,0.14626115044844482
505,315,0.19555155042377573
505,318,0.115327928402759
505,326,0.15349868494636443
505,337,0.16794875189012604
505,354,0.16680150937998153
505,368,0.11177999450634027
505,380,0.1424352681723632
505,398,0.1878606838631908
505,401,0.09690150392002705
505,403,0.09343800379712877
505,414,0.19171141143583872
505,430,0.14252246350370648
505,437,0.1809039216225153
505,439,0.17582002994591814
505,450,0.15057423637362713
505,473,0.20967727426311597
505,487,0.1184304761561811
505,492,0.1598982289379861
511,21,0.1463327431448856
511,34,0.16168189588665013
511,44,0.1624188723449403
511,48,0.18693084513441294
511,59,0.18540649268630516
511,61,0.17728311219639736
511,75,0.14599444081961893
511,96,0.16974371850818049
511,99,0.12725014772413282
511,110,0.17629526325165568
511,111,0.15508669400913205
511,119,0.13900428002283272
511,121,0.1337093342445314
511,133,0.17143460933609034
511,159,0.12631026438464818
511,160,0.13810223741339847
511,162,0.13319185169331405
511,182,0.15970405920332087
511,200,0.15103895639189036
511,212,0.1498495892867593
511,221,0.1346320934287171
511,234,0.1418025785533391
511,240,0.17889355923333336
511,244,0.1809191576050108
511,276,0.0759582320287535
511,277,0.17221312004715753
511,278,0.16556226057116658
511,280,0.163506490702848
511,312,0.15702498043185414
511,317,0.1073745567550531
511,337,0.18128716099647502
511,366,0.1554205898919817
511,371,0.13794548303766174
511,380,0.1536001215501545
511,384,0.16040585736571397
511,389,0.13264165034561806
511,392,0.16651186154690956
511,425,0.1804263880952537
511,430,0.14326582308096655
511,437,0.1666777740031689
511,439,0.17672054320563557
511,478,0.14804916203929872
511,479,0.1555358960929573
511,483,0.19230455946591296
511,489,0.1303748996817018
511,490,0.1709520403508588
511,501,0.16178354802650505
511,526,0.15428448415189472
21,34,0.1416772074084463
21,53,0.13819196281574156
21,69,0.12051701612169263
21,76,0.09812338630494495
21,78,0.09122670790152748
21,87,0.14916123715907048
21,96,0.13571159747528846
21,111,0.1384686344638795
21,120,0.12746905686414267
21,133,0.14408973313881424
21,135,0.06809233055238481
21,141,0.07158227663107992
21,159,0.14277629823827234
21,162,0.13441444877448172
21,197,0.13647442212432526
21,212,0.1556016536442355
21,229,0.1067602185116166
21,244,0.14524082162485757
21,247,0.09897435468978849
21,255,0.06411945262581156
21,265,0.08273590032690388
21,272,0.10810875933222265
21,276,0.07496792261123901
21,280,0.14035018219818635
21,297,0.11937503868382854
21,298,0.0976654259073813
21,304,0.1383950412108229
21,328,0.08534735908131094
21,371,0.14965218295853885
21,372,0.13970274121935505
21,385,0.11141893661184435
21,389,0.14060478867785903
21,394,0.13295477726916594
21,405,0.10561342311703034
21,425,0.1444489245791612
21,446,0.10130643609067204
21,454,0.08998814497535182
21,474,0.08782341161353491
21,479,0.13665240741387433
21,490,0.1748486083170582
21,509,0.10313338619161554
21,511,0.1463327431448856
21,531,0.09702852694504899
383,29,0.05371846122337488
383,49,0.05349378851983447
383,109,0.056703384129820775
383,116,0.052790478025756066
383,196,0.054704563708174926
383,236,0.055015262133028306
383,257,0.05354465191460614
383,283,0.05348118101948687
383,285,0.06004650629764682
383,341,0.05366287576540129
383,343,0.05546904849969312
383,347,0.05430802963122435
383,391,0.053201804324882356
383,411,0.05378870402241485
383,422,0.057290572287786036
383,432,0.05290344177730547
383,445,0.053643266470349754
383,485,0.05274471201797579
383,495,0.05702289555695147
383,521,0.05301756158560675
462,18,0.08929410574007035
462,20,0.04586272503349271
462,62,0.08344727718037702
462,134,0.08627117864869271
462,136,0.0545968447292334
462,156,0.06356862978409265
462,189,0.08553952322970428
462,194,0.08506146399084559
462,236,0.08693840606418445
462,253,0.08574878117998577
462,290,0.09316882567136761
462,296,0.09744567070796692
462,347,0.08508758382165961
462,379,0.08875071444269504
462,381,0.0857955819183524
462,395,0.08884560811682239
462,406,0.09312809166173631
462,436,0.09244683645953967
462,440,0.08481626387275837
462,460,0.08478902227184854
462,480,0.08477708931155793
462,514,0.08853384425283709
462,517,0.08588460780221979
462,530,0.041563743661142946
23,30,0.06648831517615718
23,35,0.060139402321216145
23,98,0.055602733850531834
23,137,0.07001664504770684
23,195,0.06966468988789089
23,202,0.0363618772060708
23,224,0.06702759040806701
23,270,0.04762020197211497
23,284,0.07064143267827865
23,295,0.08337371411246483
23,298,0.07185905275709871
23,305,0.06926925067060509
23,344,0.06612276316067156
23,402,0.0775517840853739
23,404,0.06775773890723821
23,406,0.06737652322589531
23,409,0.06442018383231103
23,426,0.0662988779073487
23,446,0.06955342107010995
23,449,0.0693430252450701
23,454,0.06745043443891628
23,470,0.0647570394240026
23,474,0.06838301297545461
23,486,0.06829146827984403
23,494,0.06799379275115681
23,530,0.040161214995851874
23,531,0.06990533903285877
84,13,0.05681978131678082
84,24,0.05860649453804347
84,46,0.0648756932335696
84,81,0.059646052909632444
84,101,0.043869818048448896
84,125,0.0649352214495681
84,138,0.06188969386784224
84,145,0.04213375475777926
84,170,0.05858470350935327
84,176,0.046034140625136964
84,216,0.06195752827122658
84,237,0.05980432348934466
84,243,0.06037377427883583
84,246,0.06369589235068931
84,279,0.05935894573289525
84,335,0.06976366074338207
84,353,0.05991858751163048
84,360,0.030466952979591046
84,396,0.05884616823059239
84,397,0.06322760415254974
84,412,0.06001249780467136
84,468,0.059279471326277894
84,486,0.058971206134976424
84,513,0.0595493446197477
84,516,0.0684706334923027
84,530,0.04092672884067816
117,7,0.15044045618622964
117,26,0.12911329867639057
117,65,0.12510492146193314
117,79,0.13035824914903263
117,126,0.12649730438589132
117,132,0.130202755129168
117,151,0.12516607159630558
117,161,0.13259025590747972
117,201,0.12636346952874844
117,205,0.13763698981587155
117,217,0.12870558134206048
117,231,0.13936375828804848
117,300,0.13950966977339743
117,315,0.13063163273560935
117,354,0.1312599302698761
117,374,0.1380344385255879
117,413,0.14864013106576157
117,442,0.1311738305340854
117,477,0.14061270055606154
117,504,0.13680929406636458
459,30,0.09601303579675766
459,66,0.10372285648949484
459,74,0.09414801529874695
459,85,0.05953531838843888
459,93,0.09284282651424086
459,97,0.08918053674275485
459,116,0.10372374784311414
459,134,0.09407206179985461
459,147,0.10712171467675939
459,155,0.0971608466930225
459,166,0.09354223372867897
459,171,0.10827073343240673
459,174,0.09846796587104326
459,208,0.09622432928892002
459,235,0.0855016228155746
459,250,0.09306005766529078
459,271,0.059784811618160016
459,320,0.05898140120378951
459,332,0.094712789812742
459,359,0.09715287634025309
459,377,0.09710953643339332
459,427,0.09480756108263427
459,440,0.10155728091205571
459,458,0.08956448149175446
459,460,0.10135170945489769
459,512,0.10394163638524218
503,3,0.12448565066133903
503,18,0.11252726839125901
503,25,0.12784726762533158
503,30,0.12918762203915216
503,32,0.11595878711752229
503,36,0.10052237786819011
503,38,0.13307330421886981
503,46,0.10068851176584918
503,58,0.11681184781955434
503,62,0.10815275819111216
503,72,0.10165857605464229
503,124,0.1560404143481047
503,130,0.13628596312359095
503,140,0.1107099662031739
503,146,0.11589786920238122
503,150,0.14087962141843188
503,163,0.13234552372747177
503,171,0.12873049292189506
503,179,0.1394096711187476
503,184,0.13986362859097468
503,185,0.10529828325675293
503,194,0.12803739909585976
503,196,0.10087330243303302
503,233,0.1446644450268491
503,236,0.11293008255964189
503,249,0.1460240518487006
503,254,0.0969543905665649
503,263,0.11948827210182314
503,274,0.12383028899305427
503,283,0.12641633808417904
503,287,0.12508608435931037
503,289,0.10452287952756618
503,308,0.11298325660942163
503,311,0.12355577618939843
503,329,0.11370006330046352
503,333,0.08135574423022973
503,339,0.13727492636488656
503,341,0.08831215817668105
503,345,0.09508872006989297
503,347,0.09250568223246107
503,352,0.13556594967679997
503,358,0.08716789539913523
503,359,0.1315565291703306
503,379,0.12843309698665098
503,416,0.07623087023302388
503,417,0.09761208975094453
503,418,0.12006148755034958
503,423,0.14179113888535558
503,440,0.1330854259647033
503,464,0.14030323659654798
503,465,0.11727687572409803
503,495,0.09268300971616127
503,512,0.12998418092059316
503,515,0.12576393631673075
503,518,0.09313374167859757
30,3,0.11019987845351921
30,23,0.06648831517615718
30,25,0.13153370008367202
30,29,0.07698469610150434
30,32,0.1115550342191339
30,38,0.1297553046796367
30,52,0.09401359721337732
30,58,0.11305691365415062
30,66,0.11358544138196967
30,74,0.12861818182887577
30,122,0.129414882331601
30,124,0.1271468921859547
30,134,0.12087299313407454
30,135,0.0658241348373205
30,137,0.10186769947536509
30,140,0.10857753403714135
30,146,0.1206372861834885
30,147,0.11940983243640341
30,155,0.11847693636882572
30,166,0.09946086291218936
30,172,0.08921261183162518
30,174,0.12562741769659835
30,184,0.12710856213553093
30,195,0.10917180603582993
30,207,0.12197411917531409
30,208,0.10919055275452218
30,210,0.08020484172864736
30,220,0.12440602838697028
30,230,0.1162310986873043
30,233,0.13264932490772133
30,238,0.09564531172168943
30,249,0.14175145589603752
30,250,0.10140291791805744
30,254,0.10028516951698219
30,258,0.08235451336825796
30,269,0.12555922371263317
30,274,0.11846466018578049
30,281,0.06422360433446149
30,283,0.11481611149890625
30,291,0.09324755412105122
30,308,0.10991379097172327
30,333,0.08020358674545225
30,339,0.11217722277026564
30,341,0.08852484750895076
30,344,0.07815355931032879
30,345,0.0987596315126851
30,352,0.13415101930844753
30,359,0.1355072990788109
30,367,0.11139525169368626
30,370,0.12870375679221982
30,391,0.10830905974746177
30,399,0.06501662622130958
30,419,0.09823558207324992
30,423,0.12928276929189028
30,426,0.1121760796845752
30,440,0.14251773323616132
30,454,0.09209638633062435
30,455,0.09469540304862911
30,457,0.08854612886747236
30,459,0.09601303579675766
30,464,0.12892096909909145
30,471,0.07038308510019228
30,474,0.0894992157305998
30,482,0.08483408809924395
30,499,0.10853262849430396
30,503,0.12918762203915216
30,508,0.12525602901510222
30,512,0.1286547002610153
30,513,0.10819120906755592
30,523,0.07645155927568655
30,528,0.0953253043900155
30,532,0.07486068988331147
266,27,0.053660217071300365
266,31,0.04811526363860485
266,54,0.044500881291462964
266,89,0.04497336192309706
266,125,0.05072265755221674
266,188,0.047905938335153414
266,256,0.04912551718733814
266,327,0.046123065388257216
266,338,0.04413986546205229
266,341,0.04770923463135971
266,393,0.04751437905871439
266,415,0.04414261431181857
266,432,0.046477536216697604
266,444,0.04389749112140043
266,481,0.045501209075712465
266,493,0.04729791250759374
266,500,0.04785229231562809
266,502,0.04485377520053643
266,521,0.04434570706943898
266,525,0.048891554217517105
301,19,0.13848770599421595
301,28,0.13175826524874779
301,34,0.15915896109861677
301,44,0.13330815495482182
301,59,0.16514347186423495
301,61,0.128195019947279
301,69,0.10797041570074488
301,87,0.13819302301088165
301,119,0.13659033952637128
301,133,0.13801089000934436
301,160,0.1309326248101817
301,200,0.12913590271499628
301,212,0.12882147232269525
301,277,0.13068353377997055
301,278,0.13494125039288746
301,312,0.13001431718377585
301,319,0.12971101145547204
301,330,0.11087857049632398
301,336,0.12836513513063005
301,354,0.13170210533036217
301,392,0.14533281413698398
301,492,0.13321073012787704
382,8,0.08112414537975052
382,17,0.08893885571257103
382,42,0.09430174889778313
382,50,0.09183519216811456
382,87,0.0842965153618141
382,123,0.09127209316104684
382,149,0.10196184909598749
382,158,0.09195559553245625
382,168,0.08866915600272292
382,211,0.09035213246153982
382,245,0.09135969814540211
382,288,0.09957294350358363
382,373,0.08614779450313445
382,385,0.08233644060649807
382,390,0.09712645795468773
382,428,0.0812036853575129
382,461,0.10002747944769405
382,478,0.08103902417416232
382,484,0.08264687230908084
382,529,0.09951051940275787
517,57,0.09869969829841982
517,66,0.10369582725516295
517,71,0.09936695853763301
517,73,0.11780873796950303
517,93,0.11294859439384086
517,134,0.10259725092197626
517,147,0.11761657423636598
517,155,0.11060848914945087
517,171,0.1075206513160512
517,174,0.11748142265838019
517,194,0.10262864837384822
517,253,0.10999554349715554
517,254,0.09892597975477509
517,269,0.10608846393242113
517,367,0.10681560179424593
517,370,0.12085426104962237
517,402,0.06695006084960543
517,406,0.1028189842232057
517,440,0.11532743005219401
517,460,0.12922920739199847
517,462,0.08588460780221979
517,464,0.1079169943028701
517,480,0.11131602694906524
517,494,0.10205636813138642
517,512,0.11033021563513623
517,514,0.1130568070252511
108,14,0.11164048786469119
108,16,0.13541175231085872
108,19,0.1659060990282311
108,45,0.15443733926677375
108,48,0.1760853890318034
108,53,0.1267441452377464
108,61,0.16205010316568155
108,67,0.11974973648637136
108,75,0.16414333739741985
108,91,0.1712877299153321
108,96,0.15766335384483865
108,112,0.16612896247897307
108,126,0.18586537457773605
108,127,0.13867983399088832
108,139,0.15945422894212996
108,165,0.17887210940119042
108,173,0.1585691823128918
108,181,0.08690594374137013
108,182,0.1579767643066305
108,201,0.21994910868739206
108,205,0.16881164621452255
108,209,0.14240581092757826
108,212,0.17887726684266592
108,228,0.12378820290310216
108,251,0.10414353939958089
108,277,0.16913562789990194
108,280,0.17653665945730185
108,315,0.1768352713940581
108,368,0.11492601052926621
108,372,0.15887822018178913
108,414,0.1777728837773305
108,442,0.16082979247843518
108,473,0.16097954636493494
108,483,0.16135411931652416
108,491,0.143027616603932
108,505,0.19044969032782788
177,3,0.09379731042578708
177,73,0.101145809114738
177,130,0.09458870169894083
177,134,0.09515105121745149
177,146,0.09458959396911915
177,150,0.09552646633927805
177,163,0.09552148842725446
177,174,0.0943440082221908
177,179,0.09650254945298464
177,184,0.09066434505252075
177,194,0.09784072225778694
177,207,0.09588069800326575
177,233,0.09171533484831233
177,236,0.09456451592028649
177,269,0.09177097054948642
177,306,0.09249586353691704
177,381,0.08781159942938493
177,423,0.09527118241763258
177,440,0.09824378437656012
177,441,0.09257817767894395
177,514,0.09358311021647747
200,28,0.15110608428295677
200,34,0.1500000533784489
200,48,0.14869759584533984
200,59,0.1593240126497345
200,83,0.1542022528636354
200,173,0.1513632070829864
200,197,0.15677636726448607
200,241,0.14684857436972962
200,244,0.14927211068324867
200,277,0.14950628680721392
200,278,0.15755284231722597
200,301,0.12913590271499628
200,317,0.1112155530275389
200,336,0.1325693148254998
200,366,0.17137583002507134
200,392,0.16408164988746135
200,398,0.1541916262657473
200,414,0.14639042125397406
200,450,0.17156538377462643
200,473,0.14726159353869195
200,483,0.15775509912090466
200,489,0.14155008592924712
200,492,0.1485656779030902
200,511,0.15103895639189036
273,14,0.08365408462063746
273,67,0.07108953534461547
273,88,0.06891283162873613
273,94,0.09475985541155077
273,113,0.0806898588900785
273,167,0.11920688997468791
273,181,0.0933417939549242
273,190,0.09099176462339298
273,214,0.0995628357292544
273,215,0.08570517075660918
273,228,0.07523850149480152
273,242,0.07681472631923882
273,251,0.07004079227648394
273,340,0.07422523579512094
273,350,0.08061967504620512
273,362,0.03995100722208358
273,364,0.05617231543991719
273,434,0.0975108075992273
273,438,0.08369391470396363
273,452,0.057180967765605585
273,453,0.07075137900519858
273,463,0.11614216392276104
273,472,0.10271171470332942
273,488,0.09825115312687689
40,62,0.044516996423105956
40,103,0.04952619630581794
40,118,0.0462129958059204
40,135,0.0447783802878542
40,137,0.04389296798510695
40,156,0.044854818716849924
40,169,0.04402540888938363
40,170,0.04403338888978017
40,224,0.04914523739406456
40,226,0.04388444997984003
40,255,0.0458823492418695
40,330,0.04446186263458294
40,331,0.04451987634138433
40,344,0.04439647807114526
40,345,0.045283133463019744
40,361,0.04683233413466517
40,396,0.045510732231898485
40,474,0.043860896476917814
40,476,0.05079677481343071
40,513,0.044278170920536444
68,3,0.08752453400308008
68,4,0.061062299410786225
68,13,0.057350627019464716
68,37,0.08848449856825231
68,41,0.05682991866030802
68,72,0.09402593078702143
68,114,0.04986024719490126
68,125,0.07089370720267793
68,129,0.08197555281078696
68,140,0.08921865034634013
68,143,0.0692759541685484
68,196,0.08473251247276152
68,206,0.05178770293281814
68,238,0.0820180979667473
68,252,0.07975930539849042
68,262,0.05546264788592637
68,283,0.08924093012492783
68,293,0.0518952404043405
68,302,0.06602860878291573
68,322,0.05080775619443077
68,327,0.08751442442707284
68,335,0.07273341441455554
68,341,0.08410327945102716
68,363,0.06946936587866516
68,391,0.08895138079392728
68,397,0.07934584806796897
68,408,0.08232688657540783
68,415,0.06353236799707038
68,424,0.11704586146055265
68,426,0.08182847377251962
68,432,0.08607323348114079
68,435,0.0647396958941863
68,444,0.09627200693448067
68,445,0.06845470837762976
68,466,0.06576007393397217
68,495,0.08381768618531257
68,500,0.06816745609478199
68,506,0.05341730365189027
68,513,0.0816702140988888
68,516,0.08658418368818586
68,518,0.08487991757518029
70,6,0.09053510877041417
70,16,0.0898834432018053
70,53,0.09408197550514587
70,80,0.09240153745721141
70,106,0.07143564567298671
70,127,0.09121380040512261
70,139,0.09240629042346911
70,144,0.06447546223208363
70,152,0.11090873215901248
70,173,0.09579084990876224
70,199,0.11369931033345286
70,203,0.08181418371252831
70,229,0.08941967133260621
70,303,0.13034839436285287
70,313,0.0697861203092671
70,326,0.08924160345965436
70,368,0.0947198391042514
70,401,0.10143472399863343
70,403,0.09314543953460752
70,414,0.08934365341356203
70,428,0.09125575546214905
70,490,0.08908475947034075
70,505,0.09033840971572421
70,509,0.09540804056025806
275,1,0.024036213328937076
275,39,0.052165310422808905
275,107,0.05311124451980154
275,129,0.057069305044782255
275,155,0.0533817982440637
275,206,0.05253165177408135
275,210,0.054908048569007765
275,216,0.0528146760595459
275,248,0.052192490723543795
275,341,0.05190239741630114
275,391,0.05317804299449355
275,396,0.054781128946968204
275,408,0.053322230910955976
275,417,0.05218244256621726
275,419,0.05211948975272516
275,422,0.05441138286124126
275,448,0.05185640825559873
275,457,0.05244692682377305
275,470,0.05868856950277509
275,471,0.05464630362306415
275,482,0.05267105380285776
356,5,0.04767380281555423
356,24,0.07354601493122229
356,46,0.07965440128407762
356,58,0.07132829585565918
356,60,0.07153504912665763
356,63,0.05372852148296059
356,77,0.0681749299189806
356,81,0.07118614677775324
356,105,0.05243811241624261
356,116,0.07123953128575902
356,134,0.07397047697348426
356,137,0.07066935860799144
356,140,0.07219891590568188
356,180,0.05182027913829268
356,189,0.08330459863481277
356,196,0.07193571969979289
356,236,0.07149044512758582
356,248,0.06825489805379238
356,283,0.0705842448913211
356,296,0.07416726168222047
356,360,0.03108898840215379
356,379,0.07202544008233687
356,395,0.0720353247652687
356,467,0.0706886344927997
356,480,0.0713317759299147
356,486,0.07491567542082661
356,516,0.07445501347509086
463,14,0.0922786737077206
463,67,0.09263133929670918
463,94,0.11819999931668321
463,113,0.11910176120349884
463,167,0.09382003340527448
463,181,0.10513843426292313
463,190,0.1170604568576195
463,214,0.08632045206176693
463,215,0.1037120279352168
463,218,0.08982904656396064
463,228,0.09650594447236693
463,273,0.11614216392276104
463,340,0.10187187552577784
463,362,0.04250998661460981
463,364,0.05977419684174126
463,431,0.09424131134079769
463,434,0.10557274453999622
463,438,0.11988351127854
463,452,0.0651880822458964
463,453,0.08783543772149582
463,472,0.13940981827953844
463,488,0.12234703160508421
463,491,0.08678426160042048
500,27,0.0457767509329656
500,29,0.070290389004409
500,31,0.06242234453460369
500,66,0.06970636843116969
500,68,0.06816745609478199
500,89,0.07492426476331948
500,115,0.03970510057562918
500,128,0.08715456053406528
500,129,0.07377040749394687
500,163,0.06759495842170718
500,184,0.06786937437697065
500,188,0.060248171429829946
500,264,0.05346510099332282
500,266,0.04785229231562809
500,293,0.05594410664142839
500,327,0.07201034366823875
500,347,0.07505486248240634
500,351,0.05188531373086353
500,369,0.049286196961034937
500,411,0.06936188730889246
500,424,0.07818694499053015
500,429,0.04577523750618124
500,432,0.07112003183026368
500,444,0.07970680687763608
500,447,0.0742666683533624
500,451,0.07322180410794304
500,460,0.06990179904284154
500,469,0.06358478020766915
500,481,0.05991443139184342
500,482,0.07078028266905186
500,493,0.07590497527517945
500,506,0.057493707591186646
500,521,0.07313039092205077
500,525,0.06388504756135309
145,5,0.04121559250125298
145,13,0.04017083662286465
145,41,0.041155746787123686
145,47,0.040427833372309874
145,84,0.04213375475777926
145,125,0.04442211363256537
145,128,0.040088016496253306
145,154,0.04334864558595546
145,191,0.04227953957300668
145,262,0.03994862194955385
145,282,0.04048740735885449
145,335,0.046436241162329896
145,341,0.03980717141639744
145,353,0.042382207912398204
145,363,0.040964888803294304
145,397,0.04273365811619144
145,412,0.045911311021583294
145,433,0.041815585103940636
145,448,0.04202728312497296
145,525,0.04101152328280411
159,11,0.12634330825412318
159,21,0.14277629823827234
159,56,0.08750479615596113
159,61,0.1379510427371915
159,69,0.11951066371297422
159,78,0.08966549217309233
159,88,0.0780627907639036
159,95,0.07714029802179581
159,104,0.12374175252965833
159,111,0.12190830808559575
159,112,0.12902313810823912
159,133,0.1320181013340445
159,141,0.07199732534610896
159,160,0.12209978223779004
159,197,0.13306888619926951
159,221,0.12256644469204442
159,229,0.11469801525013901
159,242,0.09597985717104696
159,244,0.12498291715101323
159,247,0.09758398676026535
159,265,0.08475313440267047
159,276,0.0742786470679783
159,292,0.12213962110043529
159,297,0.09905263939788479
159,304,0.1290213215259373
159,316,0.0756465515833487
159,328,0.08403745902017606
159,336,0.12361695065948387
159,350,0.08762598905406646
159,371,0.1272477571984298
159,389,0.14702479009223013
159,394,0.14383131575061756
159,420,0.12936193922513853
159,446,0.09611369153832454
159,490,0.1412231246434913
159,509,0.11795084418155417
159,511,0.12631026438464818
278,8,0.15499191393828973
278,19,0.20348559360258134
278,28,0.17308019470777158
278,34,0.18935199659641172
278,44,0.17022975712822327
278,48,0.17919631435430272
278,50,0.1404074222118773
278,55,0.13792434652031835
278,59,0.1683648159637871
278,83,0.17384761295912332
278,91,0.14994428700374146
278,102,0.15525138109883352
278,119,0.13819176968336971
278,133,0.1463902820752538
278,139,0.17919638041034772
278,173,0.19101019501885025
278,200,0.15755284231722597
278,241,0.13313715255514072
278,244,0.1664691500609749
278,277,0.22567330525134577
278,301,0.13494125039288746
278,317,0.11047920793325766
278,319,0.16987866619968736
278,326,0.1504935746384286
278,337,0.1682651171116367
278,354,0.17985479606803262
278,366,0.1674133512074887
278,384,0.13945897172556404
278,392,0.18263602111854435
278,398,0.1734131658113594
278,403,0.09191304070638721
278,407,0.1660245609021712
278,428,0.16046844091221357
278,437,0.1693724183314007
278,439,0.1599298440391462
278,449,0.1115998075693661
278,450,0.1545854344965015
278,473,0.1889481145072933
278,478,0.14308597827511083
278,492,0.1652353967291717
278,511,0.16556226057116658
278,526,0.1485824308338881
311,15,0.12666705037469797
311,18,0.12543859654435952
311,33,0.139131671764342
311,38,0.12382300698177252
311,52,0.0911301397987091
311,74,0.11832808190360217
311,86,0.12713811124644803
311,93,0.13230368448353375
311,135,0.066297300880265
311,137,0.09654410160659663
311,179,0.13368179079255196
311,185,0.11741869690874793
311,233,0.12147523023103113
311,253,0.15586562949106872
311,274,0.1297698856221723
311,287,0.1145988772012224
311,289,0.10280666255232558
311,294,0.11898979428955847
311,296,0.10433515161688962
311,358,0.09268909556446815
311,359,0.14065442888657867
311,370,0.12054804361441687
311,379,0.12607511327668453
311,386,0.1247878439027378
311,427,0.11918874394102494
311,464,0.1284221547860972
311,480,0.11882024688940919
311,499,0.10898521063387247
311,503,0.12355577618939843
311,508,0.11860409715151726
311,512,0.12276366115595672
311,523,0.07634292053495365
387,7,0.16436813276618512
387,14,0.12132620628621149
387,26,0.184508449096368
387,67,0.1335523649556035
387,79,0.2563756252443625
387,126,0.18285690968081375
387,142,0.2771526518904503
387,151,0.21203214148279917
387,192,0.18812967513345377
387,193,0.1140252938259205
387,198,0.3377738236167508
387,201,0.17834170585388603
387,205,0.20062823505718586
387,213,0.22141919470344398
387,215,0.11391912614865225
387,218,0.1582172993361967
387,225,0.26676377871695406
387,228,0.11691854056629682
387,231,0.18707863400613084
387,300,0.25626021357494166
387,303,0.11252530900692069
387,307,0.12951185186753816
387,310,0.22205132479126058
387,315,0.18911902232390937
387,321,0.1613418998660772
387,346,0.16884896952892572
387,349,0.10928047998399346
387,374,0.23121064622659487
387,410,0.24874774364189933
387,413,0.20050711918787678
387,434,0.10756043507593681
387,442,0.19275717582509191
387,453,0.13452929066600866
387,491,0.18940636533729535
387,497,0.2197348217587125
387,498,0.16571963880198656
387,504,0.23205376742086706
387,507,0.12986053922583934
387,524,0.17715150120212136
56,44,0.08925770868885892
56,61,0.08775642573283172
56,99,0.08727650520569996
56,111,0.08996760415387957
56,112,0.08626284422713136
56,120,0.0870432892753941
56,149,0.09118146205158575
56,159,0.08750479615596113
56,160,0.08752061642823526
56,241,0.09131559516447064
56,245,0.0983965845119783
56,288,0.08684019689264473
56,330,0.08872458224129029
56,373,0.06442026072731528
56,385,0.10521060714694755
56,388,0.09414259518934827
56,389,0.08997572913736725
56,420,0.08797022625114508
56,478,0.0926948802236481
56,484,0.0934212315106903
56,489,0.08887501269667605
116,29,0.07791765256114727
116,47,0.06081442432813165
116,49,0.06283750630607088
116,54,0.07199171926301806
116,66,0.10459877682794749
116,85,0.06256364093132065
116,97,0.0880735292815296
116,100,0.08819250728879491
116,109,0.08160985830028344
116,128,0.07938977490367907
116,134,0.101835144104
116,138,0.10758715444056507
116,153,0.05620244190370743
116,155,0.11035518226767874
116,157,0.0827399031463779
116,163,0.10133697208454773
116,164,0.057757988624676404
116,166,0.09812539530323296
116,171,0.10888872089218177
116,223,0.07805890210199908
116,235,0.08458221033098699
116,258,0.08336706857896567
116,267,0.04885994640793688
116,268,0.05390147880525344
116,271,0.06621762572503717
116,283,0.10952173045243566
116,284,0.09222359960843594
116,286,0.062324017345297654
116,299,0.06599081336618241
116,320,0.06301605850459195
116,324,0.08950514109113589
116,338,0.08117917731580072
116,343,0.0622301272521281
116,347,0.09586146169809984
116,356,0.07123953128575902
116,357,0.10065076169420066
116,378,0.09812867943546157
116,383,0.052790478025756066
116,397,0.08311231148395527
116,406,0.1098495210475299
116,409,0.06577131315085623
116,411,0.0993735980889218
116,412,0.07194244888487983
116,421,0.06799282151654307
116,422,0.079814208314142
116,433,0.06919677636455995
116,440,0.09788815756261192
116,447,0.09018362392529693
116,458,0.09888572268349258
116,459,0.10372374784311414
116,460,0.11716560601168775
116,467,0.10246907910632364
116,470,0.06507186458552912
116,486,0.1022822896739553
116,512,0.09905008684115504
116,514,0.11001638411356181
123,8,0.12654796693705295
123,34,0.11513872842315824
123,42,0.11488460813814293
123,44,0.12555534495237866
123,50,0.12891944718625487
123,87,0.13132429894528475
123,99,0.11313118744596233
123,111,0.11783356573336465
123,119,0.12046986716274634
123,133,0.12220471050233375
123,149,0.08119959612683245
123,158,0.09261963501874373
123,168,0.10166645528648352
123,240,0.11780642907385319
123,288,0.12553667641621738
123,304,0.11633095972031357
123,325,0.0714288561486241
123,373,0.06847460653897433
123,382,0.09127209316104684
123,384,0.11432528052617637
123,390,0.10505291952232132
123,404,0.062070814111345754
123,420,0.11598699729104422
123,428,0.12837802728645462
123,461,0.09950602923505938
123,479,0.13676577418085897
123,484,0.12009462008485647
123,489,0.11844191299399759
123,526,0.11523250904508965
123,529,0.1288413374062083
297,21,0.11937503868382854
297,42,0.1042512694725256
297,51,0.06982690158142928
297,53,0.10008883507217779
297,76,0.10094139830494425
297,87,0.10099230433190674
297,104,0.1058232869351988
297,135,0.0670113495232145
297,141,0.07255938358777309
297,148,0.1096937127347763
297,158,0.0961101892791578
297,159,0.09905263939788479
297,211,0.07168296253007037
297,234,0.10057001558828739
297,244,0.10883076381946287
297,255,0.06388072639072413
297,265,0.08456214700579287
297,272,0.10542761078411098
297,291,0.09675519942781106
297,304,0.10054968936810878
297,325,0.07336334076245894
297,344,0.0744207389888144
297,366,0.09915328682529519
297,371,0.11361069279440886
297,389,0.1061111691686216
297,394,0.10610320403941613
297,404,0.06662056136003978
297,428,0.09965442992551155
297,446,0.09237424568002961
297,454,0.08997413947787655
297,470,0.06894018274273714
297,471,0.07529778271869025
297,476,0.06672110827242513
297,490,0.10697835349366609
297,492,0.09920982641729692
297,526,0.10582539215465137
15,18,0.1109989299002542
15,32,0.11864327333540682
15,33,0.12509581632498334
15,38,0.12408195646571005
15,52,0.09451789493228442
15,62,0.10911932913569551
15,86,0.12028887426708096
15,90,0.12053136678851263
15,93,0.12252532583997335
15,122,0.12096939160906472
15,174,0.12935421815075693
15,179,0.1263401365070183
15,185,0.12096039609257883
15,230,0.11205165639107537
15,233,0.12013732433054956
15,236,0.11096312284562468
15,253,0.12110820023876886
15,269,0.11826453385598747
15,294,0.11733077560561654
15,308,0.10915313982232937
15,311,0.12666705037469797
15,359,0.12715760506650142
15,370,0.13004523510224694
15,381,0.09189079255616472
15,406,0.10710878679637892
15,441,0.14398382859502193
15,464,0.1403285433223972
15,480,0.12188555760339778
15,512,0.12902176062308912
110,11,0.12750685404936465
110,48,0.1977773078311956
110,61,0.17556289809484915
110,75,0.1475684368673119
110,91,0.1680336407861288
110,96,0.18574402599569512
110,102,0.1558565002426025
110,104,0.13221317064793492
110,111,0.1509654183852736
110,112,0.16873799123047314
110,119,0.13909561062922712
110,120,0.126696434188613
110,121,0.13509117463289924
110,148,0.11648396617641364
110,212,0.1506110295360438
110,221,0.1518611811467787
110,234,0.14444093729432564
110,240,0.1620416173383849
110,241,0.12923674919896275
110,242,0.09385232146228971
110,247,0.09782293530226689
110,277,0.16572942389935483
110,280,0.18836720998606105
110,292,0.1657655475956119
110,337,0.16728025134203936
110,371,0.133999351684536
110,380,0.15155047040688038
110,384,0.1446866438603921
110,398,0.1585566901115441
110,407,0.15543510190391488
110,414,0.1677835467367602
110,420,0.15895037469091194
110,425,0.16966934853487128
110,437,0.19897226025389525
110,456,0.16310282209387617
110,473,0.1687651555024657
110,479,0.15532764649357936
110,483,0.18338088116182946
110,490,0.14351392052137238
110,501,0.16038477722311426
110,511,0.17629526325165568
247,11,0.10259242650271189
247,21,0.09897435468978849
247,53,0.10970441984311136
247,61,0.09672062349708666
247,96,0.09721755855339874
247,104,0.09848432777774743
247,110,0.09782293530226689
247,120,0.09652407718882847
247,159,0.09758398676026535
247,173,0.09652496683381413
247,229,0.10940792931769007
247,292,0.10808346448620502
247,304,0.10397432524297018
247,364,0.04740022158448005
247,380,0.09597360716254542
247,414,0.09712398955801467
247,428,0.09701158446948376
247,438,0.09897632936870882
247,452,0.0480782595290841
247,479,0.09883355567744587
247,489,0.10163353112575325
247,490,0.10673338179608713
388,42,0.09239905800357961
388,56,0.09414259518934827
388,64,0.06632484804831495
388,78,0.0890787360132488
388,87,0.09398549657204144
388,95,0.07980532287648139
388,99,0.10088017486127196
388,104,0.09327649563986808
388,111,0.09315355533615975
388,149,0.08302941950125113
388,158,0.09196500835951751
388,160,0.09356363605915585
388,162,0.09473545403135002
388,169,0.04864330612960516
388,211,0.07509347059219587
388,245,0.11084697780898578
388,288,0.09217299713051262
388,298,0.09275370937894843
388,304,0.09500505270965848
388,371,0.09552409417606901
388,385,0.09901335470001525
388,389,0.09219081525804217
388,394,0.09871357034926657
388,428,0.09195954377551936
388,461,0.09513607555808003
388,484,0.10756354817198865
440,18,0.11390256495398181
440,30,0.14251773323616132
440,32,0.12749748104919456
440,36,0.09329846298044488
440,52,0.10165132252735093
440,57,0.1056115494171043
440,66,0.1287963547658675
440,71,0.09018391079065467
440,74,0.12462674836204658
440,93,0.13189275704370132
440,116,0.09788815756261192
440,130,0.1284534995248964
440,134,0.13309228017889152
440,137,0.09574882953379987
440,147,0.1385235480819997
440,150,0.1499471396136077
440,155,0.11449026251942251
440,171,0.1313898934238456
440,174,0.15849112390991185
440,177,0.09824378437656012
440,179,0.13412110537107857
440,194,0.14067433331053023
440,207,0.1261156628719132
440,222,0.12442972575385805
440,233,0.14035405247234486
440,236,0.12506886186959107
440,239,0.10773143509601263
440,249,0.12359361914499682
440,253,0.12278611740613736
440,254,0.12307478623457274
440,258,0.08105165921383509
440,284,0.09867402221472112
440,290,0.11333890531222439
440,294,0.11631641128124598
440,305,0.10662301547013592
440,306,0.1356773059180119
440,308,0.11623652070164615
440,332,0.15043052786690084
440,341,0.08912975854421991
440,357,0.10242068458339669
440,359,0.15927676460104542
440,367,0.12343308098166093
440,370,0.1589671473277583
440,376,0.09949376906382083
440,377,0.1143215627713639
440,378,0.11219341383143056
440,379,0.12361064165453582
440,381,0.09059680831839592
440,395,0.10284160881277232
440,400,0.10425209444507064
440,406,0.11412352612542377
440,411,0.10228910914583914
440,423,0.13366556594188664
440,426,0.10830309310486567
440,436,0.11216701679187419
440,451,0.09755309198014135
440,459,0.10155728091205571
440,462,0.08481626387275837
440,464,0.14742956251598696
440,467,0.0994398829925027
440,474,0.08865192067494518
440,482,0.08074823434327695
440,503,0.1330854259647033
440,512,0.14327474995297798
440,514,0.14180146903356794
440,517,0.11532743005219401
440,528,0.09407118864458107
440,532,0.07675995396839844
127,16,0.14113907898558078
127,19,0.12995443083482425
127,45,0.13030388278463023
127,61,0.12916849930547158
127,64,0.06318225195133874
127,70,0.09121380040512261
127,75,0.12761467626682824
127,108,0.13867983399088832
127,112,0.1273117425752282
127,139,0.13811405168543717
127,152,0.10401316339609738
127,173,0.14955714366648323
127,182,0.1492388338790616
127,199,0.09287762281025007
127,203,0.083839414015678
127,212,0.1353052021540363
127,251,0.10485239189873233
127,259,0.11295371084019944
127,318,0.11317138015052249
127,326,0.12655586904014376
127,348,0.09953105958451922
127,354,0.12864516154579037
127,366,0.12784780794737607
127,368,0.11621678861057036
127,398,0.127585452219478
127,401,0.09524495879704721
127,403,0.09664050953020442
127,414,0.13945709740841228
127,428,0.12694271427571233
127,449,0.12285889620962169
127,456,0.13110118702031154
127,492,0.1271099679997085
127,505,0.13800939574849153
277,8,0.1578163169078549
277,16,0.13818000203065942
277,19,0.22993973291504372
277,28,0.20613634354273624
277,34,0.1625117018401663
277,44,0.17648809018711295
277,45,0.15085429468677203
277,48,0.2144796002755054
277,50,0.1361038006084815
277,55,0.1457241928321671
277,59,0.16835264916519188
277,83,0.17123982136679103
277,91,0.16906500276068573
277,102,0.1666704554808488
277,108,0.16913562789990194
277,110,0.16572942389935483
277,112,0.16699130130702272
277,119,0.13422301803178052
277,121,0.13043184113593087
277,126,0.1932671650557413
277,139,0.18943175612569282
277,165,0.1805262093623995
277,173,0.18060767142858689
277,182,0.16616953500249634
277,197,0.1536001370526675
277,200,0.14950628680721392
277,201,0.1970046276550536
277,205,0.18261402636586896
277,240,0.15520036569601472
277,244,0.18427446924529167
277,278,0.22567330525134577
277,301,0.13068353377997055
277,312,0.1673477008401782
277,315,0.19276427306460506
277,319,0.1745113265171875
277,326,0.1565262634862772
277,337,0.18108500280808712
277,354,0.1734912881206877
277,372,0.15050833293030857
277,392,0.1862500414185941
277,398,0.1927622525088511
277,414,0.17764211022177462
277,420,0.16549040987776042
277,425,0.15998657568380908
277,428,0.18587003461809903
277,430,0.14343795249320362
277,437,0.2001700129778471
277,439,0.16869113636111313
277,450,0.1508256625229955
277,473,0.26571275331790106
277,483,0.1948178149962519
277,492,0.17556851482315866
277,501,0.15236618716578207
277,505,0.20358527886448294
277,511,0.17221312004715753
277,526,0.15641085309325775
279,24,0.09548111697680828
279,33,0.08556650739180886
279,46,0.09582567025155596
279,60,0.09689944940555799
279,77,0.07603959319728229
279,84,0.05935894573289525
279,114,0.04731856600803014
279,136,0.05057904960003714
279,155,0.08572597512312256
279,156,0.06319517743036794
279,170,0.09368557120642296
279,180,0.04936066503079985
279,189,0.08879748088401038
279,204,0.06743713904564048
279,219,0.08907528475729792
279,226,0.06532449058348655
279,227,0.05322454005624263
279,237,0.06404437514583422
279,246,0.07954148399932781
279,250,0.09809281488325818
279,255,0.06039976873969436
279,296,0.09226342853790483
279,308,0.08927596919231147
279,323,0.06744658610228034
279,335,0.07006281279086651
279,365,0.056875191193030236
279,395,0.09194117989922457
279,419,0.08419461255317266
279,424,0.08295051068415804
279,426,0.09858974744749137
279,436,0.08760387492989567
279,455,0.09831864159016489
279,468,0.06278282891558792
279,475,0.0744994316853924
279,476,0.07157502230254942
279,486,0.08689454442526563
279,499,0.0897024640041192
279,513,0.09715189743248945
32,15,0.11864327333540682
32,30,0.1115550342191339
32,33,0.11225492723386025
32,74,0.11105084826343717
32,93,0.11634121137950929
32,174,0.13383593880385758
32,179,0.11272637747085285
32,185,0.107382137813845
32,222,0.10348408701094951
32,233,0.11742275608377455
32,249,0.11946730121698913
32,274,0.11655850150889971
32,306,0.11405694333025429
32,308,0.10949564610794106
32,359,0.12178358708503695
32,370,0.11875509274950978
32,423,0.11372006464094991
32,427,0.11729157113730317
32,440,0.12749748104919456
32,464,0.1195852906502804
32,465,0.11462387960000943
32,503,0.11595878711752229
32,512,0.11090819118009304
236,15,0.11096312284562468
236,29,0.07916962261479228
236,46,0.10241683489189451
236,52,0.10359839208188883
236,77,0.0709464792854347
236,130,0.12122290937899578
236,134,0.11163894821008655
236,137,0.09549863193829171
236,150,0.12468486233180483
236,171,0.11558716749209472
236,174,0.11556608930891618
236,177,0.09456451592028649
236,179,0.13223427996288825
236,194,0.12051924002542959
236,207,0.11151124869438117
236,223,0.07695540624602956
236,224,0.07405436418202253
236,255,0.06083703268735648
236,285,0.06021987937726046
236,290,0.10289250567708821
236,308,0.11029126078957355
236,309,0.08197357528301501
236,324,0.09248194088251603
236,347,0.08948174202689127
236,356,0.07149044512758582
236,357,0.11683041603506002
236,359,0.1101919849096381
236,379,0.11649857445470356
236,381,0.09913417917508412
236,383,0.055015262133028306
236,393,0.07886118453060445
236,395,0.10543734422474732
236,406,0.1159162547651046
236,411,0.09762404926531582
236,423,0.11337982560966409
236,440,0.12506886186959107
236,441,0.11239550412186074
236,454,0.09139212675674956
236,462,0.08693840606418445
236,464,0.1151802127536943
236,474,0.09220905322262873
236,482,0.08510423404091395
236,503,0.11293008255964189
236,514,0.12996510798475755
236,521,0.08993159452534318
236,532,0.07776564150281888
482,29,0.08213796431038815
482,30,0.08483408809924395
482,39,0.08274041714365483
482,115,0.042064140551709546
482,122,0.08059931342864093
482,155,0.0851839909180203
482,208,0.09085999249515438
482,236,0.08510423404091395
482,239,0.08192300998239709
482,258,0.0811494477486431
482,269,0.08598698181548448
482,275,0.05267105380285776
482,283,0.08190728256580677
482,357,0.08069245354146033
482,359,0.08106954581094125
482,406,0.08039664919181239
482,411,0.08408810039832125
482,417,0.08563404801443424
482,421,0.06818771740191361
482,440,0.08074823434327695
482,457,0.0849401013929844
482,500,0.07078028266905186
482,521,0.08162384138774001
482,532,0.08165825426992931
531,21,0.09702852694504899
531,23,0.06990533903285877
531,34,0.0905607382108857
531,61,0.09139946469536946
531,87,0.09059994175937051
531,121,0.0996478473082262
531,135,0.06802631865731953
531,162,0.09154058196579527
531,195,0.09677578256476128
531,197,0.08997482688837928
531,240,0.09497596629694968
531,241,0.09098626090740047
531,336,0.10591162160748682
531,366,0.09184700782402186
531,385,0.09862243611476924
531,394,0.10327120849958056
531,399,0.06611800965871831
531,404,0.06970345725597209
531,407,0.09384057439251342
531,456,0.09477962292004287
531,479,0.0936385873772644
531,484,0.09511359664482447
531,489,0.10176036734837009
531,490,0.09275214242217533
34,8,0.15374687003397564
34,17,0.09380406564855366
34,21,0.1416772074084463
34,28,0.16159585326267678
34,48,0.1648910484153035
34,50,0.13776728392074797
34,55,0.1406244030072363
34,59,0.17078908223735248
34,61,0.15906639170861245
34,69,0.1049317816033864
34,87,0.1730291916963105
34,99,0.11266422475473735
34,119,0.16787327162635723
34,123,0.11513872842315824
34,133,0.1559221465559451
34,162,0.14071885087902808
34,197,0.16752904355585954
34,200,0.1500000533784489
34,234,0.13958586780112495
34,240,0.1647850647130644
34,277,0.1625117018401663
34,278,0.18935199659641172
34,301,0.15915896109861677
34,317,0.10991857721084444
34,319,0.18557681662370726
34,330,0.11223324549083967
34,336,0.1508411346009283
34,337,0.1659533522663036
34,380,0.150422092655515
34,384,0.1423255162827265
34,398,0.16325523081507484
34,407,0.1587809967166376
34,425,0.1677977777496383
34,430,0.1410727343981958
34,437,0.17003597738402867
34,439,0.1903983111195457
34,456,0.15360432387080628
34,478,0.1370790836725812
34,479,0.16695099389798865
34,489,0.14673746523646972
34,511,0.16168189588665013
34,526,0.15764211911983425
34,531,0.0905607382108857
156,40,0.044854818716849924
156,46,0.06414113800483631
156,62,0.0627751164211347
156,81,0.06135304612735797
156,103,0.06085940869348608
156,114,0.04852760850585441
156,155,0.06299667887877355
156,170,0.07381463801935693
156,189,0.06882230578779307
156,202,0.04187910064099098
156,207,0.061017446717805256
156,219,0.06581251763681277
156,224,0.06163826964565081
156,226,0.06824893520411901
156,237,0.061507726208358704
156,250,0.06227197122518379
156,279,0.06319517743036794
156,296,0.06674146079785533
156,360,0.02982384167317897
156,419,0.062362431912553924
156,426,0.067280640028419
156,462,0.06356862978409265
156,468,0.05890497190736668
156,486,0.06336822260933425
156,513,0.06472928674207028
263,25,0.1238509256465434
263,37,0.09461285012259067
263,39,0.09424186720607464
263,54,0.0728260475010197
263,73,0.12147749217283027
263,86,0.13893842220181513
263,90,0.14281480334280214
263,122,0.16172269764286398
263,124,0.1347760672685572
263,140,0.10560476912836173
263,163,0.13322273512743094
263,172,0.09075741751162952
263,184,0.14262994710004115
263,208,0.10827395825021961
263,210,0.07940712330973736
263,220,0.1238722309621835
263,232,0.08813976510953142
263,233,0.12694349369173472
263,249,0.12576467737849062
263,269,0.13396742072262147
263,283,0.12293793338138681
263,287,0.12260010342474131
263,291,0.101203588906514
263,329,0.10700741316005621
263,339,0.12865302055992303
263,344,0.07083938102427649
263,352,0.1341261536627008
263,378,0.11192651039630183
263,391,0.09767096490703027
263,417,0.10586009732477474
263,418,0.11864875945373173
263,427,0.1228302848707087
263,451,0.09664652907024307
263,454,0.08773140274257633
263,465,0.11466362073183033
263,503,0.11948827210182314
263,515,0.15192717595641014
284,20,0.046692745224255136
284,23,0.07064143267827865
284,36,0.09577170162502252
284,46,0.09273332197065297
284,71,0.08756170638578405
284,74,0.09406626397765977
284,77,0.07190669612849464
284,81,0.0976805903297111
284,100,0.0868512991377046
284,116,0.09222359960843594
284,125,0.07325582936730693
284,134,0.09867827096631306
284,153,0.05725872946442739
284,155,0.09616902044799543
284,164,0.05779566175075027
284,180,0.05131882044610551
284,189,0.09503673792493846
284,207,0.09711409017103485
284,226,0.06318726868554742
284,235,0.08693367263670089
284,243,0.08138418082340972
284,250,0.09350181731728602
284,258,0.08756594836744128
284,271,0.05987360764116643
284,274,0.09363593951099308
284,322,0.0512969812265261
284,323,0.06269251948360043
284,375,0.07275773140034995
284,396,0.07608503268038481
284,406,0.09208437387872102
284,409,0.07257855506317887
284,422,0.08078123751403116
284,433,0.06679010846049838
284,436,0.09679985980100089
284,440,0.09867402221472112
284,455,0.09256377309329185
284,460,0.09437029511561298
284,467,0.09964817640906898
284,470,0.0681824953211524
284,486,0.10681411776578627
284,513,0.0996573790576389
284,514,0.09309751962277003
284,532,0.08204819528217869
390,8,0.10351953820854656
390,42,0.09781720009252066
390,50,0.10256296154813416
390,87,0.09741205494430567
390,92,0.078535166777988
390,99,0.10184823087551921
390,104,0.10076398672673845
390,123,0.10505291952232132
390,133,0.09723102435189468
390,149,0.07849237513488036
390,158,0.09887425743588914
390,160,0.10263157466438354
390,168,0.09441135225987915
390,211,0.0954436861122708
390,234,0.09921626555165693
390,245,0.12951103417280657
390,265,0.08987263515826042
390,288,0.1378896112658536
390,304,0.10196933662028183
390,316,0.07187080679645351
390,325,0.0708965871237974
390,373,0.07280121633285794
390,382,0.09712645795468773
390,394,0.09907489328872061
390,428,0.09871106051035
390,461,0.09345481222745962
390,479,0.10175670165499828
390,489,0.10730708796052527
390,529,0.12019999823952729
88,11,0.07245615007258564
88,78,0.07554710921602266
88,94,0.071158640066303
88,95,0.07301204095656415
88,159,0.0780627907639036
88,181,0.0719847700518944
88,203,0.07536652756029613
88,214,0.06447240458641515
88,242,0.0850190021240446
88,265,0.0694887292670425
88,272,0.0692883970755307
88,273,0.06891283162873613
88,292,0.06976179171371834
88,350,0.10119313185303115
88,368,0.0733067728179245
88,371,0.06916177627788925
88,389,0.07826054405710375
88,394,0.07441631733309512
88,434,0.07404634431604389
88,484,0.07092779874339138
88,509,0.08449102049886396
161,6,0.16279552312393825
161,7,0.16362431724466148
161,10,0.23985029345242342
161,26,0.2336457430688338
161,28,0.17263549429302294
161,45,0.15815368217426323
161,48,0.1924262113647418
161,65,0.17440646386230846
161,79,0.21865453835472212
161,102,0.1554102759921532
161,117,0.13259025590747972
161,126,0.22033308959480072
161,132,0.18306466735758012
161,142,0.16776840330223275
161,151,0.20230285972539733
161,165,0.2185170067544181
161,198,0.18003181349562158
161,201,0.23074114862389986
161,205,0.27629038087491437
161,213,0.21295955855320675
161,217,0.18214117192224077
161,225,0.16326596482650507
161,280,0.16220426075662442
161,300,0.21994151312737614
161,306,0.1484725130057067
161,310,0.18605845968710485
161,312,0.16059104136793695
161,315,0.25856466644812476
161,319,0.186185003232112
161,346,0.1394090873938579
161,354,0.18820944962429448
161,386,0.14467019874003967
161,398,0.17509168827591656
161,410,0.19538420967434428
161,413,0.1831997999239043
161,430,0.14434617944926478
161,437,0.17165283345842328
161,439,0.16811463746422728
161,442,0.20346031273622475
161,450,0.15114076249615127
161,473,0.17531395437021666
161,477,0.1740737095297074
161,497,0.15596999401588885
161,504,0.24621351894938087
161,505,0.2050206297612813
161,524,0.19128392958631132
237,24,0.06877640493281688
237,46,0.07326583655263984
237,60,0.06533535581775514
237,81,0.06377394240850238
237,84,0.05980432348934466
237,105,0.053690440461431704
237,156,0.061507726208358704
237,170,0.06660953653029755
237,189,0.06292724443619424
237,202,0.04137989283338362
237,204,0.06300901814705064
237,216,0.07878161442698636
237,238,0.06799911110610975
237,279,0.06404437514583422
237,323,0.07081510496027094
237,335,0.06312719576596985
237,360,0.03132615120046399
237,396,0.061831570065320245
237,421,0.062431049091535046
237,468,0.057388992828671735
237,475,0.06324125457978198
237,485,0.06371561207005103
237,486,0.06177900031950116
237,513,0.06201399198068851
237,516,0.0646309087540412
237,532,0.06155661643127355
410,6,0.1631363006458388
410,7,0.15800404335608847
410,10,0.18914262585933037
410,26,0.18170233643066086
410,67,0.12000871113725323
410,79,0.22669094998207592
410,132,0.17231828473211153
410,142,0.2073229671557066
410,151,0.20605478237215377
410,161,0.19538420967434428
410,192,0.164292184150679
410,198,0.2325536056188337
410,205,0.18574854197646629
410,213,0.21522250354040875
410,218,0.1348234927889058
410,225,0.22739247524069425
410,231,0.1860551861197607
410,300,0.23249865979397719
410,307,0.13219390361763705
410,310,0.21803216794617133
410,315,0.17834940761295395
410,346,0.1707833963173043
410,349,0.10981747770926178
410,374,0.20761019676167816
410,387,0.24874774364189933
410,413,0.20236380129371465
410,442,0.20036254140740511
410,453,0.12368715895556964
410,491,0.16494915560759052
410,497,0.18882001098492007
410,498,0.16149344290203274
410,504,0.23756532926269258
94,14,0.12885736001420262
94,67,0.13712223323714828
94,75,0.10356661620269786
94,88,0.071158640066303
94,113,0.08639004295600294
94,142,0.10724948116300197
94,167,0.09030533837749503
94,181,0.11829377930540395
94,190,0.09938006944149431
94,192,0.11473191366212379
94,198,0.10566197130130303
94,214,0.0769440816482801
94,215,0.15098835217929338
94,218,0.12823761124195046
94,225,0.10880400779807288
94,228,0.1425424414203963
94,242,0.10051775417113491
94,273,0.09475985541155077
94,313,0.07017711110417373
94,340,0.11501169052867073
94,346,0.10341793474855765
94,350,0.09567080678260075
94,362,0.038611486043658376
94,364,0.050123982957276075
94,431,0.10020427640608862
94,434,0.16860245381990896
94,438,0.12096108694297313
94,452,0.051395173403036516
94,453,0.1229053985383368
94,463,0.11819999931668321
94,472,0.1423828316895044
94,488,0.10222015627629956
94,491,0.1364133241628495
94,497,0.12285209168455576
318,6,0.11691336580227722
318,16,0.1249060508863689
318,45,0.11360435215065885
318,65,0.11375284978487922
318,127,0.11317138015052249
318,132,0.11334161003934923
318,139,0.11657292283975314
318,173,0.11512805288419223
318,183,0.09919647974480392
318,231,0.1271678310621149
318,307,0.1178586710735336
318,321,0.11743386598642458
318,326,0.11366988448498296
318,349,0.11709453173806139
318,354,0.11205606141929957
318,374,0.1176212009455847
318,401,0.09642846721402004
318,403,0.09565211696558742
318,442,0.11129127665744107
318,449,0.11929465429166124
318,487,0.11703156893286899
318,505,0.115327928402759
318,507,0.1296443648648681
318,510,0.07147312908922974
318,522,0.08480993078702069
398,8,0.15408145722430958
398,16,0.15467624234322375
398,19,0.17460532667719425
398,28,0.20753625834728873
398,34,0.16325523081507484
398,44,0.15792311920426244
398,48,0.19586931860443071
398,50,0.13597074736591833
398,75,0.14793990050482203
398,83,0.15920678161458737
398,102,0.17763068063150894
398,110,0.1585566901115441
398,112,0.16391937404639076
398,127,0.127585452219478
398,139,0.17185756820002807
398,148,0.11307524510004305
398,160,0.1376111009955119
398,161,0.17509168827591656
398,162,0.13991289396010098
398,165,0.17967414235563897
398,173,0.15873188388594656
398,182,0.17278779884005036
398,197,0.16875234657316138
398,200,0.1541916262657473
398,209,0.12531291327742225
398,212,0.14697660285194095
398,240,0.1619442966448975
398,241,0.13002257939698436
398,244,0.1888488063558768
398,277,0.1927622525088511
398,278,0.1734131658113594
398,280,0.1749082060778827
398,292,0.13625795588246992
398,312,0.1881754196483117
398,315,0.17898129467518273
398,319,0.20676430094749795
398,337,0.16935405874482554
398,366,0.1583468927114114
398,372,0.15211093004565632
398,380,0.1467417621928225
398,392,0.1776297777695022
398,414,0.1918835781845872
398,420,0.16705382073787686
398,425,0.15662482657886237
398,428,0.16246310344358375
398,437,0.18849054791193554
398,439,0.16470834011184698
398,450,0.1759544168154579
398,456,0.1635166863665168
398,473,0.1833391355632678
398,483,0.17986479718319703
398,487,0.12145294047542603
398,492,0.18065254981233494
398,505,0.1878606838631908
429,4,0.04952744862094947
429,115,0.03961481074018311
429,128,0.043977986324493755
429,143,0.04442276872114936
429,188,0.04709548054274984
429,191,0.04248814462877352
429,232,0.04360713284675491
429,256,0.045809872610813006
429,293,0.04310390768725056
429,320,0.04393736630033758
429,338,0.042510663827548145
429,402,0.043130614799307083
429,415,0.044753221079674194
429,432,0.042542701131824456
429,469,0.047909682817706425
429,471,0.0428237197186205
429,493,0.043498047012173816
429,500,0.04577523750618124
429,502,0.04438871510667992
429,506,0.044474885870213296
429,525,0.04877382030831854
204,20,0.05870250485902306
204,43,0.05579337321889162
204,46,0.06297432864006404
204,60,0.06558206570101385
204,77,0.06332379835291199
204,105,0.06398953049315774
204,136,0.05535347013628698
204,180,0.053894595257750456
204,189,0.06338665911516805
204,202,0.03961371154238124
204,216,0.061263983610699464
204,224,0.0608576988915247
204,226,0.06248213693046058
204,227,0.0505967446522278
204,237,0.06300901814705064
204,246,0.06502325339903291
204,279,0.06743713904564048
204,323,0.06815953177697179
204,360,0.030311908287954478
204,395,0.06590936497117206
204,397,0.06292447438307099
204,436,0.062358052276036406
204,455,0.06186086741725585
204,468,0.06129708607403791
204,475,0.06469660010623825
204,485,0.06251125056778983
204,513,0.06420532110541582
204,519,0.05481533749328569
204,530,0.04304753110137751
206,4,0.05184172269991037
206,43,0.051967761444769764
206,68,0.05178770293281814
206,77,0.05208464426693737
206,101,0.04556315586568737
206,154,0.05522752255057134
206,216,0.05346199510737389
206,226,0.052800068230617
206,248,0.05896495505328493
206,252,0.0546258773090785
206,258,0.05504480185601016
206,275,0.05253165177408135
206,408,0.05163897070805043
206,411,0.055442724749342705
206,424,0.05355105972664498
206,436,0.053833461716674164
206,455,0.053814762359762534
206,471,0.052590612284617644
206,513,0.052723472153178824
206,516,0.05247747957239189
206,523,0.05394763800130831
369,12,0.05030284195561656
369,29,0.050766533379731124
369,31,0.05379494591941004
369,85,0.060166094907407874
369,186,0.05219297215171933
369,187,0.0489986545824196
369,256,0.049066150210216694
369,268,0.05003103089488675
369,271,0.049104841314868426
369,285,0.05247644583659386
369,299,0.050020706772459005
369,343,0.04924719757779716
369,421,0.04886998071348825
369,445,0.05190946589997903
369,468,0.048989104916510914
369,475,0.04887401454541722
369,481,0.05648705350248925
369,500,0.049286196961034937
369,520,0.05440206095551368
369,521,0.05262885851215972
396,5,0.049589948445177987
396,24,0.07670900510448606
396,40,0.045510732231898485
396,46,0.0778720506149667
396,63,0.05599464406588009
396,81,0.08029932459450105
396,84,0.05884616823059239
396,101,0.04146366711350341
396,137,0.08009994416276549
396,138,0.07256917848304702
396,164,0.05726624048026735
396,170,0.07178159296492248
396,180,0.0537901906775241
396,189,0.08046277046574483
396,196,0.07153027555001586
396,202,0.036341543228849596
396,210,0.07442009261685062
396,226,0.06256551702572548
396,237,0.061831570065320245
396,238,0.07859769590400147
396,248,0.0646288345415614
396,262,0.05850490628389781
396,274,0.07243959807248163
396,275,0.054781128946968204
396,283,0.07351441234432408
396,284,0.07608503268038481
396,302,0.07013291519082124
396,314,0.048002194278014526
396,322,0.05074516627616795
396,353,0.06524336805447689
396,361,0.06295851964832577
396,365,0.05370906836864096
396,412,0.07439394949504947
396,419,0.07319164050686691
396,457,0.07232975842344065
396,466,0.060750857844148555
396,470,0.0734705623636497
396,486,0.08153810807063214
396,495,0.07665865828439401
396,506,0.052702639498108994
396,516,0.0750717049762957
396,519,0.0561973001568428
396,530,0.03967811118009144
419,13,0.05504825684888706
419,30,0.09823558207324992
419,39,0.09935491045099373
419,46,0.09928858743958219
419,72,0.09820759556521381
419,81,0.10156806990694328
419,131,0.0636942224661469
419,140,0.10090798170850646
419,146,0.09927090725083532
419,155,0.1012942753868944
419,156,0.062362431912553924
419,163,0.10077453202161818
419,170,0.0947065490368978
419,185,0.09977853814367113
419,194,0.09763139255292563
419,219,0.09546840811904514
419,224,0.07750323708738718
419,246,0.06699071564969866
419,262,0.05453887746788688
419,274,0.09733975141555846
419,275,0.05211948975272516
419,279,0.08419461255317266
419,283,0.1085384778946377
419,289,0.10199849801132838
419,333,0.09097251956849961
419,339,0.10389616561863921
419,365,0.0505913073964905
419,396,0.07319164050686691
419,408,0.09655184999429416
419,416,0.0787152023515433
419,422,0.083424568969536
419,426,0.09848991759620819
419,445,0.06639342111467537
419,448,0.08474408992231071
419,458,0.0913885841536447
419,485,0.0767656337518783
419,495,0.09587003392291722
419,499,0.10132594770738632
419,508,0.09639201046479148
419,513,0.11109423853255795
54,66,0.06989385693244864
54,76,0.07509439345098508
54,89,0.07113824456472914
54,97,0.07147839916851027
54,107,0.07621732112609317
54,116,0.07199171926301806
54,122,0.07086147352724648
54,129,0.07356420919230441
54,208,0.07304580512118596
54,210,0.07335081391273622
54,263,0.0728260475010197
54,266,0.044500881291462964
54,268,0.05522938471612899
54,283,0.07087323701481613
54,291,0.07469458903403832
54,345,0.07321853621571119
54,378,0.07121590166352243
54,417,0.07189401282592987
54,444,0.08145451322792709
54,454,0.07046140775321084
54,457,0.07166314205141648
54,521,0.07472910802259579
178,53,0.04221385916984975
178,64,0.04370287868010979
178,80,0.041497110567611954
178,98,0.042675743575951094
178,183,0.04158227848757233
178,190,0.041554609345913054
178,203,0.04346936250925045
178,229,0.04098777624846738
178,242,0.04094363268418532
178,259,0.04158079440918844
178,261,0.04313836705565554
178,348,0.043996618421203476
178,405,0.04169454867935144
178,443,0.042784641598312384
178,449,0.040875144702844146
178,488,0.04112400963802593
178,496,0.04320125628005884
178,509,0.040924479893232
178,510,0.04384426035133643
178,522,0.041059993808783175
373,22,0.06461811562205554
373,42,0.06467414355295288
373,50,0.06551623336553952
373,56,0.06442026072731528
373,120,0.06430232844187629
373,123,0.06847460653897433
373,149,0.07986405185337785
373,158,0.06685085089512123
373,168,0.06833565574993676
373,211,0.07661191217973845
373,245,0.06989681396598983
373,265,0.06737989474543937
373,288,0.07314745171014078
373,316,0.0725406926802224
373,382,0.08614779450313445
373,385,0.07802532485845587
373,390,0.07280121633285794
373,461,0.07387781117607962
373,489,0.06510726049492518
373,529,0.07350556593770108
136,24,0.05192407137185481
136,60,0.05102622724858466
136,154,0.049550171957597935
136,189,0.050322511397862466
136,204,0.05535347013628698
136,224,0.04964736248791095
136,250,0.05162877267411109
136,274,0.05257873633477549
136,279,0.05057904960003714
136,296,0.05217692961944233
136,376,0.0529218802144631
136,395,0.05374468475357938
136,406,0.04989902838700945
136,436,0.05519802682891258
136,448,0.05268017709128228
136,455,0.05160119431234147
136,462,0.0545968447292334
136,495,0.05358169793208958
136,499,0.052215153791820845
136,513,0.049808161919377175
137,23,0.07001664504770684
137,30,0.10186769947536509
137,35,0.062235690048873846
137,40,0.04389296798510695
137,51,0.07232868421197207
137,58,0.10136560884924471
137,60,0.0924788088222042
137,74,0.10211992979309824
137,76,0.0928629462956767
137,77,0.06920751328009797
137,93,0.09597746353497945
137,103,0.08953643027092996
137,109,0.07955473279278608
137,131,0.062404469443495994
137,135,0.07147355788486202
137,163,0.09576558992709515
137,169,0.04987301424708389
137,171,0.11329127719050379
137,174,0.09668472206964454
137,195,0.09910156320477065
137,207,0.10532846213096703
137,224,0.08330935552565395
137,236,0.09549863193829171
137,248,0.06184749526149647
137,255,0.06632822570812794
137,270,0.04644507574267522
137,271,0.059884238751456716
137,274,0.10117024715213964
137,281,0.061466426322821274
137,283,0.09601706384821854
137,289,0.09893103153619158
137,291,0.09338330240634178
137,295,0.07336603636510682
137,311,0.09654410160659663
137,325,0.07928278210714633
137,331,0.06983117656163286
137,334,0.07825251225877568
137,344,0.08121989584702316
137,345,0.09465844878292384
137,356,0.07066935860799144
137,359,0.10128731417172508
137,361,0.05716658853828209
137,396,0.08009994416276549
137,399,0.06453480915269535
137,402,0.07573098885453923
137,404,0.07041092254824252
137,409,0.06556925017571626
137,412,0.07121552270868065
137,415,0.06602414552820715
137,426,0.09555745070747283
137,432,0.07697012823937498
137,440,0.09574882953379987
137,454,0.09410589517351617
137,457,0.08479440614782631
137,470,0.08024274610624872
137,471,0.06972656388477629
137,474,0.10128415514361203
137,476,0.07041507345182221
137,485,0.07680920417302672
137,512,0.09647426473086136
137,519,0.06223639525032847
137,523,0.0864308134772522
288,8,0.14529872785913123
288,17,0.1008897857166229
288,22,0.08625284692210441
288,44,0.11930701188248587
288,50,0.13923864625659482
288,56,0.08684019689264473
288,78,0.08945292408402916
288,87,0.12222488153560497
288,92,0.08923330907938906
288,95,0.07602500614246735
288,99,0.13015389940241576
288,111,0.1237319899503852
288,123,0.12553667641621738
288,133,0.12587878268074906
288,149,0.08388907774472748
288,158,0.1002702543101561
288,168,0.13023165346124366
288,197,0.12286268488310456
288,211,0.08204711390646326
288,234,0.13057176057633052
288,245,0.13579544599537774
288,270,0.04655741139737156
288,316,0.07304813524743443
288,325,0.07217471023652305
288,366,0.14003827838155616
288,373,0.07314745171014078
288,382,0.09957294350358363
288,385,0.11051120470769153
288,388,0.09217299713051262
288,390,0.1378896112658536
288,392,0.12012396635104965
288,428,0.13443028778059923
288,461,0.09394186010443009
288,478,0.11948767217137324
288,479,0.1295021845965885
288,489,0.1452501804500761
288,529,0.13578069919675018
319,28,0.19889600977982158
319,34,0.18557681662370726
319,44,0.15457892736971132
319,48,0.19766814780944877
319,50,0.13675504945452402
319,59,0.1682640028056139
319,61,0.16697537378363353
319,102,0.15539646912299812
319,161,0.186185003232112
319,165,0.182417162327013
319,197,0.16115850951834162
319,240,0.17570001787210995
319,244,0.17025448449930658
319,277,0.1745113265171875
319,278,0.16987866619968736
319,301,0.12971101145547204
319,312,0.1845424031549175
319,315,0.16744358684649327
319,330,0.10482260275015436
319,337,0.16431562566115626
319,380,0.1497295065556167
319,398,0.20676430094749795
319,430,0.14353484002743988
319,437,0.20781011590320037
319,439,0.170494948155581
319,450,0.16463139904862686
319,456,0.15168907973323073
319,473,0.1732700234759956
319,483,0.16483736358649193
319,492,0.1598209339473029
486,23,0.06829146827984403
486,24,0.09366337639824322
486,35,0.05932705131296478
486,49,0.0639228427732545
486,81,0.12247029918020638
486,84,0.058971206134976424
486,103,0.08055084515864859
486,116,0.1022822896739553
486,118,0.06941399827032085
486,134,0.11281442819010085
486,138,0.11703830738728782
486,146,0.10244339238118864
486,153,0.05894205817493301
486,155,0.11501168606379236
486,156,0.06336822260933425
486,157,0.08203317399268081
486,166,0.10331695058357028
486,171,0.10420716114347323
486,175,0.062074694274958445
486,180,0.05069256537427817
486,189,0.11196469412617785
486,207,0.10695751493295617
486,210,0.081342244801481
486,224,0.07342574144891323
486,235,0.08623640102278608
486,237,0.06177900031950116
486,238,0.10151520522305822
486,248,0.0662410848993832
486,267,0.04657368567927065
486,271,0.06378059772204947
486,274,0.10109618194262389
486,279,0.08689454442526563
486,281,0.06302523954889334
486,283,0.11463311676774818
486,284,0.10681411776578627
486,285,0.05992740973477884
486,295,0.06750320842777842
486,299,0.06447303634187078
486,305,0.10371811095821071
486,309,0.08480778553642065
486,320,0.06126311182246288
486,322,0.05282288800034086
486,323,0.0711068701070964
486,327,0.09711002701907423
486,338,0.08143441309667405
486,347,0.09261799742757328
486,353,0.07001798628773362
486,356,0.07491567542082661
486,365,0.05076118228568812
486,396,0.08153810807063214
486,397,0.07837395632417565
486,406,0.10655662679800583
486,412,0.07251986392087487
486,421,0.06873720402615485
486,424,0.09566242119526676
486,460,0.10947023197997786
486,466,0.06162226371830487
486,470,0.07296192955293895
486,475,0.07348299463284298
486,513,0.1067129085562947
486,514,0.10409220907596978
486,516,0.11432028811014358
486,519,0.0547314278337524
486,521,0.09140296623250073
191,2,0.06323232523360217
191,9,0.04999961083856668
191,12,0.06108824617485299
191,29,0.05704718734225624
191,89,0.05490907985393825
191,128,0.059639635658990484
191,145,0.04227953957300668
191,154,0.05448250959244924
191,188,0.056371987277466104
191,264,0.055155120056543744
191,282,0.04955242031502879
191,338,0.056952360828291
191,341,0.05611413713911904
191,347,0.0548032882270461
191,351,0.04981282807469477
191,393,0.05528765460581321
191,424,0.05626041630105689
191,429,0.04248814462877352
191,433,0.0563443470630112
191,444,0.05792023842105675
191,469,0.062044543922087324
191,493,0.0543834948541108
191,502,0.055609315197247676
191,516,0.0544604246655679
191,525,0.06200933665128714
226,3,0.060068085310607734
226,20,0.04851078298975753
226,40,0.04388444997984003
226,46,0.06326014557554255
226,63,0.05268542351838
226,77,0.06529255885848219
226,156,0.06824893520411901
226,170,0.06788561740307295
226,180,0.0497767906832367
226,189,0.06516313956815648
226,202,0.038858422729732535
226,204,0.06248213693046058
226,206,0.052800068230617
226,238,0.06081190905462206
226,246,0.0616144291526184
226,274,0.060529045670344755
226,279,0.06532449058348655
226,284,0.06318726868554742
226,296,0.07066618266008454
226,335,0.06577709868575998
226,360,0.032122973630176556
226,365,0.05694610203927853
226,396,0.06256551702572548
226,436,0.06170732533250161
226,455,0.0681193153676964
226,485,0.06146719475535384
226,513,0.06680121400313696
226,530,0.04523604707990274
226,532,0.06421201761709452
423,3,0.12284483012061237
423,25,0.12180597524849439
423,30,0.12928276929189028
423,32,0.11372006464094991
423,38,0.1516680373833373
423,62,0.1070081717613518
423,73,0.12432341841510358
423,90,0.12223440820384088
423,100,0.08678273895133222
423,124,0.13738683779926034
423,130,0.1256975876042841
423,163,0.1354633350922286
423,172,0.0837682667381032
423,177,0.09527118241763258
423,179,0.13776376395538173
423,184,0.12190464215498165
423,185,0.10972810329037795
423,194,0.14584870241749612
423,207,0.12025504257820678
423,220,0.12377615036750549
423,233,0.14841890758597787
423,236,0.11337982560966409
423,249,0.1311325907227214
423,269,0.12221255574784776
423,274,0.11318708434331753
423,294,0.11165040765549197
423,306,0.1279208945495516
423,324,0.09973855648239438
423,329,0.10974587752313593
423,333,0.07911382851479477
423,339,0.1093279201507037
423,352,0.12117573339190485
423,358,0.08527115434876702
423,379,0.13063716378116882
423,381,0.09181207396749744
423,440,0.13366556594188664
423,464,0.1303984666906348
423,503,0.14179113888535558
423,515,0.12167418691387476
530,20,0.039692460989724086
530,23,0.040161214995851874
530,29,0.04079144702063498
530,47,0.04053258926501856
530,77,0.03968672223628959
530,84,0.04092672884067816
530,153,0.03933430974188814
530,189,0.03957543631728634
530,204,0.04304753110137751
530,224,0.03956181623099276
530,226,0.04523604707990274
530,243,0.03990265804835037
530,246,0.04720321846831999
530,248,0.039617104068611
530,331,0.04070702706978027
530,335,0.040819091455289586
530,396,0.03967811118009144
530,448,0.040097070381883544
530,462,0.041563743661142946
530,475,0.039680761471682126
205,6,0.18468319104306904
205,7,0.17532027975697675
205,10,0.23812484633919434
205,16,0.137046022051477
205,26,0.23240973963764244
205,38,0.14990324053858578
205,45,0.1795126484889218
205,65,0.18985927926921534
205,79,0.2437437705767477
205,83,0.1529633130388404
205,108,0.16881164621452255
205,117,0.13763698981587155
205,126,0.23441514863449633
205,132,0.21831918730198738
205,139,0.19212359098916465
205,142,0.1686153503038138
205,151,0.21792268310329307
205,161,0.27629038087491437
205,165,0.20699583105910405
205,173,0.16379655432676876
205,193,0.11453973837318772
205,198,0.18328457982372423
205,201,0.22777373543245874
205,213,0.22895322820464253
205,217,0.18362611133732767
205,225,0.1588235506717923
205,231,0.19851977081351035
205,277,0.18261402636586896
205,300,0.24627239144037338
205,306,0.1454549231542543
205,310,0.16631646605319653
205,315,0.2752764509821731
205,321,0.17916055074773385
205,326,0.15104340227561558
205,346,0.13501578679155615
205,354,0.18621272228571842
205,374,0.2044448508781923
205,386,0.15564298317894112
205,387,0.20062823505718586
205,410,0.18574854197646629
205,413,0.18995383280535497
205,442,0.2403931920868326
205,477,0.19623357117733445
205,487,0.1193579077724219
205,504,0.26080817412675467
205,505,0.1999438444264034
205,524,0.2027825805712129
433,4,0.05968276939495888
433,9,0.04803513942813922
433,20,0.05166563875144145
433,29,0.07646836381077204
433,41,0.0534568381148962
433,43,0.05526153369992108
433,46,0.0661538126095588
433,47,0.0677120148236892
433,100,0.06821408809174523
433,105,0.053567710428387885
433,114,0.04833927287119033
433,115,0.042158091761672165
433,116,0.06919677636455995
433,125,0.06953621043542109
433,128,0.06845552366368372
433,129,0.07412939846045456
433,138,0.07133570749701588
433,145,0.041815585103940636
433,180,0.04959133913334894
433,191,0.0563443470630112
433,235,0.06948175114670029
433,284,0.06679010846049838
433,314,0.04287238645190147
433,322,0.05061385137784187
433,335,0.06884082940492807
433,353,0.06714796129862194
433,360,0.03017319169290383
433,397,0.0682266302002512
433,422,0.0776229385819773
433,424,0.07416266794725451
433,444,0.06974379014425765
433,466,0.07303799593149203
433,506,0.05153376936604214
433,521,0.06868203489349195
433,532,0.06723363107621326
10,6,0.1634318055977367
10,26,0.2753976235379019
10,28,0.16927434317097143
10,65,0.17754701208178605
10,79,0.21152115533370844
10,83,0.14794314235645178
10,126,0.2007301727995338
10,132,0.17490348455685342
10,151,0.18854179402895876
10,161,0.23985029345242342
10,165,0.18624258075380787
10,201,0.18058511206212502
10,205,0.23812484633919434
10,213,0.1868918388760997
10,217,0.17520177811258272
10,300,0.20872577879032272
10,315,0.22770552843210698
10,374,0.17825832675603384
10,386,0.1609739831983146
10,410,0.18914262585933037
10,413,0.19414183349790923
10,442,0.19546582124910453
10,473,0.17832719613522885
10,477,0.17370184666318675
10,498,0.1407644388418335
10,504,0.23034324305607096
10,505,0.18095233040032027
10,524,0.2130868842748679
219,33,0.10152242388608823
219,46,0.10403453920093872
219,52,0.0928864379376653
219,62,0.09500356570333453
219,130,0.09418196580922171
219,131,0.06263951128927703
219,134,0.09457082074853647
219,147,0.09832918241416061
219,150,0.09730031985665816
219,155,0.10058597483616041
219,156,0.06581251763681277
219,170,0.10164672897919871
219,194,0.1004167077378939
219,224,0.07294083238680883
219,243,0.09724451735741971
219,250,0.097482054390732
219,279,0.08907528475729792
219,289,0.09737272713327366
219,290,0.09948117999755168
219,296,0.10451331090321311
219,399,0.06610128082675608
219,419,0.09546840811904514
219,426,0.10984791457404804
219,436,0.10146371020099995
219,480,0.10560033470557609
219,513,0.09972662829682663
222,31,0.06258714375861293
222,32,0.10348408701094951
222,57,0.0980372340940191
222,66,0.11788892232676143
222,89,0.09074154893253047
222,93,0.10603224137314896
222,134,0.11160025396942931
222,157,0.07651601088584868
222,171,0.12208883594419268
222,174,0.12119969145177932
222,183,0.09050743864537876
222,184,0.10234168948189154
222,187,0.06396970212765364
222,271,0.060654030372045906
222,286,0.06245771771103869
222,295,0.07820264297471906
222,305,0.11314012885593983
222,327,0.10048009503482529
222,357,0.10914739961577313
222,367,0.10516246247538909
222,370,0.10703199087829718
222,377,0.10929376178605184
222,400,0.11512969627018828
222,402,0.06793163626971636
222,406,0.11607363110522229
222,411,0.10295841767133641
222,440,0.12442972575385805
222,464,0.1067100422157917
222,475,0.06805108939013457
222,494,0.12600330939215026
222,496,0.06541490250455874
222,510,0.06677985791027496
222,512,0.10791941474320159
222,514,0.1213514479355411
222,522,0.0960693678107591
222,527,0.07501754217505822
331,20,0.04558995410841442
331,29,0.06661988403719682
331,40,0.04451987634138433
331,46,0.07088541929150295
331,103,0.06869312385173766
331,125,0.06932575842460716
331,137,0.06983117656163286
331,170,0.06644688794862598
331,189,0.06631005720024559
331,207,0.06736315978942421
331,238,0.06750093247352786
331,250,0.06776932352138003
331,295,0.06634308755752931
331,345,0.06726458666934845
331,347,0.06800936904278684
331,363,0.06105058097317298
331,395,0.06762656362558422
331,400,0.0661656248222236
331,404,0.06235360464011995
331,411,0.06773798767884044
331,415,0.06208970710188123
331,426,0.07068939557248384
331,455,0.06622085480567778
331,457,0.0670741473870436
331,513,0.06879850720699535
331,530,0.04070702706978027
449,6,0.11796273522751326
449,23,0.0693430252450701
449,45,0.11440200578441555
449,53,0.1555123848893836
449,91,0.11200567036204456
449,98,0.060854423464103614
449,127,0.12285889620962169
449,139,0.11158084311418152
449,173,0.12765360294161304
449,178,0.040875144702844146
449,183,0.0964486915428555
449,229,0.10387973463042924
449,259,0.12431011183510217
449,272,0.13834922406313468
449,278,0.1115998075693661
449,280,0.11466452702388805
449,295,0.07005684709759295
449,298,0.0969112562059647
449,318,0.11929465429166124
449,344,0.07089194559369957
449,348,0.1062145466793207
449,371,0.11290506826392951
449,407,0.12937886621866176
449,414,0.124222675566757
449,420,0.11465889386676797
449,428,0.11279400392687845
449,443,0.07281337404596641
449,490,0.11364295124208772
449,496,0.06450922196593614
449,507,0.11431555995273562
449,510,0.07788402230018894
449,522,0.08939061255031101
449,526,0.1157884735008671
489,8,0.13617571995517594
489,34,0.14673746523646972
489,44,0.12902097788597822
489,56,0.08887501269667605
489,61,0.13167048699037992
489,69,0.10383033869217814
489,92,0.07636037169521341
489,99,0.12634805358523724
489,123,0.11844191299399759
489,133,0.12954458803566585
489,149,0.07949695248757405
489,160,0.12965928292305637
489,162,0.13137251767054997
489,168,0.0935055243593971
489,197,0.15358445766361306
489,200,0.14155008592924712
489,211,0.0748347217832261
489,234,0.13923163990842938
489,244,0.12848063389141018
489,247,0.10163353112575325
489,288,0.1452501804500761
489,316,0.07318195066399924
489,325,0.07216186596215567
489,330,0.10690895883407314
489,366,0.1328240979449321
489,373,0.06510726049492518
489,380,0.1295399404182497
489,385,0.11649794479556262
489,390,0.10730708796052527
489,428,0.13037312442902002
489,437,0.12905691012499698
489,439,0.13117720819713327
489,456,0.12874233036830804
489,479,0.1379586878224043
489,511,0.1303748996817018
489,529,0.11097392151695055
489,531,0.10176036734837009
11,61,0.12311950549739203
11,75,0.14696052142365001
11,88,0.07245615007258564
11,95,0.07505532855274767
11,96,0.15119840899816647
11,104,0.13889120227428506
11,110,0.12750685404936465
11,112,0.13425674227239984
11,159,0.12634330825412318
11,212,0.12336681858954002
11,221,0.14354692507703795
11,229,0.11231429475701868
11,242,0.09367733527543573
11,244,0.12672774289251523
11,247,0.10259242650271189
11,251,0.10013972492366943
11,261,0.07197044162503194
11,265,0.08348862882843858
11,272,0.11261093948005445
11,280,0.14700696003633756
11,292,0.15534430028162285
11,304,0.126539280711372
11,348,0.09174097256194172
11,389,0.1252541548132865
11,394,0.12586712026158273
11,414,0.13716122127550445
11,443,0.07071695955208789
11,456,0.1262809695637344
11,483,0.12362522720186156
11,490,0.12447590404074547
11,505,0.12446758214996721
225,14,0.1304804130760061
225,67,0.14047387349879248
225,79,0.18847305547520926
225,94,0.10880400779807288
225,142,0.2950979262409684
225,151,0.1795062045209977
225,161,0.16326596482650507
225,192,0.262396067440282
225,198,0.26928383187431704
225,205,0.1588235506717923
225,213,0.18980289564275407
225,215,0.1323216580448248
225,218,0.16964449044789584
225,228,0.1212185118190966
225,231,0.1583239370637874
225,300,0.1766822395312626
225,310,0.21564451666223255
225,340,0.10062399468012824
225,342,0.09360504301469313
225,346,0.17567529565600232
225,349,0.10921015857369068
225,374,0.18201124148640072
225,387,0.26676377871695406
225,410,0.22739247524069425
225,431,0.09483555116440172
225,434,0.11063120596066173
225,438,0.10266013221383788
225,442,0.15624240882536478
225,453,0.13994825077206638
225,491,0.20147091358177865
225,497,0.23956134041286223
225,498,0.14602845017295404
225,504,0.18134875781888807
225,507,0.1291060554870934
361,39,0.0549579493644905
361,40,0.04683233413466517
361,42,0.056055362913600935
361,58,0.05744727397929138
361,62,0.05467914357988614
361,74,0.05509533360262819
361,103,0.0555633344334516
361,137,0.05716658853828209
361,195,0.05634386840592823
361,224,0.05504231876116772
361,230,0.055380301079322854
361,274,0.05683299940301664
361,289,0.05488514286112147
361,334,0.057377163054921666
361,345,0.061248638848600656
361,396,0.06295851964832577
361,432,0.055109133983371125
361,436,0.0550670209650878
361,447,0.05485428747904887
361,471,0.06090721088137653
361,513,0.054860072573773094
412,5,0.04888750946439182
412,58,0.07084355567405538
412,63,0.06359575859282995
412,72,0.0738847997645619
412,81,0.07466102644302526
412,84,0.06001249780467136
412,101,0.0409451019290684
412,116,0.07194244888487983
412,137,0.07121552270868065
412,138,0.07141352819252546
412,140,0.07665010623325108
412,145,0.045911311021583294
412,196,0.07359832030078685
412,250,0.07025611666134134
412,283,0.0726087704772164
412,302,0.06437812740870262
412,308,0.07113093789010638
412,335,0.07790107193687211
412,347,0.08307147307115056
412,363,0.0613222869208147
412,365,0.05135093620636458
412,396,0.07439394949504947
412,432,0.07242805471284493
412,448,0.07553925085965091
412,457,0.0739813531621519
412,458,0.07724237280217836
412,486,0.07251986392087487
412,495,0.07573245545003972
412,525,0.06272827563610807
7,26,0.16848991212182796
7,65,0.15888945059241452
7,79,0.18796993073702117
7,117,0.15044045618622964
7,126,0.16346808133654483
7,132,0.15725747666024784
7,151,0.1664423378497414
7,161,0.16362431724466148
7,165,0.16235244637576762
7,201,0.1679608134919508
7,205,0.17532027975697675
7,231,0.1760049594696435
7,300,0.20240719092056098
7,307,0.12709355769079972
7,315,0.1790594994134193
7,374,0.1876972950629647
7,386,0.1492070224086881
7,387,0.16436813276618512
7,410,0.15800404335608847
7,413,0.17316125096292953
7,442,0.1603050389910587
7,504,0.18681809762494245
7,524,0.15766362882300455
135,2,0.06596644381543794
135,12,0.05816362628879717
135,21,0.06809233055238481
135,30,0.0658241348373205
135,40,0.0447783802878542
135,134,0.06866686495210847
135,137,0.07147355788486202
135,255,0.06116377689518764
135,293,0.05195411772160528
135,297,0.0670113495232145
135,305,0.07085035010947514
135,311,0.066297300880265
135,327,0.06657350498326228
135,344,0.06766389311523963
135,345,0.06590180992187551
135,347,0.06563951837750517
135,351,0.054814604523926086
135,376,0.06630706528770747
135,389,0.0666954340553674
135,404,0.061987944021259164
135,446,0.0736734042000884
135,454,0.06960379513153639
135,474,0.06958118050413532
135,494,0.06594163888905934
135,513,0.06566430540310207
135,531,0.06802631865731953
380,28,0.14273586959260534
380,34,0.150422092655515
380,48,0.15205800761779123
380,61,0.16013239592992803
380,96,0.14467385486923845
380,110,0.15155047040688038
380,165,0.14301090777822303
380,240,0.15170711313312768
380,247,0.09597360716254542
380,280,0.14709387931222553
380,312,0.15349725118578858
380,319,0.1497295065556167
380,398,0.1467417621928225
380,425,0.1436093300678984
380,430,0.14523199890961522
380,437,0.14694675299396626
380,439,0.1727419698345958
380,456,0.14392335244822838
380,473,0.14424134018167012
380,489,0.1295399404182497
380,505,0.1424352681723632
380,511,0.1536001215501545
431,67,0.10006736303085743
431,94,0.10020427640608862
431,113,0.09949819365780178
431,142,0.09378145407706198
431,190,0.09835262002328135
431,192,0.11323532872824546
431,215,0.10989655348228655
431,218,0.1084950574473946
431,225,0.09483555116440172
431,228,0.08977076883547538
431,229,0.09227954875225544
431,310,0.09091132893150412
431,340,0.10710546747258223
431,346,0.09236698158090337
431,362,0.0418934039753533
431,364,0.0537993328667885
431,438,0.12577429555367117
431,452,0.05857028675062318
431,453,0.12040809766245605
431,463,0.09424131134079769
431,472,0.11572331904424506
431,488,0.08884447917473935
431,491,0.10022809572250987
431,497,0.10197934935302012
214,14,0.0827877007428136
214,88,0.06447240458641515
214,94,0.0769440816482801
214,167,0.09697766221343872
214,181,0.0870408469113438
214,190,0.06804370291630246
214,215,0.07061961738634517
214,218,0.06559114141959774
214,228,0.0759851328662374
214,242,0.07117001726436108
214,251,0.06471331999755157
214,272,0.06440744457806145
214,273,0.0995628357292544
214,340,0.0718162355828042
214,350,0.08478437502730114
214,364,0.046924192900453895
214,434,0.08434216532621716
214,438,0.0666822051581023
214,463,0.08632045206176693
214,472,0.0758044324168246
214,488,0.07526743892810517
325,1,0.023333574583716214
325,51,0.07241875848039069
325,58,0.07344391422766093
325,76,0.0733394888443125
325,104,0.07492504825085679
325,123,0.0714288561486241
325,137,0.07928278210714633
325,162,0.07742851206484938
325,197,0.07324699143452737
325,207,0.07077368006769355
325,265,0.0712371005664887
325,270,0.04823863415885149
325,288,0.07217471023652305
325,291,0.07094077729655274
325,297,0.07336334076245894
325,385,0.07756155800353517
325,389,0.07278114565582687
325,390,0.0708965871237974
325,394,0.07114942795663358
325,402,0.06724425498298967
325,456,0.07293658893890786
325,484,0.07233651487109673
325,489,0.07216186596215567
341,3,0.09837937186389263
341,13,0.055111918181132834
341,30,0.08852484750895076
341,37,0.09024765295203224
341,66,0.08755934306376727
341,68,0.08410327945102716
341,101,0.04180652806127556
341,103,0.08098820092050209
341,109,0.08239788249921319
341,118,0.06882287570062814
341,125,0.07956428847793151
341,129,0.07628274447040209
341,134,0.09555258041883838
341,140,0.08792163133703565
341,143,0.06146872864514291
341,145,0.03980717141639744
341,146,0.09306867430455901
341,154,0.06605549046087977
341,175,0.063414491659159
341,191,0.05611413713911904
341,216,0.07509406022742034
341,250,0.09238791018062288
341,252,0.0762488437985709
341,257,0.05335709668295858
341,262,0.056253520269239694
341,266,0.04770923463135971
341,275,0.05190239741630114
341,282,0.04915005589586635
341,283,0.09689267128608062
341,287,0.08688990569061074
341,302,0.06528218664084973
341,305,0.09250110243359384
341,314,0.044024447359675103
341,333,0.08174009845023654
341,335,0.06906238356173731
341,339,0.08685250692122833
341,362,0.03968126921006321
341,383,0.05366287576540129
341,391,0.09703016566400602
341,393,0.08271609463620933
341,404,0.062311603476403056
341,411,0.09458922236360204
341,415,0.06112652705056663
341,424,0.0945577237875237
341,426,0.0966422812521147
341,432,0.08075941875085203
341,440,0.08912975854421991
341,444,0.08472639128246885
341,448,0.07932990235822385
341,465,0.08856076224501735
341,502,0.08038099251617412
341,503,0.08831215817668105
341,516,0.09967717107298686
44,19,0.19984763828494825
44,28,0.15563670485487732
44,42,0.12297933343659202
44,50,0.14816364338868762
44,55,0.12266736080570677
44,56,0.08925770868885892
44,61,0.16975850232404618
44,83,0.14758527228685459
44,87,0.15509139723561366
44,120,0.12938943008079887
44,123,0.12555534495237866
44,133,0.16790317402829577
44,160,0.13920075301762908
44,197,0.15427459649008834
44,244,0.1833855893126346
44,245,0.12730082813240498
44,277,0.17648809018711295
44,278,0.17022975712822327
44,288,0.11930701188248587
44,301,0.13330815495482182
44,319,0.15457892736971132
44,328,0.08337289702000739
44,330,0.10826830305581658
44,372,0.15673054966916142
44,389,0.13451036313861175
44,392,0.19317684422332324
44,398,0.15792311920426244
44,420,0.16304372458251704
44,428,0.17227216373781315
44,437,0.15976456931312177
44,473,0.1613165247065902
44,478,0.15461482381261488
44,483,0.17661155728891334
44,484,0.11538388133801147
44,489,0.12902097788597822
44,511,0.1624188723449403
44,526,0.1608221096659247
165,7,0.16235244637576762
165,10,0.18624258075380787
165,16,0.13650444639610426
165,26,0.1840205513477013
165,38,0.14973057994724512
165,48,0.19533250904171115
165,55,0.12287405917935992
165,91,0.16890657697451686
165,108,0.17887210940119042
165,126,0.22091813021892756
165,139,0.17371261061183738
165,151,0.18100348146572307
165,161,0.2185170067544181
165,201,0.23078599607435377
165,205,0.20699583105910405
165,209,0.1261020528645079
165,213,0.18038661842323175
165,217,0.18118271715400988
165,231,0.17224544231974132
165,277,0.1805262093623995
165,280,0.16234827290375867
165,300,0.1979006730118545
165,303,0.11187438723921769
165,306,0.15041497188252634
165,307,0.12886940485654558
165,315,0.22582170218003422
165,319,0.182417162327013
165,321,0.15005148478795718
165,326,0.14691028552837804
165,354,0.16823026240060715
165,380,0.14301090777822303
165,386,0.1552727179384741
165,398,0.17967414235563897
165,401,0.096489667690777
165,403,0.09162387746560832
165,414,0.17962240041037134
165,430,0.1513393235286783
165,437,0.18136939226767418
165,442,0.19855307886712853
165,450,0.15556862323541004
165,473,0.17449026470231505
165,477,0.16749475649307216
165,487,0.12292394643571981
165,504,0.18998936082205656
165,505,0.21166298885438098
165,524,0.1844719313316665
166,4,0.05930828211171218
166,30,0.09946086291218936
166,35,0.06154715110881018
166,60,0.09093777522777448
166,74,0.09890027716266815
166,85,0.06507032877703393
166,116,0.09812539530323296
166,134,0.10572291435621387
166,138,0.09854265946748486
166,146,0.09819708680305397
166,150,0.1002065109195398
166,164,0.05970833006940672
166,174,0.10945103794505585
166,195,0.11908710599833183
166,223,0.0748657606538318
166,235,0.09366820027700441
166,268,0.05621153298653685
166,281,0.06869372753119114
166,299,0.06605591381255102
166,305,0.12755265869367896
166,309,0.0834227567146285
166,332,0.09873999285399594
166,359,0.10303609443561106
166,367,0.103746829738728
166,395,0.10331251267328824
166,406,0.10692288749312402
166,409,0.06428246948919158
166,421,0.07007729425871559
166,427,0.09860192168155092
166,436,0.10698642412084325
166,459,0.09354223372867897
166,460,0.1060836072976368
166,474,0.09332935037534865
166,486,0.10331695058357028
166,512,0.09878776481472266
166,514,0.10144265224604866
166,521,0.0923051866271047
166,523,0.07943899691352134
166,527,0.0735589205637146
357,2,0.06438190929668498
357,29,0.07716676980812794
357,31,0.06500720575393779
357,49,0.0629566801857555
357,52,0.10305270847971226
357,66,0.10547555324600742
357,89,0.08483004740948706
357,98,0.05566801799535137
357,107,0.07071943539252337
357,116,0.10065076169420066
357,134,0.10456627119157373
357,146,0.0943268513951443
357,157,0.07960770069122466
357,171,0.09473954062524635
357,174,0.09580267565045482
357,175,0.06351047953805938
357,187,0.06474357963635495
357,222,0.10914739961577313
357,223,0.07326551277550047
357,236,0.11683041603506002
357,239,0.09610684085200995
357,269,0.09449401235232376
357,282,0.051036423146459925
357,285,0.060345224722019836
357,286,0.0670925155181323
357,305,0.1014832397697637
357,309,0.09111278488534987
357,320,0.05990010229021809
357,327,0.09559973188190762
357,338,0.08031819554511731
357,367,0.09519767880310982
357,375,0.07054610726326135
357,377,0.11094016698175277
357,378,0.10668608811231171
357,406,0.11508149865720713
357,411,0.12045698072139424
357,440,0.10242068458339669
357,474,0.08992937456230778
357,482,0.08069245354146033
357,496,0.06712276630646492
357,514,0.1111192115250653
357,522,0.09110107179373314
357,527,0.0781047602607115
405,19,0.1070951329655738
405,21,0.10561342311703034
405,22,0.07690436115191703
405,53,0.11798733868430523
405,64,0.06495405856136519
405,75,0.11498173042607093
405,83,0.10536349865473828
405,106,0.06862465028330296
405,112,0.11375419694688564
405,139,0.10855467467294784
405,178,0.04169454867935144
405,203,0.0881034014611369
405,212,0.10855235933904223
405,244,0.10625854799086319
405,261,0.07263476769346383
405,280,0.1106632945687733
405,304,0.10649785508101854
405,348,0.09868172387822877
405,350,0.08740446523126777
405,366,0.11587721375065994
405,368,0.12118162601836496
405,371,0.11101151962664883
405,372,0.10935316640855205
405,389,0.11513782718739532
405,392,0.10786552592156959
405,414,0.11198712652569226
405,420,0.10834714244182668
405,443,0.06926037003262335
405,490,0.11086246056635096
107,31,0.06238405999023979
107,49,0.06649629475384208
107,54,0.07621732112609317
107,89,0.0819635595945934
107,129,0.07556834269229805
107,134,0.07259210418682358
107,157,0.09186120081576642
107,210,0.07457543769181016
107,264,0.05192864444549543
107,268,0.054617920511624535
107,275,0.05311124451980154
107,305,0.07106417406187472
107,309,0.08287297417428854
107,320,0.06234740309298717
107,327,0.08027235545132097
107,338,0.07429217404047274
107,343,0.06353992837328921
107,351,0.049212911300298784
107,357,0.07071943539252337
107,377,0.07692293185429629
107,406,0.07112672114745212
107,424,0.07617263616707215
107,435,0.05812334355445747
107,444,0.07407758069797642
107,454,0.07346149960719614
107,465,0.07576002329072873
107,470,0.06688257156126354
107,494,0.07608531760340279
107,520,0.07522215466009674
107,521,0.07801980404396636
131,1,0.023719682213350017
131,46,0.06352646071081319
131,81,0.06312751048967224
131,103,0.0664723863781478
131,137,0.062404469443495994
131,144,0.0626099425890815
131,163,0.06260493246613733
131,189,0.06856797645062103
131,219,0.06263951128927703
131,289,0.06457398129146043
131,329,0.06124688002685199
131,347,0.06341444539173698
131,379,0.06258306478501006
131,391,0.06257175543777757
131,416,0.06120365341375867
131,417,0.061816651982624794
131,419,0.0636942224661469
131,447,0.06636442616392019
131,458,0.0633173705186324
131,495,0.06317803037523732
131,513,0.06576042844415285
131,519,0.05404452028782711
207,30,0.12197411917531409
207,33,0.12106221617355477
207,36,0.09678563884373864
207,46,0.10128650016194495
207,52,0.09795237036547219
207,58,0.12134350484525702
207,60,0.10353071045494407
207,62,0.11240905154164789
207,71,0.08560865023693669
207,73,0.12334975473482053
207,74,0.13040982655314012
207,81,0.1087192560810989
207,93,0.1237109908860072
207,103,0.08201778763030744
207,137,0.10532846213096703
207,144,0.06597088455588664
207,146,0.11154219884843927
207,155,0.11416262678042698
207,156,0.061017446717805256
207,174,0.12078835251453836
207,177,0.09588069800326575
207,179,0.1461589016844005
207,185,0.10632511441697041
207,189,0.10819579887424152
207,194,0.13095836566350041
207,195,0.12475112186402271
207,224,0.07793049959870856
207,230,0.11811429249822109
207,236,0.11151124869438117
207,238,0.0897149571458848
207,250,0.10476995283948586
207,274,0.12052061851406284
207,284,0.09711409017103485
207,289,0.12873420417652967
207,290,0.10170007235405329
207,294,0.11714208464581705
207,296,0.09716754549963184
207,308,0.11038888944664775
207,324,0.0898601458358211
207,325,0.07077368006769355
207,331,0.06736315978942421
207,359,0.12782851839776518
207,367,0.11385982557789208
207,376,0.10259542250924464
207,379,0.1350387757135713
207,381,0.08990390441665824
207,395,0.11484272360322921
207,399,0.0647591666432231
207,400,0.10412332193032937
207,409,0.06413416799530007
207,423,0.12025504257820678
207,426,0.11228752865901168
207,436,0.13711511139126636
207,440,0.1261156628719132
207,455,0.101955360628763
207,464,0.12015266707317449
207,467,0.09670765837549311
207,474,0.09542600487847486
207,480,0.13357571427399323
207,486,0.10695751493295617
207,499,0.11122338878043332
207,508,0.11913827528347194
207,513,0.1139902711999729
354,6,0.16460768503275694
354,38,0.14292737578381542
354,45,0.18001868192101825
354,59,0.15786740386561043
354,117,0.1312599302698761
354,126,0.16742188253339735
354,127,0.12864516154579037
354,132,0.18666987506764196
354,139,0.18069903146036007
354,152,0.10323585604069052
354,161,0.18820944962429448
354,165,0.16823026240060715
354,173,0.18803998269216687
354,201,0.16284990967833152
354,205,0.18621272228571842
354,217,0.15949408249684274
354,231,0.15934337086175163
354,277,0.1734912881206877
354,278,0.17985479606803262
354,301,0.13170210533036217
354,303,0.11188562769239413
354,306,0.14376398605287308
354,315,0.1728750038917109
354,318,0.11205606141929957
354,326,0.14783528158239143
354,386,0.14408636128399338
354,414,0.1577384517587967
354,430,0.1406334744175261
354,450,0.15880710280630236
354,487,0.12134176210985412
354,492,0.1578935984825321
354,505,0.16680150937998153
389,11,0.1252541548132865
389,19,0.13745571160058512
389,21,0.14060478867785903
389,44,0.13451036313861175
389,56,0.08997572913736725
389,61,0.14373484899854724
389,64,0.06486777371630342
389,75,0.131534730137263
389,87,0.14326742140065563
389,88,0.07826054405710375
389,106,0.06139673374770857
389,111,0.13970091916559096
389,112,0.15124728190291412
389,133,0.1422764138165137
389,135,0.0666954340553674
389,141,0.07148389704895056
389,159,0.14702479009223013
389,197,0.14476217394755644
389,203,0.09262396634852248
389,229,0.1022988355690845
389,242,0.09274407734753444
389,244,0.14582266612026398
389,251,0.10674282255533017
389,261,0.07216493077066756
389,297,0.1061111691686216
389,317,0.11210164019154102
389,325,0.07278114565582687
389,328,0.09468696235185277
389,350,0.0946577139672191
389,366,0.14961069735567115
389,368,0.12253157172485121
389,372,0.14734054584702524
389,388,0.09219081525804217
389,392,0.13027455468790988
389,405,0.11513782718739532
389,420,0.14715997542297998
389,428,0.13582756340104296
389,446,0.09650010508447694
389,483,0.13809967412964483
389,484,0.12080935368452927
389,490,0.14477494035722704
389,509,0.12241198568485055
389,511,0.13264165034561806
35,23,0.060139402321216145
35,103,0.06142958255160381
35,125,0.0655756281105468
35,137,0.062235690048873846
35,153,0.05554483616684647
35,166,0.06154715110881018
35,195,0.06091124830276551
35,223,0.05999258954115525
35,224,0.06605287483004976
35,305,0.0606722926819872
35,385,0.05968413870603103
35,402,0.0631355739489483
35,409,0.06117907379212706
35,411,0.06058159299055364
35,436,0.060846809076555534
35,454,0.06311893001830238
35,474,0.06203650741265286
35,475,0.06457167530903958
35,486,0.05932705131296478
35,494,0.059459835317193774
35,513,0.05904714668771071
35,519,0.05528557374225263
372,19,0.16526570028165283
372,21,0.13970274121935505
372,44,0.15673054966916142
372,53,0.13018927413371773
372,61,0.15586049829993423
372,64,0.06353555554232378
372,87,0.15339254852044917
372,108,0.15887822018178913
372,111,0.15359023611226863
372,112,0.16315885826920024
372,120,0.1304133432341052
372,133,0.14812686561177138
372,160,0.1393058210833877
372,182,0.15254822637672139
372,203,0.08307522184715946
372,209,0.12538358147015544
372,212,0.16015125244720604
372,244,0.16229138055030307
372,245,0.12554494711119954
372,277,0.15050833293030857
372,304,0.1464875002523506
372,312,0.16544771858624926
372,328,0.08385793913110723
372,366,0.1496569788579955
372,371,0.14950421138078102
372,389,0.14734054584702524
372,392,0.15215773086677714
372,398,0.15211093004565632
372,405,0.10935316640855205
372,425,0.14851213419527703
372,428,0.17618838094903827
372,446,0.08806951665049134
372,490,0.13972078513507602
372,492,0.15174587387032407
372,526,0.1638302457182713
401,16,0.09603543472995277
401,55,0.0992256544380279
401,70,0.10143472399863343
401,106,0.08020038829162014
401,127,0.09524495879704721
401,132,0.09301622041205646
401,139,0.10534026934101338
401,144,0.0623264864278005
401,152,0.12714847960168915
401,165,0.096489667690777
401,194,0.09362181608852459
401,199,0.15229203698130825
401,212,0.09314978150794984
401,217,0.09279423074093018
401,303,0.12363971637062031
401,312,0.09337016105086994
401,318,0.09642846721402004
401,326,0.09460217373386554
401,368,0.11636653381169354
401,403,0.11815820499683215
401,487,0.10776145805516679
401,505,0.09690150392002705
28,8,0.15384723683686377
28,10,0.16927434317097143
28,19,0.1647081220334494
28,34,0.16159585326267678
28,44,0.15563670485487732
28,48,0.1812607799690046
28,83,0.17006761817940388
28,91,0.1519301900130539
28,102,0.1698738165541307
28,139,0.16641478081077088
28,161,0.17263549429302294
28,197,0.15869192007438418
28,200,0.15110608428295677
28,241,0.1382953864236293
28,277,0.20613634354273624
28,278,0.17308019470777158
28,301,0.13175826524874779
28,312,0.16966659918384627
28,315,0.17355738126098608
28,319,0.19889600977982158
28,326,0.14571446348790376
28,380,0.14273586959260534
28,392,0.1693033256095078
28,398,0.20753625834728873
28,437,0.1830293045219503
28,439,0.16077155586450445
28,450,0.16750173511454716
28,473,0.20641179218486208
28,479,0.15658911644036988
28,505,0.18075414444516286
169,1,0.02397909876075377
169,22,0.04839248425933879
169,24,0.0496208550057509
169,40,0.04402540888938363
169,93,0.048918415368972644
169,103,0.05016145535539589
169,118,0.048438578753301015
169,137,0.04987301424708389
169,158,0.048287672089509986
169,168,0.0482594441405961
169,295,0.052276570919148516
169,298,0.05122466040626692
169,330,0.04956046597603795
169,347,0.049434839875437425
169,385,0.04851128984462951
169,388,0.04864330612960516
169,402,0.05018119213489149
169,446,0.05014277204478914
169,458,0.04842933587867514
169,474,0.049061003606193324
169,476,0.05170167979842681
169,523,0.051385093134833214
265,11,0.08348862882843858
265,21,0.08273590032690388
265,51,0.06746796004824238
265,78,0.08660978138021078
265,88,0.0694887292670425
265,95,0.07474162090074028
265,111,0.08452319567181459
265,120,0.09136047219267986
265,141,0.08199417257524645
265,158,0.09076328487080794
265,159,0.08475313440267047
265,229,0.08712974065218804
265,245,0.08639305267856875
265,261,0.07224016216886396
265,292,0.08551749840689546
265,297,0.08456214700579287
265,298,0.08361551811309914
265,304,0.08463565040546456
265,316,0.08053038521012583
265,325,0.0712371005664887
265,371,0.08814537260498922
265,373,0.06737989474543937
265,385,0.08819432037859083
265,390,0.08987263515826042
265,394,0.09247316456397071
265,443,0.07579049005912322
265,461,0.10815867444962476
265,484,0.08381740672086613
265,529,0.0851616900858629
290,57,0.10128547535547396
290,66,0.10288923587962498
290,71,0.09289507727833736
290,130,0.11023729884749717
290,134,0.10665399794513886
290,147,0.10525588850319573
290,150,0.10296913354893035
290,174,0.11026282206919086
290,179,0.10337382651401937
290,194,0.1083603314766324
290,207,0.10170007235405329
290,219,0.09948117999755168
290,236,0.10289250567708821
290,243,0.08337896719496361
290,305,0.10282975815525283
290,308,0.10499377636567367
290,332,0.1076766684782067
290,367,0.10263012656871733
290,370,0.10421966620941729
290,381,0.08895966378338101
290,406,0.10473223337241302
290,440,0.11333890531222439
290,462,0.09316882567136761
290,464,0.10697509199358704
290,480,0.11349810749097707
290,514,0.10740636699855045
351,2,0.06595437090365294
351,12,0.05451324744331085
351,27,0.04193586383313892
351,49,0.051509476040112405
351,89,0.054145682090026764
351,107,0.049212911300298784
351,135,0.054814604523926086
351,191,0.04981282807469477
351,264,0.04917515710176406
351,281,0.04833818290778086
351,285,0.048803250047483385
351,293,0.057161565659203856
351,327,0.04969637690733418
351,338,0.04933655159801012
351,424,0.04839453496197672
351,444,0.05013290384673616
351,469,0.050957493781541754
351,481,0.049342569211400414
351,500,0.05188531373086353
351,521,0.05133248415870768
351,525,0.0487658870061426
397,3,0.07927843397781005
397,47,0.06829745349731364
397,49,0.06724349537973598
397,63,0.055754186288897147
397,68,0.07934584806796897
397,84,0.06322760415254974
397,101,0.04274614712811011
397,105,0.05596565266375565
397,109,0.08303119439414339
397,114,0.05031443216572167
397,116,0.08311231148395527
397,125,0.07556588046091198
397,138,0.08178909832656571
397,140,0.07890663623285439
397,145,0.04273365811619144
397,153,0.060093693335400905
397,154,0.06637807984671797
397,176,0.04830141681600455
397,186,0.07791855529062267
397,204,0.06292447438307099
397,216,0.08185908881502639
397,223,0.07331536720845273
397,238,0.07807020361905091
397,268,0.058494450469103274
397,283,0.08026465127428896
397,305,0.08301894216158948
397,339,0.07895512071908425
397,343,0.06685107646267571
397,347,0.08018967737163324
397,363,0.0673922699614556
397,391,0.07796327706368743
397,424,0.08228956453805227
397,433,0.0682266302002512
397,435,0.05855873881681049
397,460,0.08758298254165432
397,466,0.060918669654164974
397,475,0.07147637189981046
397,486,0.07837395632417565
397,494,0.08275589922778674
397,495,0.07863659687682352
397,506,0.05173723268993126
397,513,0.08056178167376515
397,516,0.0855512971058003
59,19,0.170953511996391
59,34,0.17078908223735248
59,55,0.12273470451884978
59,61,0.17456730666058234
59,69,0.10874946980294668
59,87,0.16852650772210453
59,133,0.1837460475492868
59,152,0.10440327950489632
59,160,0.15036252411668571
59,199,0.08909543559239937
59,200,0.1593240126497345
59,212,0.15371639504177967
59,221,0.13070854888528116
59,240,0.15494781650031716
59,244,0.19958776798694522
59,277,0.16835264916519188
59,278,0.1683648159637871
59,301,0.16514347186423495
59,304,0.14300598964104352
59,312,0.15624120214693327
59,319,0.1682640028056139
59,330,0.10942538740736
59,336,0.14928592665531257
59,354,0.15786740386561043
59,384,0.14963619690114544
59,392,0.1605967683338933
59,414,0.16013612010623568
59,420,0.16109800288076884
59,430,0.1634606791813192
59,437,0.1600015637597309
59,483,0.17037554379834474
59,492,0.17331117161378784
59,505,0.16343726909020853
59,511,0.18540649268630516
210,30,0.08020484172864736
210,39,0.08353557956164827
210,47,0.060122137364644286
210,54,0.07335081391273622
210,82,0.05249693745618679
210,107,0.07457543769181016
210,129,0.07798215673073433
210,138,0.08776305801250821
210,150,0.07921905851686821
210,153,0.056890519476496884
210,196,0.09693479180190268
210,230,0.08063531695735382
210,238,0.07870465073236699
210,262,0.053342111084148
210,263,0.07940712330973736
210,268,0.055106759395455056
210,274,0.08628857701087518
210,275,0.054908048569007765
210,283,0.10073390431733457
210,302,0.0654664231266712
210,339,0.08488917441569169
210,343,0.0654644479980439
210,365,0.051752670813535566
210,391,0.08170936977656625
210,396,0.07442009261685062
210,406,0.078686220316659
210,432,0.07728564864141307
210,435,0.05593952704357272
210,444,0.08256173448855154
210,447,0.07930705076896631
210,465,0.08397401004095431
210,480,0.07944677787268012
210,486,0.081342244801481
210,495,0.08689627609915684
210,518,0.08100522528067138
8,17,0.0955162184237047
8,22,0.07640234533322979
8,28,0.15384723683686377
8,34,0.15374687003397564
8,48,0.1660686180299585
8,50,0.15252804296076902
8,61,0.15368173405560834
8,87,0.15813809050704009
8,123,0.12654796693705295
8,168,0.10398515560410765
8,197,0.15797980895213415
8,234,0.14709695479476864
8,241,0.14047370941414333
8,244,0.15849447248262363
8,277,0.1578163169078549
8,278,0.15499191393828973
8,280,0.15266215633725863
8,288,0.14529872785913123
8,292,0.13626854977104402
8,304,0.14370237606557135
8,337,0.16518273914234158
8,366,0.18993640847153745
8,382,0.08112414537975052
8,390,0.10351953820854656
8,398,0.15408145722430958
8,407,0.14921574865264473
8,414,0.152286185779405
8,420,0.15975196339242195
8,428,0.17951475598232078
8,437,0.16370570230449777
8,473,0.17507431172780424
8,479,0.19228655499211966
8,484,0.11445586121114072
8,489,0.13617571995517594
8,526,0.14838815036960257
8,529,0.11881439517935359
52,15,0.09451789493228442
52,30,0.09401359721337732
52,33,0.09068285109455729
52,77,0.06706685245139501
52,130,0.09327487630004533
52,150,0.09094160813329115
52,179,0.09135548685670351
52,185,0.09535279167413793
52,194,0.11420449922382739
52,207,0.09795237036547219
52,219,0.0928864379376653
52,236,0.10359839208188883
52,308,0.09356057750337218
52,311,0.0911301397987091
52,357,0.10305270847971226
52,381,0.09048839625593409
52,406,0.09595247865970516
52,426,0.09104591878736434
52,436,0.09221025478989264
52,440,0.10165132252735093
52,474,0.08838396059145652
52,508,0.10313675331066172
52,514,0.09677374248431563
52,532,0.07859827742555707
334,37,0.07615139684894305
334,72,0.07106423959668301
334,76,0.07068403934005484
334,137,0.07825251225877568
334,184,0.07777403180901604
334,196,0.0717375643702539
334,249,0.0720655752110135
334,270,0.04658812777210433
334,274,0.07025760821920546
334,287,0.07333582633329828
334,291,0.07336350888314556
334,339,0.07113901790998957
334,344,0.08045290650356723
334,345,0.08846800915514744
334,355,0.07290931055699029
334,361,0.057377163054921666
334,385,0.07224604100991427
334,404,0.062479370295061405
334,417,0.07399393073856547
334,418,0.07102648338761128
334,457,0.07152499778267132
334,495,0.07050699152142378
334,518,0.07536135581062908
474,21,0.08782341161353491
474,23,0.06838301297545461
474,30,0.0894992157305998
474,35,0.06203650741265286
474,40,0.043860896476917814
474,51,0.0677474574603439
474,52,0.08838396059145652
474,74,0.08838285130602133
474,77,0.07266403400696779
474,82,0.05274797203042861
474,134,0.09444658242072293
474,135,0.06958118050413532
474,137,0.10128415514361203
474,166,0.09332935037534865
474,169,0.049061003606193324
474,174,0.09452279383261811
474,195,0.10829964003279738
474,207,0.09542600487847486
474,224,0.08678381159530942
474,236,0.09220905322262873
474,255,0.06296209683105827
474,289,0.0976588520752631
474,357,0.08992937456230778
474,359,0.08856138313263319
474,399,0.06499900050600178
474,409,0.06514042605352169
474,411,0.08748077875874893
474,436,0.10418166420229837
474,440,0.08865192067494518
474,446,0.08811115378537303
474,455,0.10022616706088336
474,470,0.07171347481795634
474,476,0.06843055866302872
474,519,0.056089074430681216
474,523,0.08603182276930754
474,528,0.10361711808024658
495,3,0.09656769086200276
495,39,0.08991516088147614
495,63,0.054734823674909276
495,68,0.08381768618531257
495,72,0.09275307283867269
495,109,0.08657272257170057
495,114,0.047424340025219364
495,131,0.06317803037523732
495,136,0.05358169793208958
495,140,0.10641682550575995
495,143,0.07143728674791099
495,154,0.07730128116188612
495,163,0.09501820977403004
495,184,0.09219419718461573
495,196,0.09826681609258875
495,210,0.08689627609915684
495,248,0.0701232893243579
495,250,0.09341736426643137
495,252,0.07791051945406066
495,262,0.05855638709952022
495,274,0.09664449231604999
495,283,0.11682822808055192
495,314,0.04315712815171931
495,333,0.08400330593623852
495,334,0.07050699152142378
495,335,0.07072001692783163
495,339,0.09193423633760725
495,347,0.09428273023819751
495,383,0.05702289555695147
495,391,0.10431875976494469
495,396,0.07665865828439401
495,397,0.07863659687682352
495,404,0.06368431921684342
495,408,0.09553610107628388
495,412,0.07573245545003972
495,415,0.06010200558074319
495,416,0.07530268672889576
495,417,0.10030831413306796
495,419,0.09587003392291722
495,422,0.08481038417187806
495,432,0.09378238660293683
495,445,0.07284803299798032
495,448,0.0872527016553514
495,455,0.09169803218894539
495,457,0.0845181393992015
495,458,0.09055770523802546
495,485,0.0847525212444131
495,502,0.07856849847258139
495,503,0.09268300971616127
495,513,0.09842738259363672
495,518,0.09232076056838494
519,24,0.05583371758929298
519,35,0.05528557374225263
519,46,0.054632865472032804
519,60,0.059780165917437594
519,131,0.05404452028782711
519,137,0.06223639525032847
519,189,0.055838702240691006
519,204,0.05481533749328569
519,224,0.06221874879253291
519,255,0.05604995436252232
519,289,0.05626949636224965
519,316,0.054003749258033105
519,396,0.0561973001568428
519,436,0.05431423928066489
519,455,0.05668975409751048
519,470,0.0572184080967199
519,474,0.056089074430681216
519,485,0.0565629547981019
519,486,0.0547314278337524
519,513,0.05584570020710301
228,14,0.14153836010343052
228,67,0.12971805888011356
228,75,0.12101067491141355
228,94,0.1425424414203963
228,108,0.12378820290310216
228,113,0.07212305913165518
228,142,0.11665809180546513
228,167,0.08013929252743957
228,181,0.12194687292179701
228,183,0.09416818889494255
228,190,0.07916955617026644
228,192,0.11678609535181436
228,198,0.12715609514535173
228,213,0.11906212117601285
228,214,0.0759851328662374
228,215,0.1374687255003943
228,218,0.13066034583017033
228,225,0.1212185118190966
228,242,0.10497797074270379
228,260,0.11599237057611526
228,273,0.07523850149480152
228,313,0.06698865934406587
228,340,0.11563881977524541
228,346,0.11780514082584623
228,350,0.09724628554499393
228,387,0.11691854056629682
228,414,0.12794546267463042
228,431,0.08977076883547538
228,434,0.14474964844828597
228,438,0.10238130911290888
228,453,0.12499240348598158
228,463,0.09650594447236693
228,472,0.1033374738615974
228,488,0.07826634478525069
228,491,0.14136070861445546
228,497,0.1331796407877359
229,11,0.11231429475701868
229,21,0.1067602185116166
229,53,0.12591116871526556
229,64,0.06273671649391792
229,70,0.08941967133260621
229,78,0.09137251120468394
229,95,0.08614252935052054
229,96,0.10473213361658765
229,98,0.05951661721565911
229,104,0.10509916627177988
229,113,0.07136196487079709
229,159,0.11469801525013901
229,178,0.04098777624846738
229,190,0.08263546108559794
229,242,0.0924227919563843
229,247,0.10940792931769007
229,261,0.08431749825762248
229,265,0.08712974065218804
229,272,0.10818311284861094
229,292,0.10843564323721801
229,298,0.09689859444359238
229,304,0.11645686826554065
229,313,0.07147714976457091
229,336,0.10494555273477807
229,362,0.039817300988895535
229,371,0.11217448073613526
229,389,0.1022988355690845
229,394,0.10431159841271354
229,407,0.10817455577736221
229,431,0.09227954875225544
229,443,0.07308075833442898
229,449,0.10387973463042924
229,452,0.04843546399199182
229,461,0.09221639882103241
229,479,0.10321248679012174
229,484,0.1105229430124435
229,488,0.07677884611503209
229,490,0.11897233192816085
229,509,0.10311478083464264
229,510,0.06982824733705806
298,21,0.0976654259073813
298,23,0.07185905275709871
298,53,0.114021128152182
298,64,0.06401954173213856
298,78,0.09037495126537194
298,87,0.09059030897030698
298,98,0.05763758663618717
298,111,0.09700036900406363
298,120,0.10727736874430249
298,141,0.0742843374945268
298,158,0.09698717712061788
298,169,0.05122466040626692
298,229,0.09689859444359238
298,265,0.08361551811309914
298,270,0.047549479916411994
298,272,0.09063069461655336
298,292,0.09084868639265381
298,295,0.07168114571961712
298,304,0.09378819496996917
298,371,0.0970207092704131
298,385,0.1047337404593014
298,388,0.09275370937894843
298,402,0.07279123548781755
298,404,0.06279056052115586
298,407,0.09595531729767498
298,443,0.06883757618976023
298,449,0.0969112562059647
298,461,0.12125095002408741
298,478,0.0950442903729022
298,479,0.09355941601286598
298,484,0.09442781463173305
298,490,0.10065119549004724
298,510,0.08660103033153492
48,8,0.1660686180299585
48,28,0.1812607799690046
48,34,0.1648910484153035
48,55,0.12652827252635962
48,61,0.1682422942115612
48,75,0.15768920219042412
48,83,0.14707887755019505
48,91,0.15687339769765132
48,96,0.18132640556927979
48,102,0.17320370564528395
48,108,0.1760853890318034
48,110,0.1977773078311956
48,112,0.17360575809408185
48,119,0.14017881793691833
48,126,0.2049027059281739
48,148,0.11855288565934655
48,161,0.1924262113647418
48,165,0.19533250904171115
48,182,0.15875534278306577
48,200,0.14869759584533984
48,201,0.22818043221416628
48,209,0.12670663336912077
48,212,0.15340780560267864
48,234,0.14938066415590545
48,240,0.16108851650500586
48,241,0.1309791811924496
48,277,0.2144796002755054
48,278,0.17919631435430272
48,280,0.19361231411457894
48,312,0.17479533950253878
48,315,0.18551978215436699
48,319,0.19766814780944877
48,337,0.22024268157434712
48,366,0.15656174671343198
48,380,0.15205800761779123
48,398,0.19586931860443071
48,407,0.1485391208899059
48,414,0.17952662634749825
48,425,0.17282150749473757
48,430,0.14518612543023277
48,437,0.2302889516219872
48,439,0.17941264210205055
48,450,0.1535573285374624
48,456,0.1582139746786068
48,473,0.19918145665550452
48,479,0.14986730677045448
48,483,0.19000106930902694
48,501,0.15074630598141553
48,505,0.17863195321820366
48,511,0.18693084513441294
48,526,0.15881993060912583
230,9,0.046578316063614324
230,15,0.11205165639107537
230,30,0.1162310986873043
230,33,0.11195945315172251
230,58,0.11315569833196586
230,62,0.10931429633085346
230,73,0.1324698092551502
230,97,0.08614943344415622
230,103,0.07957706672818556
230,118,0.07070217313073632
230,122,0.11598073920359472
230,146,0.11712771123218325
230,150,0.11331477627659343
230,155,0.11948256782695123
230,179,0.11632813318202666
230,207,0.11811429249822109
230,210,0.08063531695735382
230,216,0.07514175627322131
230,220,0.11878979123703133
230,232,0.09412932331446301
230,235,0.09186418387817942
230,268,0.055414228511426966
230,269,0.11285018695035692
230,283,0.11469051118098168
230,324,0.09083609584750228
230,339,0.11117555756374482
230,361,0.055380301079322854
230,370,0.11699274979906728
230,376,0.0966240768616655
230,393,0.08359160691986768
230,418,0.12490663612212285
230,421,0.07035825378319085
230,427,0.12799634117252048
230,441,0.12054229808874713
230,447,0.08454869814155512
230,451,0.10434687747679866
230,471,0.07025817954748423
230,480,0.12263424607166015
230,493,0.06419227052875612
230,502,0.08276732167448847
230,508,0.11361502970471242
230,521,0.09725391949425895
512,15,0.12902176062308912
512,18,0.13217063724052103
512,25,0.11338639890569581
512,30,0.1286547002610153
512,32,0.11090819118009304
512,66,0.14037166060988604
512,73,0.13134843981949018
512,74,0.12219980952661523
512,93,0.13495389631792057
512,116,0.09905008684115504
512,122,0.143737223579773
512,134,0.12170851785976958
512,137,0.09647426473086136
512,147,0.1269400267905506
512,166,0.09878776481472266
512,171,0.14894258882666012
512,174,0.14370641191115993
512,183,0.09304964192884903
512,193,0.11281407173488295
512,222,0.10791941474320159
512,233,0.13281809004831557
512,239,0.10922929175290953
512,253,0.12697499604352974
512,254,0.10169045166142297
512,260,0.1213085608995872
512,311,0.12276366115595672
512,332,0.15651275139498388
512,355,0.11454983840154087
512,359,0.15176203463133636
512,370,0.15160993661255925
512,377,0.12317508911026384
512,400,0.09700870653535609
512,406,0.10924384545881935
512,440,0.14327474995297798
512,441,0.12074717855365565
512,458,0.09257867220909023
512,459,0.10394163638524218
512,460,0.11180184461824375
512,464,0.16529244227826384
512,465,0.11488412210143668
512,467,0.0959514391001024
512,480,0.12647741268036797
512,494,0.10308725092031641
512,503,0.12998418092059316
512,514,0.12725538060657665
512,515,0.13093892081379627
512,517,0.11033021563513623
512,522,0.08700615425080986
157,2,0.06347823955899895
157,31,0.06785867612794469
157,49,0.06571926119166978
157,66,0.07876543368305372
157,89,0.08245994075111436
157,101,0.04032933605603933
157,107,0.09186120081576642
157,116,0.0827399031463779
157,134,0.07634823693982702
157,138,0.08151152905025164
157,171,0.07673002137500938
157,222,0.07651601088584868
157,239,0.0778843254341977
157,267,0.04731823980603034
157,283,0.07959151557580713
157,286,0.06483102087797542
157,299,0.06879566009447625
157,320,0.07223293691743127
157,327,0.0817232561118668
157,338,0.08800804467075182
157,353,0.06941599177804626
157,357,0.07960770069122466
157,377,0.0823600056147363
157,406,0.08002454508803941
157,424,0.07920153395373915
157,444,0.08666474454311035
157,465,0.0774253478388766
157,481,0.0580482819490076
157,486,0.08203317399268081
157,516,0.07582281470664046
157,520,0.059042568442255146
157,525,0.06245968917303725
157,527,0.07391209865229864
221,11,0.14354692507703795
221,59,0.13070854888528116
221,61,0.1356209470410765
221,75,0.1297220946519326
221,95,0.07592271369936608
221,96,0.15225145078281407
221,104,0.12841007396411466
221,110,0.1518611811467787
221,111,0.12896851083239338
221,112,0.14163767728782423
221,159,0.12256644469204442
221,160,0.13106748280964262
221,242,0.09779735311858341
221,244,0.13518508438867402
221,280,0.14066419441705583
221,292,0.13887151650758722
221,304,0.1418070777541745
221,336,0.13049217372558786
221,350,0.08775842487735888
221,394,0.12125854881322713
221,414,0.13224734826680942
221,420,0.12884214837629462
221,437,0.13204578435031666
221,443,0.06930645210562604
221,483,0.12872181013626158
221,511,0.1346320934287171
262,13,0.0616052072198944
262,68,0.05546264788592637
262,72,0.0557814118671242
262,129,0.0548914490055713
262,145,0.03994862194955385
262,154,0.05699940808174314
262,210,0.053342111084148
262,314,0.04808550802945492
262,333,0.05682135538877979
262,335,0.054402232555623015
262,341,0.056253520269239694
262,353,0.054049476253149896
262,375,0.05342751909222935
262,391,0.05506504828133161
262,396,0.05850490628389781
262,408,0.054211376117589825
262,419,0.05453887746788688
262,422,0.06143831532463529
262,444,0.055458747983193446
262,448,0.057092508636212014
262,457,0.05445060774025598
262,495,0.05855638709952022
447,25,0.08317471549497775
447,51,0.06605874361155392
447,86,0.08250112704891967
447,106,0.06189653563760269
447,116,0.09018362392529693
447,122,0.08785961640506454
447,131,0.06636442616392019
447,138,0.09002160737896768
447,144,0.06298795803072886
447,146,0.08341267840504851
447,150,0.08314650845089039
447,155,0.0955140700944514
447,163,0.09619455662951863
447,184,0.0855957958779619
447,210,0.07930705076896631
447,230,0.08454869814155512
447,239,0.08499283939017839
447,269,0.08896120298222328
447,281,0.06400923098125924
447,283,0.09702252854082846
447,287,0.08535530460731368
447,291,0.08554519917566564
447,339,0.08613332580942028
447,361,0.05485428747904887
447,378,0.09530980666277995
447,415,0.05925505927526128
447,417,0.08604766291141651
447,441,0.08551662972292651
447,443,0.07088680543416809
447,470,0.06549226226142116
447,471,0.07495576677882167
447,493,0.06376055582792506
447,500,0.0742666683533624
510,53,0.07447398908810443
510,64,0.06550336927640263
510,98,0.0659670972539903
510,120,0.06615715891408029
510,178,0.04384426035133643
510,183,0.0853923243473974
510,203,0.06721640692150462
510,222,0.06677985791027496
510,229,0.06982824733705806
510,259,0.06882371228380439
510,272,0.06934326673584594
510,298,0.08660103033153492
510,318,0.07147312908922974
510,348,0.06857331234492674
510,443,0.07445788182382856
510,449,0.07788402230018894
510,461,0.07246431309113172
510,484,0.06606097312100183
510,496,0.07181357416451406
510,507,0.06898311310881747
510,522,0.0710387366482563
514,24,0.09547098946727278
514,52,0.09677374248431563
514,57,0.10405869491772946
514,66,0.12378983250567607
514,71,0.09770442258667056
514,116,0.11001638411356181
514,134,0.1401254074200169
514,150,0.13516078722961675
514,166,0.10144265224604866
514,171,0.12227179783699178
514,174,0.13395864636045668
514,177,0.09358311021647747
514,179,0.11931579349716086
514,189,0.09519809571126737
514,194,0.11921928357479152
514,222,0.1213514479355411
514,223,0.0765583979990542
514,235,0.08631933121310995
514,236,0.12996510798475755
514,239,0.10818002938969022
514,254,0.10153137594852371
514,284,0.09309751962277003
514,290,0.10740636699855045
514,305,0.12569930741146637
514,332,0.1318728304313501
514,357,0.1111192115250653
514,359,0.11950598935848314
514,367,0.10965030365997261
514,377,0.12125355886570127
514,378,0.1149334900189048
514,381,0.08831832744864306
514,395,0.10140989544828484
514,400,0.10822356000936266
514,406,0.13492060317366325
514,440,0.14180146903356794
514,460,0.11462647800492207
514,462,0.08853384425283709
514,464,0.12363985702701988
514,467,0.10609395826078857
514,480,0.12362220358380455
514,486,0.10409220907596978
514,494,0.10467168915520147
514,512,0.12725538060657665
514,517,0.1130568070252511
514,522,0.08933797848212935
514,527,0.07203562313885743
514,528,0.09439087383513024
19,16,0.13659401084816972
19,28,0.1647081220334494
19,44,0.19984763828494825
19,53,0.13046941197276588
19,55,0.14410899981644512
19,59,0.170953511996391
19,83,0.17600264071199279
19,87,0.17103803977676607
19,91,0.15093215628457246
19,108,0.1659060990282311
19,112,0.15858102367157595
19,120,0.12685880244918674
19,126,0.1699290528346873
19,127,0.12995443083482425
19,133,0.1595280061576664
19,139,0.1721944440304605
19,173,0.16560957468427465
19,199,0.09011473297047966
19,209,0.12801441761632193
19,212,0.154830055610822
19,244,0.19908022326700464
19,277,0.22993973291504372
19,278,0.20348559360258134
19,301,0.13848770599421595
19,304,0.14508795433063537
19,312,0.15676227892081188
19,326,0.14724826577727038
19,368,0.11307901429236032
19,372,0.16526570028165283
19,384,0.14455941497577987
19,389,0.13745571160058512
19,392,0.1807888640186861
19,398,0.17460532667719425
19,403,0.09485432432158365
19,405,0.1070951329655738
19,407,0.15089926374267834
19,414,0.17223538742973077
19,420,0.18527487117455144
19,428,0.18446368991227724
19,437,0.17170527517306083
19,473,0.19182818461512005
19,478,0.13549239525070647
19,483,0.17034886041837813
19,492,0.16176849257004772
19,505,0.19404614338037035
19,526,0.16557156173624465
83,10,0.14794314235645178
83,19,0.17600264071199279
83,28,0.17006761817940388
83,44,0.14758527228685459
83,48,0.14707887755019505
83,55,0.1292211674194741
83,102,0.14968151400590157
83,139,0.17942039173988977
83,173,0.15071350808654474
83,199,0.08962084190635118
83,200,0.1542022528636354
83,205,0.1529633130388404
83,277,0.17123982136679103
83,278,0.17384761295912332
83,312,0.150776492483069
83,315,0.15159950972734187
83,317,0.11258445689341974
83,366,0.1486525716707677
83,392,0.17963941406642195
83,398,0.15920678161458737
83,405,0.10536349865473828
83,450,0.1651576735371758
83,473,0.15452330125750213
83,487,0.12980401849529716
83,505,0.15265435497207241
349,6,0.10625350672008751
349,142,0.1060902755818482
349,151,0.12196536126889025
349,183,0.10516663589719426
349,193,0.1579479806588867
349,198,0.11185342028124655
349,213,0.11223714161193307
349,225,0.10921015857369068
349,231,0.12392071350947206
349,260,0.10974019197094732
349,307,0.10828375511633347
349,318,0.11709453173806139
349,321,0.10719887592307152
349,340,0.09880970880150419
349,342,0.14780163443063637
349,370,0.1060497135736329
349,374,0.13261684085957684
349,387,0.10928047998399346
349,410,0.10981747770926178
349,413,0.10768564128722248
349,442,0.11980138304957734
349,507,0.14341013349172624
349,522,0.09899509825865989
448,3,0.08760607408126221
448,58,0.08084323234647342
448,72,0.08156176623491382
448,81,0.08248506201063179
448,100,0.08561564184080873
448,114,0.04843225799949261
448,136,0.05268017709128228
448,138,0.0817504195121251
448,140,0.08451643941599629
448,145,0.04202728312497296
448,146,0.08207335087530687
448,154,0.07705243508743845
448,163,0.08094485991486264
448,196,0.07901184237441922
448,252,0.07512523522107481
448,262,0.057092508636212014
448,275,0.05185640825559873
448,283,0.08964016945647912
448,324,0.07918391368562275
448,339,0.07897230680178838
448,341,0.07932990235822385
448,391,0.09220062680377632
448,408,0.08785826406719142
448,412,0.07553925085965091
448,419,0.08474408992231071
448,422,0.08178967122480296
448,445,0.07271724971592512
448,495,0.0872527016553514
448,513,0.0832930251719829
448,530,0.040097070381883544
202,4,0.04118570367231383
202,20,0.03912731539818246
202,23,0.0363618772060708
202,43,0.0411766762138807
202,105,0.04326505270103091
202,125,0.03737380855608566
202,156,0.04187910064099098
202,204,0.03961371154238124
202,216,0.04015779935235691
202,226,0.038858422729732535
202,237,0.04137989283338362
202,285,0.03750881770253772
202,323,0.04052341846107138
202,347,0.036783059701031656
202,353,0.03745594220992621
202,363,0.03687239045341964
202,396,0.036341543228849596
202,422,0.03659758373435871
202,475,0.03783439700409613
202,525,0.038072738984003686
208,30,0.10919055275452218
208,51,0.0650765700017097
208,54,0.07304580512118596
208,73,0.10966746333754968
208,86,0.10966614703789115
208,97,0.09378385214584477
208,122,0.11732331840009526
208,124,0.10528672190443536
208,129,0.08552452821274693
208,140,0.10223633643367197
208,146,0.11078077072616217
208,155,0.1117407825328107
208,171,0.10563394271362568
208,184,0.12002994476680147
208,220,0.10420189009843461
208,232,0.08982380573256547
208,239,0.1050962042737059
208,249,0.1131553734917435
208,263,0.10827395825021961
208,268,0.055789686210283546
208,269,0.11378346146686431
208,283,0.11438280664605233
208,291,0.09631644190691992
208,320,0.05995959966410444
208,329,0.1019517601156689
208,344,0.07050939794331382
208,417,0.10544357373081954
208,427,0.10726379363798293
208,457,0.09018973119281969
208,459,0.09622432928892002
208,482,0.09085999249515438
208,515,0.10583990787174255
208,521,0.08862594544757339
208,532,0.07578752002753723
324,3,0.09213107626594981
324,58,0.10471021766292668
324,62,0.0953931928362252
324,73,0.0990510080933198
324,116,0.08950514109113589
324,140,0.09438452804890747
324,146,0.09838224780396959
324,150,0.08977248649248748
324,154,0.06519055464999575
324,155,0.0937642298199642
324,163,0.09744934760738523
324,179,0.09349238437776844
324,207,0.0898601458358211
324,220,0.0951628372844301
324,230,0.09083609584750228
324,236,0.09248194088251603
324,267,0.04689108977356228
324,274,0.08928539641339932
324,283,0.10395154204952854
324,329,0.09011083340602595
324,416,0.08871291439849996
324,423,0.09973855648239438
324,445,0.06738373018928769
324,448,0.07918391368562275
324,513,0.08913155392293426
328,21,0.08534735908131094
328,44,0.08337289702000739
328,87,0.08002774469385646
328,111,0.08495614283880434
328,120,0.08901275391045671
328,133,0.08881457104501918
328,141,0.08781688161710427
328,159,0.08403745902017606
328,160,0.08045774728924233
328,316,0.07722996303273535
328,371,0.0819411146201115
328,372,0.08385793913110723
328,389,0.09468696235185277
328,394,0.08127474969150193
328,446,0.0892806781542689
328,461,0.08724431577902501
328,478,0.09112393127730724
328,484,0.09166703045888458
328,490,0.08579545558802719
328,509,0.08836136882481924
328,529,0.08260813947415854
24,4,0.060990649090791785
24,46,0.10894962504695557
24,57,0.10148521101314453
24,60,0.10200035892827011
24,71,0.09096979506854751
24,82,0.056594698224537665
24,84,0.05860649453804347
24,93,0.09189781275413879
24,118,0.06911203762769837
24,136,0.05192407137185481
24,153,0.06360528970031348
24,169,0.0496208550057509
24,170,0.09760888806027301
24,189,0.10126619045239689
24,216,0.08430966329140395
24,235,0.0862596041741827
24,237,0.06877640493281688
24,246,0.06522445738694223
24,279,0.09548111697680828
24,295,0.07052101526616832
24,305,0.09758192078923686
24,308,0.09215645439219859
24,323,0.06624082417097044
24,339,0.09220509797882906
24,347,0.08812134648972922
24,356,0.07354601493122229
24,359,0.09347390740799495
24,395,0.09533012171663778
24,396,0.07670900510448606
24,406,0.09340504486064898
24,436,0.09818056912373929
24,455,0.09987714629263916
24,460,0.09316617036552914
24,467,0.10946764029963982
24,475,0.0705454626672345
24,476,0.07070434091117614
24,480,0.10409524345474569
24,486,0.09366337639824322
24,514,0.09547098946727278
24,519,0.05583371758929298
24,523,0.0800730510990251
46,4,0.058514555745994935
46,9,0.046978662999839674
46,24,0.10894962504695557
46,36,0.10017650939095954
46,60,0.09912067725630731
46,62,0.10175021808772271
46,77,0.06806142771179005
46,81,0.10641477949007784
46,84,0.0648756932335696
46,85,0.06008609185100854
46,125,0.07303655540095433
46,131,0.06352646071081319
46,156,0.06414113800483631
46,164,0.057157503058085785
46,170,0.11330156617407261
46,175,0.061230210805800434
46,179,0.10068585151233025
46,180,0.05205977231842292
46,189,0.09914919542298893
46,204,0.06297432864006404
46,207,0.10128650016194495
46,216,0.07848145759596295
46,219,0.10403453920093872
46,224,0.07836266524434851
46,226,0.06326014557554255
46,227,0.04871563505976093
46,236,0.10241683489189451
46,237,0.07326583655263984
46,238,0.09641522020634567
46,243,0.09696156199894268
46,246,0.07229801144784634
46,252,0.07508783957942881
46,257,0.05220405271071172
46,258,0.08054950827327557
46,274,0.10161897715223187
46,279,0.09582567025155596
46,284,0.09273332197065297
46,295,0.06783993614245962
46,296,0.09887820210523036
46,302,0.06434702689906767
46,308,0.10251426120111644
46,323,0.06189358261839292
46,331,0.07088541929150295
46,335,0.07433835807968552
46,339,0.10833390885429364
46,356,0.07965440128407762
46,365,0.052588534435554196
46,396,0.0778720506149667
46,416,0.08429916441288225
46,419,0.09928858743958219
46,426,0.10854176076057184
46,433,0.0661538126095588
46,455,0.0987056388875808
46,466,0.06457293948714869
46,468,0.05721656866890343
46,476,0.07162545565861766
46,480,0.1061829669718335
46,485,0.09196391944091063
46,503,0.10068851176584918
46,513,0.11006651543830767
46,516,0.09445361353946996
46,519,0.054632865472032804
46,532,0.07759544031265292
368,19,0.11307901429236032
368,51,0.06498365265488182
368,64,0.06750241555326576
368,70,0.0947198391042514
368,75,0.1270061843731803
368,88,0.0733067728179245
368,106,0.07129943411986542
368,108,0.11492601052926621
368,112,0.11211300512452628
368,127,0.11621678861057036
368,139,0.12020208017584937
368,152,0.10300976851234366
368,182,0.11267801415589565
368,199,0.11234331955352163
368,203,0.08694858587063503
368,212,0.11443646706947184
368,251,0.10947167559768256
368,303,0.1103494674481114
368,312,0.11219244671997922
368,313,0.07059581506764492
368,348,0.09924042473433321
368,350,0.09388423253092056
368,371,0.11261967242794753
368,389,0.12253157172485121
368,401,0.11636653381169354
368,403,0.09929707375020773
368,405,0.12118162601836496
368,414,0.11574602644070794
368,490,0.11493084624112415
368,505,0.11177999450634027
368,509,0.10950999498246218
420,8,0.15975196339242195
420,19,0.18527487117455144
420,22,0.08064657966052007
420,42,0.12031169323168339
420,44,0.16304372458251704
420,56,0.08797022625114508
420,59,0.16109800288076884
420,61,0.162863670527778
420,87,0.18213350478511
420,99,0.11266116425535434
420,110,0.15895037469091194
420,112,0.19737529363654183
420,120,0.12499356976068222
420,123,0.11598699729104422
420,133,0.15768782170828635
420,148,0.1176198447896465
420,159,0.12936193922513853
420,197,0.15419389140770437
420,221,0.12884214837629462
420,241,0.13765025878324838
420,244,0.19555681457687002
420,272,0.10566242566196837
420,277,0.16549040987776042
420,280,0.15953527595407405
420,292,0.13601294645209444
420,304,0.15857800921543957
420,317,0.10644024501679673
420,330,0.11350018519580139
420,336,0.1387809885710907
420,366,0.15894107027709944
420,371,0.13164556474030353
420,384,0.16579090766017385
420,389,0.14715997542297998
420,392,0.17534144939059876
420,394,0.13172698553912193
420,398,0.16705382073787686
420,405,0.10834714244182668
420,407,0.16253050676803182
420,414,0.16146012501437712
420,428,0.16261639400508435
420,446,0.08963259979966491
420,449,0.11465889386676797
420,478,0.13409288626034746
420,479,0.1538705908125532
420,483,0.1747257427256859
420,484,0.12006341144214912
420,492,0.1703506731467408
420,526,0.16052031290826002
2,5,0.048834573037607985
2,12,0.06624266973727519
2,27,0.04100754830054113
2,29,0.0631529913623375
2,89,0.06957733167432145
2,134,0.06533564197970494
2,135,0.06596644381543794
2,157,0.06347823955899895
2,176,0.052431337949735896
2,188,0.056778069529919255
2,191,0.06323232523360217
2,235,0.06513750711660905
2,264,0.0544344723664889
2,282,0.05554005324356544
2,285,0.05877062834733098
2,293,0.049963060297671495
2,299,0.07344503051898339
2,305,0.06940172333420246
2,327,0.06438913767210405
2,347,0.068036983037236
2,351,0.06595437090365294
2,357,0.06438190929668498
2,406,0.0635951715286345
2,411,0.06316773848423088
2,444,0.06588251077621313
2,481,0.0675799364263837
2,521,0.06758703493147178
2,527,0.06706325793039801
240,34,0.1647850647130644
240,42,0.11768141786198454
240,48,0.16108851650500586
240,59,0.15494781650031716
240,61,0.16786862005124942
240,87,0.1620774069867422
240,102,0.15287833351105243
240,110,0.1620416173383849
240,119,0.13665091412355942
240,121,0.1355588523024428
240,123,0.11780642907385319
240,133,0.15106973902396661
240,182,0.15535707997165252
240,244,0.16327558223864508
240,277,0.15520036569601472
240,319,0.17570001787210995
240,337,0.16258823508432418
240,380,0.15170711313312768
240,384,0.1455090974844051
240,398,0.1619442966448975
240,425,0.22562687615210872
240,437,0.16390191043929755
240,439,0.1649517930806577
240,479,0.16932083901082426
240,483,0.16756711657090143
240,492,0.16399014359252517
240,501,0.16084187445188813
240,511,0.17889355923333336
240,526,0.14941558187401435
240,531,0.09497596629694968
274,3,0.11125813582316997
274,4,0.0584539200658484
274,30,0.11846466018578049
274,32,0.11655850150889971
274,33,0.11215929720605665
274,37,0.08997222936109255
274,46,0.10161897715223187
274,60,0.09207724951624546
274,62,0.10958027284173227
274,136,0.05257873633477549
274,137,0.10117024715213964
274,138,0.09983098450128855
274,163,0.11550306158335515
274,179,0.13734476835222298
274,185,0.10924536615686653
274,195,0.10747071029740975
274,196,0.10123827248317542
274,207,0.12052061851406284
274,210,0.08628857701087518
274,220,0.11038274582536477
274,226,0.060529045670344755
274,238,0.0921408880753223
274,249,0.11342210816683614
274,281,0.061770379317359646
274,283,0.11872234900048499
274,284,0.09363593951099308
274,289,0.10663734537419219
274,296,0.10878248165460312
274,311,0.1297698856221723
274,324,0.08928539641339932
274,334,0.07025760821920546
274,345,0.10038362071439269
274,359,0.11707337721268156
274,361,0.05683299940301664
274,365,0.05088462190331746
274,379,0.12456227204422579
274,391,0.10381703116881212
274,395,0.10558247086171707
274,396,0.07243959807248163
274,408,0.08769956021864003
274,418,0.12077348456003822
274,419,0.09733975141555846
274,423,0.11318708434331753
274,427,0.12083144192494293
274,436,0.13166581979775877
274,465,0.10889027757555894
274,480,0.1268930382271506
274,485,0.07639783786960298
274,486,0.10109618194262389
274,495,0.09664449231604999
274,499,0.10413686976751035
274,503,0.12383028899305427
274,513,0.11139304534353701
274,518,0.09232465114361815
338,12,0.05846026867486057
338,27,0.0403719943648958
338,31,0.07298568401833166
338,66,0.0803108227097425
338,89,0.07958973655684709
338,107,0.07429217404047274
338,116,0.08117917731580072
338,122,0.07906032239019609
338,128,0.07609424504052216
338,129,0.08133794188385683
338,134,0.08252945503067952
338,138,0.08480982954974699
338,157,0.08800804467075182
338,183,0.08080952045783361
338,187,0.06210857441338497
338,191,0.056952360828291
338,248,0.06206941209091403
338,256,0.05065573215244191
338,266,0.04413986546205229
338,267,0.047089847967355325
338,286,0.06954841454987547
338,293,0.05290181000625825
338,305,0.08597924672754895
338,320,0.08481154801117889
338,322,0.050837083043618315
338,327,0.09155615841701518
338,351,0.04933655159801012
338,353,0.06809541850180507
338,357,0.08031819554511731
338,377,0.0831852221203674
338,406,0.07983017424608951
338,424,0.0900674677545928
338,429,0.042510663827548145
338,460,0.08043174749417677
338,469,0.05787887656835173
338,481,0.05714622676685588
338,486,0.08143441309667405
338,493,0.06521156108843137
338,494,0.08426093799196763
338,496,0.0683097301182538
338,520,0.06367349412258229
338,525,0.06049531687976474
338,527,0.08018912577046804
43,4,0.0522082537601024
43,20,0.05078173556838741
43,41,0.06140403260511941
43,47,0.05046848864731785
43,49,0.050637018388835414
43,77,0.050400776509846
43,105,0.05634049392807003
43,115,0.04146571831960777
43,125,0.052755778662969766
43,154,0.050361429777633714
43,202,0.0411766762138807
43,204,0.05579337321889162
43,206,0.051967761444769764
43,285,0.05169608325959526
43,286,0.05077358710264501
43,299,0.051279711381675405
43,323,0.050768532747189433
43,353,0.06141824242748014
43,360,0.03035719137700231
43,424,0.052180882253105715
43,433,0.05526153369992108
43,444,0.05231745770458078
43,466,0.0531958622085078
271,101,0.044272103546576916
271,116,0.06621762572503717
271,137,0.059884238751456716
271,171,0.060934985163591894
271,222,0.060654030372045906
271,238,0.061263500682861176
271,248,0.06280131284890089
271,284,0.05987360764116643
271,295,0.0602673152359065
271,305,0.0632712698225477
271,323,0.0616327751295659
271,327,0.06290267815766057
271,347,0.06246433375246479
271,363,0.06039625546112336
271,369,0.049104841314868426
271,400,0.05977969248054378
271,406,0.06101877992893378
271,459,0.059784811618160016
271,460,0.060000662945924134
271,475,0.06241370748194603
271,486,0.06378059772204947
271,516,0.061606181812477824
283,3,0.12627584145254486
283,25,0.11395725237575637
283,30,0.11481611149890625
283,37,0.09461667011771227
283,39,0.10519582840325462
283,54,0.07087323701481613
283,58,0.11019347058204193
283,68,0.08924093012492783
283,72,0.1058374398904575
283,73,0.12183005986341133
283,81,0.10890776564097551
283,100,0.08771122845047771
283,109,0.08829449694697665
283,116,0.10952173045243566
283,118,0.06919723246636204
283,122,0.11947061403725241
283,128,0.07823412569857721
283,129,0.07946894279104143
283,137,0.09601706384821854
283,138,0.11677921576006546
283,140,0.13734552270228553
283,143,0.06598616077712043
283,146,0.11951094790535978
283,150,0.1207604744249372
283,154,0.0649139242906421
283,155,0.12759018935298672
283,157,0.07959151557580713
283,163,0.1342646790594956
283,171,0.11536673978861528
283,184,0.11927158156655765
283,186,0.065460005728598
283,196,0.10827717042238572
283,208,0.11438280664605233
283,210,0.10073390431733457
283,216,0.07744525400463112
283,223,0.07354886992751758
283,230,0.11469051118098168
283,238,0.09030892997266739
283,239,0.11117592018190536
283,252,0.08001504888693009
283,263,0.12293793338138681
283,267,0.046133262283957456
283,274,0.11872234900048499
283,287,0.11441649171308939
283,324,0.10395154204952854
283,329,0.10731380830775288
283,333,0.09067344950560738
283,339,0.1420599641011193
283,341,0.09689267128608062
283,347,0.0983098302375261
283,356,0.0705842448913211
283,378,0.1115969128819909
283,383,0.05348118101948687
283,391,0.11049882363286798
283,393,0.08213505403043365
283,396,0.07351441234432408
283,397,0.08026465127428896
283,408,0.08663308469011798
283,412,0.0726087704772164
283,416,0.08005582236625511
283,417,0.10619624474999095
283,419,0.1085384778946377
283,421,0.07005839361864327
283,422,0.09237580612521498
283,424,0.0970738432708124
283,426,0.10162694987806106
283,427,0.11528484122080535
283,432,0.08298586131688493
283,444,0.08989848990218885
283,445,0.07123675297593972
283,447,0.09702252854082846
283,448,0.08964016945647912
283,457,0.09497946164367335
283,458,0.09563430222734562
283,465,0.10873478360418501
283,482,0.08190728256580677
283,486,0.11463311676774818
283,495,0.11682822808055192
283,502,0.08248993801614878
283,503,0.12641633808417904
283,513,0.10609584090360058
283,516,0.10309515113198957
283,518,0.09570952260555769
283,521,0.09038682250403371
283,532,0.07504191881610504
294,15,0.11733077560561654
294,33,0.11255500285553811
294,38,0.1181347111334378
294,93,0.1239786832726592
294,124,0.1124495036799922
294,174,0.11191698943410537
294,179,0.121355162909908
294,207,0.11714208464581705
294,233,0.11925361653561056
294,253,0.12467939276856922
294,269,0.11411431870155163
294,287,0.11166093883743115
294,306,0.11484745496153115
294,311,0.11898979428955847
294,359,0.1358774858456278
294,370,0.1141206932889028
294,381,0.08754374077565971
294,423,0.11165040765549197
294,440,0.11631641128124598
294,464,0.11395631320284845
294,508,0.1137210017961349
428,8,0.17951475598232078
428,17,0.09400136428566053
428,19,0.18446368991227724
428,42,0.12368870816229231
428,44,0.17227216373781315
428,50,0.15803837946411112
428,55,0.1236084139974732
428,61,0.1619534136592956
428,70,0.09125575546214905
428,87,0.1609278527795355
428,111,0.15058229119918404
428,112,0.17226363250451224
428,120,0.12477458918611813
428,121,0.13749930580717787
428,123,0.12837802728645462
428,127,0.12694271427571233
428,168,0.10059791729414864
428,173,0.1666384628899808
428,182,0.16515361400612844
428,203,0.0804955397905648
428,234,0.14893944184687047
428,241,0.12973046069489494
428,244,0.17844601119036232
428,245,0.13581875009958336
428,247,0.09701158446948376
428,277,0.18587003461809903
428,278,0.16046844091221357
428,288,0.13443028778059923
428,297,0.09965442992551155
428,304,0.15011280937038865
428,366,0.18520366569076904
428,371,0.14364045652628712
428,372,0.17618838094903827
428,382,0.0812036853575129
428,388,0.09195954377551936
428,389,0.13582756340104296
428,390,0.09871106051035
428,392,0.1659956022230035
428,398,0.16246310344358375
428,414,0.1640224132142286
428,420,0.16261639400508435
428,449,0.11279400392687845
428,473,0.17017719377821808
428,483,0.17751172157069664
428,484,0.1274218098336784
428,489,0.13037312442902002
428,492,0.16109012304560377
428,501,0.13846122104766778
428,509,0.09798336826164344
428,526,0.15763954920517825
428,529,0.1119138918085323
128,9,0.0490049657779237
128,29,0.08208236509749005
128,66,0.07972397406458295
128,116,0.07938977490367907
128,134,0.08607027977956808
128,138,0.08374637727360847
128,145,0.040088016496253306
128,153,0.05702762056049688
128,155,0.07814126675775376
128,191,0.059639635658990484
128,235,0.08125054229284068
128,270,0.046479128636720046
128,283,0.07823412569857721
128,293,0.05097023505395978
128,305,0.07756575157487
128,314,0.04386865049176693
128,322,0.05340351273746953
128,338,0.07609424504052216
128,376,0.07855563963554198
128,391,0.0790069661512624
128,395,0.07827238519858894
128,406,0.08393688962094877
128,411,0.07788155132438797
128,424,0.0886847366043166
128,429,0.043977986324493755
128,433,0.06845552366368372
128,441,0.07623265458078134
128,444,0.0847408255664389
128,460,0.08081761240948138
128,469,0.05945935860576842
128,493,0.0654069161133878
128,500,0.08715456053406528
132,6,0.19771310268016248
132,7,0.15725747666024784
132,10,0.17490348455685342
132,45,0.1796592241028881
132,65,0.1913095310532054
132,79,0.18226400251844502
132,80,0.09846231249416922
132,117,0.130202755129168
132,139,0.1748489208785519
132,151,0.1730268331817244
132,152,0.10234404174331034
132,161,0.18306466735758012
132,199,0.09153795268377218
132,205,0.21831918730198738
132,213,0.20756758721374172
132,217,0.17008493443161374
132,231,0.19680390567889025
132,259,0.10664773968683636
132,300,0.17506435591202363
132,303,0.1181102537355692
132,307,0.13337408384242186
132,315,0.17161953644898273
132,318,0.11334161003934923
132,321,0.166387093622652
132,326,0.1428861571486949
132,354,0.18666987506764196
132,374,0.18463323056860254
132,401,0.09301622041205646
132,410,0.17231828473211153
132,413,0.16773356016139404
132,442,0.18450400018468147
132,487,0.12707214303948972
132,498,0.15160664260649315
132,504,0.1805654541230194
132,507,0.13450662250684597
180,20,0.04870896092517957
180,41,0.04921444581476069
180,46,0.05205977231842292
180,47,0.04894904031644379
180,77,0.052180596142970076
180,125,0.05231758435563258
180,189,0.050685114998942175
180,204,0.053894595257750456
180,226,0.0497767906832367
180,238,0.051101453628710235
180,279,0.04936066503079985
180,284,0.05131882044610551
180,353,0.05119853700921634
180,356,0.05182027913829268
180,360,0.030911870059420664
180,365,0.04997138295531825
180,396,0.0537901906775241
180,409,0.05110908836555713
180,424,0.05008687308028899
180,433,0.04959133913334894
180,466,0.05401437823289751
180,486,0.05069256537427817
26,7,0.16848991212182796
26,10,0.2753976235379019
26,65,0.17864865600110452
26,79,0.23640476989516138
26,117,0.12911329867639057
26,126,0.18976817240196425
26,151,0.227256955009376
26,161,0.2336457430688338
26,165,0.1840205513477013
26,198,0.17635035380014288
26,201,0.18886375301484917
26,205,0.23240973963764244
26,213,0.1878897688056756
26,217,0.1750966458381754
26,231,0.17304692765965413
26,300,0.25241198732056724
26,315,0.23365372894450476
26,374,0.200573719829377
26,386,0.1536694702364039
26,387,0.184508449096368
26,410,0.18170233643066086
26,413,0.21328674498522718
26,442,0.2250977167413251
26,477,0.17524298074160646
26,504,0.2746843056309018
26,524,0.2152620640395131
63,47,0.05276884085587233
63,140,0.05351087829188922
63,154,0.052431728898650304
63,189,0.052505930418212284
63,226,0.05268542351838
63,238,0.053580850608995416
63,302,0.053433798051759684
63,335,0.0556054652649555
63,347,0.05271278636540761
63,356,0.05372852148296059
63,363,0.06240966401253252
63,396,0.05599464406588009
63,397,0.055754186288897147
63,408,0.055546123981066536
63,412,0.06359575859282995
63,455,0.05223799263052901
63,458,0.054745037549995136
63,485,0.05594003526133306
63,495,0.054734823674909276
63,513,0.054327680693675336
392,19,0.1807888640186861
392,28,0.1693033256095078
392,42,0.11972874600145723
392,44,0.19317684422332324
392,50,0.13274368069221182
392,59,0.1605967683338933
392,83,0.17963941406642195
392,87,0.15630882316138392
392,102,0.15670114737267446
392,133,0.1531113729725835
392,139,0.16596856789977196
392,148,0.1190508232948323
392,160,0.1374886890906806
392,173,0.1627038003081503
392,200,0.16408164988746135
392,234,0.14033985658854267
392,244,0.17653508417449723
392,245,0.12234805339255235
392,277,0.1862500414185941
392,278,0.18263602111854435
392,288,0.12012396635104965
392,301,0.14533281413698398
392,330,0.10808759188784324
392,366,0.1558517834615035
392,372,0.15215773086677714
392,389,0.13027455468790988
392,398,0.1776297777695022
392,405,0.10786552592156959
392,420,0.17534144939059876
392,428,0.1659956022230035
392,473,0.1577683668627283
392,478,0.1677413976837578
392,483,0.17560467916520922
392,492,0.20395279679039444
392,511,0.16651186154690956
466,29,0.06212783896289201
466,41,0.05976040755637943
466,43,0.0531958622085078
466,46,0.06457293948714869
466,68,0.06576007393397217
466,81,0.060941098967619615
466,114,0.05704540989517776
466,125,0.06450888036743933
466,138,0.06589696097759418
466,180,0.05401437823289751
466,235,0.06408525503688171
466,252,0.06475321829656126
466,257,0.06013703928349805
466,285,0.07047981431065421
466,353,0.06220876606171622
466,360,0.031998811979664525
466,396,0.060750857844148555
466,397,0.060918669654164974
466,421,0.06498043381077981
466,422,0.06110976055237855
466,424,0.06796879656316442
466,433,0.07303799593149203
466,444,0.06407056393301706
466,486,0.06162226371830487
466,516,0.06081717399137336
466,521,0.06801523444585
532,3,0.08061967498403486
532,30,0.07486068988331147
532,46,0.07759544031265292
532,52,0.07859827742555707
532,77,0.0718066380207174
532,81,0.0755586602304848
532,153,0.05691123369809532
532,155,0.08169338368447
532,208,0.07578752002753723
532,216,0.07480399483605246
532,226,0.06421201761709452
532,236,0.07776564150281888
532,237,0.06155661643127355
532,258,0.0836984589951639
532,283,0.07504191881610504
532,284,0.08204819528217869
532,335,0.06971477580917866
532,391,0.07880805391534858
532,417,0.0800326513061545
532,422,0.08175658526455902
532,433,0.06723363107621326
532,436,0.07564119604482768
532,440,0.07675995396839844
532,455,0.08608713003494409
532,482,0.08165825426992931
532,513,0.08090116804775896
95,11,0.07505532855274767
95,78,0.10740477869127016
95,88,0.07301204095656415
95,92,0.08317692905813494
95,99,0.08722614410597848
95,121,0.07586304785685843
95,158,0.10522960945549724
95,159,0.07714029802179581
95,221,0.07592271369936608
95,229,0.08614252935052054
95,242,0.07731644796021529
95,265,0.07474162090074028
95,272,0.08499699481075172
95,288,0.07602500614246735
95,350,0.07761881505296478
95,371,0.08364692363350365
95,388,0.07980532287648139
95,394,0.07653184611487567
95,407,0.07562734015495702
95,484,0.08994616446228659
95,509,0.07573991650370836
183,53,0.09127606953254329
183,98,0.05969957113193178
183,113,0.07395447565341712
183,122,0.0888858240885404
183,178,0.04158227848757233
183,193,0.11131414256023286
183,222,0.09050743864537876
183,228,0.09416818889494255
183,254,0.09090833482933139
183,259,0.10080027708124495
183,260,0.10727156823241955
183,307,0.09707005269920446
183,318,0.09919647974480392
183,320,0.06028003100172694
183,321,0.08976829777074331
183,338,0.08080952045783361
183,340,0.0940347920862252
183,342,0.10269504289359614
183,349,0.10516663589719426
183,362,0.038406847615493206
183,377,0.09550569554044037
183,449,0.0964486915428555
183,496,0.0918550274039784
183,507,0.10755686415802945
183,510,0.0853923243473974
183,512,0.09304964192884903
183,522,0.11645583408200375
183,527,0.07147859993707058
261,11,0.07197044162503194
261,53,0.07610208187968164
261,75,0.07521698113019279
261,96,0.07232975111000667
261,104,0.07241125758345447
261,121,0.07346288544711739
261,178,0.04313836705565554
261,209,0.07886977700862913
261,229,0.08431749825762248
261,245,0.07192152606980728
261,265,0.07224016216886396
261,272,0.07846874019310288
261,292,0.07341203386686541
261,371,0.07563870259736499
261,389,0.07216493077066756
261,394,0.07170086462644427
261,405,0.07263476769346383
261,407,0.07466656371949913
261,443,0.07070131896392441
261,461,0.0758288890788169
261,471,0.06845900568692827
261,484,0.0777269536637072
261,509,0.07663127404905071
402,23,0.0775517840853739
402,35,0.0631355739489483
402,51,0.06579301500825559
402,57,0.06786962582834148
402,74,0.06899251662029213
402,76,0.07322802446928822
402,93,0.06808334346730298
402,101,0.04040136830983928
402,134,0.06783102266867858
402,137,0.07573098885453923
402,169,0.05018119213489149
402,171,0.06742985961065671
402,222,0.06793163626971636
402,270,0.054696072484113456
402,272,0.06696450124506047
402,295,0.07273840437383154
402,298,0.07279123548781755
402,325,0.06724425498298967
402,345,0.06828907970601754
402,385,0.06993101175599745
402,395,0.06722371308040015
402,409,0.06369180300251719
402,429,0.043130614799307083
402,454,0.0667882616951781
402,460,0.06886047212151912
402,494,0.07758100245519388
402,517,0.06695006084960543
37,25,0.09517247726888445
37,68,0.08848449856825231
37,72,0.096645101527537
37,109,0.0889920067977403
37,129,0.07763449225797887
37,143,0.06940981699007288
37,163,0.08949746175856535
37,172,0.08342781468824395
37,184,0.10166649063189574
37,196,0.09371582887685145
37,249,0.08985561504519873
37,252,0.07481578654514418
37,263,0.09461285012259067
37,274,0.08997222936109255
37,283,0.09461667011771227
37,287,0.0891648272482072
37,302,0.06732553137598025
37,333,0.08981297824736995
37,334,0.07615139684894305
37,339,0.09207675276126877
37,341,0.09024765295203224
37,344,0.07303182764206613
37,391,0.0944554423686626
37,408,0.09503374216177804
37,417,0.09509270822825786
37,418,0.09758083099141104
37,432,0.08074065978721234
37,457,0.08915471958085325
37,465,0.10453262979101141
37,515,0.09098016689768855
37,518,0.10870521667172968
140,3,0.12548437935306136
140,29,0.07687364562886317
140,30,0.10857753403714135
140,39,0.090954155009737
140,58,0.10226377272211087
140,63,0.05351087829188922
140,68,0.08921865034634013
140,73,0.10882487508110449
140,129,0.07708508539237865
140,134,0.10225450908637411
140,143,0.07002473344546353
140,146,0.10538571801338832
140,154,0.06776639942035927
140,155,0.10134047743063122
140,163,0.11932914834858979
140,171,0.10650190725172655
140,184,0.1056565828860506
140,186,0.06652402945764654
140,196,0.09501295056937097
140,208,0.10223633643367197
140,249,0.10333737645084941
140,263,0.10560476912836173
140,268,0.054700757463507284
140,283,0.13734552270228553
140,309,0.08292784240788396
140,324,0.09438452804890747
140,329,0.10209445341831566
140,335,0.07093227901051609
140,339,0.12749429609431975
140,341,0.08792163133703565
140,344,0.06988961578599384
140,347,0.09651516440695813
140,356,0.07219891590568188
140,363,0.0636409671500203
140,391,0.10335545788586788
140,393,0.07983777409021353
140,397,0.07890663623285439
140,408,0.0890759223453992
140,412,0.07665010623325108
140,416,0.0835216018185945
140,417,0.09789380928986174
140,419,0.10090798170850646
140,422,0.07902280966621299
140,445,0.07517157924582593
140,448,0.08451643941599629
140,458,0.10075014631910904
140,485,0.08270720742278327
140,495,0.10641682550575995
140,503,0.1107099662031739
140,506,0.05339054904264076
140,513,0.11079972650702757
140,516,0.09660350262482352
140,518,0.09277948312276542
163,3,0.1232985604148034
163,25,0.1454893747361935
163,37,0.08949746175856535
163,39,0.10458923278253812
163,72,0.10009436482494911
163,73,0.13229835998159353
163,100,0.09470518605270628
163,109,0.08430498829471084
163,116,0.10133697208454773
163,122,0.13326464386638717
163,124,0.11872275728202124
163,131,0.06260493246613733
163,137,0.09576558992709515
163,138,0.09814919496268741
163,140,0.11932914834858979
163,146,0.11468706905165645
163,155,0.11373182082378806
163,171,0.1258105376755221
163,172,0.09670168656891202
163,177,0.09552148842725446
163,184,0.13309732655357498
163,196,0.0984313493145232
163,220,0.13097806138275236
163,252,0.07489288907083215
163,255,0.06072140775061424
163,263,0.13322273512743094
163,269,0.13225659773148085
163,274,0.11550306158335515
163,283,0.1342646790594956
163,287,0.11929843519141888
163,291,0.09996852436988424
163,324,0.09744934760738523
163,329,0.11764416872088981
163,333,0.07937053303777143
163,339,0.1509542242547689
163,345,0.09952821415128889
163,347,0.091795295315281
163,391,0.10633440521915674
163,408,0.09228767211531243
163,416,0.08336545873011308
163,417,0.1167747199561539
163,418,0.120657817565987
163,419,0.10077453202161818
163,423,0.1354633350922286
163,427,0.11978505230559681
163,441,0.1295819841596362
163,447,0.09619455662951863
163,448,0.08094485991486264
163,454,0.09192754451971553
163,457,0.08489519530348538
163,458,0.10048106046778467
163,460,0.1259031626352532
163,465,0.10634924492165046
163,471,0.06849262826723924
163,476,0.06743984995572465
163,495,0.09501820977403004
163,500,0.06759495842170718
163,503,0.13234552372747177
163,518,0.0923324280554048
310,14,0.11209417043826476
310,67,0.13537412778244395
310,79,0.22284169393960676
310,142,0.22738064456287058
310,151,0.181613578490027
310,161,0.18605845968710485
310,192,0.1937054941891147
310,198,0.21251881744749238
310,201,0.1775251954831732
310,205,0.16631646605319653
310,213,0.2115997314851392
310,215,0.11517022172453999
310,225,0.21564451666223255
310,300,0.1918401689676329
310,307,0.13985265658191795
310,315,0.17274271852194642
310,346,0.14979759746611707
310,374,0.1862622406430767
310,387,0.22205132479126058
310,410,0.21803216794617133
310,413,0.1690101073206445
310,431,0.09091132893150412
310,442,0.1670728257919354
310,453,0.13390593026679487
310,487,0.11967649113847356
310,491,0.1855134044952974
310,497,0.20134530662463077
310,498,0.14178173771827499
310,504,0.20955556667208997
434,14,0.16181288442648936
434,67,0.1235039418277961
434,88,0.07404634431604389
434,94,0.16860245381990896
434,113,0.07453097744650052
434,142,0.1091611592304563
434,167,0.09809131935328262
434,181,0.13013232279212242
434,190,0.0834740567013758
434,192,0.11017645712837688
434,198,0.11419806751591391
434,214,0.08434216532621716
434,215,0.1453552973463698
434,218,0.12504839182226654
434,225,0.11063120596066173
434,228,0.14474964844828597
434,242,0.09510254496303082
434,251,0.10110055422602837
434,273,0.0975108075992273
434,340,0.10857931714612133
434,346,0.10606635214483151
434,350,0.10658936813792887
434,387,0.10756043507593681
434,438,0.10272206527546657
434,453,0.12097743180413624
434,463,0.10557274453999622
434,472,0.10889243696696849
434,488,0.08734099832226917
434,491,0.12679856365288783
434,497,0.11834261643975644
529,8,0.11881439517935359
529,17,0.0981085260594136
529,22,0.08178625479269823
529,50,0.12138731979429497
529,87,0.1147519136400666
529,92,0.07918166800021174
529,111,0.11659217684503642
529,120,0.11165558061367702
529,123,0.1288413374062083
529,133,0.11469277037067167
529,141,0.07333432114529648
529,149,0.0926812918482964
529,158,0.10221160539218176
529,162,0.11313676797023163
529,168,0.09945268420135699
529,211,0.07209347153359044
529,234,0.11793065195481167
529,245,0.1159015155933782
529,265,0.0851616900858629
529,276,0.0758501764424302
529,288,0.13578069919675018
529,316,0.0756664634742302
529,328,0.08260813947415854
529,366,0.11114882712330729
529,373,0.07350556593770108
529,382,0.09951051940275787
529,390,0.12019999823952729
529,407,0.10984835583559074
529,428,0.1119138918085323
529,461,0.10906828380630454
529,478,0.12487502795003351
529,479,0.12946303769911127
529,484,0.11719507277356507
529,489,0.11097392151695055
151,6,0.15929203479171644
151,7,0.1664423378497414
151,10,0.18854179402895876
151,26,0.227256955009376
151,79,0.24351403385490702
151,90,0.13082209497736516
151,117,0.12516607159630558
151,132,0.1730268331817244
151,142,0.19265061529326094
151,161,0.20230285972539733
151,165,0.18100348146572307
151,192,0.13942726587954601
151,193,0.1303510705510525
151,198,0.2147080811455982
151,205,0.21792268310329307
151,213,0.23920474480013443
151,217,0.19238637402030875
151,225,0.1795062045209977
151,231,0.1959155206778837
151,260,0.1164451864672204
151,300,0.24133539886763986
151,306,0.15058327964151005
151,307,0.13882689794697622
151,310,0.181613578490027
151,315,0.18522029458596295
151,321,0.15585023738300502
151,342,0.10216793209958015
151,349,0.12196536126889025
151,370,0.14051534277336167
151,374,0.2699745554483747
151,387,0.21203214148279917
151,410,0.20605478237215377
151,413,0.24202991560016945
151,442,0.28157796873214674
151,477,0.16829767389987282
151,497,0.16360279766938682
151,498,0.1471694424343343
151,504,0.27170848703196593
151,507,0.13262196477213103
151,524,0.18829537967366852
272,11,0.11261093948005445
272,21,0.10810875933222265
272,53,0.12274591953829933
272,76,0.09771468012086706
272,78,0.09919601337206337
272,88,0.0692883970755307
272,95,0.08499699481075172
272,96,0.1051609737975774
272,106,0.06154477134734443
272,112,0.11245094525774514
272,158,0.09389278415648868
272,209,0.10469196752986973
272,214,0.06440744457806145
272,229,0.10818311284861094
272,244,0.10386848129783739
272,261,0.07846874019310288
272,280,0.10675173596440342
272,292,0.1088076946158052
272,297,0.10542761078411098
272,298,0.09063069461655336
272,304,0.10494562863842974
272,313,0.06871337251508
272,366,0.10871800073033526
272,371,0.12284654070025296
272,394,0.11403551943066217
272,402,0.06696450124506047
272,407,0.10707268668370752
272,414,0.1143065380510316
272,420,0.10566242566196837
272,443,0.07808293340792591
272,446,0.0871080539580166
272,449,0.13834922406313468
272,454,0.08813726719720635
272,490,0.113437400859786
272,509,0.09873247728788435
272,510,0.06934326673584594
386,7,0.1492070224086881
386,10,0.1609739831983146
386,18,0.11211330390985921
386,26,0.1536694702364039
386,33,0.1320913738324535
386,38,0.1912065026314874
386,65,0.15362931089355572
386,90,0.13169154063682542
386,124,0.14758434332680687
386,130,0.12587123442294884
386,161,0.14467019874003967
386,165,0.1552727179384741
386,185,0.10427688905794426
386,205,0.15564298317894112
386,217,0.18956539986632473
386,231,0.14637276992338216
386,253,0.12432109271387294
386,300,0.14836807039296282
386,306,0.16100996935582723
386,311,0.1247878439027378
386,315,0.1441290764985883
386,354,0.14408636128399338
386,355,0.11298866491234015
386,358,0.09208149073861455
386,413,0.14886158547110023
386,442,0.144875897386691
386,477,0.1929559901926338
386,504,0.1449047484177181
386,524,0.17856936917194255
144,70,0.06447546223208363
144,81,0.06085964996883097
144,82,0.05275083808583014
144,106,0.063135687207299
144,131,0.0626099425890815
144,152,0.06351975417747042
144,194,0.06074018026104973
144,195,0.06581579822993709
144,199,0.06619177457363955
144,203,0.06325909667691774
144,207,0.06597088455588664
144,224,0.061062720785559174
144,289,0.06590793947362174
144,376,0.06324568286712882
144,395,0.06080849411798758
144,401,0.0623264864278005
144,403,0.06687892294777462
144,436,0.06572292077932362
144,447,0.06298795803072886
144,455,0.06261983242043485
144,513,0.0609237423464636
147,18,0.11721143676616069
147,30,0.11940983243640341
147,33,0.14020910232123254
147,38,0.1263089809190131
147,66,0.11926654393652766
147,73,0.12485466446741508
147,86,0.12076071689482892
147,93,0.13813168475170265
147,130,0.13648118611129476
147,155,0.12813924611800648
147,171,0.12506000745978046
147,174,0.1194328314088434
147,194,0.12234670448435603
147,219,0.09832918241416061
147,250,0.10444521040277253
147,253,0.12166083749092534
147,254,0.10023113686054082
147,290,0.10525588850319573
147,308,0.11049662069420037
147,332,0.12897088373394197
147,359,0.13001791157495285
147,370,0.13671027097487262
147,378,0.12117967305016086
147,426,0.1185960354763393
147,440,0.1385235480819997
147,458,0.09071114472731608
147,459,0.10712171467675939
147,460,0.10609192866671559
147,464,0.14050576861387223
147,480,0.12012160663812348
147,499,0.1057046511971859
147,512,0.1269400267905506
147,517,0.11761657423636598
201,6,0.16266581476340095
201,7,0.1679608134919508
201,10,0.18058511206212502
201,14,0.12028494870964647
201,16,0.14658318607872442
201,26,0.18886375301484917
201,45,0.16720884069978467
201,48,0.22818043221416628
201,65,0.17072928289019162
201,75,0.15596263591164158
201,79,0.2097908276974563
201,91,0.16415581921391983
201,102,0.1548144770672647
201,108,0.21994910868739206
201,112,0.1653504704331455
201,117,0.12636346952874844
201,126,0.2584283425587182
201,139,0.17632039123305152
201,161,0.23074114862389986
201,165,0.23078599607435377
201,205,0.22777373543245874
201,213,0.19459294443305822
201,251,0.10059325717066007
201,277,0.1970046276550536
201,280,0.17312887250627684
201,300,0.2232035078010177
201,310,0.1775251954831732
201,312,0.16692053396268258
201,315,0.2688330507116839
201,321,0.1536353393652996
201,326,0.14394877219793367
201,337,0.17223919028747828
201,354,0.16284990967833152
201,387,0.17834170585388603
201,414,0.18432677465600902
201,437,0.17535494319321246
201,439,0.15631377991157647
201,442,0.19944099978924287
201,450,0.15056570407603817
201,473,0.17784513150882358
201,483,0.17069934455328548
201,491,0.14783377392947425
201,497,0.1552356376742887
201,504,0.2088407782117267
201,505,0.20593934370477082
287,25,0.11818591014076403
287,37,0.0891648272482072
287,39,0.10571049602012349
287,72,0.11206843510032363
287,86,0.1254346129130131
287,122,0.12279534322629942
287,124,0.13638172060999323
287,163,0.11929843519141888
287,172,0.08801327646028356
287,184,0.1270317443481066
287,194,0.12222552601405984
287,196,0.09594942422354884
287,233,0.14209696547940592
287,239,0.11559962034977629
287,249,0.12980926934283474
287,263,0.12260010342474131
287,283,0.11441649171308939
287,294,0.11166093883743115
287,311,0.1145988772012224
287,329,0.11442923255318818
287,334,0.07333582633329828
287,341,0.08688990569061074
287,352,0.11773304227326235
287,355,0.12803913203799594
287,359,0.11672507616548336
287,417,0.10193288222715431
287,418,0.12169395506838293
287,447,0.08535530460731368
287,451,0.09499764009443208
287,457,0.09818579282972009
287,502,0.07979283591309526
287,503,0.12508608435931037
287,515,0.1251629899196851
287,518,0.098377429556778
337,8,0.16518273914234158
337,34,0.1659533522663036
337,45,0.15579377915804046
337,48,0.22024268157434712
337,55,0.12341423262746756
337,61,0.16602158740430115
337,75,0.15894554603060077
337,91,0.14992262501707385
337,96,0.19451418047888347
337,102,0.15694974998960484
337,110,0.16728025134203936
337,119,0.1449628840192901
337,121,0.1381430736416546
337,162,0.13380149774052533
337,182,0.15573380904469952
337,201,0.17223919028747828
337,209,0.13252729084768317
337,234,0.15391883361282982
337,240,0.16258823508432418
337,276,0.07647697567426984
337,277,0.18108500280808712
337,278,0.1682651171116367
337,280,0.18207631203534447
337,292,0.13888105683781304
337,317,0.11291912765981196
337,319,0.16431562566115626
337,336,0.13228366860374882
337,366,0.15645205122643116
337,384,0.14895395330768932
337,398,0.16935405874482554
337,407,0.16819365197349126
337,414,0.17247718176878027
337,425,0.1706783588475751
337,439,0.2126636394483259
337,456,0.17520636408609133
337,473,0.17690651143266017
337,483,0.1698868992424043
337,490,0.13709181871542214
337,501,0.14353298523913094
337,505,0.16794875189012604
337,511,0.18128716099647502
426,23,0.0662988779073487
426,30,0.1121760796845752
426,33,0.11561153543034573
426,46,0.10854176076057184
426,52,0.09104591878736434
426,68,0.08182847377251962
426,73,0.10206948777195234
426,93,0.10811595665265297
426,103,0.08193236942970883
426,114,0.047206507867026
426,125,0.07197019540421767
426,130,0.1052191405640338
426,134,0.10162575831625066
426,137,0.09555745070747283
426,146,0.10364382376825089
426,147,0.1185960354763393
426,155,0.12117263826105765
426,156,0.067280640028419
426,170,0.09323339870117334
426,171,0.1013352360080191
426,207,0.11228752865901168
426,219,0.10984791457404804
426,227,0.048983431382715506
426,243,0.08591579268324573
426,246,0.06495840240558637
426,250,0.11591999133708941
426,279,0.09858974744749137
426,283,0.10162694987806106
426,285,0.05814931562876393
426,295,0.06943166697612856
426,296,0.10962630410584452
426,308,0.12198924831659558
426,327,0.0944513254654555
426,331,0.07068939557248384
426,333,0.08351538301774193
426,341,0.0966422812521147
426,359,0.10282954417796568
426,365,0.05336166712878953
426,393,0.0855268885637192
426,400,0.0969027229367873
426,411,0.09905791881864327
426,415,0.06082269128115211
426,419,0.09848991759620819
426,424,0.09875101037647355
426,440,0.10830309310486567
426,445,0.06747824605150318
426,458,0.09207236957683815
426,467,0.09366265680573212
426,480,0.10166872866109201
212,11,0.12336681858954002
212,19,0.154830055610822
212,21,0.1556016536442355
212,48,0.15340780560267864
212,53,0.12793323870078682
212,59,0.15371639504177967
212,61,0.14651546762974735
212,75,0.1651005170006281
212,96,0.1648731599463627
212,102,0.1483880838888828
212,108,0.17887726684266592
212,110,0.1506110295360438
212,127,0.1353052021540363
212,148,0.11250315244641902
212,152,0.10005489832394956
212,199,0.08854702586665611
212,244,0.1486208118356653
212,280,0.1811712612213523
212,301,0.12882147232269525
212,312,0.14952495952487185
212,368,0.11443646706947184
212,372,0.16015125244720604
212,398,0.14697660285194095
212,401,0.09314978150794984
212,405,0.10855235933904223
212,425,0.15464189781307647
212,437,0.14925634968818827
212,439,0.14922558005669892
212,505,0.16316128568680063
212,511,0.1498495892867593
385,17,0.09316494338879035
385,21,0.11141893661184435
385,22,0.07853233701137546
385,35,0.05968413870603103
385,51,0.06769157377296413
385,56,0.10521060714694755
385,76,0.09854159557932717
385,78,0.09059324914081276
385,92,0.07627736904881428
385,111,0.11761047235850221
385,120,0.11106356985443318
385,149,0.08831461179935422
385,158,0.09367865916696456
385,160,0.11521060325306136
385,162,0.10598349523539077
385,169,0.04851128984462951
385,197,0.1079482925229653
385,211,0.07553144811514417
385,234,0.10617185443955347
385,245,0.12033209631758877
385,255,0.06203838455885302
385,265,0.08819432037859083
385,276,0.07537441624111992
385,288,0.11051120470769153
385,292,0.10949222178314116
385,298,0.1047337404593014
385,304,0.10699528666722045
385,316,0.08031094473763589
385,325,0.07756155800353517
385,334,0.07224604100991427
385,336,0.1096041083774835
385,371,0.10728006016287844
385,373,0.07802532485845587
385,382,0.08233644060649807
385,388,0.09901335470001525
385,394,0.11552211755850064
385,399,0.06826833207668734
385,402,0.06993101175599745
385,456,0.1098615236759062
385,461,0.09422314586518284
385,478,0.11048196331113613
385,484,0.10541442931457262
385,489,0.11649794479556262
385,490,0.10653004738807367
385,492,0.10637506069047692
385,531,0.09862243611476924
17,1,0.023313871819928736
17,8,0.0955162184237047
17,22,0.08162338071137472
17,34,0.09380406564855366
17,42,0.09353586563167646
17,50,0.10338184234912948
17,87,0.09634585461842769
17,92,0.077159506553896
17,111,0.09419543681165005
17,168,0.0936667149008468
17,288,0.1008897857166229
17,366,0.10525771850145164
17,382,0.08893885571257103
17,384,0.09644586482598308
17,385,0.09316494338879035
17,425,0.10162002864136731
17,428,0.09400136428566053
17,430,0.09511642705980448
17,456,0.09521986889522545
17,478,0.09695325972275268
17,479,0.09325724731060059
17,484,0.09574634521193964
17,492,0.09556102863817477
17,529,0.0981085260594136
138,3,0.09835100723583012
138,5,0.04872855288378201
138,39,0.09284219178249126
138,49,0.0634072938864918
138,72,0.09601950821069861
138,81,0.09995141293177244
138,84,0.06188969386784224
138,109,0.08220925879232839
138,116,0.10758715444056507
138,128,0.08374637727360847
138,129,0.08274045244963459
138,134,0.09589758680417686
138,146,0.10701316803720859
138,153,0.05934065217824162
138,155,0.10516020014211538
138,157,0.08151152905025164
138,163,0.09814919496268741
138,164,0.05891109009071506
138,166,0.09854265946748486
138,175,0.07025720960134905
138,196,0.09484240920606726
138,210,0.08776305801250821
138,235,0.08474835383609688
138,252,0.08813371794222863
138,267,0.04952029252914507
138,268,0.05405800266427886
138,274,0.09983098450128855
138,283,0.11677921576006546
138,286,0.06040308010864388
138,293,0.050353332580591645
138,302,0.06328116184983414
138,305,0.0957903034666332
138,308,0.09651242383288998
138,309,0.08175660696328468
138,322,0.05136505030922787
138,333,0.07952469132251855
138,335,0.06928624038155257
138,338,0.08480982954974699
138,339,0.10755728408284859
138,353,0.0732068556673638
138,365,0.052730006804234716
138,375,0.08537211689083218
138,396,0.07256917848304702
138,397,0.08178909832656571
138,406,0.0979395365850705
138,412,0.07141352819252546
138,416,0.0790954560173577
138,421,0.06924573927785456
138,424,0.10073497769825347
138,433,0.07133570749701588
138,441,0.0997437710920693
138,447,0.09002160737896768
138,448,0.0817504195121251
138,460,0.10177616972075956
138,466,0.06589696097759418
138,486,0.11703830738728782
138,516,0.10202212052408613
454,21,0.08998814497535182
454,23,0.06745043443891628
454,30,0.09209638633062435
454,35,0.06311893001830238
454,54,0.07046140775321084
454,76,0.0910466992959112
454,89,0.08689780229972748
454,107,0.07346149960719614
454,135,0.06960379513153639
454,137,0.09410589517351617
454,148,0.08733404087087474
454,163,0.09192754451971553
454,171,0.09015009630309655
454,174,0.08809499204265332
454,175,0.0636358022680944
454,184,0.0891121892877965
454,195,0.08851743236348278
454,236,0.09139212675674956
454,249,0.08730764811551282
454,255,0.06117764475853818
454,263,0.08773140274257633
454,269,0.08749997156144781
454,272,0.08813726719720635
454,291,0.09613194008059736
454,293,0.0509848360491667
454,297,0.08997413947787655
454,344,0.07360010520703238
454,378,0.09503253148239585
454,402,0.0667882616951781
454,404,0.06837508994126437
454,441,0.09216064895033425
454,443,0.07332795181279357
454,470,0.06888087418270113
454,471,0.0730760352196874
454,476,0.066735391434431
454,493,0.06442234067056136
454,494,0.09054090782635842
456,11,0.1262809695637344
456,17,0.09521986889522545
456,34,0.15360432387080628
456,42,0.12591172728568492
456,48,0.1582139746786068
456,50,0.14898661523670023
456,61,0.175479509828516
456,76,0.09816057826445534
456,87,0.1503221566793928
456,96,0.15135117821727342
456,104,0.14049026106473878
456,110,0.16310282209387617
456,111,0.1526717055777936
456,121,0.14788124910147893
456,127,0.13110118702031154
456,148,0.1167272463693243
456,160,0.1380570353660305
456,162,0.16370651907940614
456,182,0.16631553329580845
456,197,0.16698856859290193
456,209,0.12562726382416958
456,234,0.15158773134645043
456,241,0.12921559678129277
456,276,0.0753997609157926
456,317,0.11259560327181135
456,319,0.15168907973323073
456,325,0.07293658893890786
456,336,0.13985608402296892
456,337,0.17520636408609133
456,366,0.15402544428341866
456,380,0.14392335244822838
456,385,0.1098615236759062
456,394,0.12057732564976643
456,398,0.1635166863665168
456,407,0.14948730907577526
456,414,0.1529660247720793
456,425,0.15486261832813597
456,437,0.15108836513499735
456,450,0.16005700226489866
456,483,0.15998430523788107
456,484,0.12143200068302103
456,489,0.12874233036830804
456,531,0.09477962292004287
67,14,0.11497384248354046
67,94,0.13712223323714828
67,108,0.11974973648637136
67,113,0.0793576024458314
67,142,0.13857233835810298
67,167,0.07294268911704448
67,181,0.09394770020240577
67,190,0.0858823861479058
67,192,0.15751166136037933
67,198,0.13158190084196317
67,213,0.12408159297082313
67,215,0.12936091439056058
67,218,0.13960098258378725
67,225,0.14047387349879248
67,228,0.12971805888011356
67,273,0.07108953534461547
67,310,0.13537412778244395
67,340,0.1095969186022916
67,346,0.13313023374523278
67,364,0.0467404901191332
67,387,0.1335523649556035
67,410,0.12000871113725323
67,431,0.10006736303085743
67,434,0.1235039418277961
67,438,0.12299806474605926
67,452,0.0487676519552765
67,453,0.13635654484640433
67,463,0.09263133929670918
67,472,0.0981879251404053
67,488,0.08438235779746522
67,491,0.16275633537094503
67,497,0.1478317284558682
67,498,0.11615399849665546
150,3,0.11043944613574538
150,38,0.12505311637065164
150,52,0.09094160813329115
150,57,0.10071556298225244
150,58,0.11283585884957328
150,62,0.11326612069970225
150,124,0.12224015519624504
150,130,0.12495419412251192
150,134,0.121553590606432
150,146,0.12143650879165178
150,155,0.11665940057573607
150,166,0.1002065109195398
150,174,0.12708421138609047
150,177,0.09552646633927805
150,179,0.14251875328935695
150,194,0.12397233937970419
150,210,0.07921905851686821
150,219,0.09730031985665816
150,230,0.11331477627659343
150,233,0.12610006413549757
150,236,0.12468486233180483
150,254,0.11052447389569325
150,283,0.1207604744249372
150,290,0.10296913354893035
150,296,0.09529920751587265
150,306,0.1268260478136805
150,308,0.11631357422821573
150,324,0.08977248649248748
150,332,0.12682625308906367
150,339,0.11225362104902095
150,358,0.08782695990211144
150,359,0.1402074782942519
150,367,0.11035358577697288
150,370,0.13580888800879137
150,378,0.12546699005638468
150,393,0.0861301644150728
150,427,0.12608292462030746
150,440,0.1499471396136077
150,447,0.08314650845089039
150,451,0.098766329273333
150,464,0.13060483476671744
150,480,0.1284759279656275
150,502,0.07625569852018874
150,503,0.14087962141843188
150,514,0.13516078722961675
150,528,0.09815934387563947
314,29,0.04344492648688678
314,39,0.043058544169876346
314,66,0.04295626023613824
314,100,0.04461653135359481
314,109,0.044515430051049305
314,128,0.04386865049176693
314,129,0.04296280407071811
314,248,0.04334016442493556
314,258,0.04476314321665911
314,262,0.04808550802945492
314,341,0.044024447359675103
314,391,0.043264751466292384
314,396,0.048002194278014526
314,408,0.04409796807458995
314,422,0.04451881051419861
314,433,0.04287238645190147
314,444,0.04491835543461931
314,457,0.04628987995869978
314,495,0.04315712815171931
314,518,0.04358713352581594
498,6,0.15619419759385125
498,10,0.1407644388418335
498,67,0.11615399849665546
498,79,0.14484904723842135
498,132,0.15160664260649315
498,139,0.14190448969670297
498,142,0.15412583878216937
498,151,0.1471694424343343
498,198,0.1491833696526787
498,213,0.15482417218689346
498,225,0.14602845017295404
498,231,0.15689305115892715
498,300,0.1446589161041511
498,303,0.1155281336677839
498,307,0.13025556984436873
498,310,0.14178173771827499
498,321,0.14961183914871534
498,346,0.13538798286306108
498,374,0.16449250961919976
498,387,0.16571963880198656
498,410,0.16149344290203274
498,413,0.14642717096419453
498,442,0.13974886909939355
498,504,0.1406521216964114
498,507,0.13088460229147628
64,53,0.06490555728988141
64,127,0.06318225195133874
64,178,0.04370287868010979
64,190,0.06540318348335153
64,203,0.0927372524910759
64,229,0.06273671649391792
64,251,0.07495019740216537
64,298,0.06401954173213856
64,313,0.06800565786670384
64,348,0.07554513335272328
64,350,0.06271767255370966
64,368,0.06750241555326576
64,371,0.0632731203259643
64,372,0.06353555554232378
64,388,0.06632484804831495
64,389,0.06486777371630342
64,405,0.06495405856136519
64,461,0.06280564755380075
64,472,0.06454098714094274
64,509,0.06856835428829097
64,510,0.06550336927640263
286,31,0.06916150963277229
286,43,0.05077358710264501
286,66,0.0628117003591359
286,89,0.06071680234205971
286,116,0.062324017345297654
286,138,0.06040308010864388
286,157,0.06483102087797542
286,222,0.06245771771103869
286,267,0.04869092978137639
286,295,0.06310126122730852
286,305,0.06552603888825213
286,309,0.06790078297676445
286,327,0.06687591391123791
286,338,0.06954841454987547
286,357,0.0670925155181323
286,400,0.06509624649043079
286,406,0.06367330611371741
286,411,0.0598341452740387
286,424,0.06302191726709103
286,494,0.06076189823756077
286,522,0.059836617319322195
286,527,0.07225143124943577
302,1,0.02325013156932483
302,37,0.06732553137598025
302,46,0.06434702689906767
302,47,0.06446034487279867
302,63,0.053433798051759684
302,68,0.06602860878291573
302,101,0.041503177886522455
302,109,0.06706780437318538
302,115,0.03961384402311551
302,129,0.06609972639343671
302,138,0.06328116184983414
302,143,0.061146579147550534
302,196,0.0641464049851754
302,210,0.0654664231266712
302,238,0.06390849895205974
302,252,0.06400841179359974
302,293,0.0509466143774364
302,335,0.069235955988544
302,341,0.06528218664084973
302,343,0.06517952322073164
302,365,0.05086414229783385
302,396,0.07013291519082124
302,408,0.06328758078103894
302,412,0.06437812740870262
302,424,0.06576663625250634
302,432,0.06563253117738917
302,506,0.05405405205899736
302,518,0.0654283725058029
493,9,0.04667092220574745
493,27,0.04949211024018386
493,31,0.0638679847168575
493,89,0.083030911066952
493,122,0.06430551024957747
493,128,0.0654069161133878
493,188,0.06349831886607468
493,191,0.0543834948541108
493,230,0.06419227052875612
493,232,0.07147578224939331
493,264,0.05935884167830249
493,266,0.04729791250759374
493,293,0.05520330519554796
493,305,0.06524232762164849
493,338,0.06521156108843137
493,378,0.06387837643353829
493,393,0.06573798294862417
493,411,0.06372883156849575
493,429,0.043498047012173816
493,444,0.06566704658269286
493,447,0.06376055582792506
493,451,0.07386932483672544
493,454,0.06442234067056136
493,469,0.06538782765326338
493,500,0.07590497527517945
493,502,0.06363906654516353
493,521,0.0717800692509409
493,527,0.06433018364487413
126,7,0.16346808133654483
126,10,0.2007301727995338
126,14,0.11143693157478934
126,16,0.13755311567272027
126,19,0.1699290528346873
126,26,0.18976817240196425
126,45,0.1565344633960532
126,48,0.2049027059281739
126,55,0.12477761100463068
126,75,0.14451829512585104
126,79,0.19886873475098657
126,91,0.15116842861543017
126,108,0.18586537457773605
126,117,0.12649730438589132
126,161,0.22033308959480072
126,165,0.22091813021892756
126,198,0.1757714926211346
126,201,0.2584283425587182
126,205,0.23441514863449633
126,213,0.17610786820107494
126,277,0.1932671650557413
126,300,0.22372471291213167
126,315,0.2624118808553519
126,354,0.16742188253339735
126,387,0.18285690968081375
126,413,0.17648266250097397
126,442,0.19632126431954394
126,473,0.1819725870003154
126,477,0.15831062067963617
126,483,0.17021241554918307
126,491,0.14750989672893033
126,504,0.2075358870535978
126,505,0.21295177105422686
126,524,0.17548464127256838
164,36,0.059088393557162056
164,46,0.057157503058085785
164,81,0.058986293386472335
164,116,0.057757988624676404
164,138,0.05891109009071506
164,166,0.05970833006940672
164,195,0.06034084469423893
164,203,0.05727677956860672
164,243,0.05791120706624625
164,250,0.05804038401368527
164,281,0.05762223151984853
164,284,0.05779566175075027
164,289,0.05707112540187347
164,308,0.05937511308284606
164,375,0.0587920180048534
164,396,0.05726624048026735
164,399,0.05823940878624821
164,458,0.058776637946439614
164,467,0.059311551584453094
164,528,0.059301086407161155
173,6,0.180647339037411
173,16,0.13470920573914386
173,19,0.16560957468427465
173,45,0.1931918696177732
173,53,0.1422792676564532
173,70,0.09579084990876224
173,80,0.11018559057541051
173,83,0.15071350808654474
173,91,0.15978618663486024
173,98,0.0547177219599329
173,108,0.1585691823128918
173,127,0.14955714366648323
173,139,0.20554539135434197
173,152,0.10240776423759798
173,195,0.1065638722927453
173,199,0.09166417040234265
173,200,0.1513632070829864
173,205,0.16379655432676876
173,209,0.12604288890051676
173,247,0.09652496683381413
173,251,0.10069923820246676
173,259,0.12164167769930924
173,277,0.18060767142858689
173,278,0.19101019501885025
173,303,0.11400397518312604
173,318,0.11512805288419223
173,321,0.15935066606657183
173,326,0.1654021989406463
173,348,0.09776571988237832
173,354,0.18803998269216687
173,392,0.1627038003081503
173,398,0.15873188388594656
173,407,0.15393773688921564
173,414,0.19178806946141466
173,428,0.1666384628899808
173,449,0.12765360294161304
173,473,0.1713556205046185
173,483,0.15913076114292116
173,487,0.12660967412370638
173,492,0.15764812639602252
173,505,0.1575248105514924
173,507,0.13041686005478914
502,4,0.060091712975683
502,9,0.049997230049452245
502,12,0.058696277006721094
502,72,0.08022667714368678
502,89,0.07887038740625138
502,134,0.07809228865319588
502,143,0.06659844710214
502,150,0.07625569852018874
502,184,0.07760600161709706
502,188,0.06977767654728793
502,191,0.055609315197247676
502,230,0.08276732167448847
502,232,0.10056732424148476
502,233,0.07778915122411319
502,235,0.0762541586989376
502,249,0.08045302609777646
502,256,0.05604461450042118
502,257,0.061674319656159673
502,266,0.04485377520053643
502,283,0.08248993801614878
502,287,0.07979283591309526
502,308,0.0785327286026701
502,341,0.08038099251617412
502,367,0.08858818436177598
502,376,0.07656388490716896
502,393,0.09381433847866842
502,427,0.07714440189343344
502,429,0.04438871510667992
502,469,0.0699834995241213
502,493,0.06363906654516353
502,495,0.07856849847258139
502,521,0.08440360847932046
502,525,0.06056411820581618
20,29,0.04516531413662156
20,43,0.05078173556838741
20,77,0.0513263581339747
20,105,0.05468615199804373
20,125,0.04921982930104306
20,154,0.046395996516862756
20,180,0.04870896092517957
20,202,0.03912731539818246
20,204,0.05870250485902306
20,226,0.04851078298975753
20,284,0.046692745224255136
20,285,0.047913760496193905
20,323,0.0454103459951799
20,331,0.04558995410841442
20,343,0.04484621470787888
20,353,0.04546601048272871
20,409,0.04915123283982429
20,422,0.04545993146663557
20,433,0.05166563875144145
20,462,0.04586272503349271
20,470,0.0455197993541399
20,530,0.039692460989724086
289,18,0.09978288627415711
289,58,0.11546300136463866
289,60,0.09873730791878474
289,62,0.10704556580400604
289,74,0.10032811203049112
289,82,0.052628016082252725
289,118,0.06982334162825167
289,124,0.1004816401210941
289,131,0.06457398129146043
289,137,0.09893103153619158
289,144,0.06590793947362174
289,164,0.05707112540187347
289,179,0.11227695525855413
289,194,0.10304966565068349
289,195,0.12725827859768596
289,207,0.12873420417652967
289,219,0.09737272713327366
289,224,0.08813674568949334
289,243,0.08626448943132352
289,274,0.10663734537419219
289,311,0.10280666255232558
289,359,0.10878182821222004
289,361,0.05488514286112147
289,419,0.10199849801132838
289,436,0.1192082915403524
289,474,0.0976588520752631
289,480,0.11134718838210331
289,492,0.09937400387398254
289,499,0.0994966680309467
289,503,0.10452287952756618
289,513,0.10207144688978183
289,519,0.05626949636224965
289,523,0.07964236480251467
289,528,0.10999365343398101
437,8,0.16370570230449777
437,19,0.17170527517306083
437,28,0.1830293045219503
437,34,0.17003597738402867
437,44,0.15976456931312177
437,48,0.2302889516219872
437,50,0.13438503121673262
437,55,0.1260111906100945
437,59,0.1600015637597309
437,61,0.18096266238353276
437,91,0.15475386437777897
437,96,0.16551667895881142
437,102,0.16271510897836453
437,110,0.19897226025389525
437,112,0.1654557203703455
437,119,0.13565226865201002
437,133,0.1494228573728437
437,148,0.11287522688842316
437,160,0.13761554942860305
437,161,0.17165283345842328
437,162,0.13414427949686736
437,165,0.18136939226767418
437,197,0.175266926011354
437,201,0.17535494319321246
437,212,0.14925634968818827
437,221,0.13204578435031666
437,234,0.14334964681354925
437,240,0.16390191043929755
437,241,0.12935712771937452
437,244,0.18189081496821496
437,277,0.2001700129778471
437,278,0.1693724183314007
437,280,0.169122293536223
437,312,0.15786318199115115
437,319,0.20781011590320037
437,380,0.14694675299396626
437,398,0.18849054791193554
437,425,0.16065929282977323
437,430,0.15340034310700829
437,439,0.17120010797109725
437,450,0.15453151498371073
437,456,0.15108836513499735
437,473,0.19786721784741082
437,479,0.15716226390990706
437,483,0.1910868351054467
437,489,0.12905691012499698
437,492,0.15914275750224063
437,501,0.1512606736265706
437,505,0.1809039216225153
437,511,0.1666777740031689
437,526,0.15217332385834667
473,8,0.17507431172780424
473,10,0.17832719613522885
473,19,0.19182818461512005
473,28,0.20641179218486208
473,44,0.1613165247065902
473,48,0.19918145665550452
473,50,0.13856490792988868
473,55,0.14256732733206587
473,83,0.15452330125750213
473,91,0.1690962356138627
473,96,0.16491241752032249
473,102,0.15568316992024156
473,108,0.16097954636493494
473,110,0.1687651555024657
473,126,0.1819725870003154
473,133,0.14935703510219447
473,152,0.09886618404490197
473,161,0.17531395437021666
473,165,0.17449026470231505
473,173,0.1713556205046185
473,197,0.15688353052591378
473,200,0.14726159353869195
473,201,0.17784513150882358
473,277,0.26571275331790106
473,278,0.1889481145072933
473,315,0.1738594403595203
473,319,0.1732700234759956
473,326,0.16063884367850573
473,337,0.17690651143266017
473,380,0.14424134018167012
473,392,0.1577683668627283
473,398,0.1833391355632678
473,414,0.17198300888280904
473,428,0.17017719377821808
473,430,0.16291576317107426
473,437,0.19786721784741082
473,439,0.16830261337622507
473,483,0.18399351458425772
473,492,0.15815557308433306
473,505,0.20967727426311597
139,6,0.172654718735662
139,16,0.15407903705625878
139,19,0.1721944440304605
139,28,0.16641478081077088
139,45,0.17740763341461588
139,65,0.17382768333890253
139,70,0.09240629042346911
139,75,0.1471889336852078
139,80,0.10706599370475485
139,83,0.17942039173988977
139,91,0.1503349179309467
139,108,0.15945422894212996
139,127,0.13811405168543717
139,132,0.1748489208785519
139,152,0.1093100952946811
139,165,0.17371261061183738
139,173,0.20554539135434197
139,182,0.16285594234082004
139,199,0.10391530492629583
139,201,0.17632039123305152
139,203,0.08181004021398616
139,205,0.19212359098916465
139,251,0.10173249113672718
139,259,0.11893193278725121
139,277,0.18943175612569282
139,278,0.17919638041034772
139,303,0.13005549359696175
139,312,0.1834293799434186
139,315,0.17787768295070056
139,318,0.11657292283975314
139,321,0.1750230911432551
139,326,0.18559144630710964
139,348,0.09751334750511612
139,354,0.18069903146036007
139,368,0.12020208017584937
139,392,0.16596856789977196
139,398,0.17185756820002807
139,401,0.10534026934101338
139,403,0.09814755930044097
139,405,0.10855467467294784
139,414,0.1777225553269226
139,449,0.11158084311418152
139,487,0.14281292286209174
139,498,0.14190448969670297
139,505,0.17722137687745068
139,507,0.13413958690073904
153,24,0.06360528970031348
153,35,0.05554483616684647
153,116,0.05620244190370743
153,128,0.05702762056049688
153,138,0.05934065217824162
153,210,0.056890519476496884
153,216,0.06728588356045434
153,235,0.0602308887008289
153,238,0.0567041456319231
153,284,0.05725872946442739
153,305,0.059667844205477306
153,397,0.060093693335400905
153,400,0.05799566766742591
153,406,0.05865686402931824
153,436,0.056037685825574925
153,467,0.05558558431667135
153,475,0.07555737169073463
153,486,0.05894205817493301
153,521,0.05765716949165835
153,530,0.03933430974188814
153,532,0.05691123369809532
158,22,0.08469127011418649
158,42,0.0981087982472756
158,78,0.11717750933904589
158,82,0.05256556213646314
158,92,0.08867531102256208
158,95,0.10522960945549724
158,99,0.0982910136213883
158,123,0.09261963501874373
158,141,0.08943491443231416
158,168,0.09110716406641889
158,169,0.048287672089509986
158,211,0.07365501792149264
158,245,0.09659315915878824
158,265,0.09076328487080794
158,270,0.04724408630630235
158,272,0.09389278415648868
158,288,0.1002702543101561
158,297,0.0961101892791578
158,298,0.09698717712061788
158,316,0.08216165638204087
158,371,0.10342820580315361
158,373,0.06685085089512123
158,382,0.09195559553245625
158,385,0.09367865916696456
158,388,0.09196500835951751
158,390,0.09887425743588914
158,394,0.09365270888729164
158,404,0.06222401904364484
158,461,0.11418392034745996
158,484,0.10397085408331601
158,509,0.09174558099574323
158,529,0.10221160539218176
307,7,0.12709355769079972
307,45,0.13298996286144069
307,65,0.13050408345267336
307,132,0.13337408384242186
307,142,0.13502729871495284
307,151,0.13882689794697622
307,165,0.12886940485654558
307,183,0.09707005269920446
307,213,0.14275352404680397
307,217,0.13825864709752972
307,231,0.14244430840779596
307,254,0.09920504502001448
307,306,0.1368674011444364
307,310,0.13985265658191795
307,318,0.1178586710735336
307,349,0.10828375511633347
307,374,0.13574878994315828
307,387,0.12951185186753816
307,410,0.13219390361763705
307,413,0.13527180353848647
307,442,0.13203524103837921
307,497,0.1302901909299518
307,498,0.13025556984436873
307,504,0.13250181065746638
111,17,0.09419543681165005
111,21,0.1384686344638795
111,42,0.12725081588954376
111,56,0.08996760415387957
111,61,0.1608509001939472
111,69,0.10830616926166318
111,78,0.09382383838578971
111,87,0.15926258988013742
111,96,0.14210336893475445
111,99,0.11563064814810393
111,104,0.14056079148784031
111,110,0.1509654183852736
111,112,0.1512977148687698
111,120,0.1267307345908121
111,121,0.13068697668679524
111,123,0.11783356573336465
111,133,0.1463487944694318
111,141,0.07197030946679507
111,159,0.12190830808559575
111,160,0.14246326076566623
111,162,0.1346965445210589
111,168,0.09147810348915786
111,182,0.16293989375580983
111,197,0.14649680739572993
111,203,0.08165017263368185
111,221,0.12896851083239338
111,234,0.14019444793270666
111,245,0.13152928174076509
111,265,0.08452319567181459
111,276,0.07515273276300061
111,288,0.1237319899503852
111,292,0.14901568429902054
111,298,0.09700036900406363
111,328,0.08495614283880434
111,366,0.14329475677884732
111,371,0.1455899126420798
111,372,0.15359023611226863
111,385,0.11761047235850221
111,388,0.09315355533615975
111,389,0.13970091916559096
111,425,0.15923903210325646
111,428,0.15058229119918404
111,456,0.1526717055777936
111,478,0.13365651555290176
111,479,0.14441454226905368
111,483,0.14512659115359466
111,484,0.12485595832122179
111,490,0.13760046841815848
111,509,0.1041698369528068
111,511,0.15508669400913205
111,526,0.14401912941591635
111,529,0.11659217684503642
186,12,0.06419637976693587
186,29,0.06515455262743282
186,47,0.06121066854168462
186,114,0.04894306082727857
186,140,0.06652402945764654
186,176,0.0460116184027551
186,187,0.07013532533146873
186,188,0.05646420230999882
186,223,0.07232236586227915
186,238,0.0642271129967097
186,268,0.06333801551811852
186,282,0.05393681450401174
186,283,0.065460005728598
186,305,0.07336603602381916
186,309,0.06867935467425935
186,327,0.06731781682688663
186,339,0.06502388077701172
186,347,0.06648590174166479
186,363,0.06014271136986712
186,369,0.05219297215171933
186,393,0.07374776400730577
186,395,0.06436875451767667
186,397,0.07791855529062267
186,421,0.06848215750796087
186,424,0.0662502691067655
186,445,0.06983529799536353
186,475,0.0692895486933623
186,506,0.05159051874848465
186,516,0.06930131328769684
186,527,0.0682045279600643
197,8,0.15797980895213415
197,21,0.13647442212432526
197,28,0.15869192007438418
197,34,0.16752904355585954
197,44,0.15427459649008834
197,50,0.14118728634835206
197,55,0.12257917784412586
197,61,0.1704074973584393
197,69,0.10728481649364532
197,87,0.1670400117733849
197,104,0.13094676071998557
197,111,0.14649680739572993
197,120,0.12445331682463814
197,133,0.16393554885529826
197,159,0.13306888619926951
197,160,0.14174403873311658
197,162,0.17443359492686797
197,200,0.15677636726448607
197,241,0.1391493572213394
197,244,0.17237781243668182
197,277,0.1536001370526675
197,288,0.12286268488310456
197,317,0.11158072386274084
197,319,0.16115850951834162
197,325,0.07324699143452737
197,330,0.10835086317450576
197,366,0.16190067282715062
197,385,0.1079482925229653
197,389,0.14476217394755644
197,394,0.12462095791397702
197,398,0.16875234657316138
197,420,0.15419389140770437
197,437,0.175266926011354
197,456,0.16698856859290193
197,473,0.15688353052591378
197,478,0.13798435979447035
197,483,0.16295638382327318
197,489,0.15358445766361306
197,509,0.10222063027251904
197,531,0.08997482688837928
198,14,0.13401963527331343
198,26,0.17635035380014288
198,67,0.13158190084196317
198,79,0.2437334687469372
198,94,0.10566197130130303
198,126,0.1757714926211346
198,142,0.26396433569909433
198,151,0.2147080811455982
198,161,0.18003181349562158
198,192,0.18834610183421657
198,193,0.11968083912047278
198,205,0.18328457982372423
198,213,0.21975513339736413
198,215,0.11999100420502294
198,218,0.15916706533560065
198,225,0.26928383187431704
198,228,0.12715609514535173
198,231,0.1831547818821252
198,300,0.22879908258489484
198,310,0.21251881744749238
198,315,0.17723317711807393
198,342,0.09508567787318256
198,346,0.17472999551704468
198,349,0.11185342028124655
198,374,0.2073549163555368
198,387,0.3377738236167508
198,410,0.2325536056188337
198,413,0.1944234463420868
198,434,0.11419806751591391
198,442,0.19315956966310535
198,453,0.14608455425461658
198,491,0.19995754226147888
198,497,0.24818862820216714
198,498,0.1491833696526787
198,504,0.2218748527952811
321,6,0.1616287424238149
321,45,0.1738631969266961
321,65,0.165201786384058
321,79,0.1504868587446437
321,80,0.10026769856499618
321,132,0.166387093622652
321,139,0.1750230911432551
321,151,0.15585023738300502
321,165,0.15005148478795718
321,173,0.15935066606657183
321,183,0.08976829777074331
321,193,0.11749459730663078
321,201,0.1536353393652996
321,205,0.17916055074773385
321,213,0.17124404367824164
321,231,0.16575507502991826
321,259,0.12396878608574571
321,300,0.1517286152769747
321,318,0.11743386598642458
321,349,0.10719887592307152
321,374,0.1850603496471128
321,387,0.1613418998660772
321,442,0.15545007722614038
321,487,0.16130602349563158
321,498,0.14961183914871534
321,507,0.16111461969624427
321,524,0.15379624764293987
451,73,0.1031322955520936
451,86,0.09643525634854477
451,90,0.0996711337663117
451,122,0.11575505099808743
451,124,0.09619099947294411
451,146,0.09490298047278241
451,150,0.098766329273333
451,155,0.09814497533008285
451,174,0.09483747291211896
451,184,0.10010726338610723
451,220,0.10999477016262754
451,230,0.10434687747679866
451,263,0.09664652907024307
451,269,0.10665393712771629
451,287,0.09499764009443208
451,306,0.10410531545224631
451,370,0.11555975738431082
451,378,0.09724693051329547
451,393,0.0814717906353784
451,418,0.09950771163125928
451,440,0.09755309198014135
451,493,0.07386932483672544
451,500,0.07322180410794304
323,13,0.053596568931212216
323,20,0.0454103459951799
323,24,0.06624082417097044
323,43,0.050768532747189433
323,46,0.06189358261839292
323,60,0.06782353259528605
323,81,0.06281747192519041
323,105,0.0534425802169526
323,125,0.06186098717265446
323,189,0.06527561479640255
323,202,0.04052341846107138
323,204,0.06815953177697179
323,216,0.06274799330911121
323,237,0.07081510496027094
323,238,0.06512809733259886
323,271,0.0616327751295659
323,279,0.06744658610228034
323,284,0.06269251948360043
323,299,0.0642762443681644
323,305,0.06249649566905014
323,309,0.06505460520021764
323,422,0.0630463570050905
323,455,0.06184847885795152
323,475,0.06229909243625772
323,486,0.0711068701070964
323,516,0.06566542799763687
441,15,0.14398382859502193
441,25,0.11785798369499775
441,33,0.12433777411866266
441,66,0.10994052369884807
441,73,0.1268724464990976
441,86,0.127878649837286
441,90,0.12602454080274927
441,93,0.12958970423280922
441,122,0.12437824788197435
441,128,0.07623265458078134
441,130,0.12207328269185443
441,138,0.0997437710920693
441,146,0.11488997891329245
441,163,0.1295819841596362
441,174,0.11825677436105538
441,177,0.09257817767894395
441,179,0.12142627661577403
441,194,0.11896328731322815
441,230,0.12054229808874713
441,233,0.12157651114100315
441,236,0.11239550412186074
441,239,0.10913279070587195
441,260,0.11493808501227121
441,269,0.11923389254286292
441,370,0.1332210850122597
441,379,0.12107768166580449
441,381,0.08919173017714513
441,395,0.10234743073691889
441,406,0.10770514106996719
441,427,0.1185403188580145
441,447,0.08551662972292651
441,454,0.09216064895033425
441,464,0.12284920299567983
441,512,0.12074717855365565
1,17,0.023313871819928736
1,22,0.023966577073417025
1,62,0.02319261974427517
1,100,0.023242762081927704
1,118,0.023650231017287797
1,131,0.023719682213350017
1,169,0.02397909876075377
1,216,0.023180517087553545
1,255,0.02334670614793508
1,275,0.024036213328937076
1,282,0.02327255533233019
1,295,0.02319325669482672
1,302,0.02325013156932483
1,325,0.023333574583716214
1,343,0.023372520336523425
1,358,0.02465216894656938
1,381,0.02342779231236099
1,399,0.023438785465341692
1,446,0.023411836520341907
1,476,0.02334079748519884
190,64,0.06540318348335153
190,67,0.0858823861479058
190,94,0.09938006944149431
190,113,0.10727395948649823
190,167,0.07874197307712459
190,178,0.041554609345913054
190,181,0.07904754796122715
190,192,0.08120949941274025
190,214,0.06804370291630246
190,215,0.09150168837101223
190,218,0.08634459157891367
190,228,0.07916955617026644
190,229,0.08263546108559794
190,273,0.09099176462339298
190,340,0.08507408821894555
190,362,0.04509317982852236
190,364,0.06513299716952697
190,431,0.09835262002328135
190,434,0.0834740567013758
190,438,0.1190261899513646
190,452,0.06479559482223936
190,453,0.08009965913848632
190,463,0.1170604568576195
190,472,0.12906131192161122
190,488,0.1229893335493099
190,491,0.07958160256652035
224,23,0.06702759040806701
224,35,0.06605287483004976
224,40,0.04914523739406456
224,46,0.07836266524434851
224,60,0.08381417392974466
224,62,0.07433215840182206
224,82,0.05566923176158186
224,136,0.04964736248791095
224,137,0.08330935552565395
224,144,0.061062720785559174
224,156,0.06163826964565081
224,189,0.07653394265222808
224,195,0.07922136894442185
224,204,0.0608576988915247
224,207,0.07793049959870856
224,219,0.07294083238680883
224,236,0.07405436418202253
224,243,0.08193397894318159
224,289,0.08813674568949334
224,361,0.05504231876116772
224,395,0.07325361230262227
224,419,0.07750323708738718
224,436,0.08390733370509258
224,455,0.08048419981753452
224,468,0.06410744263465908
224,474,0.08678381159530942
224,476,0.0714455030447823
224,486,0.07342574144891323
224,513,0.0806542569767916
224,519,0.06221874879253291
224,523,0.07346073717791887
224,528,0.07795942417721041
224,530,0.03956181623099276
445,39,0.06858046108222417
445,68,0.06845470837762976
445,114,0.05283631202089266
445,140,0.07517157924582593
445,154,0.06434238119532457
445,186,0.06983529799536353
445,196,0.0691198859241215
445,250,0.06753621608707988
445,268,0.06606080799796855
445,283,0.07123675297593972
445,309,0.06778852629789589
445,324,0.06738373018928769
445,347,0.068806341595792
445,369,0.05190946589997903
445,383,0.053643266470349754
445,408,0.0662722658856388
445,419,0.06639342111467537
445,424,0.06853583838814833
445,426,0.06747824605150318
445,435,0.05636499853182925
445,444,0.06790016721158453
445,448,0.07271724971592512
445,457,0.06997278112712588
445,458,0.07369347019812648
445,468,0.057811215121576505
445,495,0.07284803299798032
445,521,0.06623713485078388
508,30,0.12525602901510222
508,33,0.11851082857905142
508,38,0.11706330974848721
508,52,0.10313675331066172
508,73,0.12196347830997976
508,86,0.13003191798747926
508,124,0.12766403726080738
508,130,0.11534914877152241
508,179,0.12168203452754246
508,184,0.11333976975053954
508,185,0.11969187403716157
508,194,0.1169524935956723
508,207,0.11913827528347194
508,230,0.11361502970471242
508,233,0.12049167278926022
508,294,0.1137210017961349
508,311,0.11860409715151726
508,355,0.11687620492308741
508,370,0.11572842474175996
508,381,0.08948418632505498
508,418,0.11301685717001517
508,419,0.09639201046479148
508,499,0.10933296870271678
508,515,0.11772813339890453
141,21,0.07158227663107992
141,42,0.07461657935956928
141,78,0.07471088848974411
141,92,0.07415588897141917
141,111,0.07197030946679507
141,158,0.08943491443231416
141,159,0.07199732534610896
141,265,0.08199417257524645
141,297,0.07255938358777309
141,298,0.0742843374945268
141,316,0.07631227379599445
141,328,0.08781688161710427
141,371,0.07131567789680564
141,389,0.07148389704895056
141,446,0.0823904590699591
141,461,0.0771444691354966
141,478,0.07348914429425796
141,484,0.07529258880855903
141,509,0.08087944507897622
141,529,0.07333432114529648
315,6,0.1665650172816306
315,7,0.1790594994134193
315,10,0.22770552843210698
315,16,0.14059133785272399
315,26,0.23365372894450476
315,28,0.17355738126098608
315,45,0.15250059876623406
315,48,0.18551978215436699
315,65,0.18419767846501076
315,79,0.23518273840746654
315,83,0.15159950972734187
315,102,0.15705727877884967
315,108,0.1768352713940581
315,117,0.13063163273560935
315,126,0.2624118808553519
315,132,0.17161953644898273
315,139,0.17787768295070056
315,142,0.16561048741293433
315,151,0.18522029458596295
315,161,0.25856466644812476
315,165,0.22582170218003422
315,198,0.17723317711807393
315,201,0.2688330507116839
315,205,0.2752764509821731
315,213,0.19515995156331736
315,231,0.18434193356994125
315,277,0.19276427306460506
315,300,0.2436837036168053
315,310,0.17274271852194642
315,312,0.16415919451137842
315,319,0.16744358684649327
315,326,0.14781508150567402
315,354,0.1728750038917109
315,386,0.1441290764985883
315,387,0.18911902232390937
315,398,0.17898129467518273
315,410,0.17834940761295395
315,413,0.17877611168572527
315,442,0.21356540868962304
315,450,0.16067788893569196
315,473,0.1738594403595203
315,477,0.16095849887600908
315,504,0.24758543628852855
315,505,0.19555155042377573
315,524,0.1960583562249892
399,1,0.023438785465341692
399,30,0.06501662622130958
399,74,0.06389690149988034
399,78,0.06774478743335645
399,80,0.06789510743764866
399,137,0.06453480915269535
399,164,0.05823940878624821
399,172,0.06524194494681143
399,195,0.06746942508295466
399,203,0.0641102609712169
399,207,0.0647591666432231
399,219,0.06610128082675608
399,249,0.06471557994075157
399,254,0.06591387580626433
399,276,0.06493034439454494
399,367,0.06487913400636952
399,385,0.06826833207668734
399,446,0.06843075421299226
399,474,0.06499900050600178
399,484,0.06473083146864424
399,490,0.06770281684322124
399,531,0.06611800965871831
69,21,0.12051701612169263
69,34,0.1049317816033864
69,59,0.10874946980294668
69,61,0.10556278889823872
69,87,0.11763256456396229
69,104,0.10696123474263006
69,111,0.10830616926166318
69,133,0.1152787506292714
69,159,0.11951066371297422
69,160,0.11027516957493907
69,162,0.10621306833633466
69,197,0.10728481649364532
69,211,0.07489379372025326
69,244,0.1034016189743731
69,245,0.11759161832751253
69,255,0.06554379604648704
69,301,0.10797041570074488
69,304,0.1037879764420366
69,316,0.07458248365668636
69,336,0.10632861304289312
69,394,0.11058634543951684
69,489,0.10383033869217814
69,490,0.10355072816276714
149,50,0.08042668945015385
149,56,0.09118146205158575
149,87,0.07829289105261096
149,99,0.07799135371216076
149,123,0.08119959612683245
149,162,0.0771325697562115
149,211,0.08174792886718243
149,245,0.09040379308120126
149,288,0.08388907774472748
149,316,0.0742156196038244
149,330,0.08334143067438586
149,373,0.07986405185337785
149,382,0.10196184909598749
149,385,0.08831461179935422
149,388,0.08302941950125113
149,390,0.07849237513488036
149,461,0.09086669376461705
149,478,0.0834519264992761
149,484,0.07861914793887503
149,489,0.07949695248757405
149,529,0.0926812918482964
195,23,0.06966468988789089
195,30,0.10917180603582993
195,35,0.06091124830276551
195,74,0.12011595653796185
195,82,0.05182578596397129
195,93,0.10772410144702883
195,98,0.05468882686643672
195,106,0.060932766663127295
195,134,0.1088297439866837
195,137,0.09910156320477065
195,144,0.06581579822993709
195,164,0.06034084469423893
195,166,0.11908710599833183
195,173,0.1065638722927453
195,174,0.13213174088182938
195,179,0.10743799192875012
195,207,0.12475112186402271
195,224,0.07922136894442185
195,253,0.11300678653089305
195,274,0.10747071029740975
195,281,0.06366362314744989
195,289,0.12725827859768596
195,345,0.10029045295348597
195,359,0.11563760347689202
195,361,0.05634386840592823
195,367,0.1133733013541174
195,399,0.06746942508295466
195,436,0.12356689172791822
195,454,0.08851743236348278
195,464,0.10965660661745542
195,470,0.06484738292379698
195,471,0.06965611291116187
195,474,0.10829964003279738
195,480,0.11099007571456213
195,492,0.1094770995465673
195,523,0.08969981444068306
195,528,0.10684642106062177
195,531,0.09677578256476128
300,7,0.20240719092056098
300,10,0.20872577879032272
300,16,0.1324801323536387
300,26,0.25241198732056724
300,38,0.1423253057665319
300,65,0.17218720341465207
300,79,0.32359544288721875
300,117,0.13950966977339743
300,126,0.22372471291213167
300,132,0.17506435591202363
300,142,0.18937754244222527
300,151,0.24133539886763986
300,161,0.21994151312737614
300,165,0.1979006730118545
300,192,0.1377395621745059
300,198,0.22879908258489484
300,201,0.2232035078010177
300,205,0.24627239144037338
300,213,0.21294751320103095
300,217,0.18583031113385862
300,225,0.1766822395312626
300,231,0.20441131038849322
300,310,0.1918401689676329
300,315,0.2436837036168053
300,321,0.1517286152769747
300,346,0.14571192188056487
300,374,0.23505688924245868
300,386,0.14836807039296282
300,387,0.25626021357494166
300,410,0.23249865979397719
300,413,0.24553839697521906
300,442,0.2512096807538828
300,477,0.18687974585658612
300,491,0.1500354858258211
300,497,0.17440851805057633
300,498,0.1446589161041511
300,504,0.34250208527913256
300,524,0.20750092061519299
181,14,0.12513504486563873
181,67,0.09394770020240577
181,75,0.09661660440310253
181,88,0.0719847700518944
181,94,0.11829377930540395
181,108,0.08690594374137013
181,167,0.11368464998659691
181,190,0.07904754796122715
181,214,0.0870408469113438
181,215,0.10819483518615484
181,218,0.09562993891683387
181,228,0.12194687292179701
181,242,0.09844988413142741
181,273,0.0933417939549242
181,350,0.11014325678870461
181,434,0.13013232279212242
181,438,0.08746436615266749
181,453,0.09500354667705145
181,463,0.10513843426292313
181,472,0.1049186414827583
181,488,0.08381268979139381
181,491,0.10269539055758686
181,497,0.09468328022869245
276,21,0.07496792261123901
276,78,0.07714686328410873
276,92,0.0783532555267086
276,99,0.08209825170431022
276,111,0.07515273276300061
276,119,0.07431340430063263
276,121,0.08002808919692081
276,159,0.0742786470679783
276,234,0.08078766900538947
276,317,0.08076971815286586
276,336,0.0765927847893797
276,337,0.07647697567426984
276,371,0.07888722017345381
276,385,0.07537441624111992
276,394,0.07854544123935053
276,399,0.06493034439454494
276,456,0.0753997609157926
276,484,0.07620199704388679
276,490,0.07994530671224898
276,511,0.0759582320287535
276,529,0.0758501764424302
367,30,0.11139525169368626
367,85,0.05884863593325464
367,93,0.10893126053950246
367,134,0.11063716710356128
367,150,0.11035358577697288
367,166,0.103746829738728
367,174,0.11524250839884437
367,187,0.06395556263695387
367,194,0.10879447640146302
367,195,0.1133733013541174
367,207,0.11385982557789208
367,222,0.10516246247538909
367,223,0.08203595064335026
367,232,0.09167118033343082
367,233,0.10687457101222092
367,235,0.09009624864314116
367,249,0.10972182733256465
367,253,0.10693353395187122
367,256,0.05424999370046753
367,290,0.10263012656871733
367,305,0.10358333257193149
367,306,0.10721574019720227
367,332,0.11264654799599508
367,357,0.09519767880310982
367,359,0.10699187734479602
367,377,0.11161230962518127
367,393,0.08452544176368604
367,399,0.06487913400636952
367,400,0.09857235572438426
367,406,0.10863617061568347
367,411,0.09455701765743235
367,436,0.1106806200897177
367,440,0.12343308098166093
367,464,0.11254560605945294
367,502,0.08858818436177598
367,514,0.10965030365997261
367,517,0.10681560179424593
367,521,0.09408476507958709
422,3,0.0823617076343158
422,13,0.06617212556683817
422,20,0.04545993146663557
422,47,0.059428473615277935
422,81,0.08603565132443973
422,100,0.09057412285220216
422,114,0.05187324684008752
422,116,0.079814208314142
422,125,0.07220484008014603
422,140,0.07902280966621299
422,154,0.06866485320633307
422,155,0.08149481273944353
422,202,0.03659758373435871
422,216,0.07884742618788253
422,246,0.06500495967101654
422,248,0.0635188323384841
422,252,0.07459070634874711
422,257,0.0537501806145442
422,262,0.06143831532463529
422,275,0.05441138286124126
422,283,0.09237580612521498
422,284,0.08078123751403116
422,314,0.04451881051419861
422,322,0.051239858436514574
422,323,0.0630463570050905
422,333,0.079243576702021
422,363,0.06024731925338615
422,375,0.07078087672550254
422,383,0.057290572287786036
422,391,0.09271652441090932
422,417,0.08045702784725232
422,419,0.083424568969536
422,424,0.07838720645555712
422,433,0.0776229385819773
422,448,0.08178967122480296
422,457,0.07827682269882087
422,466,0.06110976055237855
422,495,0.08481038417187806
422,513,0.08015282201621247
422,516,0.08029613148808835
422,532,0.08175658526455902
99,22,0.07603187798972418
99,34,0.11266422475473735
99,56,0.08727650520569996
99,78,0.0996039955780075
99,87,0.11669810792101518
99,92,0.09106611365432143
99,95,0.08722614410597848
99,106,0.06146461015447194
99,111,0.11563064814810393
99,121,0.11369322215559444
99,123,0.11313118744596233
99,133,0.12417748001163618
99,149,0.07799135371216076
99,158,0.0982910136213883
99,162,0.12281917186645736
99,168,0.09432400115156181
99,244,0.11972100358765371
99,245,0.11856909556473014
99,276,0.08209825170431022
99,288,0.13015389940241576
99,316,0.07543060199700313
99,366,0.11337414471807362
99,371,0.11426655577524988
99,384,0.11986300322362903
99,388,0.10088017486127196
99,390,0.10184823087551921
99,394,0.1144282281424926
99,420,0.11266116425535434
99,478,0.11542815216280668
99,479,0.1149211925915567
99,484,0.12096301541214897
99,489,0.12634805358523724
99,511,0.12725014772413282
182,16,0.14543887559746113
182,42,0.1324227843235986
182,48,0.15875534278306577
182,61,0.1720715174572819
182,75,0.14682684503499768
182,76,0.09360998755493419
182,87,0.15342863106177898
182,104,0.1314803981471108
182,108,0.1579767643066305
182,111,0.16293989375580983
182,112,0.15817086856232646
182,121,0.1369373059310507
182,127,0.1492388338790616
182,139,0.16285594234082004
182,148,0.12416735699383664
182,152,0.09948084509335385
182,203,0.0843744578850605
182,209,0.12606399921230535
182,240,0.15535707997165252
182,244,0.15574710304011277
182,251,0.10400043109990637
182,277,0.16616953500249634
182,280,0.15572425871073595
182,337,0.15573380904469952
182,348,0.10228910217019542
182,368,0.11267801415589565
182,372,0.15254822637672139
182,398,0.17278779884005036
182,425,0.16382029271226875
182,428,0.16515361400612844
182,456,0.16631553329580845
182,483,0.16351855505370003
182,492,0.16189087386353596
182,505,0.1600700882807493
182,511,0.15970405920332087
182,526,0.17595206568353267
185,15,0.12096039609257883
185,32,0.107382137813845
185,33,0.10922323219170735
185,39,0.08929482573240272
185,52,0.09535279167413793
185,62,0.11473031821713582
185,73,0.10453277722958008
185,124,0.10642154676767607
185,130,0.11103437797076511
185,179,0.10814262029309094
185,194,0.10620906118314696
185,207,0.10632511441697041
185,274,0.10924536615686653
185,296,0.11141622038729715
185,306,0.10795683432502974
185,308,0.10977375764861393
185,311,0.11741869690874793
185,333,0.08582262841157795
185,359,0.10451211253554621
185,381,0.08873250047933753
185,386,0.10427688905794426
185,419,0.09977853814367113
185,423,0.10972810329037795
185,503,0.10529828325675293
185,508,0.11969187403716157
189,24,0.10126619045239689
189,36,0.10796543223827959
189,46,0.09914919542298893
189,49,0.06357601832459248
189,60,0.09756701590075934
189,63,0.052505930418212284
189,71,0.09682115241548321
189,81,0.09976590007861168
189,131,0.06856797645062103
189,134,0.10383280558799456
189,136,0.050322511397862466
189,156,0.06882230578779307
189,170,0.09955354170425143
189,179,0.10411867444579727
189,180,0.050685114998942175
189,204,0.06338665911516805
189,207,0.10819579887424152
189,224,0.07653394265222808
189,226,0.06516313956815648
189,237,0.06292724443619424
189,238,0.0933526179650785
189,243,0.08544465773410136
189,246,0.07157677612057313
189,248,0.06814015681428125
189,250,0.10276017780242191
189,279,0.08879748088401038
189,281,0.06186527876522957
189,284,0.09503673792493846
189,285,0.05710680774992691
189,323,0.06527561479640255
189,331,0.06631005720024559
189,356,0.08330459863481277
189,379,0.10653785724174991
189,396,0.08046277046574483
189,436,0.10163812090576524
189,455,0.09924538272773997
189,462,0.08553952322970428
189,467,0.1025827774218373
189,468,0.05840171757970552
189,470,0.06606137177313794
189,480,0.11227178738883571
189,486,0.11196469412617785
189,499,0.10138436002067024
189,513,0.10439913944341436
189,514,0.09519809571126737
189,519,0.055838702240691006
189,528,0.09453467312154913
189,530,0.03957543631728634
352,25,0.14365216680855927
352,30,0.13415101930844753
352,38,0.14937283233533577
352,86,0.13167404885224715
352,90,0.15869536322952493
352,122,0.1401709337905694
352,124,0.14251183501958442
352,172,0.08505891628005963
352,184,0.14320929748627056
352,220,0.11868060765987663
352,233,0.14572158957356054
352,249,0.1324501202063178
352,263,0.1341261536627008
352,269,0.1320082935868966
352,287,0.11773304227326235
352,306,0.11967090302385978
352,358,0.0844415536021233
352,370,0.12765592361639963
352,423,0.12117573339190485
352,464,0.12767890811245158
352,465,0.11015411739641685
352,503,0.13556594967679997
352,515,0.14004122518448175
352,524,0.12012788045342783
453,14,0.11676883506176233
453,67,0.13635654484640433
453,79,0.12039982408970948
453,80,0.09871872331364145
453,94,0.1229053985383368
453,113,0.07937394005975128
453,142,0.1400039746105722
453,167,0.07288942183297205
453,181,0.09500354667705145
453,190,0.08009965913848632
453,192,0.15631599509354174
453,198,0.14608455425461658
453,213,0.12936928325330177
453,215,0.1344974770461212
453,218,0.1466753985210233
453,225,0.13994825077206638
453,228,0.12499240348598158
453,259,0.10722739716099902
453,273,0.07075137900519858
453,310,0.13390593026679487
453,340,0.1111312029160071
453,346,0.13887959014880163
453,364,0.04627205501654677
453,374,0.12008990471001979
453,387,0.13452929066600866
453,410,0.12368715895556964
453,431,0.12040809766245605
453,434,0.12097743180413624
453,438,0.11287896158061599
453,452,0.04816062033184669
453,463,0.08783543772149582
453,472,0.10236347269943219
453,488,0.08387375535650342
453,491,0.16501977829193834
453,497,0.17030804142819084
480,15,0.12188555760339778
480,18,0.11518614973479735
480,24,0.10409524345474569
480,33,0.13125831197601612
480,36,0.10263176281949914
480,46,0.1061829669718335
480,57,0.10094404728662482
480,58,0.11262560908900023
480,60,0.09705884734920359
480,62,0.10969409274682278
480,71,0.09051016112428134
480,73,0.12477588690051407
480,93,0.12497714595744969
480,124,0.1255420955707387
480,130,0.1231756571496053
480,147,0.12012160663812348
480,150,0.1284759279656275
480,170,0.088178612265096
480,179,0.15430130315227578
480,189,0.11227178738883571
480,194,0.1376112952059552
480,195,0.11099007571456213
480,207,0.13357571427399323
480,210,0.07944677787268012
480,219,0.10560033470557609
480,230,0.12263424607166015
480,243,0.08135668629825589
480,253,0.12930972187495457
480,274,0.1268930382271506
480,289,0.11134718838210331
480,290,0.11349810749097707
480,296,0.10149346265826086
480,311,0.11882024688940919
480,332,0.12621606746991124
480,355,0.11592561558102976
480,356,0.0713317759299147
480,359,0.1439052286389496
480,370,0.1371033671445168
480,376,0.0956032419797481
480,379,0.1350948662522441
480,395,0.10715421694448231
480,406,0.1089348957070556
480,426,0.10166872866109201
480,427,0.12278318418166924
480,436,0.11920928657521236
480,462,0.08477708931155793
480,464,0.13797301696978806
480,467,0.10404951507453379
480,499,0.1277344386837954
480,512,0.12647741268036797
480,514,0.12362220358380455
480,517,0.11131602694906524
480,528,0.0962806544741113
491,14,0.14408087464288813
491,67,0.16275633537094503
491,79,0.1550408516639053
491,94,0.1364133241628495
491,108,0.143027616603932
491,113,0.07326700243757107
491,126,0.14750989672893033
491,142,0.20737294963860395
491,167,0.07425371078008271
491,181,0.10269539055758686
491,190,0.07958160256652035
491,192,0.20373474444000036
491,198,0.19995754226147888
491,201,0.14783377392947425
491,213,0.164232194080731
491,215,0.1361333926557798
491,218,0.1737673460590235
491,225,0.20147091358177865
491,228,0.14136070861445546
491,300,0.1500354858258211
491,303,0.1200843970711071
491,310,0.1855134044952974
491,340,0.09950828248860984
491,346,0.16042441020546477
491,387,0.18940636533729535
491,410,0.16494915560759052
491,431,0.10022809572250987
491,434,0.12679856365288783
491,438,0.11283023131910021
491,453,0.16501977829193834
491,463,0.08678426160042048
491,472,0.09741161664354207
491,488,0.07854904291386992
491,497,0.23576031783923895
491,504,0.14506518394744555
516,9,0.04766568086516621
516,12,0.061220714683895526
516,13,0.05806441223284587
516,29,0.07720312344144287
516,41,0.05377656864997937
516,46,0.09445361353946996
516,68,0.08658418368818586
516,81,0.10185790512483724
516,84,0.0684706334923027
516,85,0.06003927757172397
516,118,0.07040046372297376
516,125,0.07706449475716279
516,134,0.10489730278709947
516,138,0.10202212052408613
516,140,0.09660350262482352
516,146,0.09416428696895264
516,155,0.09408485315752708
516,157,0.07582281470664046
516,175,0.0717037459061447
516,176,0.04737032807979318
516,186,0.06930131328769684
516,191,0.0544604246655679
516,206,0.05247747957239189
516,216,0.08258666347555793
516,227,0.04918892516422015
516,235,0.08585081730974553
516,237,0.0646309087540412
516,238,0.09887278884202189
516,246,0.0670462961209787
516,248,0.06846547109804436
516,250,0.0950995006376664
516,257,0.05185947018505516
516,271,0.061606181812477824
516,282,0.050566262275947765
516,283,0.10309515113198957
516,295,0.06798686535570984
516,299,0.06619702365997833
516,305,0.11064923718296373
516,309,0.09387107338434986
516,320,0.06007393032018494
516,322,0.05545797360874331
516,323,0.06566542799763687
516,327,0.09741834460701451
516,335,0.07138034429463819
516,339,0.09677538401608664
516,341,0.09967717107298686
516,353,0.06671975485626863
516,356,0.07445501347509086
516,362,0.03857222072023347
516,363,0.06343809991118166
516,375,0.07503097367475806
516,391,0.09548361350949743
516,393,0.07819259770347603
516,396,0.0750717049762957
516,397,0.0855512971058003
516,421,0.07847566735865658
516,422,0.08029613148808835
516,424,0.10690196298530763
516,435,0.05491658873514859
516,444,0.08164464322935595
516,460,0.09413200148290117
516,466,0.06081717399137336
516,470,0.0658695132355767
516,475,0.06996074929982897
516,481,0.056624104674472236
516,486,0.11432028811014358
516,506,0.05214516323972867
516,513,0.099096418568386
516,525,0.06102032412593545
124,25,0.11712798466043885
124,30,0.1271468921859547
124,38,0.16818882269434055
124,58,0.11671546820598049
124,73,0.1504154928150036
124,86,0.1325915048016746
124,90,0.1443918465383146
124,122,0.13227403080251363
124,130,0.12522165382495604
124,146,0.11894748250823992
124,150,0.12224015519624504
124,163,0.11872275728202124
124,179,0.15972936390150644
124,184,0.13806005128440235
124,185,0.10642154676767607
124,194,0.13234319430580024
124,208,0.10528672190443536
124,217,0.13760538639565606
124,220,0.12090427031606434
124,233,0.176885663972393
124,249,0.1407207402668508
124,263,0.1347760672685572
124,269,0.12599490455091916
124,287,0.13638172060999323
124,289,0.1004816401210941
124,294,0.1124495036799922
124,306,0.15536557535318596
124,329,0.1292151968623115
124,332,0.11971586404087732
124,339,0.11411060945401677
124,352,0.14251183501958442
124,355,0.13588937414809996
124,358,0.08947723672965452
124,359,0.1418965105106399
124,370,0.14014071772558034
124,376,0.09618703482307821
124,379,0.13250301341739493
124,386,0.14758434332680687
124,418,0.145898377959716
124,423,0.13738683779926034
124,427,0.14765835031841454
124,451,0.09619099947294411
124,464,0.13358065066599245
124,477,0.14938742410015143
124,480,0.1255420955707387
124,503,0.1560404143481047
124,508,0.12766403726080738
124,515,0.1546053079243236
124,524,0.1436810835155869
194,33,0.12689202243533493
194,38,0.1368880049657211
194,52,0.11420449922382739
194,124,0.13234319430580024
194,130,0.14198810773117357
194,144,0.06074018026104973
194,147,0.12234670448435603
194,150,0.12397233937970419
194,172,0.08436865543915575
194,177,0.09784072225778694
194,179,0.1415824208898383
194,185,0.10620906118314696
194,207,0.13095836566350041
194,217,0.1261815587670152
194,219,0.1004167077378939
194,233,0.13124644701131408
194,236,0.12051924002542959
194,287,0.12222552601405984
194,289,0.10304966565068349
194,290,0.1083603314766324
194,306,0.13835696056198082
194,308,0.1116765915305203
194,339,0.11147074618389222
194,355,0.11168680588157821
194,367,0.10879447640146302
194,370,0.1256355850363969
194,376,0.10321522089011931
194,378,0.11002608254211274
194,379,0.12730339658605017
194,381,0.0920951460191896
194,401,0.09362181608852459
194,419,0.09763139255292563
194,423,0.14584870241749612
194,436,0.1175950543984754
194,440,0.14067433331053023
194,441,0.11896328731322815
194,455,0.09710606537269507
194,462,0.08506146399084559
194,464,0.12556854306099854
194,477,0.12300661408914153
194,480,0.1376112952059552
194,499,0.10618222343417355
194,503,0.12803739909585976
194,508,0.1169524935956723
194,514,0.11921928357479152
194,517,0.10262864837384822
359,15,0.12715760506650142
359,18,0.12336668148616287
359,24,0.09347390740799495
359,30,0.1355072990788109
359,32,0.12178358708503695
359,33,0.1390301471609554
359,36,0.09091899877756626
359,38,0.1377116486059289
359,57,0.09858794978035325
359,58,0.12250609213608671
359,60,0.09723931784618604
359,62,0.11029209114312735
359,73,0.1296541439196074
359,74,0.14721812569851786
359,93,0.14854368448706434
359,118,0.0689923630930658
359,122,0.12749021736220306
359,124,0.1418965105106399
359,130,0.12507065700230965
359,137,0.10128731417172508
359,146,0.11317635110271815
359,147,0.13001791157495285
359,150,0.1402074782942519
359,166,0.10303609443561106
359,171,0.13243960216815473
359,174,0.1382391922375613
359,179,0.14923500264753492
359,185,0.10451211253554621
359,195,0.11563760347689202
359,207,0.12782851839776518
359,220,0.11721687345763607
359,233,0.13476671332648762
359,236,0.1101919849096381
359,253,0.14841762408932502
359,254,0.1063709171602824
359,274,0.11707337721268156
359,287,0.11672507616548336
359,289,0.10878182821222004
359,294,0.1358774858456278
359,306,0.139158829556867
359,311,0.14065442888657867
359,332,0.148124433200958
359,367,0.10699187734479602
359,370,0.157354715020405
359,378,0.11132416765845206
359,379,0.12278676382641583
359,395,0.11616828780492736
359,426,0.10282954417796568
359,427,0.1381682308493638
359,436,0.11916943232879372
359,440,0.15927676460104542
359,459,0.09715287634025309
359,464,0.1504015069372187
359,474,0.08856138313263319
359,480,0.1439052286389496
359,482,0.08106954581094125
359,499,0.11904022965370639
359,503,0.1315565291703306
359,512,0.15176203463133636
359,514,0.11950598935848314
359,523,0.08093793073529344
359,528,0.09700299125493678
408,3,0.09305237227727299
408,13,0.05491874559882481
408,25,0.09093713604969553
408,37,0.09503374216177804
408,39,0.10520222315011483
408,63,0.055546123981066536
408,68,0.08232688657540783
408,72,0.09860330418570049
408,100,0.08869640023705017
408,109,0.0864422796375137
408,140,0.0890759223453992
408,154,0.06615371961947526
408,163,0.09228767211531243
408,196,0.10201670558144164
408,206,0.05163897070805043
408,248,0.0649309889340229
408,252,0.08040784378261578
408,262,0.054211376117589825
408,274,0.08769956021864003
408,275,0.053322230910955976
408,283,0.08663308469011798
408,302,0.06328758078103894
408,314,0.04409796807458995
408,333,0.07924731870089921
408,335,0.06838829940831441
408,339,0.0888707321055589
408,391,0.09625460366210142
408,417,0.08701950908501908
408,419,0.09655184999429416
408,432,0.08007876055540701
408,445,0.0662722658856388
408,448,0.08785826406719142
408,485,0.08384135758001542
408,495,0.09553610107628388
408,513,0.09114869967435521
408,518,0.09297700162133063
243,36,0.08765796934551275
243,46,0.09696156199894268
243,60,0.08196968358700482
243,62,0.08124154319583367
243,82,0.052793479004677284
243,84,0.06037377427883583
243,164,0.05791120706624625
243,170,0.09034469790086376
243,189,0.08544465773410136
243,219,0.09724451735741971
243,224,0.08193397894318159
243,250,0.08203755220552804
243,284,0.08138418082340972
243,289,0.08626448943132352
243,290,0.08337896719496361
243,296,0.09512595329938535
243,409,0.06386796080115287
243,426,0.08591579268324573
243,436,0.09209142478303696
243,455,0.08134413128839707
243,467,0.08984015764466315
243,468,0.05914047897080011
243,480,0.08135668629825589
243,485,0.07686460596830821
243,513,0.08464740301537495
243,528,0.08953794076579122
243,530,0.03990265804835037
250,3,0.10705496710518324
250,30,0.10140291791805744
250,33,0.10213979751425037
250,36,0.09703841078055733
250,73,0.10195190142995424
250,93,0.1098971499757611
250,103,0.0818394720140882
250,125,0.07223329878188976
250,134,0.11142440862299306
250,136,0.05162877267411109
250,147,0.10444521040277253
250,155,0.10586796289239235
250,156,0.06227197122518379
250,164,0.05804038401368527
250,170,0.09889140734389823
250,171,0.10325613118526918
250,179,0.10326815472025411
250,189,0.10276017780242191
250,207,0.10476995283948586
250,219,0.097482054390732
250,243,0.08203755220552804
250,246,0.06684363184250335
250,258,0.07961851386744746
250,279,0.09809281488325818
250,281,0.06470177835242331
250,284,0.09350181731728602
250,308,0.10296783722805775
250,331,0.06776932352138003
250,341,0.09238791018062288
250,347,0.09385104245580822
250,375,0.07170830379907488
250,376,0.10131488328116033
250,379,0.10226661647134333
250,412,0.07025611666134134
250,415,0.06214903054678617
250,426,0.11591999133708941
250,436,0.1077134317585647
250,445,0.06753621608707988
250,455,0.11714915536869393
250,458,0.11251605321902557
250,459,0.09306005766529078
250,460,0.10296522386372157
250,467,0.09607494699181153
250,468,0.057395303232194675
250,485,0.07958081466687904
250,495,0.09341736426643137
250,513,0.11684036288397825
250,516,0.0950995006376664
250,528,0.09885888669082231
343,1,0.023372520336523425
343,5,0.04855038649333267
343,20,0.04484621470787888
343,47,0.06999888927089885
343,49,0.0679027123529086
343,85,0.06162779588852784
343,100,0.06992002468426178
343,107,0.06353992837328921
343,109,0.0622950228625918
343,116,0.0622301272521281
343,125,0.06265234112069482
343,129,0.06290831277350402
343,196,0.06761815717605342
343,210,0.0654644479980439
343,238,0.06302228406348571
343,268,0.05486539444282378
343,302,0.06517952322073164
343,309,0.06413984670052283
343,353,0.06252049920014337
343,369,0.04924719757779716
343,383,0.05546904849969312
343,391,0.06469073357268888
343,397,0.06685107646267571
343,424,0.067710186446705
343,435,0.0587272998028447
343,444,0.0667359049197252
343,465,0.06427847136283941
343,520,0.06040819978767905
343,521,0.06949593342108451
481,2,0.0675799364263837
481,5,0.04977617496584661
481,27,0.04892654916238547
481,31,0.06241175563229214
481,41,0.05367287753030467
481,85,0.057709664432294
481,89,0.05829551214977346
481,105,0.05283928016356651
481,115,0.0419269380658979
481,157,0.0580482819490076
481,176,0.04882594251179624
481,264,0.052822475726529684
481,266,0.045501209075712465
481,299,0.06401997515501567
481,305,0.057865673553718
481,309,0.05922085979286331
481,338,0.05714622676685588
481,347,0.05787698351485421
481,351,0.049342569211400414
481,353,0.06282676057502949
481,369,0.05648705350248925
481,421,0.05732599687213477
481,424,0.05841597805173924
481,435,0.058601712711467094
481,444,0.06136836811065916
481,500,0.05991443139184342
481,516,0.056624104674472236
481,521,0.05804492346914047
481,525,0.06307746242364125
481,527,0.06021086391338209
86,15,0.12028887426708096
86,33,0.1302803246590726
86,38,0.1398921155022935
86,66,0.11092581492425933
86,73,0.13778799811721962
86,90,0.15764254744016795
86,122,0.1395233212755961
86,124,0.1325915048016746
86,146,0.11275417120800954
86,147,0.12076071689482892
86,172,0.08797455410557098
86,184,0.13817663619077897
86,208,0.10966614703789115
86,217,0.13759266445448715
86,232,0.09098233656404262
86,233,0.14110773790502557
86,239,0.11534663192024505
86,249,0.13849473036794002
86,254,0.10028475885413024
86,260,0.14529201826097637
86,263,0.13893842220181513
86,269,0.13268239909294924
86,287,0.1254346129130131
86,291,0.10187058702099487
86,306,0.13110105513725315
86,311,0.12713811124644803
86,352,0.13167404885224715
86,355,0.11591449012696142
86,370,0.14701046538342122
86,378,0.12564485066005945
86,427,0.12924667098177497
86,441,0.127878649837286
86,447,0.08250112704891967
86,451,0.09643525634854477
86,464,0.13037644382861865
86,477,0.1292986256861344
86,508,0.13003191798747926
86,515,0.14971977843295864
114,68,0.04986024719490126
114,100,0.049119467389869206
114,109,0.04979176662739816
114,125,0.04966240300216237
114,156,0.04852760850585441
114,186,0.04894306082727857
114,252,0.05279876394487471
114,279,0.04731856600803014
114,360,0.031493525693774345
114,363,0.049066050283812605
114,375,0.047818679531090265
114,397,0.05031443216572167
114,422,0.05187324684008752
114,426,0.047206507867026
114,433,0.04833927287119033
114,445,0.05283631202089266
114,448,0.04843225799949261
114,466,0.05704540989517776
114,468,0.04958822836680977
114,495,0.047424340025219364
114,513,0.04716578174806691
248,5,0.05379322272246086
248,41,0.052573968590297136
248,49,0.06281053295541109
248,60,0.06327420625004927
248,101,0.041816326238026655
248,115,0.04099224010978525
248,137,0.06184749526149647
248,189,0.06814015681428125
248,206,0.05896495505328493
248,238,0.06562448189431988
248,246,0.06496210015783484
248,271,0.06280131284890089
248,275,0.052192490723543795
248,309,0.06697207688537139
248,314,0.04334016442493556
248,338,0.06206941209091403
248,356,0.06825489805379238
248,360,0.031212629259366458
248,391,0.07242135455016854
248,396,0.0646288345415614
248,408,0.0649309889340229
248,422,0.0635188323384841
248,424,0.06607762469538758
248,435,0.06043888335866486
248,458,0.06315824169954783
248,485,0.06592257776703507
248,486,0.0662410848993832
248,495,0.0701232893243579
248,516,0.06846547109804436
248,530,0.039617104068611
365,46,0.052588534435554196
365,100,0.052115899109649005
365,125,0.05509409414466526
365,138,0.052730006804234716
365,155,0.05175527211860187
365,180,0.04997138295531825
365,210,0.051752670813535566
365,226,0.05694610203927853
365,238,0.05147236994346501
365,274,0.05088462190331746
365,279,0.056875191193030236
365,296,0.05553141880500287
365,302,0.05086414229783385
365,308,0.0524118128877501
365,335,0.0608233392281988
365,396,0.05370906836864096
365,412,0.05135093620636458
365,419,0.0505913073964905
365,424,0.05184237732338506
365,426,0.05336166712878953
365,486,0.05076118228568812
467,24,0.10946764029963982
467,36,0.10108932836918572
467,57,0.10950076690153811
467,71,0.10730944857164913
467,82,0.05178711071997388
467,85,0.0586426428630995
467,93,0.09645676822887084
467,116,0.10246907910632364
467,134,0.09899963242534636
467,153,0.05558558431667135
467,164,0.059311551584453094
467,179,0.09809832470755722
467,189,0.1025827774218373
467,207,0.09670765837549311
467,216,0.0756645951678178
467,243,0.08984015764466315
467,250,0.09607494699181153
467,284,0.09964817640906898
467,308,0.09989026306957323
467,356,0.0706886344927997
467,406,0.09353773739545584
467,426,0.09366265680573212
467,440,0.0994398829925027
467,480,0.10404951507453379
467,512,0.0959514391001024
467,514,0.10609395826078857
467,523,0.07805525376033828
467,528,0.102270202311383
71,24,0.09096979506854751
71,57,0.09033356545759925
71,60,0.08366090655921796
71,62,0.08495616849204088
71,118,0.07152744599670648
71,134,0.08858595246541336
71,174,0.08760057879018653
71,179,0.08453093399623791
71,189,0.09682115241548321
71,207,0.08560865023693669
71,216,0.07542964956489659
71,284,0.08756170638578405
71,290,0.09289507727833736
71,305,0.0865093780624369
71,379,0.08313603705610347
71,436,0.08642886375706228
71,440,0.09018391079065467
71,460,0.08956103816074328
71,467,0.10730944857164913
71,480,0.09051016112428134
71,514,0.09770442258667056
71,517,0.09936695853763301
269,15,0.11826453385598747
269,25,0.11825310413650501
269,30,0.12555922371263317
269,38,0.14396202064641303
269,39,0.09017304059948755
269,73,0.1318775364347956
269,86,0.13268239909294924
269,90,0.1378381208257276
269,97,0.08766392767451367
269,122,0.16976653257085933
269,124,0.12599490455091916
269,146,0.11413573301337641
269,163,0.13225659773148085
269,171,0.12835694255073227
269,174,0.14852050777296144
269,177,0.09177097054948642
269,184,0.14268146711172536
269,208,0.11378346146686431
269,220,0.13304308070430573
269,230,0.11285018695035692
269,232,0.08959167662317202
269,233,0.12542080047701482
269,249,0.13068140722102678
269,260,0.12209993545831471
269,263,0.13396742072262147
269,291,0.09782171804996946
269,294,0.11411431870155163
269,339,0.10936564608551627
269,352,0.1320082935868966
269,357,0.09449401235232376
269,370,0.13266789761037506
269,377,0.11385554967510077
269,378,0.11570506640060342
269,381,0.08872723323432348
269,417,0.1002738416028748
269,423,0.12221255574784776
269,427,0.12492647314941366
269,441,0.11923389254286292
269,447,0.08896120298222328
269,451,0.10665393712771629
269,454,0.08749997156144781
269,457,0.08501333722879742
269,464,0.1494653225457382
269,465,0.11301906612029071
269,482,0.08598698181548448
269,494,0.1011581879119026
269,517,0.10608846393242113
306,32,0.11405694333025429
306,33,0.12713823466676047
306,38,0.16169414200044133
306,65,0.15322065270363722
306,73,0.13393466406446417
306,74,0.11840398834780796
306,80,0.10001571277498976
306,86,0.13110105513725315
306,90,0.13974074445681167
306,93,0.13153608986201723
306,124,0.15536557535318596
306,130,0.12616019879403012
306,150,0.1268260478136805
306,151,0.15058327964151005
306,161,0.1484725130057067
306,165,0.15041497188252634
306,174,0.12959304580600758
306,177,0.09249586353691704
306,185,0.10795683432502974
306,194,0.13835696056198082
306,205,0.1454549231542543
306,213,0.14995728471713823
306,217,0.2085123738678637
306,220,0.11919290497854314
306,231,0.14506390009798023
306,233,0.1483825937432738
306,253,0.12591494252191152
306,254,0.09916288653615826
306,294,0.11484745496153115
306,307,0.1368674011444364
306,332,0.13355845897328464
306,352,0.11967090302385978
306,354,0.14376398605287308
306,355,0.11813758724538267
306,359,0.139158829556867
306,367,0.10721574019720227
306,370,0.18391895055959706
306,376,0.0954956219451457
306,386,0.16100996935582723
306,413,0.1554874764623143
306,423,0.1279208945495516
306,440,0.1356773059180119
306,442,0.15054914708278072
306,451,0.10410531545224631
306,464,0.13680538108989215
306,477,0.16098304085713838
306,504,0.1430167374336344
306,505,0.14626115044844482
306,524,0.17749108438411923
233,15,0.12013732433054956
233,25,0.12120021059201164
233,30,0.13264932490772133
233,32,0.11742275608377455
233,38,0.16133009556143124
233,73,0.12922026588248475
233,76,0.09247643245527033
233,86,0.14110773790502557
233,90,0.14729450827113416
233,93,0.13633655019654353
233,97,0.08571691553292297
233,122,0.12919446408762275
233,124,0.176885663972393
233,130,0.1257940225524446
233,134,0.11495018808218035
233,150,0.12610006413549757
233,174,0.12799540640348836
233,177,0.09171533484831233
233,179,0.14543814353775372
233,184,0.15072839819973868
233,194,0.13124644701131408
233,220,0.12207791540515041
233,239,0.11486476753805706
233,249,0.1514333173845597
233,253,0.12243978547115467
233,260,0.1133721216083629
233,263,0.12694349369173472
233,269,0.12542080047701482
233,287,0.14209696547940592
233,291,0.09656658003967328
233,294,0.11925361653561056
233,306,0.1483825937432738
233,311,0.12147523023103113
233,329,0.1144030791469672
233,332,0.13555076653178916
233,345,0.10055534282457816
233,352,0.14572158957356054
233,355,0.12873422092636333
233,358,0.08676740775060132
233,359,0.13476671332648762
233,367,0.10687457101222092
233,370,0.1484598994885649
233,376,0.09494140115333187
233,379,0.13280020634365525
233,418,0.12458625494795114
233,423,0.14841890758597787
233,427,0.15114952582333094
233,440,0.14035405247234486
233,441,0.12157651114100315
233,464,0.14477744973989443
233,502,0.07778915122411319
233,503,0.1446644450268491
233,508,0.12049167278926022
233,512,0.13281809004831557
233,515,0.14886368813386683
239,29,0.07810281147328614
239,86,0.11534663192024505
239,97,0.09659631178636902
239,122,0.10990798821209684
239,134,0.11256091373502153
239,155,0.11123242906780169
239,157,0.0778843254341977
239,171,0.11283180675185475
239,179,0.11584012144644157
239,184,0.11009708418888069
239,208,0.1050962042737059
239,232,0.09062402805519941
239,233,0.11486476753805706
239,249,0.11325230359117071
239,253,0.11034014316990716
239,258,0.08569602927431066
239,283,0.11117592018190536
239,287,0.11559962034977629
239,357,0.09610684085200995
239,377,0.11549368625596691
239,379,0.11493813879730107
239,417,0.09986546529342281
239,427,0.10999857497165223
239,440,0.10773143509601263
239,441,0.10913279070587195
239,447,0.08499283939017839
239,464,0.11225304223571733
239,482,0.08192300998239709
239,512,0.10922929175290953
239,514,0.10818002938969022
251,11,0.10013972492366943
251,14,0.1038817918581247
251,61,0.1025295723358238
251,64,0.07495019740216537
251,75,0.10820386322172962
251,108,0.10414353939958089
251,112,0.11331018043547544
251,127,0.10485239189873233
251,139,0.10173249113672718
251,173,0.10069923820246676
251,182,0.10400043109990637
251,201,0.10059325717066007
251,203,0.0964079390693685
251,214,0.06471331999755157
251,215,0.10271459596024901
251,273,0.07004079227648394
251,280,0.09975616779667393
251,312,0.10756286501075152
251,313,0.07248920157449107
251,348,0.1044486361065091
251,368,0.10947167559768256
251,389,0.10674282255533017
251,414,0.09975570866409306
251,434,0.10110055422602837
251,526,0.10038196636852066
41,13,0.052922695588242086
41,29,0.053234858010828154
41,43,0.06140403260511941
41,49,0.054096351644490615
41,68,0.05682991866030802
41,77,0.0537564650635626
41,101,0.043662564852861206
41,115,0.04920268687907822
41,125,0.05436245969393371
41,145,0.041155746787123686
41,175,0.05428778774189169
41,176,0.052831754159620305
41,180,0.04921444581476069
41,248,0.052573968590297136
41,335,0.05377860328310611
41,353,0.06569099912669595
41,363,0.05369975575691484
41,424,0.05910136741315919
41,433,0.0534568381148962
41,444,0.055298328152878135
41,466,0.05976040755637943
41,481,0.05367287753030467
41,516,0.05377656864997937
41,525,0.05257756450267304
329,3,0.11955402589174496
329,58,0.1201019353090751
329,72,0.09972826787382129
329,73,0.11719155021751433
329,81,0.09897348832534875
329,124,0.1292151968623115
329,131,0.06124688002685199
329,140,0.10209445341831566
329,146,0.10827618562487593
329,163,0.11764416872088981
329,179,0.11818803865697312
329,184,0.10694230463590156
329,208,0.1019517601156689
329,220,0.11223646295286129
329,233,0.1144030791469672
329,249,0.1163590692083242
329,263,0.10700741316005621
329,283,0.10731380830775288
329,287,0.11442923255318818
329,324,0.09011083340602595
329,358,0.09337206924502846
329,379,0.11511825868155551
329,417,0.11712800032477651
329,418,0.14401519172644758
329,423,0.10974587752313593
329,427,0.14066484377277155
329,503,0.11370006330046352
329,518,0.09198595770051302
415,68,0.06353236799707038
415,103,0.06295319298595671
415,125,0.06326475108575515
415,137,0.06602414552820715
415,250,0.06214903054678617
415,266,0.04414261431181857
415,327,0.0653925183831544
415,331,0.06208970710188123
415,341,0.06112652705056663
415,347,0.06496095141659457
415,404,0.06387765576166377
415,411,0.0618423077550466
415,424,0.0693456202852341
415,426,0.06082269128115211
415,429,0.044753221079674194
415,432,0.06045112520529366
415,444,0.06651531339136797
415,447,0.05925505927526128
415,457,0.059660718694880474
415,470,0.06627040085127739
415,495,0.06010200558074319
415,525,0.06049958436452846
461,53,0.09709038415238518
461,64,0.06280564755380075
461,120,0.10732842770286531
461,123,0.09950602923505938
461,141,0.0771444691354966
461,149,0.09086669376461705
461,158,0.11418392034745996
461,211,0.07579855630395578
461,229,0.09221639882103241
461,245,0.10575813185837381
461,261,0.0758288890788169
461,265,0.10815867444962476
461,288,0.09394186010443009
461,298,0.12125095002408741
461,304,0.09619064220313103
461,316,0.07907133357148906
461,328,0.08724431577902501
461,371,0.09769133839312151
461,373,0.07387781117607962
461,382,0.10002747944769405
461,385,0.09422314586518284
461,388,0.09513607555808003
461,390,0.09345481222745962
461,394,0.09437030027739426
461,443,0.07755712781636269
461,479,0.09392625734730028
461,484,0.10313702953784082
461,490,0.092699226129513
461,510,0.07246431309113172
461,529,0.10906828380630454
485,3,0.07677025494269131
485,46,0.09196391944091063
485,60,0.07820270209140989
485,63,0.05594003526133306
485,81,0.08361104480777687
485,105,0.05287480465579808
485,137,0.07680920417302672
485,140,0.08270720742278327
485,143,0.061127173196503425
485,154,0.07454879386362265
485,170,0.08662813308808515
485,204,0.06251125056778983
485,226,0.06146719475535384
485,237,0.06371561207005103
485,243,0.07686460596830821
485,248,0.06592257776703507
485,250,0.07958081466687904
485,274,0.07639783786960298
485,296,0.07556090235874285
485,339,0.07806519388327479
485,360,0.030017142775282037
485,383,0.05274471201797579
485,391,0.08173284553319227
485,408,0.08384135758001542
485,416,0.07646480258423005
485,419,0.0767656337518783
485,455,0.0818913647156474
485,458,0.078134096635286
485,495,0.0847525212444131
485,513,0.09225589023918225
485,519,0.0565629547981019
125,5,0.048873375976292946
125,13,0.05890982122259851
125,20,0.04921982930104306
125,35,0.0655756281105468
125,41,0.05436245969393371
125,43,0.052755778662969766
125,46,0.07303655540095433
125,47,0.06040181755578361
125,49,0.06469115956905776
125,68,0.07089370720267793
125,81,0.07100610921088125
125,84,0.0649352214495681
125,100,0.07112691977686302
125,101,0.04269167038116861
125,103,0.07812638212243767
125,114,0.04966240300216237
125,145,0.04442211363256537
125,175,0.06716018567622539
125,176,0.05111839739037523
125,180,0.05231758435563258
125,202,0.03737380855608566
125,216,0.07122535211621239
125,227,0.05157685113518467
125,238,0.07070687019738492
125,250,0.07223329878188976
125,266,0.05072265755221674
125,282,0.04911008751122174
125,284,0.07325582936730693
125,323,0.06186098717265446
125,331,0.06932575842460716
125,335,0.0798159682669483
125,341,0.07956428847793151
125,343,0.06265234112069482
125,347,0.07206988810616997
125,360,0.03204035030530785
125,363,0.06546664233898537
125,365,0.05509409414466526
125,375,0.07168367792571963
125,397,0.07556588046091198
125,411,0.07478497465124968
125,415,0.06326475108575515
125,422,0.07220484008014603
125,424,0.07563674126661964
125,426,0.07197019540421767
125,433,0.06953621043542109
125,435,0.05566490752402634
125,466,0.06450888036743933
125,513,0.07124695645188957
125,516,0.07706449475716279
223,12,0.06315013365357838
223,35,0.05999258954115525
223,47,0.06530168382565872
223,116,0.07805890210199908
223,134,0.07790556820163212
223,166,0.0748657606538318
223,186,0.07232236586227915
223,187,0.07259831530454212
223,188,0.0568369802997067
223,236,0.07695540624602956
223,267,0.05161676849451756
223,282,0.05508442728535201
223,283,0.07354886992751758
223,299,0.0670780715638589
223,305,0.08022534832743229
223,309,0.0742871198920139
223,327,0.08401811191185565
223,347,0.07793461901747606
223,357,0.07326551277550047
223,367,0.08203595064335026
223,393,0.07542336585898453
223,395,0.0743920592194952
223,397,0.07331536720845273
223,400,0.07486787355545509
223,406,0.078995195324066
223,411,0.07666366774071143
223,436,0.07554725116438081
223,469,0.05855167937238536
223,514,0.0765583979990542
223,521,0.0749705298223274
223,527,0.07253937300519776
256,12,0.056880319121112424
256,27,0.042066824713281235
256,31,0.05540416267034067
256,85,0.05136511061641572
256,89,0.053795245507656055
256,187,0.05246467866126166
256,188,0.06128675549185853
256,232,0.0540242262080261
256,264,0.05060293224050712
256,266,0.04912551718733814
256,305,0.0518427045623291
256,327,0.050922255339933116
256,338,0.05065573215244191
256,367,0.05424999370046753
256,369,0.049066150210216694
256,393,0.05301685136751705
256,411,0.05063760806981414
256,421,0.052033412595231976
256,429,0.045809872610813006
256,469,0.05079529765195179
256,502,0.05604461450042118
256,521,0.054109435659666485
256,523,0.05097739690368675
256,527,0.05183243299116993
268,29,0.05460763392286257
268,54,0.05522938471612899
268,107,0.054617920511624535
268,116,0.05390147880525344
268,129,0.056292613586054155
268,138,0.05405800266427886
268,140,0.054700757463507284
268,166,0.05621153298653685
268,186,0.06333801551811852
268,208,0.055789686210283546
268,210,0.055106759395455056
268,230,0.055414228511426966
268,235,0.059251297276997926
268,309,0.05859401979855711
268,343,0.05486539444282378
268,369,0.05003103089488675
268,397,0.058494450469103274
268,421,0.0698153523454847
268,424,0.054225427739682995
268,445,0.06606080799796855
268,521,0.0589817517254899
443,11,0.07071695955208789
443,53,0.07191380308248212
443,120,0.07304637384790827
443,178,0.042784641598312384
443,221,0.06930645210562604
443,229,0.07308075833442898
443,261,0.07070131896392441
443,265,0.07579049005912322
443,272,0.07808293340792591
443,292,0.07155576038152558
443,298,0.06883757618976023
443,304,0.07322959179723844
443,394,0.07295247386396253
443,405,0.06926037003262335
443,414,0.06979742678489742
443,447,0.07088680543416809
443,449,0.07281337404596641
443,454,0.07332795181279357
443,461,0.07755712781636269
443,484,0.0731906980212451
443,510,0.07445788182382856
146,3,0.11344101875727543
146,30,0.1206372861834885
146,33,0.11169219695444413
146,39,0.09337250614388615
146,58,0.11335035088737744
146,72,0.09947691513377356
146,73,0.12740725834476105
146,81,0.10585391969811771
146,86,0.11275417120800954
146,100,0.08625529325766437
146,103,0.07921402587711297
146,122,0.13867809296757405
146,124,0.11894748250823992
146,129,0.07918050650895951
146,138,0.10701316803720859
146,140,0.10538571801338832
146,150,0.12143650879165178
146,155,0.13682684954081045
146,163,0.11468706905165645
146,166,0.09819708680305397
146,177,0.09458959396911915
146,179,0.1245822628107899
146,207,0.11154219884843927
146,208,0.11078077072616217
146,220,0.1266832789841807
146,230,0.11712771123218325
146,232,0.0911133437309655
146,269,0.11413573301337641
146,283,0.11951094790535978
146,308,0.10951797786668745
146,324,0.09838224780396959
146,329,0.10827618562487593
146,341,0.09306867430455901
146,357,0.0943268513951443
146,359,0.11317635110271815
146,375,0.07231904164816605
146,393,0.08734794138338756
146,416,0.08041786326336073
146,419,0.09927090725083532
146,426,0.10364382376825089
146,441,0.11488997891329245
146,447,0.08341267840504851
146,448,0.08207335087530687
146,451,0.09490298047278241
146,458,0.09194426640451539
146,471,0.07071707447777607
146,486,0.10244339238118864
146,503,0.11589786920238122
146,516,0.09416428696895264
304,8,0.14370237606557135
304,11,0.126539280711372
304,19,0.14508795433063537
304,21,0.1383950412108229
304,53,0.1408263076761394
304,59,0.14300598964104352
304,61,0.14179563842139592
304,69,0.1037879764420366
304,87,0.14877251110135128
304,96,0.1402936565285902
304,104,0.14971390161327675
304,112,0.1654359327648701
304,120,0.14280570426328273
304,123,0.11633095972031357
304,159,0.1290213215259373
304,160,0.13612285150873485
304,221,0.1418070777541745
304,229,0.11645686826554065
304,242,0.09945994884417982
304,244,0.1758929522982056
304,245,0.13491954986705162
304,247,0.10397432524297018
304,265,0.08463565040546456
304,272,0.10494562863842974
304,280,0.151482139544943
304,292,0.14731914336304464
304,297,0.10054968936810878
304,298,0.09378819496996917
304,330,0.11027085588787648
304,336,0.13523001572593385
304,371,0.1528118904685913
304,372,0.1464875002523506
304,385,0.10699528666722045
304,388,0.09500505270965848
304,390,0.10196933662028183
304,394,0.13995451820768343
304,405,0.10649785508101854
304,414,0.1615709646928059
304,420,0.15857800921543957
304,428,0.15011280937038865
304,443,0.07322959179723844
304,461,0.09619064220313103
304,479,0.1507214118220763
304,484,0.11800388834404311
439,28,0.16077155586450445
439,34,0.1903983111195457
439,45,0.15183218407137145
439,48,0.17941264210205055
439,55,0.12287523662751842
439,61,0.1636852549774286
439,80,0.09945181383586395
439,96,0.1744597440846047
439,119,0.14384112031329685
439,152,0.09877715530474404
439,161,0.16811463746422728
439,162,0.1335309966415471
439,201,0.15631377991157647
439,212,0.14922558005669892
439,240,0.1649517930806577
439,277,0.16869113636111313
439,278,0.1599298440391462
439,280,0.17112606915592912
439,319,0.170494948155581
439,337,0.2126636394483259
439,380,0.1727419698345958
439,384,0.14174314477747335
439,398,0.16470834011184698
439,414,0.1592500682598941
439,425,0.15602482974751367
439,430,0.1549847731341167
439,437,0.17120010797109725
439,473,0.16830261337622507
439,479,0.15030054449980873
439,489,0.13117720819713327
439,505,0.17582002994591814
439,511,0.17672054320563557
101,41,0.043662564852861206
101,57,0.040938269683157766
101,84,0.043869818048448896
101,109,0.044516805799574025
101,125,0.04269167038116861
101,154,0.04129456087021647
101,157,0.04032933605603933
101,206,0.04556315586568737
101,216,0.043255586251796055
101,248,0.041816326238026655
101,271,0.044272103546576916
101,302,0.041503177886522455
101,341,0.04180652806127556
101,353,0.041407176125456045
101,363,0.0417727053292456
101,396,0.04146366711350341
101,397,0.04274614712811011
101,402,0.04040136830983928
101,412,0.0409451019290684
101,523,0.04021427362979628
171,51,0.06488673624830572
171,57,0.10561371675002887
171,66,0.11448919401096423
171,73,0.1348527773694868
171,89,0.08450412557869491
171,93,0.1326349128529632
171,97,0.08893613437379823
171,103,0.07975810430747145
171,116,0.10888872089218177
171,122,0.12231779829282471
171,134,0.13354110468057698
171,137,0.11329127719050379
171,140,0.10650190725172655
171,147,0.12506000745978046
171,157,0.07673002137500938
171,163,0.1258105376755221
171,174,0.14136075587642255
171,184,0.12704198742746187
171,208,0.10563394271362568
171,222,0.12208883594419268
171,232,0.09083438244527246
171,236,0.11558716749209472
171,239,0.11283180675185475
171,250,0.10325613118526918
171,254,0.10129774886986159
171,269,0.12835694255073227
171,271,0.060934985163591894
171,283,0.11536673978861528
171,291,0.10022544719948095
171,305,0.10698017429979848
171,327,0.0987455853995282
171,339,0.10991735186079954
171,345,0.09785253917899858
171,347,0.10302458834748494
171,357,0.09473954062524635
171,359,0.13243960216815473
171,370,0.12516386498323115
171,377,0.12355576527386834
171,378,0.1135234114295276
171,379,0.12358943692248871
171,400,0.09664046857237464
171,402,0.06742985961065671
171,411,0.09672230988346732
171,426,0.1013352360080191
171,427,0.13682107854794162
171,440,0.1313898934238456
171,454,0.09015009630309655
171,458,0.09628872209686304
171,459,0.10827073343240673
171,460,0.12601777795709732
171,464,0.13550968022657542
171,465,0.11617787979036893
171,486,0.10420716114347323
171,494,0.1284090378003897
171,503,0.12873049292189506
171,512,0.14894258882666012
171,514,0.12227179783699178
171,517,0.1075206513160512
317,34,0.10991857721084444
317,83,0.11258445689341974
317,87,0.10722096821526722
317,92,0.07898689358328724
317,121,0.11041726446519974
317,133,0.10819936163527348
317,197,0.11158072386274084
317,200,0.1112155530275389
317,234,0.11409141521988082
317,276,0.08076971815286586
317,278,0.11047920793325766
317,336,0.10754430311713667
317,337,0.11291912765981196
317,366,0.133574217145056
317,389,0.11210164019154102
317,407,0.11002091398028571
317,420,0.10644024501679673
317,425,0.10548923190997479
317,450,0.10742033435289441
317,456,0.11259560327181135
317,483,0.10469097665188272
317,511,0.1073745567550531
470,20,0.0455197993541399
470,23,0.0647570394240026
470,29,0.06620244658367719
470,77,0.06662530139905014
470,103,0.07208482998907
470,107,0.06688257156126354
470,116,0.06507186458552912
470,137,0.08024274610624872
470,155,0.06701616942166952
470,189,0.06606137177313794
470,195,0.06484738292379698
470,255,0.06197027072935476
470,275,0.05868856950277509
470,284,0.0681824953211524
470,297,0.06894018274273714
470,320,0.06311158645115095
470,396,0.0734705623636497
470,415,0.06627040085127739
470,447,0.06549226226142116
470,454,0.06888087418270113
470,474,0.07171347481795634
470,486,0.07296192955293895
470,516,0.0658695132355767
470,519,0.0572184080967199
470,523,0.06530841341832808
42,17,0.09353586563167646
42,44,0.12297933343659202
42,50,0.13209888322385474
42,61,0.11667345614917701
42,78,0.08871184367014064
42,87,0.13581644609007973
42,92,0.07638843664544583
42,111,0.12725081588954376
42,123,0.11488460813814293
42,141,0.07461657935956928
42,158,0.0981087982472756
42,182,0.1324227843235986
42,234,0.12261576016270376
42,240,0.11768141786198454
42,244,0.11534287225805899
42,245,0.11790028336004423
42,297,0.1042512694725256
42,336,0.11535689454552035
42,361,0.056055362913600935
42,373,0.06467414355295288
42,382,0.09430174889778313
42,388,0.09239905800357961
42,390,0.09781720009252066
42,392,0.11972874600145723
42,407,0.12467959404302065
42,420,0.12031169323168339
42,425,0.12133386315910856
42,428,0.12368870816229231
42,456,0.12591172728568492
42,478,0.1198372715580149
42,492,0.11879595787616648
42,526,0.1273621234645148
252,3,0.08082879766699373
252,37,0.07481578654514418
252,39,0.08023189819862757
252,46,0.07508783957942881
252,68,0.07975930539849042
252,72,0.07707093725589206
252,109,0.07493071707457773
252,114,0.05279876394487471
252,138,0.08813371794222863
252,154,0.0662533510772613
252,163,0.07489288907083215
252,175,0.06498918362866618
252,196,0.07685447810851866
252,206,0.0546258773090785
252,257,0.05307294097708707
252,283,0.08001504888693009
252,302,0.06400841179359974
252,333,0.07862276151138921
252,341,0.0762488437985709
252,375,0.07993625830216088
252,391,0.07745841873141752
252,408,0.08040784378261578
252,422,0.07459070634874711
252,448,0.07512523522107481
252,466,0.06475321829656126
252,495,0.07791051945406066
252,513,0.07696237000565892
308,15,0.10915313982232937
308,24,0.09215645439219859
308,30,0.10991379097172327
308,32,0.10949564610794106
308,33,0.1235901653666728
308,36,0.0925254097755363
308,46,0.10251426120111644
308,52,0.09356057750337218
308,57,0.09904484464460518
308,77,0.06722254205693014
308,93,0.11322479823265164
308,130,0.1437432896982782
308,138,0.09651242383288998
308,146,0.10951797786668745
308,147,0.11049662069420037
308,150,0.11631357422821573
308,155,0.11720696203827957
308,164,0.05937511308284606
308,170,0.0873698455061128
308,179,0.11615025817814921
308,185,0.10977375764861393
308,194,0.1116765915305203
308,207,0.11038888944664775
308,236,0.11029126078957355
308,250,0.10296783722805775
308,279,0.08927596919231147
308,281,0.06182082617228434
308,290,0.10499377636567367
308,296,0.11365758295256846
308,333,0.0840835786456549
308,365,0.0524118128877501
308,370,0.10903509667741669
308,375,0.07077860050591524
308,412,0.07113093789010638
308,426,0.12198924831659558
308,440,0.11623652070164615
308,455,0.09932860795545499
308,467,0.09989026306957323
308,502,0.0785327286026701
308,503,0.11298325660942163
308,528,0.09715011662528647
446,1,0.023411836520341907
446,21,0.10130643609067204
446,23,0.06955342107010995
446,51,0.06493199366648478
446,53,0.09035933256701913
446,76,0.08708623547819856
446,87,0.08706921546836831
446,120,0.09164671949935302
446,133,0.09072526759445043
446,135,0.0736734042000884
446,141,0.0823904590699591
446,159,0.09611369153832454
446,169,0.05014277204478914
446,255,0.0629728134924346
446,272,0.0871080539580166
446,297,0.09237424568002961
446,316,0.07813499135525663
446,328,0.0892806781542689
446,371,0.08993578853191522
446,372,0.08806951665049134
446,384,0.09074987351920309
446,389,0.09650010508447694
446,394,0.09179361706204114
446,399,0.06843075421299226
446,404,0.06480046401949884
446,420,0.08963259979966491
446,474,0.08811115378537303
446,478,0.08835589645195303
446,490,0.09525680619125047
446,526,0.08952933365343314
91,19,0.15093215628457246
91,28,0.1519301900130539
91,48,0.15687339769765132
91,108,0.1712877299153321
91,110,0.1680336407861288
91,112,0.15014046578622794
91,120,0.12267486978730188
91,126,0.15116842861543017
91,139,0.1503349179309467
91,165,0.16890657697451686
91,173,0.15978618663486024
91,201,0.16415581921391983
91,277,0.16906500276068573
91,278,0.14994428700374146
91,280,0.15256834964006122
91,326,0.1462569623771148
91,337,0.14992262501707385
91,414,0.1578575195600103
91,430,0.1495473485937799
91,437,0.15475386437777897
91,449,0.11200567036204456
91,473,0.1690962356138627
91,501,0.1455389845853032
91,505,0.16152692510063626
406,2,0.0635951715286345
406,15,0.10710878679637892
406,23,0.06737652322589531
406,24,0.09340504486064898
406,29,0.08395466170273556
406,31,0.0642885964364083
406,52,0.09595247865970516
406,57,0.10417599753823108
406,66,0.1270066884404835
406,82,0.05097933134836772
406,85,0.06163515797846621
406,89,0.0830507879628724
406,107,0.07112672114745212
406,116,0.1098495210475299
406,128,0.08393688962094877
406,134,0.11082573725160957
406,136,0.04989902838700945
406,138,0.0979395365850705
406,153,0.05865686402931824
406,157,0.08002454508803941
406,166,0.10692288749312402
406,187,0.07348108198320959
406,210,0.078686220316659
406,222,0.11607363110522229
406,223,0.078995195324066
406,235,0.09448417385365737
406,236,0.1159162547651046
406,246,0.06470553672502163
406,271,0.06101877992893378
406,284,0.09208437387872102
406,285,0.06305893972795382
406,286,0.06367330611371741
406,290,0.10473223337241302
406,299,0.06751524886814303
406,305,0.12286737318656607
406,309,0.08094405064627398
406,327,0.09851037576898497
406,332,0.11347384166741344
406,338,0.07983017424608951
406,357,0.11508149865720713
406,367,0.10863617061568347
406,377,0.12589563251008912
406,381,0.08758552602200917
406,395,0.11414500623139674
406,400,0.09773360679523542
406,411,0.0956687498188263
406,440,0.11412352612542377
406,441,0.10770514106996719
406,460,0.11455317493162648
406,462,0.09312809166173631
406,464,0.10825842547195494
406,467,0.09353773739545584
406,475,0.0699578973539429
406,480,0.1089348957070556
406,482,0.08039664919181239
406,486,0.10655662679800583
406,494,0.10102318634555887
406,512,0.10924384545881935
406,514,0.13492060317366325
406,517,0.1028189842232057
406,521,0.09939455923380973
406,527,0.07690454545513685
430,17,0.09511642705980448
430,34,0.1410727343981958
430,48,0.14518612543023277
430,59,0.1634606791813192
430,61,0.1519238146318149
430,91,0.1495473485937799
430,133,0.14067510156272167
430,152,0.10549566298330934
430,161,0.14434617944926478
430,165,0.1513393235286783
430,277,0.14343795249320362
430,319,0.14353484002743988
430,330,0.10569999997451411
430,354,0.1406334744175261
430,366,0.14172061926541388
430,380,0.14523199890961522
430,437,0.15340034310700829
430,439,0.1549847731341167
430,473,0.16291576317107426
430,483,0.14928268754184124
430,492,0.14158511041322097
430,505,0.14252246350370648
430,511,0.14326582308096655
39,25,0.10175513716954536
39,72,0.09582833251591505
39,122,0.0966845875281897
39,138,0.09284219178249126
39,140,0.090954155009737
39,146,0.09337250614388615
39,163,0.10458923278253812
39,184,0.09375839149676726
39,185,0.08929482573240272
39,196,0.10841837974364733
39,210,0.08353557956164827
39,252,0.08023189819862757
39,263,0.09424186720607464
39,269,0.09017304059948755
39,275,0.052165310422808905
39,283,0.10519582840325462
39,287,0.10571049602012349
39,314,0.043058544169876346
39,339,0.10209975254060066
39,361,0.0549579493644905
39,408,0.10520222315011483
39,416,0.08202788909233075
39,419,0.09935491045099373
39,432,0.07705819494324326
39,445,0.06858046108222417
39,457,0.09318420455730529
39,482,0.08274041714365483
39,495,0.08991516088147614
39,518,0.09155614327429615
112,11,0.13425674227239984
112,19,0.15858102367157595
112,48,0.17360575809408185
112,53,0.12868395910808983
112,56,0.08626284422713136
112,61,0.1675934197229494
112,75,0.14711611944207245
112,91,0.15014046578622794
112,104,0.13259894595977204
112,108,0.16612896247897307
112,110,0.16873799123047314
112,111,0.1512977148687698
112,120,0.12492372189548501
112,127,0.1273117425752282
112,148,0.11891058766922541
112,159,0.12902313810823912
112,182,0.15817086856232646
112,201,0.1653504704331455
112,221,0.14163767728782423
112,241,0.14320994977788143
112,242,0.09332742819872664
112,244,0.18480934043616964
112,251,0.11331018043547544
112,272,0.11245094525774514
112,277,0.16699130130702272
112,280,0.1839637389339871
112,292,0.14329283934015644
112,304,0.1654359327648701
112,312,0.16187414375295334
112,350,0.08995303554692745
112,366,0.1626561305846841
112,368,0.11211300512452628
112,371,0.14581222457237966
112,372,0.16315885826920024
112,389,0.15124728190291412
112,398,0.16391937404639076
112,405,0.11375419694688564
112,414,0.19616132360228583
112,420,0.19737529363654183
112,428,0.17226363250451224
112,437,0.1654557203703455
112,483,0.18923326297026802
112,490,0.13996438431334224
112,492,0.16543486885373146
112,501,0.14216698472255
112,526,0.1528300789907323
242,11,0.09367733527543573
242,53,0.09646048062495101
242,88,0.0850190021240446
242,94,0.10051775417113491
242,95,0.07731644796021529
242,110,0.09385232146228971
242,112,0.09332742819872664
242,159,0.09597985717104696
242,167,0.0834287546700715
242,178,0.04094363268418532
242,181,0.09844988413142741
242,214,0.07117001726436108
242,221,0.09779735311858341
242,228,0.10497797074270379
242,229,0.0924227919563843
242,273,0.07681472631923882
242,292,0.10152204580567925
242,304,0.09945994884417982
242,350,0.12484230239910568
242,371,0.10123305574558106
242,389,0.09274407734753444
242,394,0.1027627322021876
242,414,0.09719464335832118
242,434,0.09510254496303082
242,490,0.09886311270449392
242,509,0.09663893961251893
280,8,0.15266215633725863
280,11,0.14700696003633756
280,21,0.14035018219818635
280,48,0.19361231411457894
280,53,0.13886771531097383
280,75,0.1989276731815571
280,91,0.15256834964006122
280,96,0.20199601139527684
280,102,0.15404113736507025
280,104,0.14456625741370105
280,108,0.17653665945730185
280,110,0.18836720998606105
280,112,0.1839637389339871
280,119,0.1385015555257988
280,148,0.11555725730261462
280,161,0.16220426075662442
280,165,0.16234827290375867
280,182,0.15572425871073595
280,201,0.17312887250627684
280,209,0.12481570142532589
280,212,0.1811712612213523
280,221,0.14066419441705583
280,251,0.09975616779667393
280,272,0.10675173596440342
280,292,0.16863241838014842
280,304,0.151482139544943
280,312,0.168855552257303
280,336,0.14106881764998438
280,337,0.18207631203534447
280,380,0.14709387931222553
280,398,0.1749082060778827
280,405,0.1106632945687733
280,407,0.1499692213948999
280,414,0.19191696507539646
280,420,0.15953527595407405
280,425,0.161982892627175
280,437,0.169122293536223
280,439,0.17112606915592912
280,449,0.11466452702388805
280,479,0.15938574119335966
280,490,0.14400915977544262
280,501,0.14530837943849192
280,505,0.1861447363419938
280,511,0.163506490702848
316,69,0.07458248365668636
316,78,0.07230302023219869
316,99,0.07543060199700313
316,141,0.07631227379599445
316,149,0.0742156196038244
316,158,0.08216165638204087
316,159,0.0756465515833487
316,211,0.07442158671641512
316,245,0.07216588587181973
316,265,0.08053038521012583
316,288,0.07304813524743443
316,328,0.07722996303273535
316,373,0.0725406926802224
316,385,0.08031094473763589
316,390,0.07187080679645351
316,394,0.07614860026492075
316,446,0.07813499135525663
316,461,0.07907133357148906
316,489,0.07318195066399924
316,519,0.054003749258033105
316,529,0.0756664634742302
209,19,0.12801441761632193
209,48,0.12670663336912077
209,61,0.13857615566853007
209,96,0.12675370289215382
209,104,0.13721841773911536
209,108,0.14240581092757826
209,165,0.1261020528645079
209,173,0.12604288890051676
209,182,0.12606399921230535
209,244,0.12605149168311464
209,261,0.07886977700862913
209,272,0.10469196752986973
209,280,0.12481570142532589
209,291,0.09249657381448548
209,337,0.13252729084768317
209,372,0.12538358147015544
209,398,0.12531291327742225
209,407,0.13570900745492434
209,414,0.14193086875513267
209,456,0.12562726382416958
209,483,0.12649785091897214
209,492,0.13655824131799693
209,505,0.12623202067189035
358,1,0.02465216894656938
358,3,0.08624253714154874
358,38,0.08572955543574008
358,90,0.08754471934584104
358,124,0.08947723672965452
358,150,0.08782695990211144
358,179,0.08745692628727193
358,184,0.08490064423527335
358,233,0.08676740775060132
358,249,0.08613931899351596
358,311,0.09268909556446815
358,329,0.09337206924502846
358,352,0.0844415536021233
358,355,0.08553439840136222
358,386,0.09208149073861455
358,418,0.08587748442229562
358,423,0.08527115434876702
358,427,0.09148230473490726
358,503,0.08716789539913523
358,515,0.08545071722119066
358,518,0.08408193716298257
378,54,0.07121590166352243
378,73,0.11181564471232262
378,86,0.12564485066005945
378,116,0.09812867943546157
378,122,0.11748113396692487
378,147,0.12117967305016086
378,150,0.12546699005638468
378,155,0.11654748033758724
378,171,0.1135234114295276
378,174,0.11178594009022517
378,194,0.11002608254211274
378,232,0.09514980262371366
378,253,0.11659104516315306
378,263,0.11192651039630183
378,269,0.11570506640060342
378,283,0.1115969128819909
378,332,0.11159746301013598
378,357,0.10668608811231171
378,359,0.11132416765845206
378,370,0.11427706722593826
378,377,0.10959410122723605
378,393,0.08256687680308585
378,440,0.11219341383143056
378,447,0.09530980666277995
378,451,0.09724693051329547
378,454,0.09503253148239585
378,464,0.11628315347896177
378,493,0.06387837643353829
378,514,0.1149334900189048
460,4,0.06150010679603349
460,24,0.09316617036552914
460,66,0.11020211363838074
460,71,0.08956103816074328
460,73,0.10981380426193063
460,85,0.06011222993199154
460,93,0.10648414820872953
460,100,0.08761551554182215
460,105,0.05326175240691131
460,109,0.0804229155627245
460,116,0.11716560601168775
460,128,0.08081761240948138
460,134,0.11467868462394344
460,138,0.10177616972075956
460,147,0.10609192866671559
460,155,0.11613345383121096
460,163,0.1259031626352532
460,166,0.1060836072976368
460,171,0.12601777795709732
460,174,0.1091661349701937
460,235,0.09946516512884993
460,238,0.09166841874546082
460,250,0.10296522386372157
460,271,0.060000662945924134
460,284,0.09437029511561298
460,305,0.12150320035837923
460,322,0.05048902611679058
460,327,0.09293216845032232
460,338,0.08043174749417677
460,339,0.10889380880483643
460,347,0.09911293841746005
460,395,0.10363098593270226
460,397,0.08758298254165432
460,402,0.06886047212151912
460,406,0.11455317493162648
460,409,0.0675930107301738
460,411,0.09333681351682094
460,421,0.06785615601471047
460,424,0.09964301791984036
460,427,0.10777781142788034
460,458,0.09514744860147106
460,459,0.10135170945489769
460,462,0.08478902227184854
460,464,0.10671380550025081
460,486,0.10947023197997786
460,494,0.12843271741529627
460,500,0.06990179904284154
460,512,0.11180184461824375
460,514,0.11462647800492207
460,516,0.09413200148290117
460,517,0.12922920739199847
460,521,0.09667985297393628
104,11,0.13889120227428506
104,61,0.1661709212113321
104,69,0.10696123474263006
104,76,0.09316841618906957
104,87,0.13650927652251799
104,96,0.15117670170242406
104,110,0.13221317064793492
104,111,0.14056079148784031
104,112,0.13259894595977204
104,159,0.12374175252965833
104,160,0.16093746127046837
104,182,0.1314803981471108
104,197,0.13094676071998557
104,209,0.13721841773911536
104,221,0.12841007396411466
104,229,0.10509916627177988
104,244,0.1422733323133239
104,245,0.12700320203904755
104,247,0.09848432777774743
104,261,0.07241125758345447
104,280,0.14456625741370105
104,292,0.15822923468129083
104,297,0.1058232869351988
104,304,0.14971390161327675
104,325,0.07492504825085679
104,336,0.14058045060691496
104,388,0.09327649563986808
104,390,0.10076398672673845
104,394,0.12544779958425784
104,414,0.14152926507177196
104,456,0.14049026106473878
104,490,0.1323818759917769
104,505,0.13248949988290717
104,509,0.10192118410326544
113,67,0.0793576024458314
113,94,0.08639004295600294
113,183,0.07395447565341712
113,190,0.10727395948649823
113,192,0.07656283942176098
113,215,0.08322411509665457
113,218,0.07851103558226448
113,228,0.07212305913165518
113,229,0.07136196487079709
113,273,0.0806898588900785
113,340,0.09273301300418567
113,362,0.048157463048222514
113,364,0.06474572407846242
113,431,0.09949819365780178
113,434,0.07453097744650052
113,438,0.10069385559250855
113,452,0.08383287557734721
113,453,0.07937394005975128
113,463,0.11910176120349884
113,472,0.1083540268395963
113,488,0.12330283631135774
113,491,0.07326700243757107
234,8,0.14709695479476864
234,22,0.07724019513420825
234,34,0.13958586780112495
234,42,0.12261576016270376
234,48,0.14938066415590545
234,50,0.1333894486335629
234,92,0.07680202612464786
234,110,0.14444093729432564
234,111,0.14019444793270666
234,119,0.15341445642560791
234,121,0.13524874873958462
234,148,0.12429643509413486
234,168,0.09664546774158486
234,245,0.12492084867421284
234,276,0.08078766900538947
234,288,0.13057176057633052
234,297,0.10057001558828739
234,317,0.11409141521988082
234,337,0.15391883361282982
234,366,0.15055492797876754
234,371,0.1395802504178972
234,385,0.10617185443955347
234,390,0.09921626555165693
234,392,0.14033985658854267
234,407,0.14127254356961857
234,425,0.1416008454561468
234,428,0.14893944184687047
234,437,0.14334964681354925
234,456,0.15158773134645043
234,478,0.13303041993276984
234,479,0.1392421291515866
234,483,0.139459757402302
234,489,0.13923163990842938
234,501,0.13825321271720717
234,511,0.1418025785533391
234,526,0.14146260534119984
234,529,0.11793065195481167
259,6,0.11823025224634678
259,45,0.11736639610724665
259,53,0.10548543428318706
259,80,0.10731361460733943
259,98,0.06282248907841036
259,127,0.11295371084019944
259,132,0.10664773968683636
259,139,0.11893193278725121
259,173,0.12164167769930924
259,178,0.04158079440918844
259,183,0.10080027708124495
259,193,0.11093590699973345
259,213,0.10850127862347206
259,218,0.11260610878503988
259,231,0.11445542331105277
259,313,0.06716072688692407
259,321,0.12396878608574571
259,326,0.10576351297268215
259,342,0.09710935869537995
259,348,0.10179941351231984
259,374,0.10776590535467455
259,414,0.10909112248512083
259,449,0.12431011183510217
259,453,0.10722739716099902
259,487,0.11402227011480008
259,496,0.06546285710694892
259,507,0.13879495006408926
259,510,0.06882371228380439
259,522,0.08918304956427468
121,61,0.14204463633023656
121,87,0.13019104145240615
121,92,0.07590579315205799
121,95,0.07586304785685843
121,99,0.11369322215559444
121,110,0.13509117463289924
121,111,0.13068697668679524
121,162,0.13564004148467868
121,182,0.1369373059310507
121,234,0.13524874873958462
121,240,0.1355588523024428
121,244,0.12952465714002848
121,261,0.07346288544711739
121,276,0.08002808919692081
121,277,0.13043184113593087
121,317,0.11041726446519974
121,337,0.1381430736416546
121,366,0.13041512114405948
121,407,0.14245527265007807
121,425,0.1456646435369214
121,428,0.13749930580717787
121,456,0.14788124910147893
121,484,0.13042689564166665
121,501,0.1471256655064068
121,511,0.1337093342445314
121,526,0.13486682837081337
121,531,0.0996478473082262
142,14,0.12468234296874066
142,67,0.13857233835810298
142,79,0.20412474929858013
142,94,0.10724948116300197
142,151,0.19265061529326094
142,161,0.16776840330223275
142,192,0.2261221343729533
142,193,0.1134623752139534
142,198,0.26396433569909433
142,205,0.1686153503038138
142,213,0.19467237955637495
142,215,0.12208195200889883
142,218,0.15586579312839116
142,225,0.2950979262409684
142,228,0.11665809180546513
142,231,0.16977120474511487
142,300,0.18937754244222527
142,303,0.11603647924016416
142,307,0.13502729871495284
142,310,0.22738064456287058
142,315,0.16561048741293433
142,342,0.09673973704491301
142,346,0.15273605295430778
142,349,0.1060902755818482
142,374,0.1911330098239363
142,387,0.2771526518904503
142,410,0.2073229671557066
142,413,0.1716633775317097
142,431,0.09378145407706198
142,434,0.1091611592304563
142,442,0.16704619393992132
142,453,0.1400039746105722
142,491,0.20737294963860395
142,497,0.23969720151677978
142,498,0.15412583878216937
142,504,0.19202927551306698
142,507,0.1327626744483927
424,3,0.0938024031491933
424,4,0.0639610947597289
424,13,0.05869709935613104
424,29,0.08496031727632745
424,41,0.05910136741315919
424,43,0.052180882253105715
424,47,0.06462285101909325
424,49,0.0680145284491075
424,66,0.10164079219096897
424,68,0.11704586146055265
424,77,0.06766544839500074
424,89,0.09306279249580594
424,107,0.07617263616707215
424,115,0.040422623704251495
424,125,0.07563674126661964
424,128,0.0886847366043166
424,129,0.08885772084246131
424,134,0.10301851407165385
424,138,0.10073497769825347
424,155,0.09465303091109402
424,157,0.07920153395373915
424,175,0.06551548879298162
424,176,0.046387059132726435
424,180,0.05008687308028899
424,186,0.0662502691067655
424,191,0.05626041630105689
424,206,0.05355105972664498
424,227,0.048819684768035755
424,235,0.08689095424277403
424,238,0.09430196277022734
424,246,0.06758275190300556
424,248,0.06607762469538758
424,268,0.054225427739682995
424,279,0.08295051068415804
424,281,0.061879136346794476
424,283,0.0970738432708124
424,285,0.057501263356111276
424,286,0.06302191726709103
424,302,0.06576663625250634
424,305,0.0985489575575519
424,309,0.08742351882904464
424,322,0.05111281341077785
424,327,0.119668992699087
424,335,0.07789475404710808
424,338,0.0900674677545928
424,341,0.0945577237875237
424,343,0.067710186446705
424,347,0.08779062257886815
424,351,0.04839453496197672
424,353,0.06751252215848091
424,363,0.06729641315299349
424,365,0.05184237732338506
424,375,0.074626663727659
424,391,0.09654358961326515
424,397,0.08228956453805227
424,400,0.09421706832746653
424,411,0.10237211922674781
424,415,0.0693456202852341
424,422,0.07838720645555712
424,426,0.09875101037647355
424,433,0.07416266794725451
424,435,0.061867889054048206
424,444,0.10780045112097374
424,445,0.06853583838814833
424,457,0.08620401702897222
424,460,0.09964301791984036
424,466,0.06796879656316442
424,481,0.05841597805173924
424,486,0.09566242119526676
424,494,0.09432745218255133
424,500,0.07818694499053015
424,506,0.050857650613074235
424,516,0.10690196298530763
424,520,0.058366377262781655
424,521,0.08914814491319259
424,525,0.06571293829445835
432,25,0.07987711313777411
432,37,0.08074065978721234
432,39,0.07705819494324326
432,68,0.08607323348114079
432,72,0.08052418522748636
432,109,0.07641236280868245
432,137,0.07697012823937498
432,143,0.0728281661668818
432,184,0.07911965992063637
432,196,0.09266359464675424
432,210,0.07728564864141307
432,266,0.046477536216697604
432,283,0.08298586131688493
432,302,0.06563253117738917
432,341,0.08075941875085203
432,361,0.055109133983371125
432,383,0.05290344177730547
432,391,0.08249726453911038
432,408,0.08007876055540701
432,412,0.07242805471284493
432,415,0.06045112520529366
432,417,0.08462788115475459
432,418,0.08577832320384757
432,429,0.042542701131824456
432,435,0.05544835536664364
432,457,0.0775978403559176
432,465,0.07776807088024941
432,469,0.057023347937974145
432,495,0.09378238660293683
432,500,0.07112003183026368
432,506,0.054622987669006244
432,518,0.07783545463590014
432,525,0.06336620723241002
85,4,0.05858108029022541
85,46,0.06008609185100854
85,116,0.06256364093132065
85,166,0.06507032877703393
85,227,0.05082158099670643
85,235,0.06483140611130746
85,256,0.05136511061641572
85,299,0.06866412794658831
85,305,0.06344814426766478
85,309,0.06357041278119849
85,343,0.06162779588852784
85,347,0.05936581498311907
85,367,0.05884863593325464
85,369,0.060166094907407874
85,395,0.059694980466276464
85,406,0.06163515797846621
85,458,0.05905912645894717
85,459,0.05953531838843888
85,460,0.06011222993199154
85,467,0.0586426428630995
85,481,0.057709664432294
85,516,0.06003927757172397
85,521,0.06504312419968142
85,527,0.06114878020417677
115,29,0.040733841560877206
115,31,0.0396605965394225
115,41,0.04920268687907822
115,43,0.04146571831960777
115,47,0.04153963858326237
115,77,0.0400101293667077
115,246,0.04056647006360551
115,248,0.04099224010978525
115,299,0.04111881496414703
115,302,0.03961384402311551
115,335,0.04039271527718031
115,353,0.04074800940190152
115,375,0.03964542776625564
115,424,0.040422623704251495
115,429,0.03961481074018311
115,433,0.042158091761672165
115,481,0.0419269380658979
115,482,0.042064140551709546
115,500,0.03970510057562918
115,525,0.04042367829118881
350,14,0.09348744791494391
350,64,0.06271767255370966
350,75,0.09175935351662547
350,78,0.09011396285952737
350,88,0.10119313185303115
350,94,0.09567080678260075
350,95,0.07761881505296478
350,112,0.08995303554692745
350,159,0.08762598905406646
350,167,0.0910975346701935
350,181,0.11014325678870461
350,214,0.08478437502730114
350,221,0.08775842487735888
350,228,0.09724628554499393
350,242,0.12484230239910568
350,273,0.08061967504620512
350,292,0.09599165255366367
350,313,0.0692568740502253
350,368,0.09388423253092056
350,371,0.10031580014226171
350,389,0.0946577139672191
350,405,0.08740446523126777
350,434,0.10658936813792887
350,490,0.09261191935390034
350,509,0.09133231029146581
421,4,0.061271064178792786
421,9,0.04732221698719132
421,12,0.05755934949694108
421,29,0.07843616601011337
421,89,0.06871108065820412
421,97,0.06925002747339665
421,116,0.06799282151654307
421,138,0.06924573927785456
421,166,0.07007729425871559
421,186,0.06848215750796087
421,188,0.06274392119568827
421,230,0.07035825378319085
421,232,0.07497584690673585
421,235,0.07972630548669156
421,237,0.062431049091535046
421,256,0.052033412595231976
421,257,0.05699755170387945
421,264,0.05344574561534627
421,267,0.05106741604791165
421,268,0.0698153523454847
421,283,0.07005839361864327
421,285,0.057572560383769324
421,299,0.06745111804790645
421,305,0.06880409980647521
421,309,0.07390162428813875
421,369,0.04886998071348825
421,444,0.06883734186992631
421,460,0.06785615601471047
421,466,0.06498043381077981
421,469,0.06501327239689138
421,481,0.05732599687213477
421,482,0.06818771740191361
421,486,0.06873720402615485
421,506,0.05300141238670326
421,516,0.07847566735865658
421,521,0.081672487756118
29,2,0.0631529913623375
29,9,0.04825063849669593
29,12,0.06097916425274074
29,20,0.04516531413662156
29,30,0.07698469610150434
29,41,0.053234858010828154
29,97,0.07660318451748953
29,115,0.040733841560877206
29,116,0.07791765256114727
29,128,0.08208236509749005
29,134,0.07924088087210046
29,140,0.07687364562886317
29,186,0.06515455262743282
29,188,0.05715793589612258
29,191,0.05704718734225624
29,227,0.0494022591967823
29,235,0.07976879378093714
29,236,0.07916962261479228
29,239,0.07810281147328614
29,246,0.07047059572205161
29,257,0.060840156012769146
29,258,0.09102793267331825
29,264,0.05764723433253752
29,268,0.05460763392286257
29,282,0.050076547933401196
29,285,0.05913087432400575
29,314,0.04344492648688678
29,331,0.06661988403719682
29,357,0.07716676980812794
29,369,0.050766533379731124
29,383,0.05371846122337488
29,406,0.08395466170273556
29,411,0.08129189001030951
29,421,0.07843616601011337
29,424,0.08496031727632745
29,433,0.07646836381077204
29,455,0.07772429601211181
29,466,0.06212783896289201
29,469,0.05910597911689233
29,470,0.06620244658367719
29,482,0.08213796431038815
29,500,0.070290389004409
29,506,0.05316950769030568
29,516,0.07720312344144287
29,520,0.055827259967955775
29,521,0.07828756978506957
29,530,0.04079144702063498
413,7,0.17316125096292953
413,10,0.19414183349790923
413,26,0.21328674498522718
413,65,0.16448767685363438
413,79,0.22021228438623958
413,117,0.14864013106576157
413,126,0.17648266250097397
413,132,0.16773356016139404
413,142,0.1716633775317097
413,151,0.24202991560016945
413,161,0.1831997999239043
413,193,0.11506840238437997
413,198,0.1944234463420868
413,205,0.18995383280535497
413,213,0.19981852342529782
413,217,0.2019069919522662
413,231,0.1828703871749253
413,300,0.24553839697521906
413,306,0.1554874764623143
413,307,0.13527180353848647
413,310,0.1690101073206445
413,315,0.17877611168572527
413,346,0.14419371635449355
413,349,0.10768564128722248
413,374,0.22334860663414238
413,386,0.14886158547110023
413,387,0.20050711918787678
413,410,0.20236380129371465
413,442,0.2327672903308263
413,477,0.16921174436739458
413,498,0.14642717096419453
413,504,0.24986438233776342
413,524,0.19493063811721786
175,13,0.05472110360504315
175,41,0.05428778774189169
175,46,0.061230210805800434
175,89,0.06755748560007996
175,105,0.05255155555245229
175,125,0.06716018567622539
175,138,0.07025720960134905
175,176,0.04645210671697171
175,252,0.06498918362866618
175,282,0.0487986401168182
175,305,0.06425257480712664
175,309,0.07736901026953347
175,327,0.06553014355352664
175,335,0.061696489943675166
175,341,0.063414491659159
175,353,0.06949670829715637
175,357,0.06351047953805938
175,375,0.06471952379558726
175,411,0.06514153084771246
175,424,0.06551548879298162
175,454,0.0636358022680944
175,486,0.062074694274958445
175,516,0.0717037459061447
175,521,0.06151610341228682
175,525,0.06321316133061217
203,16,0.08132278737490814
203,53,0.08244821923946208
203,64,0.0927372524910759
203,70,0.08181418371252831
203,88,0.07536652756029613
203,98,0.056751260531364554
203,106,0.06835388861108152
203,111,0.08165017263368185
203,127,0.083839414015678
203,139,0.08181004021398616
203,144,0.06325909667691774
203,164,0.05727677956860672
203,178,0.04346936250925045
203,182,0.0843744578850605
203,251,0.0964079390693685
203,312,0.08333115321864648
203,313,0.06697970318692238
203,348,0.09782202229714643
203,368,0.08694858587063503
203,372,0.08307522184715946
203,389,0.09262396634852248
203,394,0.08186185188319184
203,399,0.0641102609712169
203,405,0.0881034014611369
203,428,0.0804955397905648
203,484,0.0852521350938042
203,490,0.0830157642918646
203,509,0.09174058266638806
203,510,0.06721640692150462
254,30,0.10028516951698219
254,73,0.11256683161909421
254,86,0.10028475885413024
254,98,0.0548141527797693
254,118,0.07432931958347953
254,147,0.10023113686054082
254,150,0.11052447389569325
254,171,0.10129774886986159
254,174,0.1001298660887255
254,183,0.09090833482933139
254,306,0.09916288653615826
254,307,0.09920504502001448
254,339,0.10619350990964702
254,359,0.1063709171602824
254,370,0.10910658103728105
254,399,0.06591387580626433
254,427,0.10096809819702414
254,440,0.12307478623457274
254,487,0.09966359305931081
254,503,0.0969543905665649
254,507,0.10571683312696997
254,512,0.10169045166142297
254,514,0.10153137594852371
254,517,0.09892597975477509
267,116,0.04885994640793688
267,138,0.04952029252914507
267,157,0.04731823980603034
267,223,0.05161676849451756
267,282,0.052383990654097684
267,283,0.046133262283957456
267,286,0.04869092978137639
267,299,0.04790566757657963
267,309,0.04611018141377184
267,320,0.048001630751029915
267,324,0.04689108977356228
267,327,0.04683079271449248
267,338,0.047089847967355325
267,347,0.04633969890660393
267,353,0.047976335367161164
267,393,0.04715696567771777
267,421,0.05106741604791165
267,486,0.04657368567927065
267,525,0.04628002644876629
267,527,0.04965991399099251
309,5,0.050635140517209506
309,13,0.05360978322834163
309,31,0.06517125887141453
309,47,0.06433690843147905
309,49,0.07139423108462298
309,85,0.06357041278119849
309,105,0.05288288488746911
309,107,0.08287297417428854
309,134,0.08295880571968513
309,138,0.08175660696328468
309,140,0.08292784240788396
309,166,0.0834227567146285
309,175,0.07736901026953347
309,176,0.04651644541150641
309,186,0.06867935467425935
309,223,0.0742871198920139
309,227,0.05489538464942959
309,236,0.08197357528301501
309,238,0.08504667421948742
309,248,0.06697207688537139
309,267,0.04611018141377184
309,268,0.05859401979855711
309,282,0.05109338015010696
309,286,0.06790078297676445
309,299,0.0668410123531647
309,305,0.09559886895245157
309,320,0.059082170337078896
309,323,0.06505460520021764
309,327,0.09295914322339147
309,339,0.08232733484741922
309,343,0.06413984670052283
309,353,0.06909331534679623
309,357,0.09111278488534987
309,377,0.08097686538079964
309,400,0.09491268586658384
309,406,0.08094405064627398
309,411,0.0834394763458301
309,421,0.07390162428813875
309,424,0.08742351882904464
309,435,0.06476691308348362
309,445,0.06778852629789589
309,475,0.0677382040475
309,481,0.05922085979286331
309,486,0.08480778553642065
309,494,0.0827410060674546
309,496,0.06696225907914582
309,516,0.09387107338434986
309,520,0.06108049386863233
309,521,0.08869323986178537
309,525,0.06063424760656334
309,527,0.0757439286158003
340,14,0.09844303072313755
340,67,0.1095969186022916
340,94,0.11501169052867073
340,98,0.05492721501125664
340,113,0.09273301300418567
340,183,0.0940347920862252
340,190,0.08507408821894555
340,192,0.10797376089848788
340,193,0.10041233972429589
340,214,0.0718162355828042
340,215,0.1272884508045776
340,218,0.12321075272705367
340,225,0.10062399468012824
340,228,0.11563881977524541
340,273,0.07422523579512094
340,313,0.06691267675155692
340,342,0.10441830027108179
340,349,0.09880970880150419
340,362,0.04161458523587971
340,364,0.05153755204517219
340,431,0.10710546747258223
340,434,0.10857931714612133
340,438,0.11755304649603364
340,452,0.055281219578766964
340,453,0.1111312029160071
340,463,0.10187187552577784
340,472,0.09893199079404265
340,488,0.08887569308841707
340,491,0.09950828248860984
340,496,0.06414697808280369
340,497,0.10583734567462558
340,522,0.09786817557239812
79,7,0.18796993073702117
79,10,0.21152115533370844
79,26,0.23640476989516138
79,65,0.1759547060017008
79,117,0.13035824914903263
79,126,0.19886873475098657
79,132,0.18226400251844502
79,142,0.20412474929858013
79,151,0.24351403385490702
79,161,0.21865453835472212
79,192,0.14522385556145376
79,198,0.2437334687469372
79,201,0.2097908276974563
79,205,0.2437437705767477
79,213,0.2500509265066232
79,217,0.17201866059223522
79,225,0.18847305547520926
79,231,0.19428788812212375
79,300,0.32359544288721875
79,310,0.22284169393960676
79,315,0.23518273840746654
79,321,0.1504868587446437
79,346,0.1466272774963482
79,374,0.23209515404090866
79,387,0.2563756252443625
79,410,0.22669094998207592
79,413,0.22021228438623958
79,442,0.2307058946926353
79,453,0.12039982408970948
79,477,0.1653838869671842
79,491,0.1550408516639053
79,497,0.1740677329422395
79,498,0.14484904723842135
79,504,0.35075100837913653
79,524,0.19121804107957469
170,24,0.09760888806027301
170,36,0.09829545906278213
170,40,0.04403338888978017
170,46,0.11330156617407261
170,58,0.09160761839657279
170,62,0.08764615317904809
170,81,0.08755719898646545
170,84,0.05858470350935327
170,156,0.07381463801935693
170,189,0.09955354170425143
170,219,0.10164672897919871
170,226,0.06788561740307295
170,237,0.06660953653029755
170,243,0.09034469790086376
170,246,0.07290490463548104
170,250,0.09889140734389823
170,258,0.08537337320597785
170,279,0.09368557120642296
170,296,0.09547404111930781
170,308,0.0873698455061128
170,331,0.06644688794862598
170,396,0.07178159296492248
170,419,0.0947065490368978
170,426,0.09323339870117334
170,436,0.0893572859434024
170,455,0.11267915872308704
170,468,0.05714545944160233
170,476,0.06795616335994742
170,480,0.088178612265096
170,485,0.08662813308808515
170,499,0.08707062224514567
170,513,0.10853833663503022
348,11,0.09174097256194172
348,53,0.1034007902549441
348,64,0.07554513335272328
348,98,0.06319299530397106
348,106,0.06209401753210565
348,127,0.09953105958451922
348,139,0.09751334750511612
348,173,0.09776571988237832
348,178,0.043996618421203476
348,182,0.10228910217019542
348,203,0.09782202229714643
348,251,0.1044486361065091
348,259,0.10179941351231984
348,312,0.09234411787929964
348,313,0.07415800820148498
348,336,0.0930237986423652
348,368,0.09924042473433321
348,371,0.09468841062030421
348,405,0.09868172387822877
348,407,0.09164051246726995
348,414,0.09315251243066092
348,449,0.1062145466793207
348,490,0.09344086135961945
348,509,0.09277503344569858
348,510,0.06857331234492674
348,526,0.09750620207049632
468,46,0.05721656866890343
468,60,0.06168958898376081
468,81,0.05702490046788166
468,84,0.059279471326277894
468,105,0.057978506864546045
468,114,0.04958822836680977
468,156,0.05890497190736668
468,170,0.05714545944160233
468,189,0.05840171757970552
468,204,0.06129708607403791
468,224,0.06410744263465908
468,227,0.0502348868335977
468,237,0.057388992828671735
468,243,0.05914047897080011
468,246,0.058736213092648516
468,250,0.057395303232194675
468,279,0.06278282891558792
468,305,0.057514603117847174
468,360,0.03079547069659788
468,369,0.048989104916510914
468,411,0.05811042267461016
468,445,0.057811215121576505
468,475,0.06183944765007757
468,513,0.05704784510557598
14,67,0.11497384248354046
14,94,0.12885736001420262
14,108,0.11164048786469119
14,126,0.11143693157478934
14,142,0.12468234296874066
14,167,0.09460151804513885
14,181,0.12513504486563873
14,192,0.12276812668162213
14,198,0.13401963527331343
14,201,0.12028494870964647
14,214,0.0827877007428136
14,215,0.13114083232733534
14,218,0.13205129409810115
14,225,0.1304804130760061
14,228,0.14153836010343052
14,251,0.1038817918581247
14,273,0.08365408462063746
14,310,0.11209417043826476
14,340,0.09844303072313755
14,350,0.09348744791494391
14,387,0.12132620628621149
14,434,0.16181288442648936
14,438,0.0993317729428858
14,453,0.11676883506176233
14,463,0.0922786737077206
14,472,0.09512616422460611
14,483,0.11113313865828704
14,488,0.07704472975437994
14,491,0.14408087464288813
14,497,0.1448109650784785
220,25,0.11255561052266916
220,30,0.12440602838697028
220,73,0.12336357856335456
220,100,0.08461183915634207
220,122,0.1601628185231107
220,124,0.12090427031606434
220,146,0.1266832789841807
220,163,0.13097806138275236
220,208,0.10420189009843461
220,230,0.11878979123703133
220,232,0.0890137437131216
220,233,0.12207791540515041
220,249,0.12432781086359689
220,263,0.1238722309621835
220,269,0.13304308070430573
220,274,0.11038274582536477
220,306,0.11919290497854314
220,324,0.0951628372844301
220,329,0.11223646295286129
220,352,0.11868060765987663
220,359,0.11721687345763607
220,370,0.11581302895023621
220,391,0.0980136670826622
220,393,0.07822677444355512
220,395,0.10201921682492351
220,417,0.10648604136539866
220,418,0.11245837407602795
220,423,0.12377615036750549
220,427,0.12060422220398836
220,451,0.10999477016262754
220,464,0.1130708656689959
220,471,0.06993019606755589
322,9,0.04660769144755719
322,13,0.050834833411019804
322,68,0.05080775619443077
322,81,0.05094196303710473
322,105,0.050730167691734454
322,128,0.05340351273746953
322,129,0.05086160456340396
322,138,0.05136505030922787
322,238,0.05112742493572198
322,284,0.0512969812265261
322,338,0.050837083043618315
322,353,0.05453102259579072
322,375,0.052502299681796344
322,391,0.05302896896861505
322,396,0.05074516627616795
322,422,0.051239858436514574
322,424,0.05111281341077785
322,433,0.05061385137784187
322,460,0.05048902611679058
322,486,0.05282288800034086
322,516,0.05545797360874331
353,5,0.05785512517867206
353,13,0.05775886892765128
353,20,0.04546601048272871
353,41,0.06569099912669595
353,43,0.06141824242748014
353,47,0.0619999094718321
353,81,0.062186562648528086
353,84,0.05991858751163048
353,101,0.041407176125456045
353,105,0.060437085506168775
353,115,0.04074800940190152
353,138,0.0732068556673638
353,145,0.042382207912398204
353,157,0.06941599177804626
353,175,0.06949670829715637
353,176,0.04810716681452308
353,180,0.05119853700921634
353,202,0.03745594220992621
353,262,0.054049476253149896
353,267,0.047976335367161164
353,285,0.05805993639323717
353,299,0.06548699846832544
353,309,0.06909331534679623
353,322,0.05453102259579072
353,338,0.06809541850180507
353,343,0.06252049920014337
353,396,0.06524336805447689
353,424,0.06751252215848091
353,433,0.06714796129862194
353,444,0.0643668283183174
353,466,0.06220876606171622
353,481,0.06282676057502949
353,486,0.07001798628773362
353,516,0.06671975485626863
353,520,0.05616857723560331
353,521,0.06258572198832349
353,525,0.06570208654723528
98,23,0.055602733850531834
98,53,0.05722800704323254
98,80,0.05854853983032555
98,173,0.0547177219599329
98,178,0.042675743575951094
98,183,0.05969957113193178
98,195,0.05468882686643672
98,203,0.056751260531364554
98,229,0.05951661721565911
98,254,0.0548141527797693
98,259,0.06282248907841036
98,298,0.05763758663618717
98,340,0.05492721501125664
98,348,0.06319299530397106
98,357,0.05566801799535137
98,449,0.060854423464103614
98,487,0.05477134342795398
98,496,0.06039054431914744
98,507,0.05772802882963023
98,510,0.0659670972539903
98,522,0.05796249008014346
436,24,0.09818056912373929
436,35,0.060846809076555534
436,52,0.09221025478989264
436,58,0.10840372427712011
436,60,0.11557882623177829
436,62,0.10453815751958898
436,71,0.08642886375706228
436,74,0.11751783312037609
436,77,0.06799390269203792
436,93,0.10909249746288961
436,103,0.07860440201930531
436,118,0.07079943140546172
436,134,0.11222957349501574
436,136,0.05519802682891258
436,144,0.06572292077932362
436,153,0.056037685825574925
436,166,0.10698642412084325
436,170,0.0893572859434024
436,179,0.12150500996563081
436,189,0.10163812090576524
436,194,0.1175950543984754
436,195,0.12356689172791822
436,204,0.062358052276036406
436,206,0.053833461716674164
436,207,0.13711511139126636
436,219,0.10146371020099995
436,223,0.07554725116438081
436,224,0.08390733370509258
436,226,0.06170732533250161
436,243,0.09209142478303696
436,250,0.1077134317585647
436,274,0.13166581979775877
436,279,0.08760387492989567
436,281,0.061484619097444265
436,284,0.09679985980100089
436,289,0.1192082915403524
436,296,0.10564178384504613
436,359,0.11916943232879372
436,361,0.0550670209650878
436,367,0.1106806200897177
436,376,0.09937141743596546
436,379,0.11065741979844931
436,395,0.1260082474892763
436,400,0.09512541226331823
436,409,0.0645363465021136
436,411,0.0979487143702659
436,440,0.11216701679187419
436,455,0.13170395080176386
436,462,0.09244683645953967
436,474,0.10418166420229837
436,480,0.11920928657521236
436,499,0.10670553195573027
436,513,0.12929247987903858
436,519,0.05431423928066489
436,523,0.0839620568131431
436,528,0.1100784026691955
436,532,0.07564119604482768
524,7,0.15766362882300455
524,10,0.2130868842748679
524,26,0.2152620640395131
524,38,0.1639844978935076
524,65,0.17210470748138065
524,79,0.19121804107957469
524,90,0.1414795087555544
524,124,0.1436810835155869
524,126,0.17548464127256838
524,151,0.18829537967366852
524,161,0.19128392958631132
524,165,0.1844719313316665
524,205,0.2027825805712129
524,213,0.17938094630079243
524,217,0.21293164773127993
524,231,0.17063830643823166
524,300,0.20750092061519299
524,306,0.17749108438411923
524,315,0.1960583562249892
524,321,0.15379624764293987
524,352,0.12012788045342783
524,355,0.11175839876301813
524,370,0.14166700924217787
524,374,0.1774978651628957
524,386,0.17856936917194255
524,387,0.17715150120212136
524,413,0.19493063811721786
524,442,0.19352259307974892
524,477,0.19978481298078618
524,504,0.20549945577076387
25,3,0.10904212544368325
25,30,0.13153370008367202
25,37,0.09517247726888445
25,39,0.10175513716954536
25,73,0.1141145753458597
25,90,0.11843422216058999
25,100,0.08863863544059383
25,122,0.13461736936050864
25,124,0.11712798466043885
25,163,0.1454893747361935
25,172,0.09173713111670884
25,184,0.14601195043564652
25,196,0.1056814487969622
25,220,0.11255561052266916
25,233,0.12120021059201164
25,263,0.1238509256465434
25,269,0.11825310413650501
25,283,0.11395725237575637
25,287,0.11818591014076403
25,291,0.10103899857830777
25,339,0.11181589099665055
25,352,0.14365216680855927
25,391,0.09771025545096487
25,408,0.09093713604969553
25,417,0.11151346683949373
25,418,0.1142096216157762
25,423,0.12180597524849439
25,432,0.07987711313777411
25,441,0.11785798369499775
25,447,0.08317471549497775
25,457,0.0899993762804878
25,464,0.11708678838721412
25,465,0.10862166975676235
25,503,0.12784726762533158
25,512,0.11338639890569581
25,515,0.1412919633807439
27,2,0.04100754830054113
27,12,0.04214783904288119
27,31,0.05085352800217336
27,89,0.04305027080511196
27,188,0.046176136766694714
27,256,0.042066824713281235
27,264,0.05308967846133323
27,266,0.053660217071300365
27,305,0.0401374488917842
27,338,0.0403719943648958
27,351,0.04193586383313892
27,393,0.040461682193248465
27,469,0.04226563303752072
27,481,0.04892654916238547
27,493,0.04949211024018386
27,500,0.0457767509329656
27,520,0.040202488825151296
27,521,0.04076894477581768
27,525,0.04245999123039006
27,527,0.04280188865103777
232,9,0.046620524160474235
232,86,0.09098233656404262
232,89,0.08740145925001548
232,93,0.08839158933979364
232,97,0.09110023128837096
232,134,0.09215797158729999
232,146,0.0911133437309655
232,171,0.09083438244527246
232,188,0.07573374577722457
232,208,0.08982380573256547
232,220,0.0890137437131216
232,230,0.09412932331446301
232,235,0.0845443253715182
232,239,0.09062402805519941
232,249,0.09499068812095297
232,256,0.0540242262080261
232,257,0.05090033663823277
232,260,0.08850793281821852
232,263,0.08813976510953142
232,264,0.05543562592443088
232,269,0.08959167662317202
232,367,0.09167118033343082
232,377,0.1027816195432761
232,378,0.09514980262371366
232,393,0.0887967445205317
232,421,0.07497584690673585
232,427,0.09701680013686186
232,429,0.04360713284675491
232,469,0.07293818906100948
232,493,0.07147578224939331
232,502,0.10056732424148476
281,30,0.06422360433446149
281,134,0.06662109549028906
281,137,0.061466426322821274
281,164,0.05762223151984853
281,166,0.06869372753119114
281,189,0.06186527876522957
281,195,0.06366362314744989
281,250,0.06470177835242331
281,274,0.061770379317359646
281,285,0.05752169442532503
281,296,0.0628843839952748
281,305,0.06331713176691256
281,308,0.06182082617228434
281,351,0.04833818290778086
281,391,0.06511514242540585
281,411,0.061532695620851514
281,424,0.061879136346794476
281,427,0.061985278241926095
281,436,0.061484619097444265
281,447,0.06400923098125924
281,471,0.06290544849984216
281,486,0.06302523954889334
281,521,0.06196142278510726
363,13,0.05623171538960022
363,41,0.05369975575691484
363,47,0.06796478311353832
363,63,0.06240966401253252
363,68,0.06946936587866516
363,101,0.0417727053292456
363,114,0.049066050283812605
363,125,0.06546664233898537
363,140,0.0636409671500203
363,145,0.040964888803294304
363,176,0.04655801213317092
363,186,0.06014271136986712
363,202,0.03687239045341964
363,238,0.0647265348642969
363,271,0.06039625546112336
363,295,0.06081924312569801
363,327,0.06310222099093028
363,331,0.06105058097317298
363,335,0.06431894324510438
363,347,0.06594746294597127
363,397,0.0673922699614556
363,412,0.0613222869208147
363,422,0.06024731925338615
363,424,0.06729641315299349
363,458,0.060448287545620975
363,513,0.06017104537943999
363,516,0.06343809991118166
488,14,0.07704472975437994
488,67,0.08438235779746522
488,94,0.10222015627629956
488,113,0.12330283631135774
488,167,0.08290308507348192
488,178,0.04112400963802593
488,181,0.08381268979139381
488,190,0.1229893335493099
488,214,0.07526743892810517
488,215,0.09045659897330907
488,218,0.08711505081290422
488,228,0.07826634478525069
488,229,0.07677884611503209
488,273,0.09825115312687689
488,340,0.08887569308841707
488,362,0.04343035672279742
488,364,0.06560114828673105
488,431,0.08884447917473935
488,434,0.08734099832226917
488,438,0.10624764954629598
488,452,0.06928523696937487
488,453,0.08387375535650342
488,463,0.12234703160508421
488,472,0.12509788599662144
488,491,0.07854904291386992
3,25,0.10904212544368325
3,30,0.11019987845351921
3,33,0.1092615023117444
3,58,0.11325259797063394
3,68,0.08752453400308008
3,72,0.10562083009082694
3,73,0.10833664614947289
3,77,0.06710689931190579
3,100,0.1000938419331644
3,109,0.08334368112778998
3,138,0.09835100723583012
3,140,0.12548437935306136
3,146,0.11344101875727543
3,150,0.11043944613574538
3,155,0.117551655141876
3,163,0.1232985604148034
3,177,0.09379731042578708
3,179,0.11496280902199066
3,226,0.060068085310607734
3,250,0.10705496710518324
3,252,0.08082879766699373
3,258,0.08431942756689977
3,274,0.11125813582316997
3,283,0.12627584145254486
3,324,0.09213107626594981
3,329,0.11955402589174496
3,333,0.08351165905764876
3,335,0.07069560223932649
3,339,0.11241290896350413
3,341,0.09837937186389263
3,358,0.08624253714154874
3,375,0.07092739551139735
3,376,0.09431302910454253
3,391,0.10752284169582656
3,397,0.07927843397781005
3,408,0.09305237227727299
3,418,0.12262683684127021
3,422,0.0823617076343158
3,423,0.12284483012061237
3,424,0.0938024031491933
3,427,0.11512295529305366
3,448,0.08760607408126221
3,458,0.09180766021455132
3,485,0.07677025494269131
3,495,0.09656769086200276
3,503,0.12448565066133903
3,513,0.11966325523787172
3,532,0.08061967498403486
330,22,0.07745770970519464
330,34,0.11223324549083967
330,40,0.04446186263458294
330,44,0.10826830305581658
330,56,0.08872458224129029
330,59,0.10942538740736
330,61,0.10501071900132869
330,87,0.12034140959640051
330,120,0.10472748617947125
330,133,0.11902016773484571
330,149,0.08334143067438586
330,160,0.11081955401257718
330,169,0.04956046597603795
330,197,0.10835086317450576
330,211,0.07420971339893392
330,244,0.11447791159284244
330,255,0.06189135318005571
330,301,0.11087857049632398
330,304,0.11027085588787648
330,319,0.10482260275015436
330,366,0.10675444617808233
330,392,0.10808759188784324
330,420,0.11350018519580139
330,430,0.10569999997451411
330,479,0.1170016106768853
330,489,0.10690895883407314
330,492,0.10787221781598917
477,10,0.17370184666318675
477,26,0.17524298074160646
477,38,0.17534455471331256
477,65,0.16170286063691305
477,79,0.1653838869671842
477,86,0.1292986256861344
477,90,0.13665697087743114
477,117,0.14061270055606154
477,124,0.14938742410015143
477,126,0.15831062067963617
477,151,0.16829767389987282
477,152,0.09902987909247174
477,161,0.1740737095297074
477,165,0.16749475649307216
477,194,0.12300661408914153
477,199,0.08996017603346172
477,205,0.19623357117733445
477,217,0.2111048582240201
477,300,0.18687974585658612
477,303,0.11318213102228121
477,306,0.16098304085713838
477,315,0.16095849887600908
477,326,0.14727589870560312
477,374,0.16748501526556384
477,386,0.1929559901926338
477,413,0.16921174436739458
477,442,0.18317332566147324
477,504,0.17706934742210242
477,524,0.19978481298078618
506,9,0.06058524592265314
506,29,0.05316950769030568
506,68,0.05341730365189027
506,129,0.05217163073209687
506,140,0.05339054904264076
506,186,0.05159051874848465
506,188,0.05091547220252954
506,238,0.05245729847632489
506,302,0.05405405205899736
506,327,0.050687533060874715
506,396,0.052702639498108994
506,397,0.05173723268993126
506,421,0.05300141238670326
506,424,0.050857650613074235
506,429,0.044474885870213296
506,432,0.054622987669006244
506,433,0.05153376936604214
506,469,0.05453034726045281
506,500,0.057493707591186646
506,516,0.05214516323972867
506,525,0.05364725906141678
521,2,0.06758703493147178
521,4,0.06312398169632907
521,12,0.0614991808525149
521,27,0.04076894477581768
521,29,0.07828756978506957
521,47,0.06004133616590114
521,49,0.06326860987985837
521,54,0.07472910802259579
521,66,0.08972688008896632
521,85,0.06504312419968142
521,89,0.10177282243285628
521,107,0.07801980404396636
521,134,0.09521460096964768
521,153,0.05765716949165835
521,166,0.0923051866271047
521,174,0.08861305993772318
521,175,0.06151610341228682
521,187,0.06451066042365491
521,188,0.06116697102070516
521,208,0.08862594544757339
521,216,0.07538706919195196
521,223,0.0749705298223274
521,230,0.09725391949425895
521,235,0.10444984873748053
521,236,0.08993159452534318
521,256,0.054109435659666485
521,257,0.05686932000167939
521,264,0.0524667094886936
521,266,0.04434570706943898
521,268,0.0589817517254899
521,281,0.06196142278510726
521,283,0.09038682250403371
521,285,0.06863387768278115
521,293,0.05353153986866243
521,299,0.0662659338300455
521,305,0.10140118764245466
521,309,0.08869323986178537
521,343,0.06949593342108451
521,351,0.05133248415870768
521,353,0.06258572198832349
521,367,0.09408476507958709
521,369,0.05262885851215972
521,377,0.0945245610011667
521,383,0.05301756158560675
521,406,0.09939455923380973
521,411,0.08979221113166481
521,421,0.081672487756118
521,424,0.08914814491319259
521,433,0.06868203489349195
521,435,0.05613294366801591
521,444,0.08653644579616573
521,445,0.06623713485078388
521,460,0.09667985297393628
521,465,0.09181770460228982
521,466,0.06801523444585
521,469,0.05817900913797084
521,475,0.06866823459568216
521,481,0.05804492346914047
521,482,0.08162384138774001
521,486,0.09140296623250073
521,493,0.0717800692509409
521,500,0.07313039092205077
521,502,0.08440360847932046
521,520,0.06255408949330356
6,10,0.1634318055977367
6,45,0.18156263881887094
6,65,0.1597528644293929
6,70,0.09053510877041417
6,80,0.11503749416539442
6,132,0.19771310268016248
6,139,0.172654718735662
6,151,0.15929203479171644
6,161,0.16279552312393825
6,173,0.180647339037411
6,201,0.16266581476340095
6,205,0.18468319104306904
6,213,0.1871012754354329
6,231,0.18528797965147004
6,259,0.11823025224634678
6,303,0.11788888780149057
6,315,0.1665650172816306
6,318,0.11691336580227722
6,321,0.1616287424238149
6,326,0.15288712156523251
6,349,0.10625350672008751
6,354,0.16460768503275694
6,374,0.1700073816660301
6,410,0.1631363006458388
6,414,0.16966682574373668
6,442,0.1770668128843791
6,449,0.11796273522751326
6,487,0.12932624009473276
6,498,0.15619419759385125
6,505,0.1621103842121994
6,507,0.1406569305955825
77,3,0.06710689931190579
77,20,0.0513263581339747
77,41,0.0537564650635626
77,43,0.050400776509846
77,46,0.06806142771179005
77,52,0.06706685245139501
77,115,0.0400101293667077
77,137,0.06920751328009797
77,180,0.052180596142970076
77,204,0.06332379835291199
77,206,0.05208464426693737
77,226,0.06529255885848219
77,227,0.053729548679633275
77,236,0.0709464792854347
77,258,0.0674944454339645
77,279,0.07603959319728229
77,284,0.07190669612849464
77,296,0.07058148072280415
77,308,0.06722254205693014
77,356,0.0681749299189806
77,360,0.03172156198816956
77,375,0.06670232656779818
77,411,0.07388157971695623
77,424,0.06766544839500074
77,436,0.06799390269203792
77,455,0.07871002879637362
77,470,0.06662530139905014
77,474,0.07266403400696779
77,513,0.06794991336226823
77,530,0.03968672223628959
77,532,0.0718066380207174
87,8,0.15813809050704009
87,17,0.09634585461842769
87,19,0.17103803977676607
87,21,0.14916123715907048
87,34,0.1730291916963105
87,42,0.13581644609007973
87,44,0.15509139723561366
87,50,0.14458736707155878
87,55,0.12386491241744284
87,59,0.16852650772210453
87,61,0.16616663356972966
87,69,0.11763256456396229
87,76,0.09248584161352742
87,99,0.11669810792101518
87,104,0.13650927652251799
87,111,0.15926258988013742
87,120,0.1261590881555447
87,121,0.13019104145240615
87,123,0.13132429894528475
87,133,0.1945041495354744
87,149,0.07829289105261096
87,160,0.13594899692156606
87,162,0.15210466167069495
87,168,0.0942275511166278
87,182,0.15342863106177898
87,197,0.1670400117733849
87,240,0.1620774069867422
87,244,0.18419106387767123
87,245,0.1354400112107079
87,288,0.12222488153560497
87,297,0.10099230433190674
87,298,0.09059030897030698
87,301,0.13819302301088165
87,304,0.14877251110135128
87,317,0.10722096821526722
87,328,0.08002774469385646
87,330,0.12034140959640051
87,336,0.14703573568853254
87,366,0.15858076515652644
87,372,0.15339254852044917
87,382,0.0842965153618141
87,384,0.14032012618558332
87,388,0.09398549657204144
87,389,0.14326742140065563
87,390,0.09741205494430567
87,392,0.15630882316138392
87,394,0.12268732991917816
87,403,0.09418976439657616
87,407,0.14553468459076796
87,420,0.18213350478511
87,425,0.16306865336208864
87,428,0.1609278527795355
87,446,0.08706921546836831
87,456,0.1503221566793928
87,478,0.13763143454418475
87,479,0.17171383628275486
87,484,0.12001262580074126
87,492,0.16478557442118624
87,526,0.14848999180389352
87,529,0.1147519136400666
87,531,0.09059994175937051
360,5,0.0330723297324679
360,43,0.03035719137700231
360,47,0.029909407247846898
360,49,0.03135081347379353
360,77,0.03172156198816956
360,84,0.030466952979591046
360,114,0.031493525693774345
360,125,0.03204035030530785
360,156,0.02982384167317897
360,180,0.030911870059420664
360,204,0.030311908287954478
360,226,0.032122973630176556
360,237,0.03132615120046399
360,248,0.031212629259366458
360,335,0.03068704483772418
360,356,0.03108898840215379
360,433,0.03017319169290383
360,466,0.031998811979664525
360,468,0.03079547069659788
360,485,0.030017142775282037
61,8,0.15368173405560834
61,11,0.12311950549739203
61,34,0.15906639170861245
61,42,0.11667345614917701
61,44,0.16975850232404618
61,48,0.1682422942115612
61,56,0.08775642573283172
61,59,0.17456730666058234
61,69,0.10556278889823872
61,75,0.1401440388608147
61,76,0.09434628038441087
61,87,0.16616663356972966
61,96,0.1565681969696756
61,104,0.1661709212113321
61,108,0.16205010316568155
61,110,0.17556289809484915
61,111,0.1608509001939472
61,112,0.1675934197229494
61,120,0.12786624167021418
61,121,0.14204463633023656
61,127,0.12916849930547158
61,133,0.17258202812113577
61,159,0.1379510427371915
61,160,0.16606274528621573
61,162,0.14712992390884091
61,182,0.1720715174572819
61,197,0.1704074973584393
61,209,0.13857615566853007
61,212,0.14651546762974735
61,221,0.1356209470410765
61,240,0.16786862005124942
61,241,0.13792806633084004
61,244,0.17844797372260277
61,245,0.12786073637141326
61,247,0.09672062349708666
61,251,0.1025295723358238
61,292,0.1455486850499108
61,301,0.128195019947279
61,304,0.14179563842139592
61,319,0.16697537378363353
61,330,0.10501071900132869
61,336,0.14956255057782053
61,337,0.16602158740430115
61,366,0.15892636711359068
61,372,0.15586049829993423
61,380,0.16013239592992803
61,384,0.14541863312679548
61,389,0.14373484899854724
61,407,0.15373012038240627
61,420,0.162863670527778
61,425,0.16347973641152483
61,428,0.1619534136592956
61,430,0.1519238146318149
61,437,0.18096266238353276
61,439,0.1636852549774286
61,450,0.15845558023868672
61,456,0.175479509828516
61,483,0.19756005322040404
61,484,0.11567982779698803
61,489,0.13167048699037992
61,490,0.1396768439619486
61,509,0.10164473374376992
61,511,0.17728311219639736
61,526,0.1669590037637469
61,531,0.09139946469536946
120,19,0.12685880244918674
120,21,0.12746905686414267
120,44,0.12938943008079887
120,53,0.13505246831329434
120,56,0.0870432892753941
120,61,0.12786624167021418
120,87,0.1261590881555447
120,91,0.12267486978730188
120,110,0.126696434188613
120,111,0.1267307345908121
120,112,0.12492372189548501
120,160,0.12169586091095966
120,197,0.12445331682463814
120,244,0.12543693924528265
120,247,0.09652407718882847
120,265,0.09136047219267986
120,298,0.10727736874430249
120,304,0.14280570426328273
120,328,0.08901275391045671
120,330,0.10472748617947125
120,344,0.06993826680949691
120,372,0.1304133432341052
120,373,0.06430232844187629
120,385,0.11106356985443318
120,420,0.12499356976068222
120,428,0.12477458918611813
120,443,0.07304637384790827
120,446,0.09164671949935302
120,461,0.10732842770286531
120,478,0.1288862299698127
120,479,0.1318254131246634
120,510,0.06615715891408029
120,526,0.12358372514349236
120,529,0.11165558061367702
293,2,0.049963060297671495
293,68,0.0518952404043405
293,89,0.05850035339715084
293,97,0.052602601607698835
293,109,0.05068734789837267
293,128,0.05097023505395978
293,129,0.0524278924066275
293,135,0.05195411772160528
293,138,0.050353332580591645
293,302,0.0509466143774364
293,338,0.05290181000625825
293,351,0.057161565659203856
293,429,0.04310390768725056
293,444,0.05501703299043537
293,454,0.0509848360491667
293,469,0.05119153602903145
293,493,0.05520330519554796
293,494,0.050426131320274514
293,500,0.05594410664142839
293,518,0.05183115429490282
293,521,0.05353153986866243
427,3,0.11512295529305366
427,32,0.11729157113730317
427,33,0.1334841299712603
427,38,0.12927245366018864
427,73,0.1464408704382403
427,74,0.11783601120670638
427,86,0.12924667098177497
427,90,0.13887705604398956
427,93,0.13789890936181057
427,97,0.09619077810772571
427,124,0.14765835031841454
427,134,0.1327414613842518
427,150,0.12608292462030746
427,163,0.11978505230559681
427,166,0.09860192168155092
427,171,0.13682107854794162
427,174,0.1368076333633492
427,179,0.1456906569423414
427,184,0.13127987368046065
427,208,0.10726379363798293
427,220,0.12060422220398836
427,230,0.12799634117252048
427,232,0.09701680013686186
427,233,0.15114952582333094
427,235,0.08495479347677969
427,239,0.10999857497165223
427,249,0.13547770116120708
427,253,0.12052195322734953
427,254,0.10096809819702414
427,263,0.1228302848707087
427,269,0.12492647314941366
427,274,0.12083144192494293
427,281,0.061985278241926095
427,283,0.11528484122080535
427,291,0.0960189163507504
427,311,0.11918874394102494
427,329,0.14066484377277155
427,345,0.10480516552695042
427,355,0.11648924826866194
427,358,0.09148230473490726
427,359,0.1381682308493638
427,370,0.13696806592498886
427,376,0.10479004989425378
427,379,0.13629588130478343
427,391,0.09962262698850691
427,418,0.15842199656637795
427,441,0.1185403188580145
427,459,0.09480756108263427
427,460,0.10777781142788034
427,465,0.11275232704466728
427,480,0.12278318418166924
427,494,0.10499799166941909
427,502,0.07714440189343344
16,19,0.13659401084816972
16,45,0.13203987829602612
16,70,0.0898834432018053
16,108,0.13541175231085872
16,126,0.13755311567272027
16,127,0.14113907898558078
16,139,0.15407903705625878
16,165,0.13650444639610426
16,173,0.13470920573914386
16,182,0.14543887559746113
16,201,0.14658318607872442
16,203,0.08132278737490814
16,205,0.137046022051477
16,231,0.14713796253460837
16,277,0.13818000203065942
16,300,0.1324801323536387
16,312,0.1361034902245063
16,315,0.14059133785272399
16,318,0.1249060508863689
16,326,0.13608874024604573
16,398,0.15467624234322375
16,401,0.09603543472995277
16,414,0.14082006230090666
16,505,0.15598753134023202
215,14,0.13114083232733534
215,67,0.12936091439056058
215,94,0.15098835217929338
215,113,0.08322411509665457
215,142,0.12208195200889883
215,167,0.08281344442361036
215,181,0.10819483518615484
215,190,0.09150168837101223
215,192,0.14177066569722316
215,198,0.11999100420502294
215,214,0.07061961738634517
215,218,0.13882609586228933
215,225,0.1323216580448248
215,228,0.1374687255003943
215,251,0.10271459596024901
215,273,0.08570517075660918
215,310,0.11517022172453999
215,313,0.07189737218409212
215,340,0.1272884508045776
215,346,0.11911124152793098
215,364,0.05038178057080363
215,387,0.11391912614865225
215,431,0.10989655348228655
215,434,0.1453552973463698
215,438,0.13235954325906898
215,452,0.051733590569790294
215,453,0.1344974770461212
215,463,0.1037120279352168
215,472,0.11446870080486585
215,488,0.09045659897330907
215,491,0.1361333926557798
215,497,0.13664954404624366
305,2,0.06940172333420246
305,12,0.06324516892143271
305,23,0.06926925067060509
305,24,0.09758192078923686
305,27,0.0401374488917842
305,31,0.06678293895210258
305,35,0.0606722926819872
305,57,0.1064029715651898
305,66,0.10854921951689353
305,71,0.0865093780624369
305,82,0.0509944759759382
305,85,0.06344814426766478
305,89,0.09170106780113531
305,105,0.05345882264692701
305,107,0.07106417406187472
305,118,0.07287072252524557
305,128,0.07756575157487
305,134,0.129557211039303
305,135,0.07085035010947514
305,138,0.0957903034666332
305,153,0.059667844205477306
305,166,0.12755265869367896
305,171,0.10698017429979848
305,174,0.10244976956626033
305,175,0.06425257480712664
305,186,0.07336603602381916
305,187,0.0674317259732756
305,222,0.11314012885593983
305,223,0.08022534832743229
305,235,0.09131547313896735
305,238,0.08886344033464502
305,256,0.0518427045623291
305,264,0.05142642496714112
305,271,0.0632712698225477
305,281,0.06331713176691256
305,286,0.06552603888825213
305,290,0.10282975815525283
305,295,0.0704400684222672
305,299,0.06670056030835965
305,309,0.09559886895245157
305,323,0.06249649566905014
305,327,0.10334068326367739
305,338,0.08597924672754895
305,339,0.10683813189659494
305,341,0.09250110243359384
305,347,0.09670618819171135
305,357,0.1014832397697637
305,367,0.10358333257193149
305,393,0.08147045210607697
305,395,0.10159980419122462
305,397,0.08301894216158948
305,400,0.11123370852963976
305,406,0.12286737318656607
305,411,0.10139922714330314
305,421,0.06880409980647521
305,424,0.0985489575575519
305,440,0.10662301547013592
305,460,0.12150320035837923
305,468,0.057514603117847174
305,475,0.0821904763314263
305,481,0.057865673553718
305,486,0.10371811095821071
305,493,0.06524232762164849
305,494,0.12883818614120893
305,496,0.06452069117787827
305,514,0.12569930741146637
305,516,0.11064923718296373
305,520,0.05852569622012415
305,521,0.10140118764245466
305,522,0.08490307302177375
305,527,0.0844421015372223
374,6,0.1700073816660301
374,7,0.1876972950629647
374,10,0.17825832675603384
374,26,0.200573719829377
374,65,0.17140025194135253
374,79,0.23209515404090866
374,117,0.1380344385255879
374,132,0.18463323056860254
374,142,0.1911330098239363
374,151,0.2699745554483747
374,192,0.14594701296812948
374,193,0.13166757259414977
374,198,0.2073549163555368
374,205,0.2044448508781923
374,213,0.22042976262670572
374,218,0.13088326008273005
374,225,0.18201124148640072
374,231,0.2272145468430366
374,259,0.10776590535467455
374,300,0.23505688924245868
374,307,0.13574878994315828
374,310,0.1862622406430767
374,318,0.1176212009455847
374,321,0.1850603496471128
374,326,0.15626617965790635
374,342,0.10216453179328187
374,346,0.13847046627665738
374,349,0.13261684085957684
374,387,0.23121064622659487
374,410,0.20761019676167816
374,413,0.22334860663414238
374,442,0.22903183347507758
374,453,0.12008990471001979
374,477,0.16748501526556384
374,487,0.1271872032639776
374,497,0.15632973161900007
374,498,0.16449250961919976
374,504,0.22291146942924478
374,507,0.1556697656946871
374,524,0.1774978651628957
76,21,0.09812338630494495
76,51,0.06919912925509161
76,54,0.07509439345098508
76,61,0.09434628038441087
76,87,0.09248584161352742
76,104,0.09316841618906957
76,137,0.0928629462956767
76,148,0.09254025897243127
76,162,0.09618687583568607
76,182,0.09360998755493419
76,233,0.09247643245527033
76,249,0.09401700503822293
76,255,0.06010244610241483
76,270,0.04643668180783849
76,272,0.09771468012086706
76,291,0.09934677681212933
76,297,0.10094139830494425
76,325,0.0733394888443125
76,334,0.07068403934005484
76,336,0.0929637697332715
76,345,0.10489046124764231
76,371,0.09258874102415018
76,384,0.09409315904145307
76,385,0.09854159557932717
76,402,0.07322802446928822
76,404,0.07174642698303499
76,446,0.08708623547819856
76,454,0.0910466992959112
76,456,0.09816057826445534
76,471,0.07005537071803673
76,492,0.09829225334859083
391,3,0.10752284169582656
391,5,0.047742093342614554
391,13,0.05401598816550039
391,25,0.09771025545096487
391,30,0.10830905974746177
391,37,0.0944554423686626
391,68,0.08895138079392728
391,81,0.10023658974630427
391,100,0.093658511908133
391,109,0.0803829768161957
391,118,0.07088097668524264
391,128,0.0790069661512624
391,131,0.06257175543777757
391,134,0.10645291586862264
391,140,0.10335545788586788
391,143,0.0633060543823051
391,154,0.07012214502292835
391,163,0.10633440521915674
391,172,0.08355555173610568
391,184,0.09954041955773017
391,196,0.09593439943813348
391,210,0.08170936977656625
391,216,0.07862301831365076
391,220,0.0980136670826622
391,248,0.07242135455016854
391,252,0.07745841873141752
391,257,0.05167783005289023
391,258,0.08355509675782376
391,262,0.05506504828133161
391,263,0.09767096490703027
391,274,0.10381703116881212
391,275,0.05317804299449355
391,281,0.06511514242540585
391,283,0.11049882363286798
391,314,0.043264751466292384
391,322,0.05302896896861505
391,335,0.06809707530614033
391,339,0.10209410315466824
391,341,0.09703016566400602
391,343,0.06469073357268888
391,344,0.07551179257697462
391,375,0.07093553438196905
391,376,0.09981711646374702
391,379,0.09922103199454939
391,383,0.053201804324882356
391,397,0.07796327706368743
391,408,0.09625460366210142
391,417,0.11095301083661187
391,418,0.10990685673934045
391,422,0.09271652441090932
391,424,0.09654358961326515
391,427,0.09962262698850691
391,432,0.08249726453911038
391,435,0.061133386375736815
391,444,0.08800606409624846
391,448,0.09220062680377632
391,485,0.08173284553319227
391,495,0.10431875976494469
391,513,0.10432479129051846
391,516,0.09548361350949743
391,518,0.09207669032548191
391,532,0.07880805391534858
418,3,0.12262683684127021
418,25,0.1142096216157762
418,33,0.1269120507684532
418,37,0.09758083099141104
418,72,0.10662261091565145
418,73,0.1311828798570307
418,81,0.09986727437391614
418,90,0.12307538856511047
418,100,0.09122335165185393
418,124,0.145898377959716
418,163,0.120657817565987
418,172,0.08549221307008521
418,179,0.1369816088891062
418,184,0.12880440528363776
418,196,0.10224846968642062
418,220,0.11245837407602795
418,230,0.12490663612212285
418,233,0.12458625494795114
418,263,0.11864875945373173
418,274,0.12077348456003822
418,287,0.12169395506838293
418,329,0.14401519172644758
418,334,0.07102648338761128
418,339,0.11194569875228531
418,345,0.09689241728211352
418,355,0.13122590314766533
418,358,0.08587748442229562
418,370,0.11774426086010494
418,376,0.10433199861258433
418,379,0.11935150685822532
418,391,0.10990685673934045
418,417,0.11074193470237816
418,427,0.15842199656637795
418,432,0.08577832320384757
418,451,0.09950771163125928
418,465,0.10896655870108754
418,503,0.12006148755034958
418,508,0.11301685717001517
418,515,0.12033737518949573
418,518,0.09455281762647048
518,37,0.10870521667172968
518,39,0.09155614327429615
518,68,0.08487991757518029
518,72,0.10230078922665194
518,109,0.08029596205222593
518,129,0.08136052750121081
518,140,0.09277948312276542
518,143,0.07074091611970214
518,163,0.0923324280554048
518,184,0.10115533882872163
518,196,0.09707291677881925
518,210,0.08100522528067138
518,238,0.09181100574444752
518,249,0.10312492850918076
518,274,0.09232465114361815
518,283,0.09570952260555769
518,287,0.098377429556778
518,293,0.05183115429490282
518,302,0.0654283725058029
518,314,0.04358713352581594
518,329,0.09198595770051302
518,334,0.07536135581062908
518,339,0.09865413433096996
518,358,0.08408193716298257
518,391,0.09207669032548191
518,408,0.09297700162133063
518,417,0.10225186155884346
518,418,0.09455281762647048
518,432,0.07783545463590014
518,495,0.09232076056838494
518,503,0.09313374167859757
518,515,0.09300692094354987
105,20,0.05468615199804373
105,43,0.05634049392807003
105,154,0.06154943250715336
105,175,0.05255155555245229
105,202,0.04326505270103091
105,204,0.06398953049315774
105,216,0.05465705327357059
105,237,0.053690440461431704
105,305,0.05345882264692701
105,309,0.05288288488746911
105,322,0.050730167691734454
105,323,0.0534425802169526
105,347,0.052718891054550264
105,353,0.060437085506168775
105,356,0.05243811241624261
105,397,0.05596565266375565
105,411,0.052854428767140756
105,433,0.053567710428387885
105,460,0.05326175240691131
105,468,0.057978506864546045
105,481,0.05283928016356651
105,485,0.05287480465579808
192,14,0.12276812668162213
192,67,0.15751166136037933
192,79,0.14522385556145376
192,94,0.11473191366212379
192,113,0.07656283942176098
192,142,0.2261221343729533
192,151,0.13942726587954601
192,190,0.08120949941274025
192,198,0.18834610183421657
192,213,0.15536582999870946
192,215,0.14177066569722316
192,218,0.1782303655870527
192,225,0.262396067440282
192,228,0.11678609535181436
192,231,0.13077262815672028
192,300,0.1377395621745059
192,310,0.1937054941891147
192,340,0.10797376089848788
192,346,0.15914597601945088
192,364,0.046675344370971636
192,374,0.14594701296812948
192,387,0.18812967513345377
192,410,0.164292184150679
192,431,0.11323532872824546
192,434,0.11017645712837688
192,438,0.12471986114343875
192,452,0.048665589170618015
192,453,0.15631599509354174
192,472,0.0922989325553022
192,491,0.20373474444000036
192,497,0.22630462847414665
192,504,0.1397801696981698
235,2,0.06513750711660905
235,4,0.06654474764851445
235,24,0.0862596041741827
235,29,0.07976879378093714
235,85,0.06483140611130746
235,116,0.08458221033098699
235,128,0.08125054229284068
235,134,0.09198480851794637
235,138,0.08474835383609688
235,153,0.0602308887008289
235,155,0.09138400089516169
235,166,0.09366820027700441
235,187,0.06470648704021814
235,188,0.05709335239907503
235,227,0.04882500869364114
235,230,0.09186418387817942
235,232,0.0845443253715182
235,268,0.059251297276997926
235,284,0.08693367263670089
235,299,0.06953839780947337
235,305,0.09131547313896735
235,367,0.09009624864314116
235,406,0.09448417385365737
235,421,0.07972630548669156
235,424,0.08689095424277403
235,427,0.08495479347677969
235,433,0.06948175114670029
235,459,0.0855016228155746
235,460,0.09946516512884993
235,466,0.06408525503688171
235,486,0.08623640102278608
235,502,0.0762541586989376
235,514,0.08631933121310995
235,516,0.08585081730974553
235,521,0.10444984873748053
339,3,0.11241290896350413
339,24,0.09220509797882906
339,25,0.11181589099665055
339,30,0.11217722277026564
339,37,0.09207675276126877
339,39,0.10209975254060066
339,46,0.10833390885429364
339,60,0.09604236650743651
339,72,0.09879656571148936
339,73,0.11830478447516268
339,81,0.104183589747589
339,109,0.0860991892719866
339,118,0.07365252405556474
339,122,0.11747468616146761
339,124,0.11411060945401677
339,138,0.10755728408284859
339,140,0.12749429609431975
339,150,0.11225362104902095
339,163,0.1509542242547689
339,171,0.10991735186079954
339,184,0.11927645534077709
339,186,0.06502388077701172
339,194,0.11147074618389222
339,196,0.0977461175688867
339,210,0.08488917441569169
339,230,0.11117555756374482
339,238,0.09157156146037936
339,254,0.10619350990964702
339,263,0.12865302055992303
339,269,0.10936564608551627
339,283,0.1420599641011193
339,305,0.10683813189659494
339,309,0.08232733484741922
339,333,0.08049040590484344
339,334,0.07113901790998957
339,341,0.08685250692122833
339,391,0.10209410315466824
339,397,0.07895512071908425
339,400,0.10039136185286932
339,408,0.0888707321055589
339,416,0.08259944152038208
339,418,0.11194569875228531
339,419,0.10389616561863921
339,423,0.1093279201507037
339,447,0.08613332580942028
339,448,0.07897230680178838
339,460,0.10889380880483643
339,476,0.07059534154976677
339,485,0.07806519388327479
339,495,0.09193423633760725
339,503,0.13727492636488656
339,513,0.10912449482246776
339,515,0.11003259882765573
339,516,0.09677538401608664
339,518,0.09865413433096996
355,38,0.11388161485619422
355,73,0.12274352896857593
355,86,0.11591449012696142
355,90,0.11779820290787703
355,124,0.13588937414809996
355,184,0.1266198273879665
355,194,0.11168680588157821
355,217,0.11078989346660541
355,233,0.12873422092636333
355,287,0.12803913203799594
355,306,0.11813758724538267
355,334,0.07290931055699029
355,358,0.08553439840136222
355,370,0.12254408612481443
355,386,0.11298866491234015
355,418,0.13122590314766533
355,427,0.11648924826866194
355,480,0.11592561558102976
355,508,0.11687620492308741
355,512,0.11454983840154087
355,515,0.1395125550557551
355,524,0.11175839876301813
523,4,0.058284112972691204
523,24,0.0800730510990251
523,30,0.07645155927568655
523,51,0.06908604971504866
523,57,0.07878733927343985
523,60,0.083551338509268
523,74,0.07791116892843819
523,82,0.05961038005345377
523,93,0.08261144332643296
523,97,0.07634593798775098
523,101,0.04021427362979628
523,134,0.07921449355000316
523,137,0.0864308134772522
523,166,0.07943899691352134
523,169,0.051385093134833214
523,195,0.08969981444068306
523,206,0.05394763800130831
523,224,0.07346073717791887
523,227,0.05149166210323645
523,256,0.05097739690368675
523,289,0.07964236480251467
523,311,0.07634292053495365
523,344,0.07127779698519422
523,359,0.08093793073529344
523,411,0.07746054657905037
523,436,0.0839620568131431
523,455,0.0779214757110274
523,467,0.07805525376033828
523,470,0.06530841341832808
523,474,0.08603182276930754
523,528,0.08351145821625124
525,5,0.049388884381577486
525,27,0.04245999123039006
525,41,0.05257756450267304
525,89,0.06371629812472279
525,115,0.04042367829118881
525,145,0.04101152328280411
525,157,0.06245968917303725
525,175,0.06321316133061217
525,176,0.0488141850758893
525,188,0.059744232139617146
525,191,0.06200933665128714
525,202,0.038072738984003686
525,266,0.048891554217517105
525,267,0.04628002644876629
525,282,0.05013647410724193
525,309,0.06063424760656334
525,327,0.06416744961277838
525,335,0.06083948399324407
525,338,0.06049531687976474
525,347,0.06433977398298082
525,351,0.0487658870061426
525,353,0.06570208654723528
525,393,0.061963556469435487
525,412,0.06272827563610807
525,415,0.06049958436452846
525,424,0.06571293829445835
525,429,0.04877382030831854
525,432,0.06336620723241002
525,469,0.0647916100324892
525,481,0.06307746242364125
525,500,0.06388504756135309
525,502,0.06056411820581618
525,506,0.05364725906141678
525,516,0.06102032412593545
65,6,0.1597528644293929
65,7,0.15888945059241452
65,10,0.17754701208178605
65,26,0.17864865600110452
65,45,0.15600680770630426
65,79,0.1759547060017008
65,80,0.09865689176738379
65,117,0.12510492146193314
65,132,0.1913095310532054
65,139,0.17382768333890253
65,161,0.17440646386230846
65,201,0.17072928289019162
65,205,0.18985927926921534
65,213,0.17719272812806455
65,217,0.16830471361792465
65,231,0.16765012488776634
65,300,0.17218720341465207
65,303,0.11336030536662849
65,306,0.15322065270363722
65,307,0.13050408345267336
65,315,0.18419767846501076
65,318,0.11375284978487922
65,321,0.165201786384058
65,326,0.1765217988425771
65,374,0.17140025194135253
65,386,0.15362931089355572
65,413,0.16448767685363438
65,442,0.1739117384199475
65,477,0.16170286063691305
65,487,0.13499100876633024
65,504,0.18178700797019554
65,524,0.17210470748138065
100,1,0.023242762081927704
100,3,0.1000938419331644
100,25,0.08863863544059383
100,72,0.08817470615580782
100,81,0.09015426589641815
100,109,0.08567357742514
100,114,0.049119467389869206
100,116,0.08819250728879491
100,125,0.07112691977686302
100,146,0.08625529325766437
100,155,0.09413380826957993
100,163,0.09470518605270628
100,220,0.08461183915634207
100,283,0.08771122845047771
100,284,0.0868512991377046
100,314,0.04461653135359481
100,343,0.06992002468426178
100,365,0.052115899109649005
100,375,0.07559148165411175
100,391,0.093658511908133
100,408,0.08869640023705017
100,409,0.06271009733729759
100,417,0.08940727217625308
100,418,0.09122335165185393
100,422,0.09057412285220216
100,423,0.08678273895133222
100,433,0.06821408809174523
100,448,0.08561564184080873
100,460,0.08761551554182215
241,8,0.14047370941414333
241,22,0.08031992862197271
241,28,0.1382953864236293
241,48,0.1309791811924496
241,56,0.09131559516447064
241,61,0.13792806633084004
241,110,0.12923674919896275
241,112,0.14320994977788143
241,197,0.1391493572213394
241,200,0.14684857436972962
241,244,0.13045714552365553
241,278,0.13313715255514072
241,366,0.16371153996667173
241,398,0.13002257939698436
241,407,0.13063873207346968
241,420,0.13765025878324838
241,428,0.12973046069489494
241,437,0.12935712771937452
241,450,0.1322344276123966
241,456,0.12921559678129277
241,483,0.14290518390745674
241,492,0.1338394607950626
241,531,0.09098626090740047
258,3,0.08431942756689977
258,9,0.0481006504149993
258,29,0.09102793267331825
258,30,0.08235451336825796
258,46,0.08054950827327557
258,77,0.0674944454339645
258,97,0.09136336298099282
258,116,0.08336706857896567
258,134,0.08164301442181342
258,154,0.06332863979327145
258,155,0.08428932954788577
258,170,0.08537337320597785
258,206,0.05504480185601016
258,239,0.08569602927431066
258,250,0.07961851386744746
258,257,0.053311009111575026
258,284,0.08756594836744128
258,314,0.04476314321665911
258,391,0.08355509675782376
258,409,0.06272641258453288
258,411,0.08348147865865653
258,417,0.08190003302936688
258,440,0.08105165921383509
258,455,0.09401682222706455
258,458,0.08121175443943879
258,482,0.0811494477486431
258,532,0.0836984589951639
296,18,0.09684516923495888
296,33,0.09558174709535426
296,46,0.09887820210523036
296,62,0.11491356596724026
296,74,0.09565029679444184
296,77,0.07058148072280415
296,136,0.05217692961944233
296,150,0.09529920751587265
296,155,0.09619501773727468
296,156,0.06674146079785533
296,170,0.09547404111930781
296,179,0.09562788497379059
296,185,0.11141622038729715
296,207,0.09716754549963184
296,219,0.10451331090321311
296,226,0.07066618266008454
296,243,0.09512595329938535
296,274,0.10878248165460312
296,279,0.09226342853790483
296,281,0.0628843839952748
296,285,0.058314381216999514
296,308,0.11365758295256846
296,311,0.10433515161688962
296,356,0.07416726168222047
296,365,0.05553141880500287
296,426,0.10962630410584452
296,436,0.10564178384504613
296,462,0.09744567070796692
296,480,0.10149346265826086
296,485,0.07556090235874285
444,2,0.06588251077621313
444,4,0.062111388741518024
444,41,0.055298328152878135
444,43,0.05231745770458078
444,49,0.06725207734519008
444,54,0.08145451322792709
444,66,0.08792667269593515
444,68,0.09627200693448067
444,89,0.08810460705087034
444,107,0.07407758069797642
444,122,0.0812017998345982
444,128,0.0847408255664389
444,129,0.08624309975824172
444,134,0.08217926672209484
444,157,0.08666474454311035
444,191,0.05792023842105675
444,210,0.08256173448855154
444,262,0.055458747983193446
444,266,0.04389749112140043
444,283,0.08989848990218885
444,293,0.05501703299043537
444,314,0.04491835543461931
444,320,0.06052609614700274
444,327,0.08611333073017742
444,341,0.08472639128246885
444,343,0.0667359049197252
444,347,0.08482080438889023
444,351,0.05013290384673616
444,353,0.0643668283183174
444,391,0.08800606409624846
444,415,0.06651531339136797
444,421,0.06883734186992631
444,424,0.10780045112097374
444,433,0.06974379014425765
444,435,0.0676936691498459
444,445,0.06790016721158453
444,457,0.08694141938715831
444,465,0.08149003950320004
444,466,0.06407056393301706
444,469,0.05995948918371604
444,481,0.06136836811065916
444,493,0.06566704658269286
444,500,0.07970680687763608
444,516,0.08164464322935595
444,520,0.05609566484444919
444,521,0.08653644579616573
18,15,0.1109989299002542
18,33,0.11814725664339215
18,38,0.11174875535342646
18,58,0.11097123228470737
18,62,0.11905927804459428
18,73,0.11267844788221627
18,93,0.12054434103523573
18,130,0.11887586966754057
18,147,0.11721143676616069
18,179,0.1138751195308006
18,253,0.11730273260906726
18,289,0.09978288627415711
18,296,0.09684516923495888
18,311,0.12543859654435952
18,359,0.12336668148616287
18,370,0.12251332753426505
18,379,0.11212179777046337
18,386,0.11211330390985921
18,440,0.11390256495398181
18,462,0.08929410574007035
18,464,0.12085604252235517
18,480,0.11518614973479735
18,503,0.11252726839125901
18,512,0.13217063724052103
442,6,0.1770668128843791
442,7,0.1603050389910587
442,10,0.19546582124910453
442,26,0.2250977167413251
442,38,0.15324305091135068
442,65,0.1739117384199475
442,79,0.2307058946926353
442,90,0.13035707605566865
442,108,0.16082979247843518
442,117,0.1311738305340854
442,126,0.19632126431954394
442,132,0.18450400018468147
442,142,0.16704619393992132
442,151,0.28157796873214674
442,161,0.20346031273622475
442,165,0.19855307886712853
442,193,0.13565265854858063
442,198,0.19315956966310535
442,201,0.19944099978924287
442,205,0.2403931920868326
442,213,0.2299673690420321
442,217,0.21395790653889843
442,225,0.15624240882536478
442,231,0.20728126935596225
442,260,0.12046606341642348
442,300,0.2512096807538828
442,306,0.15054914708278072
442,307,0.13203524103837921
442,310,0.1670728257919354
442,315,0.21356540868962304
442,318,0.11129127665744107
442,321,0.15545007722614038
442,342,0.0974330744820158
442,349,0.11980138304957734
442,370,0.14327063987013616
442,374,0.22903183347507758
442,386,0.144875897386691
442,387,0.19275717582509191
442,410,0.20036254140740511
442,413,0.2327672903308263
442,477,0.18317332566147324
442,497,0.15590645702804176
442,498,0.13974886909939355
442,504,0.25317017658183677
442,524,0.19352259307974892
13,41,0.052922695588242086
13,68,0.057350627019464716
13,81,0.054635309653194616
13,84,0.05681978131678082
13,125,0.05890982122259851
13,145,0.04017083662286465
13,175,0.05472110360504315
13,262,0.0616052072198944
13,309,0.05360978322834163
13,322,0.050834833411019804
13,323,0.053596568931212216
13,335,0.059857863729837105
13,341,0.055111918181132834
13,353,0.05775886892765128
13,363,0.05623171538960022
13,375,0.056778078330289125
13,391,0.05401598816550039
13,408,0.05491874559882481
13,419,0.05504825684888706
13,422,0.06617212556683817
13,424,0.05869709935613104
13,457,0.05343573844140792
13,516,0.05806441223284587
133,19,0.1595280061576664
133,21,0.14408973313881424
133,34,0.1559221465559451
133,44,0.16790317402829577
133,55,0.1278632812647271
133,59,0.1837460475492868
133,61,0.17258202812113577
133,69,0.1152787506292714
133,87,0.1945041495354744
133,99,0.12417748001163618
133,111,0.1463487944694318
133,123,0.12220471050233375
133,159,0.1320181013340445
133,160,0.14316272168510333
133,162,0.13579444254785858
133,168,0.09237105392107936
133,197,0.16393554885529826
133,240,0.15106973902396661
133,244,0.17055179187222982
133,245,0.1310342153108748
133,278,0.1463902820752538
133,288,0.12587878268074906
133,301,0.13801089000934436
133,317,0.10819936163527348
133,328,0.08881457104501918
133,330,0.11902016773484571
133,366,0.1513640780056833
133,372,0.14812686561177138
133,384,0.14525797561487042
133,389,0.1422764138165137
133,390,0.09723102435189468
133,392,0.1531113729725835
133,403,0.09171994214919063
133,420,0.15768782170828635
133,430,0.14067510156272167
133,437,0.1494228573728437
133,446,0.09072526759445043
133,473,0.14935703510219447
133,478,0.13662832817210113
133,479,0.16528476312139004
133,483,0.15221450076797452
133,489,0.12954458803566585
133,509,0.09772051510798498
133,511,0.17143460933609034
133,529,0.11469277037067167
