node,PC1,PC2,PC3,PC4,PC5,PC6,PC7,PC8,PC9,PC10,PC11,PC12,PC13,PC14,PC15,PC16,PC17,PC18,PC19,PC20,PC21,PC22,PC23,PC24,PC25,PC26,PC27,PC28,PC29,PC30
1,-34.93001043782453,68.7599215171188,45.74551150607676,1.4572024676350612,4.16977622922188,-0.9607338883695516,-0.07435877748762064,-0.37127376108591537,-0.6745121209737759,0.559907437849625,-0.6367343275457716,0.8150456997603418,-0.1657574381223931,0.695113212150256,-0.6371721227055555,-0.05527395672819251,0.9943562459060583,0.7260688268851552,0.21677261927540994,-0.6788984417956803,-0.42853897703998045,-0.3365671772171515,0.39130634682928145,0.5664150354027067,0.4222435071216453,0.6742988960443608,0.40446414859160096,-0.3192601202423249,0.4411565133938843,0.6608005007891387
2,-4.93213284858216,-3.670345519328151,2.495287340717488,0.10646530997615679,4.000369132975837,3.2856787579113313,-0.5930553817457186,-0.22953096410500157,-0.3509693526904071,2.2830647044276557,-2.0764268406145825,2.5070475685220672,-1.1558285476525239,-0.3116707625689827,-0.605733833021608,-0.7580133448589836,0.5057935496306036,-0.6767717261796654,1.396676609400218,-0.7655962428765073,-2.5687641761324036,-1.4102610045429158,0.30880178815091597,-0.18264588602717358,2.315852130944778,-0.007442086408790139,-0.943139428801712,0.14626973066089904,0.1853672484393584,-1.4940759546952114
3,-7.03295473884451,0.062400646591546725,-1.6412155620669708,0.6669046572470266,-4.3696365529367185,-0.04427612955540451,-1.424818453944628,-0.44433198973540283,-0.5655047580160744,1.8284240908991845,1.5084753109938998,2.7076580539635438,-2.483251249248298,0.0015839837369802144,0.32251290388809645,-1.9698969075366448,0.8227914075607242,-1.2772826331742297,0.15154568626153586,1.3529512384774427,-0.876855332214488,0.20489023051250516,0.42174255929305615,-0.8805186974491442,-0.5105235792658732,-2.533678796866285,3.300198006301138,0.4790556561081423,0.7224939500592986,1.3998352594804315
4,-8.222508501037185,-0.6523167810801923,-0.12891648070972234,2.4334760339081627,2.2420737845417817,3.225075706659223,-2.617229776019258,-1.2338038041735884,-0.18910292824649147,-3.2632295799333026,1.6161255727822132,-4.738738461372643,0.9425776406358591,-0.17484565717373543,-2.3055631411612114,-1.568969366206,-1.9490895935664916,-3.2650778465960215,-1.9889647906832033,-1.5950339310397996,-3.6567770214324096,2.1210643690772524,-2.370462243528473,-0.30008666232524156,-0.24136457528564687,0.8905117230740147,0.9944520890276856,-1.7671067695436542,-1.784056218803395,-0.39973446673724294
5,-9.56776131373318,-1.1760677803257196,-0.2382430076629814,1.6737400682630856,-2.949505975035788,-0.10801533446480564,1.1676485957493148,-1.1022543707064574,-3.859713261757214,1.4886039492290637,-1.5286892136418568,2.9752014850780264,2.8469786580151535,0.4635793496858971,-2.1516924859884754,-0.054516034442759556,1.8082790407749139,1.3747226816493427,1.3730900949880003,0.36058029155221516,2.733153607737312,-6.0505391216139985,1.22352078844276,-2.37434041464101,2.7455542929777637,-1.6865656444039,-5.8017781438301,0.786417183228336,0.27394495396946733,2.478691975886696
6,4.531695835823852,-0.29484078347084247,1.023832775735597,-2.1793006918814353,-0.9856924009408,-1.0558121008987014,0.9349455586606161,1.9072018010960337,0.9958548996629357,0.9905950741638587,-2.5001202543833307,-2.379363182843644,0.8980263452845533,1.2559528699543938,-0.5534142116283441,-1.3357033816428767,2.047260098403788,-1.09033668720971,-1.4917214405428767,0.9392060696883343,-0.392078056195269,0.7663990841755215,0.006125514353831021,1.8656967486015237,-0.2540739371610614,0.10687398891377936,-1.9067942770435566,0.8753487021646188,1.4266359293313353,-1.2515418752812708
7,1.8154649044088829,-0.6969809760307885,0.06373204533559093,-1.5175085922924794,-1.7355824231055634,-2.694004455968797,1.5346952312842235,0.8978645122632086,0.33084664226011945,0.3755370317368944,0.43490157973437105,-0.13459529407311888,1.8095690583026167,-1.9695279118966411,1.8825422456848264,-0.30283439275693,0.9924856082027045,0.7109502195306429,-0.43045160643149044,1.7463336896118464,0.2975730793622109,-0.917491093999606,-2.0254202264722165,1.1305619259951316,1.1888058751325465,-0.18368792514085808,-1.3866440336400228,0.4971568667860321,-0.08522716108225367,-0.7070489511026489
8,7.83679851118259,1.898325707781805,-2.0019754508898466,1.2236824042500045,0.01115710842406318,1.363484479696722,1.4516275493177888,-0.9234005747319508,-1.7271412720218353,1.1942051860257707,-1.7403386834341468,-0.1661666935061473,-0.15328328588219786,-1.739130203614235,-0.9826938109973854,0.6167920564791022,-0.3424409509910126,0.3546929785055442,0.8596829112619884,-0.2948993411633089,0.6591951265586569,0.06284140588449143,0.38528059929563147,-1.6343011982233602,0.0075764990239405,-0.59680347855855,0.2962443392114838,-1.2713700139705284,1.8388414158652695,-1.8399794412055375
9,-7.686571013259976,-0.09421140456057205,-0.2028092711784532,5.034632582858042,-1.2839002976661948,11.272716979875891,1.0079591624750346,5.888991898986009,-3.143589142626914,-2.015508990701697,3.9750442757494002,-0.8308176492182803,-0.4817935288801558,-0.24158926240835646,1.0878298278929115,1.412967601899612,-0.2251662619060087,0.31443439195238004,1.9049964412626021,-1.7035887211205045,1.281209675718634,2.30924970076206,-2.44412365028831,-4.855954663393757,-3.0620241502645986,-1.0091203329773737,-2.5212863441667372,-1.6939195528151882,-0.14143013859564116,-0.3708673028726154
10,3.5255081506170978,1.6415529029784586,-1.9388942772032738,0.6070520938237218,0.44207319665748407,0.4274945130551338,1.6106060391306454,0.4415811733415655,0.3505230382294125,1.7270513053831849,-1.317481445754435,0.49768087925184284,-1.0323256527593583,1.991236607071273,0.5110654659006986,-0.31618600696892724,-0.5480704868086107,-1.1517811259869424,-0.12061069666297117,-0.3559076636289529,-0.4563205614473848,0.5432126627536525,1.4588238626303875,1.2362074143818125,0.33856362208906454,-1.3135102456028216,-0.9564713274808028,0.8879042313681538,0.22108993348733771,0.666485719003149
11,6.707954976785895,0.32630112101819975,0.9815664228634432,1.0974859273900583,0.5779541452068373,-0.8315747455679966,-1.9959501379316154,0.16628075108880033,-1.132276056185901,-1.262578903680356,-0.32038022751936446,1.9944174804952401,-3.756385578299551,1.2310742762591798,-0.8431542545641351,0.9504233240487947,1.789297631313657,2.535775626266493,1.1037993057466882,2.3794454061896846,0.489695416262765,1.1742103478776265,-1.3325262885820321,0.09499026429699645,0.8867993272077973,0.21548647445619434,0.8268449925497918,0.13525508791475335,-0.4505986624842724,-0.22818740569618204
12,-1.936452127753972,-5.029597707161328,4.5771550775872365,0.18761046896027134,3.127168714089871,2.6988687482453138,1.6132832579149425,3.627615318096522,2.602869143029827,2.2842169103190466,-1.1160639737030023,1.2091860140275745,0.3998600175397034,0.32083244914884984,-1.2749196184901344,-2.430127581793265,-1.2596721033573366,0.1328532292629323,0.4240405899855275,0.2719261057634884,-1.3053108694382247,0.24810779402246053,-0.28168867552207694,0.06862035879743392,2.2571702285186936,-0.10562836473595977,1.929796907890663,-0.2999323546394079,-1.3496897455776662,-0.5708513175720683
13,-4.75742522683621,-0.5915311596816049,-2.212384299662843,-1.919965369179665,-5.172214658589598,-3.1963644825462834,2.381658598500455,0.9772268607502863,-0.31492538030261685,2.9487498998315442,0.06836312929157538,1.0141337765975824,2.867975498992459,1.537520638542184,-0.3014481694270831,-1.3843226933669983,-1.3924407122262215,1.0480491425184189,1.2599636733686763,1.9759091871934638,0.13152693220103331,2.1005654643389264,0.9549645599628862,1.035642768346978,-2.413357642019765,1.2231496304393685,-0.8742526266783033,0.005283485317225537,1.1320665348914298,0.3144623988132273
14,7.734247189749793,-4.034347449066521,3.576277600906521,-2.2985388815634735,-1.9829772668129302,0.9679799747169143,-4.985291352005702,-0.1994884685721625,-1.9151826816457471,-0.1365648373288138,-0.9050282065898957,0.20189992157951633,-0.006121196709095343,-0.44961997625922456,-1.111149357628351,-0.967748943816175,-1.482947010499839,0.07083968109056217,-1.1860432048521223,0.2902017187850228,0.7021976557505339,-1.4185151438758115,0.0017108948558901878,1.4319066908981979,-0.9272998272747809,1.0722632879094505,-0.5221563849082372,0.8137502597860452,-0.6841312856766691,1.145565655524276
15,-4.7466787310194745,-1.2127031837116922,-0.367652989397319,-1.4729918798147876,2.786117922937329,0.2121690350683956,0.06906319671182681,-2.969385011178864,-0.02437183274907303,0.8785880565185221,-2.761019439054595,-2.579580420427845,2.4061932078640176,0.942821235632868,1.8793872369000555,-2.234708256231736,0.28735681900683957,1.1171675677037962,-1.547782892675225,-1.6494272357561321,-0.26242484199215693,-2.1233361983255965,-0.6210799155590294,-2.2241406865962285,-1.4142777807712004,0.6623968791024327,-2.948186401777507,-2.5447079629306466,0.6274602168929422,0.8229723412532837
16,5.3268842109169805,-0.30209300936725375,-0.2712955829073802,1.0480847965100815,-1.567899403317143,-1.3785733714172614,0.06549788870333072,3.912203830411599,-0.48737036858922345,-3.116249477233805,-1.5782950298821337,-0.7975186632189114,0.48760435178563166,1.8182646143440273,1.6695928148228039,0.8613476136958872,-1.9657399726092843,0.14418112939287456,-0.3443399323288121,1.555084917043562,0.6968773287166009,-1.2126310216906446,-1.5276403386197919,0.1885097100891619,-0.08364308933332038,-0.4524681689015644,-1.3281651960384995,-0.6972310776819722,-0.6714239329572552,0.35655373204025786
17,8.452138002632113,4.173765005023163,-0.7593774494385177,-0.16775132830560108,1.580751279605805,0.2574120678626272,2.2452438613257972,-2.1402330158918037,-0.10661260986539883,0.5785834481861178,-0.4627414921663607,-1.2389681321743373,1.211150798535973,0.5917830472062705,-2.566983184326,-1.256836646164703,0.6607427402602144,-0.8148769956429242,1.8097870893450851,-2.0344499215745224,-1.9684845963289526,-0.07917678151413068,0.8924795204935062,-0.35494539604738967,-1.7690802772465348,0.3670826587426274,-1.4598517360365304,-1.5188412469619088,1.8796784144149008,1.5119798679166827
18,-5.363841400007739,3.3501403098543032,-1.9428252665985342,-1.8855621285245006,1.0062255694597602,0.6348920826436161,1.1312165080434053,-4.07101836057897,-2.244692624141967,-3.421121697285963,-2.5528756049062316,0.06412751028352762,-0.7493457826279942,-1.5216314650073246,3.322760886808692,-3.9703563674022835,3.0471227442252946,3.786171789869359,-0.6061509474228458,-1.4715736583787886,1.0675114124071032,-1.320901879836037,-2.4865145339105132,3.1399232258642913,-2.214802752218074,-1.8367209437997842,0.8696330816611665,1.6510621128290899,-1.0594152269050543,2.596901979795106
19,6.915850835555275,1.9290946622282472,-2.1570948621021664,0.9910896442087855,0.7291547114097838,-1.4788122697901078,-0.30642237962064633,1.4236411776020523,0.8234239258707259,0.5373195554822043,-1.1466732960817425,0.6567499208420787,-0.027294665481742985,-0.08399649248349488,2.5869790043859093,-0.5391137737227324,-0.4118716907649333,0.16449971913248715,-1.6481594450110377,-0.6459975096206202,1.093023325214166,0.40805647478974283,0.2545989034317547,0.5450278806910641,0.36454413512196826,0.29701055837042173,-0.6250946660337928,0.52608239956968,0.74601931425508,0.3133299169146457
20,-8.89074014393301,3.0537951138290467,-4.051028316856539,-4.2990161145556645,3.013039345952121,1.1832753375058698,-4.689516924904502,-0.8612516040170659,1.0682099433985806,0.7012293513739789,-2.0218639682286303,0.7224420549584329,-0.2035025442303505,1.870712878988814,3.917546408628354,-0.5184918167283084,2.2375558872689143,-1.6873277593981912,-2.4266823675612517,0.21982235260846122,0.29121820540279614,-0.3870605748601181,-2.3544134344405028,0.06202617408012227,-1.1678488684056552,1.1922998801069493,1.2625744026986452,-1.0044811754686465,1.1510611289941237,-2.564444935600164
21,6.955666256121002,1.6543970613500287,-1.6288173448021408,0.7490381955411188,1.6414137878500754,-1.0099537604301865,0.21418864082479314,-1.773488975041064,1.3694763402308705,1.2551301608703245,0.5343608333197213,1.2704782916072523,-0.3253710879847581,0.8783529947463111,1.0982459923362822,-0.22849165624731976,-0.866658786824145,1.711362133812996,-0.5385089872444702,-0.5822426221733218,0.30660804550503473,0.24844422667621346,-0.24863737252250329,-0.5233775624010373,0.6200354258871846,-0.07937189557525826,0.4360719545744214,-0.28181700137845994,-0.8077629448819501,0.4028239586551084
22,9.687942714878197,3.672701978850165,-0.7875212617827198,1.3708917303830588,1.9335746611226594,1.3073993111115196,0.4739650681045032,-0.3078869206504137,-1.5438787209091502,1.1200783982382847,-1.3608246354649407,-1.3129734767484562,-0.20929595147820979,-1.7786874217611475,-0.034167013932813205,-0.5013622807930962,0.4547852578697275,0.7656604401570652,0.8949403608745907,0.12558884781144922,-1.6825885639500096,0.29584118781241703,0.8067246619111739,0.8351522239956747,1.172430821530938,-2.2232283835699387,-0.20388806226100312,2.273808757325716,1.6172583866766652,1.4951291086130218
23,2.5873538130109863,1.0469091921178306,-1.723002693809602,-1.9657077791407946,2.0209058767972805,-0.26983021137999263,1.2068180995836602,0.6626122562704844,-0.4313038533043668,-0.0006110099608995741,-0.18704713745634166,-1.3681828153940565,0.4937736391950175,1.3837636099785253,-0.7082872177036845,-0.7529182476225832,-0.6267225981493338,-1.9814306241764017,0.5984911077077186,-0.40577860883072425,-1.0011434717212877,0.4141429399776902,-4.0587230690622365,0.8970077780304005,0.30024701492093103,-0.4938656885567816,2.9397020837381036,-1.4938876900560005,0.6957109055672359,-0.060276640100813315
24,-6.975893222120523,0.44909471477963553,-2.4951458111416165,-4.174581669913728,1.778812230478049,2.1186640958526834,0.8658583150690009,-0.32613922029316933,0.4136452726752328,-4.160856836523759,0.8119970668874422,-2.147814898503422,-0.9785435248847659,-2.463398498456415,-3.6361111480816084,1.5369672147118276,-1.7626478180742402,1.1300361367699951,-1.6290189959041175,0.47314038476215997,1.3607688604256984,1.1174716144684542,-0.7822801045664232,-1.8133238678069972,1.814274174668001,0.7864975867448427,2.302937081701837,1.4849776176593,-0.272948626248095,0.7102598614816674
25,-5.46968463776235,-0.2833662548558766,-0.27112196913433334,3.7787909385808245,-3.7550676740544637,-4.221172769580827,-0.09185947568014892,-3.310041529944742,0.007594354380640007,0.5245851908753922,0.23012230677119946,0.48944114771614255,-2.979720386780099,0.6715463016486631,1.2303069093519723,1.318897227026167,2.4508159054919694,-2.3759389601244996,1.891203203286999,0.6316712168551639,2.6866193694089895,0.25530117456452833,0.7441063006204451,-0.2579254713166835,-1.4128288786382335,1.2867786680778004,1.7313059764935306,-1.8204997861857026,0.6700612104290141,1.1693816449289847
26,2.831294306431758,-0.308303382211537,-0.481904132087111,-0.7226569578178301,0.9423443878778247,-0.011770707654260427,1.1702978057116535,0.5370914647595368,-0.5006373410498959,0.04542853916580036,-1.018230844960606,-0.25754261076321633,-0.9234168471891461,0.29731298935217715,-1.2929770593324938,1.0970477730010428,1.3017757227788143,-0.2568614901090891,-0.7343046485969913,-0.5044917978509045,-0.5516757588305728,-0.7015385874176586,1.1945108371443631,0.7997173140209782,0.5879949725551274,0.7621651919179567,0.4984305655463223,0.832874653958168,0.01054824036254927,0.6052377193316195
27,-2.347841641035115,-6.650146630179908,6.320453773784097,4.796467519800153,4.137201089401579,4.047831976827136,2.9105821927890485,-0.41819343454671654,1.131963429249689,-1.4375867037231982,2.2027805098648963,1.6278613434508007,-3.1793990411397637,-0.7640942489888842,4.155621300575705,1.6083929354662707,3.2680247181329882,2.8560331092392386,0.8933147831031915,2.5824320198082567,0.3761927233253364,-0.8347268681222129,-1.0412417013664268,1.2154892528505987,0.2336043089707295,-0.7912980562638601,-0.6441146494630505,-2.8945316687100253,1.2033525485767627,0.4173191501539656
28,5.326927116389654,3.161209299412459,-3.362868749324865,0.37519691436562425,0.323895899841247,-0.13941699218127218,2.199404460499936,0.5413269060768682,-2.2880027228816564,-0.7276236523653988,1.2302166340562262,-0.18776685167939802,-0.2587079428509983,0.005706706755100424,-0.22783145389904688,0.13738186867659466,-0.24178202553351402,-0.28477883743545873,-0.969295128604632,0.39848019084234665,0.7927586695518708,-0.1694751592911735,0.25314942739289964,-2.6657501118965334,2.3586882660781545,0.5788454799000563,-0.08390908811903447,-0.4620210483336332,-0.6727725989064923,0.6212475215250779
29,-6.00464042719762,-2.197493469405402,-0.20768084521586347,1.4135131710668534,2.938452235926939,1.4538909255272905,-1.567694634982792,1.6463885519479442,1.7490019230067302,1.2341494651528857,-0.3728649839554448,3.292815749967948,0.7364636943149668,-2.655790003125865,0.6246548549528503,-1.0754605015376888,-2.6475012730148957,-0.2818655892474912,0.17266192456509935,-1.7657790939559277,1.7831330522721882,2.2510131159819564,0.09650472051717439,-0.28064356156595754,-2.4769255734509508,-0.6134026941941804,-0.5537735264377378,0.14342789257670377,0.517153286862466,-2.480099725013992
30,-3.2036286395921274,-0.6498679643268906,-0.6410612744555721,0.820862164857373,-0.36634279818454624,-2.426610745451911,-1.135464232595142,3.6469654589895093,-0.46099178095669197,0.7596795018537232,0.4446170408336114,0.6695280747587274,-0.9678937291755713,2.793988682432231,-0.6188704543393607,0.8216927151945635,-0.028210864375529287,1.4732439196357254,0.8072267127008307,-1.6061466116517187,0.6905786862181194,-0.2892309126715408,-0.5408921986686107,0.3069591078948956,-0.21204905691530443,-0.39363220980699926,1.8782412197977962,-3.4356904992354926,0.8474488333364577,-2.7924170850898014
31,-4.608748838951335,-7.660281168618619,6.777168625766204,1.3984329833594424,4.994436087795611,0.24709267305821356,5.515538988872019,-0.5717168392190576,-0.8120756191038945,-1.8819474041515833,-0.03553586499285136,1.1831470954179308,2.6835842250978743,-2.2334421805546114,1.896357603978682,1.189199180692475,-0.3245831478504241,0.8824523884580263,-0.8318953800621189,-2.0061151613152783,0.8303687506173244,-0.17752514421556814,-1.6811535249318137,1.1821933750211184,-2.0265381604745514,0.1751086280320128,1.6715601485121596,-1.5395763467349894,-1.591643502658129,-0.06279112799818595
32,-4.0640725637312105,-1.1318786242154835,0.4809378922103627,-0.7420337315191654,-0.4585854789559167,-3.212440741936148,-1.522622813362337,-1.7175979947856246,3.303294291260604,1.2956485559797086,-0.5113976900982682,-2.5759999294955245,-1.4313999007487421,2.100771117171985,-0.01921166091248277,-1.100181941129072,1.6643884771835171,-1.7382173172199702,-4.300227834427689,-0.6534512913798334,-0.03704385337664207,-0.006519206685813332,0.6261606987322546,-1.8092034332369773,2.234760136429839,-1.4811034507966947,-0.6348412942765205,-0.48801932055065284,0.47632293362430506,-0.05416902506045268
33,-6.760759460904728,0.6714775473331404,-2.4999681982525312,-1.3573038555803159,-0.5950649427824586,1.096953212434151,-2.8078021342798047,-2.0660919633032684,2.0522841527367595,1.0589973675531,-1.8144736679906432,-3.4206758805404225,2.372777276523219,2.8021706678864704,-3.972212389427561,-2.7880302037053446,4.326376599809003,0.4549309107844456,3.645967626577084,-4.113045866969232,1.223175696466614,-0.6308054942902289,-1.9462711301612894,4.905599266543083,-2.5802661792378303,-2.4086940227459746,0.5832607850672343,-1.0621554056658218,-0.5032546928229504,-1.3174320882867014
34,6.503301555508476,3.0262755404428776,-3.1699202182772086,0.6790261688171849,0.864316769146778,0.29521133767981955,2.4368770461591653,-0.9364959572587621,0.6274485926716438,2.1257764982765286,0.20161356928516738,-0.045021056122290445,1.160741553547866,-0.254625876935854,0.4048675767592537,-0.7342907323563032,-0.40971661451736696,-0.6894387158015352,-0.2625309979240602,-1.135132772940486,1.1279752622860812,-1.3304678222352455,-0.8210537546628336,-0.20828727024070284,-0.02500386421903191,-1.0570579590699252,-0.4681046908168299,-0.22492753734354792,-1.182825853407084,0.7556252902493185
35,1.3829204635929582,1.6435469306309107,-1.9573480897956665,-0.7230443453259525,3.4726651102506327,0.11504399216363632,-1.017600463466608,1.3650377199410562,0.22016521029097458,1.5633308823738654,0.055578844037418064,-1.2590275775437882,-0.18109973871332247,3.189648376423205,0.5053017910815012,1.0248642951733264,2.4584465537485505,1.1876290616600995,-2.454585936962328,-0.7894571366070379,-0.8141423885571263,0.47881194175479175,0.45375497954623484,-1.3195176024913478,1.1417309516001042,1.4258105917996164,1.0996350949018807,0.8218742953476433,-1.8665656187210784,1.5542294083907344
36,-3.689546808154207,2.8279384919421067,-2.7146478841149126,-4.663650987107074,-2.343500303351293,1.8257533267815034,0.46727389155179155,0.4884199333575743,0.6146603353346843,-1.9201689849293222,1.0423753885094451,3.4257337070665965,-3.948780170353855,-3.51712667192037,-2.1479589841807263,0.8099161252400553,2.25986282112709,0.5130216773499297,-2.324085495751113,0.07859828713000745,-1.7184040881372167,0.46858874578541077,-1.832515050838412,0.7906765858720305,1.3793510185855653,3.520013561803325,-1.812691973922515,2.5520884153846315,2.0551088921339793,-1.0519909129639606
37,-5.066917030585716,-0.3117768378125583,-0.2594742335373927,3.935210849239433,-7.293436765648507,-5.270974957188515,0.4402454855984845,-0.9612885587887031,0.7260965744120038,1.023735051991641,2.6828311971883,-3.2134239533896505,0.2796738053325686,1.7513643390026552,-1.633003657797908,-1.4332398869965806,-2.1895395894175538,2.2672654039296147,-2.94551398231534,1.5879723452367627,-0.967683748001848,-0.6674974031410528,0.9541955489199847,-0.8447951647393293,-3.0802153740662566,-2.388221554352657,-1.0590835246977053,-0.13095436659119844,-2.062016912193456,-0.1831551992441899
38,-2.9916665229553705,-0.3028577151812485,-1.6527400216941421,0.10254567552264471,0.24004592417692472,-0.9600699920198804,-3.086578883663704,-0.6923822948480183,0.3760757548867257,1.0306992568311162,1.0542875879673312,-1.5331879959664818,0.8407318392665273,-0.7868520665187545,0.7893108571045332,-1.36393150112542,-1.3546872711722164,1.082165035437904,0.07469098735653923,1.469627908326175,-2.5048795537589124,-0.9129784448169783,0.40810932634656233,-0.15540871614013246,-1.2260079152872283,-4.36575694297317,1.3926427214486925,-1.762218226850912,3.1479324592977433,-1.5323953875970258
39,-6.480283871291589,-0.3302620021349796,-1.5343827269269366,3.2603160657808097,-3.567471381773617,-2.111386334228473,1.5314300640575076,-1.355787572088037,-1.5711328406880234,-0.0773450339979002,-2.222791066755871,-2.648289991771095,2.2123012559911093,-2.136160454485528,3.7555760782843235,2.538466327538179,-2.3766255828366845,3.3170316992847155,1.4662185781891577,-1.260774930225533,0.8076237173698613,0.42660653500925844,1.2734792079058581,0.4988922972588144,-3.9773773448643643,-0.48796303447289424,0.6277680981116406,-0.44129546810492287,-0.9193930358718703,-0.9930871963532953
40,0.7972610805964113,5.183839247083812,-4.135175209754312,-1.2817889551712263,-0.7936382044724665,2.1936146247155324,1.1639462930720903,-2.4959275169419066,1.144815585234717,-2.209588549739245,-0.10314209078565335,-1.7695453477270968,1.305794504555639,2.0590815691630113,2.966954997131928,-2.728045848604738,-1.4680112406597845,-0.19021420076935244,1.194398927500177,0.8478441452250451,-2.4785192104226006,0.5440257260753532,-0.37330274667118435,-1.5792396948170093,0.10163574805915696,0.3241436866111201,3.056566840097634,0.6238583526634189,1.8912864698509453,-1.8385549037005997
41,-7.859430137713576,-3.2115756388183345,-0.37543957089537355,0.18017871739084795,-0.9682827081149531,-2.023254660359541,0.9800200925789462,-1.1396071724264014,1.4355821702878526,1.4209361064873294,0.30107397868340086,0.31270251598803034,-0.3670807585754461,-1.434783915229622,-0.6063459401485138,-1.6159684311851144,2.371926147042465,1.5677117058808354,1.9869218423508597,-1.293778929332249,0.2584159349174224,-0.782011526922667,1.3997267271519322,-0.0417314914197374,-1.2038516964753636,-0.20893139815001077,-0.7647291186302559,-0.9252234415948588,-0.3528885986517263,-0.08024023857238578
42,8.191379357664728,3.5125458657260715,-3.2926137756194054,1.8415379437495227,1.4750329869335268,-0.13489334777135112,-1.1709752695833777,1.7154064077818059,-0.8257535333202641,-1.3270781703159795,0.09255241426186638,-0.39315939518030646,-1.0673727840997165,0.34334702684610247,0.6158216598169052,-1.5602191031673436,1.1610865844293048,-0.3120211518396434,1.2630996031282267,-1.2616380503820188,-2.047253094035029,-0.5008226610511912,-1.9714390390429202,0.1200739156706939,-0.8197318070058978,0.1415257736628692,0.07634069054771071,0.7527604535707111,-0.027949859749442585,-1.0638112277461724
43,-8.801995798436693,-2.9300704146235,-1.7928874591289825,-1.8207003426084651,2.0468013807595273,-2.034482451769159,-1.7904428962602323,-2.0383334616756983,-0.6532204449253366,0.019577052428679728,-0.9851535199834303,-0.7530001033011797,1.5726925078106906,1.8194280685543438,2.269403972893298,-0.9325969163262713,-0.12133030284625633,-0.5279105895072383,-0.6813943655179704,-1.8386519869988487,-0.7865926724226414,1.0298985234324296,-2.1921513818359473,-0.5007822842423164,0.6638137115954311,0.7594555492571126,-3.9696191244664676,0.4706951778208269,0.9372439953910038,-2.536074636491187
44,6.581733755486449,3.223688845646534,-3.2225423307455174,1.148747299405005,0.7753072902312295,0.42272917523972947,-0.4053073347659377,2.7659630053047577,-0.2101096724186585,0.29441173912052565,-0.0378093573279843,0.7084202070796828,-0.4117709338782231,0.5319532023511411,1.248221184968853,-0.38033976134426056,-0.745034432399771,-1.1849683012370034,-1.9967548035836522,-1.2558273867548844,1.0500657917784362,-1.7258580916257504,-0.0980029231388553,2.0508993767770085,-0.7901738257204666,-0.32701117947780245,1.3220121745902784,0.10321479953874846,1.1817267535649594,-0.41880552378487595
45,3.8997440587195378,-0.37075192462651396,1.3034315236526381,-0.21343693554484197,-1.2021585067567502,-1.5134364434560645,-0.5953282418429323,1.0677436371902096,-0.6047202980883065,1.809852347956964,-0.7004598872524554,-2.553610825931257,1.013188762799877,0.21251184722896724,0.6056316664514336,-1.331666528076001,3.436538631281206,-1.4191886662852295,-0.4631805343869389,1.1266298369579457,-0.8584875394623209,1.348974946436948,-2.184616447336204,0.3033597694486225,0.17991815772855319,-0.8076346524793923,-2.37869319406352,0.7151239023455764,-1.8375149713028112,-1.675446283378456
46,-5.758161339112988,0.305445309848651,-3.9266815683040277,-2.792706263674849,-0.9961853028774907,3.17947834844266,1.4382660045827929,-1.9056546192016466,-0.0604020283792908,0.8749409768790868,0.32939664265915025,-0.6273590068805526,-0.4671474485414683,-1.8031726064775544,-0.720183014708622,-1.4003417019073883,-0.16885362349107338,3.1579966118228673,-0.9606900906264332,-1.1594292041248855,0.09172375263372179,0.34125084446331533,-0.7347302050075692,1.3763955545793187,-1.631155570285777,-0.8634925067071904,0.3563135980460108,-0.4461241600418187,1.0954808720700409,1.1998954918829767
47,-8.028107706649456,-2.3174087045233693,0.018998267806092456,-1.7263058123297317,-1.6931326689256259,-1.4180156518622602,-0.2564295045709041,0.5541572251617104,-0.8507304416994133,-1.276605491630703,-2.095557912328412,0.8520833820808381,0.2644253014991976,1.341313333222637,-1.798791062008019,-1.090954582028167,-0.879943658243669,-3.0783254055211335,-3.6538196556291345,-2.981941189169998,0.24273250298844767,0.5117696164075257,1.1695542465313027,-0.6908044992289595,3.821981481216147,-1.4776146464249593,2.500021081276088,0.5866652752873134,-1.5317801282726005,0.21638027992125963
48,6.35042494907375,1.9060036550019002,-0.9428892001542869,0.8915718059478609,2.1663085129070088,-0.7310891674689777,-1.2432704896275504,-0.858465720922982,-1.762288174817547,2.3968305001241568,0.8399476108620922,0.16207886538737637,-0.2739640140458723,-1.1817073935195406,-1.5994786149948428,-0.7557269980766375,-1.093983053636669,1.0484637750061214,0.9730981292558186,0.053588737627206076,1.4245118172588136,0.029320891363764805,1.7292351691543557,-0.2700137400308599,0.2934776872667305,-0.8018521513353902,-1.0431486367446863,0.5927218874216825,-2.2904790974547122,-0.5865903356234087
49,-6.1244910448991225,-2.0167695752110424,0.7160974822663372,-1.2949033449536473,1.068103077130665,-4.639431377615641,0.8740688516713392,-2.695554733609694,-0.5160993153732052,-1.1771249169076083,-1.6150288465298153,3.4556028727548593,-0.23382583756442993,0.870779038071861,-0.3666910084295674,-1.6293323543474774,2.7074149106571244,-1.7038220277928506,-0.27544116762823234,-1.5226274172345822,-1.168288818829062,-2.7763875066899577,3.887322963920663,-2.0969189087821927,0.6683672483246458,-1.3457223217416867,-1.931037994696717,0.4495332971386239,0.610375957567029,-0.38200145627889465
50,7.153016874532638,4.7119869891081585,-4.047458084134154,0.776201334043103,1.8779977012767304,0.5651354414457078,1.652743576365206,1.50742105238923,-1.6816087599176712,-1.56033921920719,-1.1284655172029903,-0.8266391401611284,0.9585779860103132,-0.12491458066538573,-1.6516062855067648,0.30382979168662955,-1.6003438669524837,-0.8095262554491203,-0.21693498066680372,-2.0887112363409086,-0.73205633585163,-2.2776307132761873,0.37433159516880343,-0.1651609786199199,-0.8836419765549091,-0.29480814661927457,-0.810012990113511,-1.0595237945306704,0.5071718612451315,-1.6442035840479488
51,3.4001087029165125,1.4727322054507161,-0.7152532926962455,2.5426893754685165,1.4499735234985782,-3.807662569977319,-2.081488896056492,0.7866412525848242,0.28738910904404746,-1.946133599798533,1.5116993070734417,-0.2841021122068373,0.769344287685916,-0.5497972015229999,0.9140427975975748,3.3977443891406742,1.1354506177825994,1.1660422220750915,1.3401063320346116,0.06542285498373514,1.9262456959189038,-1.0638666470188838,1.7618843912464708,-0.37115669153079095,1.2057488475040197,-0.08904545014007056,1.970198874915149,0.5909631751188728,-0.7454333895611698,-2.2616367877244037
52,-2.8961880973513794,0.6210302927126581,-1.0058875830030738,-4.142099344962844,1.6354960357151778,0.6074820122882496,0.8832932281661681,0.46829703013087254,1.780715483554978,4.280283623185163,-2.763402529027317,-0.5036504130770729,0.7838342886665054,1.2776655404145727,-0.03642000659969301,0.29994165219479685,-2.911580190687554,-0.2173596062072603,3.8799944862893705,-3.0123281717733184,3.4083773071719476,-0.6023729205013507,-1.9947008199639935,0.9505562600182703,2.123110981656281,-0.5476563345629971,-2.2784668140610673,1.9905661521474176,1.6583955249348787,-0.2930322817183721
53,6.2088805181985744,0.43582009811561173,1.9031441536030826,-0.6813018565821746,0.7742684526238381,-3.4290337041975665,1.558514629260115,0.8719074286405833,0.3600653973072548,1.573229152749862,0.6266252463844012,-0.20228853679648653,-0.7164571804596177,1.3979029062687844,0.6060674723838474,1.7503258274452669,-0.2746653685532801,0.11062997796657918,-1.1842523855127043,-1.031259734769802,1.7874888819378862,1.2459296827831383,-0.8475346044182052,1.0287860216062397,-1.127641746553601,-0.6197453353328325,-0.08896015917063947,0.9691877422298489,1.981746623595377,1.59843153112466
54,-1.4772807224521467,-1.4428291308002368,2.0320347133699226,6.426207556667024,1.5100672514329014,-1.7270836213081093,-0.5105009121831011,-3.4607740958931714,0.06583790423902673,-0.8310788391097872,0.8185193198712305,3.4250696800759632,1.3843121653293755,-0.015150098409273437,-0.6875154350018673,-0.5054326931671526,-1.8149078004329855,1.1044526053348231,-3.326068683010418,1.0663048013716891,-2.6605982894971714,0.6676496917007282,1.3322817513236835,-0.5653755330192757,-1.4971653251349692,2.5461579499950293,-0.38982269519981233,2.077084341911134,1.276514162604554,-3.9551285297554717
55,6.779067310485747,3.5332644822160204,-3.115629323141384,0.4309249693335857,0.7165108055954592,-1.089155709610178,1.4032719721905722,0.21548911368461446,2.8327779708883174,-0.17475783368385447,-3.041854515674042,0.7374618172118829,2.0741604656375325,-2.746276975297044,0.5690871703430237,0.17461702232892065,-1.0849739969378092,3.36633955230499,-1.6355743112326593,-1.9626167414096694,1.3953526110545795,-0.11382330876211712,-0.16010009091126834,-0.2610803493586295,-1.3282477711847724,-1.259501177635516,0.44591159795246726,-1.8842315216861094,0.21936181153022852,1.1817570416142134
56,8.446216224826701,3.7257277903671038,-2.5851030054674924,0.9363310214132149,0.7588822320124241,1.0824446217709955,1.337611326875012,1.041416458038938,-2.145501028714338,-0.7214093071672161,0.6468427251205782,1.138210883272231,1.3334663605332648,0.4283511769163026,-1.3679221203189735,-1.3498144440237765,-0.8096171796381776,-0.5633646442849761,-1.7098035011499082,1.0588472486520255,-3.9072877259190073,-2.6684345262449614,0.18916993301223006,0.1580549109653099,0.7609076165931742,0.6944176036573014,0.29970568100013084,-0.8951026906608772,-1.201242699312918,0.719861789972096
57,-3.969631799140389,-1.5421546132781208,1.4943791456374413,-1.8036767704917551,3.764732709131459,-0.10669176458185013,0.3412594035005121,-0.9527745559766284,0.33031377900781717,-0.8690036211622183,0.6936641157630498,-1.1820777321844795,-4.94988560386195,-1.710893389905482,-1.091589693902634,2.544732199697815,0.8077139348337914,2.0111291299622533,-1.4667967242540418,0.1904224827791485,-1.1618711744755539,-0.20090550877320626,-0.6354428308290244,2.186199767690033,-0.5635982776932513,-1.4672605734259354,2.0762705511496984,-0.9693984137342561,2.8117467197599906,2.215569474381656
58,-5.445067963187995,3.9571361173222925,-2.582424682556854,-0.012051200211523866,-1.902227652930818,-0.4818506971282909,-1.6946924731456663,1.6243023162866284,-3.734441480126692,-0.4596397411850772,2.473983151523381,-0.9419634636173836,0.7625436049832197,-4.357165238814386,-0.8148713911863289,1.8197252410629932,2.9281398192751684,-1.9349918485205848,-0.4222255035862623,-0.28945937694979595,3.804850566811444,2.1401389010624006,-1.8136753145285902,-0.009008432392702208,0.5204860472398724,-0.8759824104112448,1.4196676374760047,4.7972526068946095,-3.6079566446104154,-2.757225626393139
59,7.177794982599238,2.543179997444589,-2.2807168280986794,0.5094429645285858,0.5520909473267195,-0.21312337734282139,-0.2690099196139149,-1.2015693200384143,0.15871347041670955,1.0264865764130227,1.7873475702057606,1.1306334030671348,1.134168111815997,-1.0712230999927226,1.6365728040594294,-0.383029044450824,0.7044778077609293,-0.13601737349254994,-0.5049231880914791,0.10491895675753896,-1.548001178388532,-0.8864918447464637,-0.36539810108952153,1.5456283346348383,1.259813383432773,-0.27737963230644624,-0.11760004159849083,-0.2185617915767858,-0.016784515692524288,-0.32259909168496975
60,-5.2484092402080345,1.5490212179500316,-3.1680260140317222,-5.30106182529912,1.6868985110772863,0.31456939112092785,1.02017001721346,-1.2196319703665544,-3.192427714519533,-0.4542147535470852,3.5462429294843476,-0.7311026222372483,2.6641370635799704,-0.9980924471446352,0.1975540020831336,4.425224025585363,-0.2906004687003314,1.8254808667595819,-0.6654879782695646,-1.430170513993351,2.067015240064795,0.35620342477427913,3.028441548987035,0.24992699593832224,1.6896256367975773,0.24506216339771655,-1.1363839919432772,-2.5332824357919295,-2.7871722239437817,-3.8975684796917536
61,7.658674909657364,2.2853387187522585,-0.73015839251155,0.9741472933997933,0.31986988801190336,0.37950650293626625,0.39869550773395734,0.021841835645524096,-1.2729279434373213,0.4496422996220579,1.12592714686995,1.6674612501677133,0.6265078658525989,0.23504159734223,0.05467095926975391,-0.12628878940600705,-0.14820107341493052,-1.6006764835467138,-0.03058486806557907,0.9178865390326556,0.28801862235513215,-2.523950702461251,-0.4339588695109895,0.5589868728141539,-0.9507646823804501,-0.39615244408938194,1.4151094722653355,-1.3217933485171032,-0.43959357065866994,-1.1943354798410684
62,-5.334598300911691,2.659664730011742,-1.7559742570951804,-3.29415688149155,-1.1919908441774962,2.379908578991462,0.48016023446267625,-2.1137133109129485,-0.10248691984244378,-1.3455538394153288,-0.19535211440186762,-2.8857830434091207,0.6443088768603162,0.9473556495257963,1.6246360479131003,1.0943500780276736,4.064635694350069,-0.2126395533732878,-1.2890338482999641,1.9727404860078075,1.4007518697080845,-0.8462958802964071,-2.194796078673755,-1.6321097999496677,1.6671288484696603,-2.1385923579299435,4.988707385191414,-0.478074578688525,0.43522474742092615,-2.3497943337198444
63,-9.106425195054191,2.1352212805876007,-6.5689723515371,0.01980153252146901,-3.3176030860127836,-3.7794206908310457,-4.293620613821685,5.607246240167962,-6.1690498891429435,-4.503787737107482,1.5395804734920613,3.6105744821221615,-1.7229165108894178,-2.9419441596770235,1.2870109720503562,-0.028739064045012173,4.054262292089091,-2.335143100396399,0.4652909423122606,-2.2228824503817455,-0.4060388644288081,1.4312882853995343,0.46710236088673684,-0.8108412287896417,-0.5771277987095466,-2.299365108465309,4.815048844497453,-1.519696313861706,1.2112591006769786,0.4627446124969643
64,9.229720820443356,-0.06294442721348881,2.8855020673901324,-0.35598803097407916,-3.047508081193775,-1.0787247765156451,-1.4914218441764038,4.605593978153124,1.7003853391665396,-0.46913296919259506,1.24388701304569,-2.711584453614041,0.780236974102464,1.2930431885710982,-1.7044322583980454,0.33541133738403495,0.6234833047564967,1.755711521518389,-0.40249890813297917,0.40043180265246886,-1.1223956326340947,-1.234121444900683,-0.8011936198231696,0.9224082092323103,-0.7821459261600362,1.0977791126326766,-1.0575788550986491,0.47400427313265014,2.512322808223429,-1.3258483379262644
65,2.3651636560315206,3.2058852497787678,1.1206772187568097,-1.1182819880471988,-1.2486086281922966,-0.9625605960847794,1.7774635259157527,1.0388860343534398,3.3464763433747895,1.568831097401851,4.248577032811872,-3.467534653808434,1.1248114489425658,0.23443568691065175,-0.9022286354937792,1.203749832921522,1.636641390337005,2.293579790500049,-3.647000342826568,2.7085602097691237,-0.237896240049339,-0.8296293623471956,2.478243830118762,-0.9341114864234005,-2.1838741567075304,-2.219998924842318,-1.9128388436251138,1.3331730954831995,-3.880443100591867,1.6305529155152352
66,-3.9361850739415885,-3.7785949050865892,2.010092462515801,-0.6569115133368836,1.534862140881778,-1.7012115851353267,0.5443765025293192,-2.773181249917792,-0.5241441415965892,-0.6272870944181533,-0.06478035157641732,-0.10101385227009907,0.09174673491184182,0.30706239523514134,-0.1423383868692793,-1.9414901910972602,-3.085765957881861,-0.0714780458200818,0.8099464018464648,-0.7039321360495175,-0.650508823952642,-2.335271004922636,-1.1682192493615844,3.231361958526163,-1.013723472147435,-1.672354828653711,-0.5473190267472574,-1.7088530747235173,0.3693580294212605,0.31211967761938386
67,4.4840480182567894,-0.8604874332588972,7.263285318403665,-3.013563249455644,-3.645721860842993,2.568073927517327,-2.4398896685316,-0.2765702605683068,-0.09063020063468862,-0.06090236439983439,0.09082195231931146,1.7278763141475482,0.2504261041361862,-0.7783968478495827,2.227195834948065,-0.5221736071482981,1.7734896166216292,2.8317328653486418,-0.21205685201496238,-2.5789180819101323,-0.28578489297094234,1.1695950911614936,0.394289650289657,-1.5368585232400638,-0.1890431053750095,-1.220525232509385,2.677603702261633,-0.6159054482652763,1.7597665065614636,-3.452048476878147
68,-8.323541732576855,-1.8217643696802575,-1.1863937256040302,4.389347646119923,-3.5972184447472033,-1.7197640609746985,0.04824203490136533,0.6909752998420415,-0.2329001136524316,-0.09482078934758069,-0.18159134911148225,-1.584348274898205,0.027984559450504473,2.967854101972899,-2.295835988625034,-1.65155895378085,0.6415239243901318,-1.7942620096902553,1.983750417304191,-2.397584644957719,-1.7775837613160865,0.9094475157541166,1.902282545850681,2.881359411762165,-0.6599731795639362,1.1450913702890935,0.33839640911958624,-3.800974810567765,-0.42939005309422246,-0.8416491089409857
69,9.238019221139423,3.6575815038116373,-2.0523727702693266,0.3198708927751874,0.3256277879734933,0.07082605128424821,0.3595350057995707,-0.7693185682508835,2.0407247437142084,0.4779075149648625,0.041840705194723715,2.2514723910880217,1.6144369464810926,2.71611989580944,0.6651608938569766,0.7302163032665331,0.503640965907996,-0.247935102223407,-2.136047223958289,0.45507445449462397,0.3740697951624069,0.3528050807789608,0.06578641669080393,0.3504388457387093,1.3065882598473073,2.2768692005239686,2.443454066069942,0.6142757612426314,-0.14449546537258115,0.31394460069573443
70,6.288275017668469,0.018300151496734692,1.2454077509960506,0.13493992626696957,-1.4684233916222458,-1.1721316656017415,0.30566739275145755,-0.15906624079276172,6.111718329728673,-3.433854662388229,-2.388888708131463,-0.575716716823345,2.0275728511201225,-0.5144001000008875,-2.8820395287439675,3.640353841617209,-0.054312037911867235,-1.2659486151263073,-0.9558540028157498,1.3062055892058408,-2.805694208743533,0.753520154691561,2.6111677459818345,-1.475391495453562,-0.01731758358195152,-0.6693731895719391,-2.0520460117757477,1.332418955515033,-1.0606371576720197,-2.9832804129314865
71,-6.092051114924933,2.115170991554724,-0.5155896893541868,-5.68539835096069,2.726301980259252,0.1237647752914156,-0.1784646685105032,-3.0987086492006553,2.6196190589425665,-3.555567739714341,4.134633360930623,0.3007394091036848,-1.7752279262635131,-0.876049649198772,-0.8214648798194051,-0.6983774538522106,-1.592031811121924,3.1002851961932856,2.1905741415291855,3.2948305868656105,-3.733238829995737,-2.689168393743634,-3.1726019967371313,3.6098749979372324,5.178480882836655,-2.4434615057918996,-1.1550167893563528,-2.233393664662937,0.5447558549871929,1.8014668629787063
72,-6.699392919086357,0.2690279303709261,-3.134475725695683,3.6884963190332978,-5.193458564564615,-1.2270855236364808,2.327678608699195,1.9259871300071196,-1.2961144198737957,1.5733614257988864,-0.7513546638640952,-1.3350716525413264,0.13250414480672762,0.4388624667099323,-3.687616455698784,1.1333951215515394,0.7907246199184167,-0.475490558483306,-0.4633119699257055,1.5689793447263678,-1.8165980079264448,-1.5794294442104309,0.3140948965972405,2.3393832569549646,-1.9694382036795146,0.2632115531980567,0.5319283295323304,0.37893304707344183,-4.65659386853036,2.223653529079673
73,-4.689721009685486,-1.9791252304572071,-1.1748159215281346,0.2322626960615677,-0.5267797708595571,0.9875761964357078,-0.13896297297843777,-0.8757633273814479,-1.6635543346356525,1.313673972050683,3.801622334947558,-1.6427675123282133,0.39323131560050395,-1.486529802730834,-0.6967498922729295,0.2773943908162552,1.621647269726315,-0.586179102554155,1.2725198170705088,2.6740863215547614,1.9401103730678577,-0.41846790559172264,-0.12855840827230272,2.233770644438487,0.6604979733118358,-0.6119342546146371,-1.799148066245295,0.934776289364222,0.35967575874499413,2.552008035530057
74,-0.4858811183420484,1.383515572453163,-1.1209163755004425,-1.4950973840012387,2.0389576636494353,-0.20181061829043617,-2.6869244474384515,2.2541116465435573,0.42550279078750514,-1.213008800668744,2.9122344125780635,-1.4223090420438054,0.6062798609998499,0.726685747328675,0.5462481596553497,-2.6562064337866085,1.5323063651033664,-0.2320862032103169,-0.20579036333897568,-2.0429347651250813,0.7881137605873717,-2.319571590041044,-0.9801988955617935,-2.152328940681762,-0.673800992754156,3.16895400589975,-0.5257247352659539,-3.6285246654180834,-0.9883079407281401,0.6905949848944856
75,8.046701782979177,-0.2415727987867166,0.7539884929928299,0.056695739261216356,0.15242481663723062,-1.638095326878417,-2.158432562057987,0.7708208975785239,-0.24801236975261712,0.36320128045397754,0.9169047928262639,0.46988861735520737,-1.0601866039775736,0.7507864540829055,0.7384552561883311,-0.7484130120731747,0.5746540771096759,0.858485037034078,0.5511669384069996,1.7685896712296325,2.704435497733096,0.7038463735033039,-0.381414121277447,-0.020118894910976754,0.5532888683196059,-1.037313158999176,-0.37202828768521967,-0.08162358954168517,-0.3419835609412281,2.2804493150070204
76,3.270399472306619,0.8327271983597,-0.9158357272615119,2.7585987201591515,2.7442406907046752,-1.4920937831408954,0.11227932336262354,-3.7073004918679904,-0.7292390557803179,-1.5108673928650624,-0.603146533680691,1.507192257629321,-0.8898940327901318,0.3435695167314523,-1.8548088083731076,0.8708408002200361,0.20901331242692694,-3.6144476701779964,0.5609014013446831,-0.07688129879251869,0.816241132585331,0.714853689496955,-0.06602460359068354,-1.1529675000885398,-1.6048630456197086,0.030615598973119586,0.7023989083813891,2.0589291159931595,-0.7909579497166924,-1.2547421356093593
77,-6.013304099996457,1.8267802144372551,-3.1628544719492737,-4.048789412735807,1.6172392020507789,-1.2409023464608049,-3.8375602804426316,0.4542182479338962,1.878281781800442,3.02056267191684,0.12908091631736793,2.505696463974362,-1.8904223294042117,-1.5396357183128786,0.29105378337567106,-3.4008144220601735,1.2790722689682508,-2.162894989216942,0.6174103664729449,-2.871207573180128,3.7260944602731265,1.4555701658124902,3.454142314590973,-3.303991867381795,-0.3634585959079304,1.9174573437997198,-2.047708491595473,1.2144085622465173,-3.288269318461905,1.425748415558167
78,9.370850835400072,1.1402812689853963,0.5206705922244844,0.7786517661048429,2.4851463895900823,-0.06638403227658317,-2.2809609784912417,0.4561774435154745,-0.5733353206128706,-0.4936232737851468,-1.0361012796194404,0.5631555567287211,-0.42484541559517675,-0.21344774431468425,-1.5014805172952785,-1.9700890233428945,-0.6057084925872533,-0.25966448174274936,1.6741218631005916,0.05062530264364955,0.43509412032014194,2.329359516114023,0.05303614473947017,0.11021492889268161,-1.609198838088594,0.9345902207235438,-0.7380180616971148,0.6432208816344032,-1.5603917292725478,0.887022037917342
79,4.65422295788812,-2.4013785656509183,1.430237055495691,-1.294959480240389,-1.8100577183608673,-0.582423293406358,-1.1815242124099015,0.6943752502984741,0.05697767181897251,-0.9229204733403332,0.2696473279872581,-1.1881942748409604,-0.5968249384215092,0.46746067242934103,0.34683997513157944,0.21058905790580737,-0.18437158063713827,0.6264795717416644,0.11640881302760808,0.0438057630621148,0.6511947069098677,-0.3013283317228555,-0.7158586635478515,0.29162575194392465,0.8538524912203539,0.04249847457978324,0.2114373200043831,0.2392011791655126,0.9374369792313041,0.5325182611000865
80,3.1407164940455923,-0.19752282063010485,3.9775626459824496,-1.5789919004508846,-0.5054093964266485,1.2651017660592179,1.8411378407759227,0.47049733938544885,1.2227941183649436,-0.08087168611764031,0.3058554138796429,-3.1088988807478293,2.5700582255748747,0.9461765231012522,-4.075450014406146,-1.0438055023956867,2.0060323274179166,-1.4348749559351925,-4.459244521493574,-1.1920843773483099,1.5697201196429347,1.5659411656153683,-0.39651449989629606,1.8480853655656237,1.322436234672761,-0.1119125961950076,-0.6753007760373052,0.1091397450199483,-0.005754541747693727,-0.9051574688145153
81,-7.196738074546075,0.23739943229260826,-4.25464896676037,-1.0682331963002272,-3.5158510306667723,-0.5275358306284863,0.7113920648783082,-0.7909905573289967,-0.13755051694949405,0.24071907377036106,2.155497336916527,0.8560375186046856,3.9451633147673277,-0.704283076427128,-2.2046653508494845,0.3268473886824455,1.308624917307418,0.5894881872470017,-0.3843647361325007,2.0533076121357743,-2.338018803322846,-1.4594565685697158,0.6071138987533687,-0.3447842867221826,0.11410685524494774,-0.11302423213049721,-1.7000015562583097,-0.016839902997666398,-0.6448553290843254,-1.0783835339469052
82,1.5168465844840138,2.5213546973635537,-1.608296190300096,-1.848985393786885,3.537096277105129,-1.8957029347676677,0.7430494667283749,-2.0644885418856025,-1.9105866687692654,-1.3156782546862469,-3.088703514211865,-2.3763906932615453,-0.8640818896855933,-1.420800676173988,-1.7962079272217666,3.6500998034576937,-0.8427584140276172,4.378967472746918,-0.7556306875836714,-1.7988529441358894,-2.2158155077622386,2.2933923574650765,1.2924729948812028,-1.8012345603329116,-2.3328564745242013,0.4330155127179891,0.4623516826196801,2.6332430559156714,0.2900621279047316,0.5255185488940747
83,6.304964628597332,2.958736770761558,-3.127755104756765,0.3141344425314989,-0.08446494571419175,-1.5284105788696656,1.2877624283655513,3.1048198133530684,2.155748444127369,1.3611804047996316,-0.46257949532952564,-0.8498763513649557,-0.7775018420688483,-0.44060387601826134,-0.6659551855567536,-1.1897448215090278,1.7110576730820162,1.2739358268114505,-0.4219412263496783,-0.806351082676155,0.21770554717921567,-0.5981370583122751,-0.36168639737280717,0.4615987190988404,2.333725639031119,-1.9716752038048118,-1.1062602547573253,-0.35679638132243724,1.465719891864737,-1.102820211349327
84,-8.435051046861773,0.22593397806408533,-2.6820956516492367,-3.3027708178585717,-1.2927196302852486,0.8138657796553468,2.3830043751030607,0.6957004114619852,-2.6789529851623235,1.108718746301498,1.335354234818414,3.762930171274028,-0.9092570101322766,-1.327688686995285,-0.8480082436845261,0.4192400279950009,1.8517536633689835,3.007196926300109,1.8511737293598745,2.0255182189547014,0.482040687415186,1.364337839302667,-0.707735654326373,0.02065429971362698,0.2920762301794778,-0.6663798665072518,2.2113952591742634,3.8138779513797942,2.046323304564479,-1.326014946157326
85,-4.983653896757134,-2.905650537883187,0.6893451973754376,-2.0839661657204354,4.56468875149012,3.046609135163919,0.3490311502258041,-1.6627696595036237,-4.104095202244268,1.0960918119570857,0.8009216417568052,0.5126294454266491,2.378635111317555,-0.6223109514451093,-3.4040123264054993,-0.04442396853213615,-0.38732148492776447,-2.7251780646355654,-4.239028968532497,1.9427255110857435,-1.6521576628264298,-1.9542173562377168,-0.3033582349167567,-0.8195614976843676,-2.3946266294764884,2.9327230642437025,-0.6749481941402367,-1.9093321877846852,-0.760351869146981,-0.5033657891183704
86,-3.418005610941267,-2.7118001633812767,1.0467775252260874,3.9296066894252286,0.5387933546916805,-2.8725973466509482,0.5267862270005779,-0.8643528542350559,0.34463741731805103,2.951378436969172,-1.9656155599084255,-1.0091965075926335,1.236091672081729,0.6295008384767871,-0.2849971786570174,-1.4807270521733815,-0.41514606878556154,-0.033884732689070114,1.6934377235504903,-0.6022001374511715,0.6232324184062494,1.6542882534628889,1.227792891696683,0.14052076757004514,-1.0288939970038828,2.566711640334257,0.8971311702329288,1.5755352465441752,-1.2579904341880759,0.812024866889178
87,7.153342262745106,3.441775728551715,-3.479117910961772,0.3919669448873406,0.8633185149462591,-0.5360861379668335,0.9111628551229289,-0.7082303129364308,0.25300520355946216,-0.9340076447662883,-0.1329130576807636,-0.18930830009477587,0.41442471920887636,-1.0947910832186176,1.739817431929534,0.010507342518203972,0.8988179290473353,-0.35654106013639597,-0.3239596319538162,-0.8488676878487887,0.06987669731085477,0.23600839769662776,-0.33312242057215297,0.4673870843945495,0.015786093858801507,0.46941156327378436,0.4408092630184523,-0.5366292432158752,-0.29761885516575565,0.7145303385702908
88,11.355778329770297,-0.560731016652293,-0.08867585288843503,-0.46585663720858345,-0.20843171454861062,-0.7399799619317636,-4.317628012562918,3.2381685229336106,-0.4841959332345993,-1.773277897404445,-1.1011763918874673,1.99281039784448,0.34066601980869815,-0.16356798763708486,1.1238931233832228,0.592865899789686,0.6043673302933731,0.9098217374956152,0.621441193225666,-1.0680008076534626,0.24872048638103356,-3.1956907383700957,0.907855629106654,-0.6369794819636805,-0.3662225537424845,1.7293256699052753,1.828961988522886,-0.4389186187238891,0.5033399008111494,2.850075444334338
89,-3.3802345446770072,-7.010783966866108,4.092903279580591,2.951485460418889,1.6714851419342776,0.30873966552077475,0.011165880182069397,-1.3871206942624692,0.4040382379817061,1.7169907930365882,0.05548353433229123,-2.1255895211569498,-1.2504498599082954,0.006031259465680433,0.0018425285688701656,-1.2981016836444965,0.31190199097231724,-0.273062277391489,-0.8451773894754369,-0.08851076439076055,-0.2291493809311274,-0.20244640509663853,-1.1203355379155306,-1.5949980487184314,0.41944637651442956,-0.05597669227685697,-0.7901593270885298,-1.7051960132029227,-0.4431395430204019,-2.958949215168646
90,-3.6303243441404245,-2.530951995573244,-0.008418086664836486,3.5941849926939704,-0.9009809161598367,-1.5347897897407035,-1.776715022011378,-4.38400120407937,1.4317513671673499,0.3724029074241664,-0.9970110337998926,-2.0305003197437923,-1.2875080327125397,1.951505037404114,0.35542878594317856,1.2932472512051765,0.30788773371371564,1.159726191780579,0.3047767062306328,-1.5504381606315634,-1.1082355077816437,0.47162783851379403,-0.20507325038981467,-1.6509141259554798,2.3634166061732658,2.9875490462047427,0.9270729578268282,0.6640653493926106,1.0211572946722676,-1.6452506824444928
91,4.775240595214282,0.9675185813253362,0.9483867510059609,0.6165013891712605,1.786562834283971,0.2098014080560049,2.1743060603560895,-2.0199806007455794,-1.4248772399612981,-0.18854181269424242,0.7577868736201036,0.8091070562226828,0.18891513578275693,-0.3334037484453586,0.7020141446199293,0.08566914531916717,-1.7189346194793773,0.12498785784983713,-1.172802479162391,1.1063591000923674,0.7755873111856465,0.9534358496279464,-1.1051952401140357,0.3258416196464594,-1.4914355022957853,-3.1080452036581407,0.5665552697349076,-0.7446754713883925,-0.45789233059801704,-0.7264479273254778
92,9.824547687962504,5.163186158900877,-1.982699302817106,1.0546094913362336,1.8182462049010517,1.5305813697740251,0.5766286434687992,0.26225888158611144,0.4225677528153455,-0.05252229536931296,-0.7409126510544038,1.1325940948474906,-1.605336181512568,-0.9734359515334219,-0.08026217297308835,1.4526200655544053,1.1379464853473746,1.4803705116466797,0.36445498459526354,-1.0580247951280748,-2.710308641732537,0.028969039138940895,-0.4692671671416285,-0.17145429961364764,-2.989428622068125,-1.7445830005007954,-0.7737055657840541,0.2372602701315833,-1.209255090461102,0.6949447091690507
93,-3.4287058840595166,0.5056843951219541,-0.885640323746873,-0.8424828401855824,3.500910287063382,-0.3629606143460396,-1.0614372679831792,-0.7809942620537406,0.6188211702360362,-0.1471823576055603,2.242942611907914,-3.5072867379078083,-2.585747718790351,-1.9826814297963031,-0.8645708388319222,-0.9271214079133911,1.3395795147597787,-2.497621859379357,0.8643558251220135,1.1555507619222514,-0.5856059775495891,-0.08707632870948775,2.3306026799134805,1.0588967026315323,-2.956131303472915,0.8271593187804704,0.44326670676928215,1.6545292990064724,1.5641226424771117,-0.9830725821373867
94,9.4021831080978,-2.5406294816794395,2.9104899121081265,-1.951961818318835,-3.96927782427478,1.9684565117745902,-2.5280546791081173,0.30332163998802497,-0.1996649945196717,0.25052533481100475,-0.6660838354798169,0.5068339003081574,0.22106394352915296,0.03354375600793331,0.4974998133407895,-0.03165064733786102,-1.1870874321430858,0.27422568196071945,1.763254715040881,-0.8330677684287482,-0.22128823330038175,-2.0171956927543735,0.29331897725373524,-0.2878727345889678,-0.31620532318227057,0.03222008028808733,0.11766074048330434,-0.920927051435473,0.06512459601491113,0.39507146902847023
95,10.956758758367668,1.755221654152401,1.4207584273354288,1.0841168583764969,0.15203436632231737,-1.2048780860625157,-2.311683096340887,0.11903671634048166,-1.0834349608650728,-0.9551279947457152,-2.702322020166959,1.523775238155019,-0.6137836929311385,-1.8560016758504572,1.1364775800351732,-0.47583808157232227,1.1327088284588709,-0.07706986489645025,0.2783503467560715,0.21668589272087652,-0.30753436251150845,0.039406721782387605,-1.8975712520611498,0.4212494887267461,-2.44137173544099,0.5194724196708961,-1.3505143848692598,0.5345441262779089,0.08807090986684533,0.09292819820963634
96,7.324827541051123,1.7728889983467004,0.033410637354773606,1.1506954515904275,0.8367017083701607,-0.5505801906981546,-0.8740067494312003,-3.122912486415565,-0.5716659944813337,0.6600462916681967,0.2825638300739883,0.988724922840642,-0.826946676673059,0.1352513354144409,0.5862485443899607,-0.8622830756714316,0.46010109579456976,0.17401733047684392,0.7543684638770127,0.8010507004757987,1.8860766440828696,0.8162855658391366,1.4544930024437592,0.6781054010790399,-1.2676829503916227,-0.22568504048530827,0.422476842347663,-0.22282783258170763,-1.3852203932898426,1.6004276876977366
97,-0.788117086183157,-0.8475236347943694,0.9925007776159779,2.8069785910233427,1.7498883674170265,0.14942844144209144,-3.469600356069608,-1.3459429151768023,3.094264168518068,0.5344505733920722,2.836001383496186,-1.721841617735548,0.8218111848071319,-1.533918199737246,-0.6962780569924693,0.3534671936486426,-0.8928717954524211,-0.3200609044115399,0.3643642970883679,-0.6504784249779055,1.7121224301172224,-1.1867094923424537,-1.9386569898473835,-0.36176651791257625,-2.38258903567754,-2.5218421681864913,-1.3442283545517981,3.3696283947632217,1.1202618302395682,0.19734744858616224
98,6.315611795484861,-1.7108044340325483,4.372319565088615,-2.6207348678207962,-0.22988641574723676,-0.03363003100374164,4.370695569289304,3.3280392589019643,3.2578920192869685,5.022260857214318,0.12528569817750523,-2.551829529163453,0.5418119188109536,0.13874021315828383,-0.023002390782501606,-1.6408878128298443,1.467030782727351,-1.4427982193152435,0.05641128991078033,-2.8434669019349332,-1.6473392798504605,-0.28687928454443107,-2.048923922146428,0.2110983253219007,0.25904031190173,1.0926718621452964,-2.9813771201539256,0.254138510743373,0.6587834517166271,-0.8911346451235409
99,9.882121598727425,2.8884446465462097,-3.315257345717227,1.1354706101728331,-0.30046348412526314,0.7582969998443565,0.7108722834050265,-0.9188555388926545,0.6463891187524183,-0.4282222103200565,-1.9617696688980588,1.6899538715572278,0.7923907214243866,-1.0812276852114873,0.11546758888097404,-0.03223826067717751,0.5287916408273594,-1.0013410719029532,-0.027572921679079022,0.7539617771963391,-0.08972686593708849,1.0681281245034098,-0.017995099024453957,0.48358932259758963,0.36766784202763636,0.443236102803288,1.464228339272003,1.098216802418707,-0.13411482577512282,1.3597651305636498
100,-8.91348243681341,1.686073430105267,-2.3501730687335076,0.9621751879118573,-3.2882798449652904,-0.4433032374798131,-0.012306478924040727,-3.137261330642195,2.887050480625356,-0.7620444362233483,0.03665150136684293,2.8633959718680724,-1.0654415074539112,6.0954111900787185,0.3735516312540152,0.19013004927281854,1.3417222071364718,-2.0249065764901326,0.5642290948628782,4.4403600437548345,0.5347404912593008,-2.5936600368922753,-0.4538170173806493,-0.5250120759494458,-0.3401903557941729,0.25729851128979364,3.378964338661577,1.7080800429942449,-1.0960941666328259,-1.4601018789682616
101,-7.301607394208269,0.09392182572764828,-0.2994754228555588,-2.022380290152625,-1.437611155313953,-3.597542933020973,0.19053884736001858,0.22586842939449314,0.4811284446582779,-0.0645568628268683,3.356353023004491,-2.7721486028595597,-3.940013884097913,-1.6283019464401418,-1.9615454649791055,-0.9821248215581024,1.3633157492450743,1.9707877153249411,-0.7381350339387074,1.5434177182296969,1.6671598503899194,-0.9965510427153952,0.36191427114268543,-1.3474663865821865,0.7487927989354449,0.7711153292825464,2.3110282073156703,1.09603121349264,-1.6901465512927205,-3.8704453951331304
102,7.443990070893841,1.3245277321832432,-1.059668293348922,1.6329332497175073,1.1783388872948701,1.30519667301018,0.1698721888300569,-0.12994943909105028,-0.6011891223957732,0.8762536481128039,0.5136047657520835,-1.471999191376139,-0.8467502555189057,1.8740355106698972,-0.47640275932432247,-2.323943958481832,-0.10789019629361399,0.17252221497924236,1.6856849276841983,-1.0505615650286224,-0.045546033830727584,1.8432904906988747,-0.3812659791615866,0.5043130593969943,2.675064953544583,-0.4240844307364364,-1.0891963694382623,0.12114009485775391,0.9224577567266485,0.2422564148843933
103,0.5138260021370935,1.322574087331996,-2.754510805357448,0.4835113430896118,-0.45988131668421245,0.6978114994016189,0.35756556702506653,-0.7350846873741399,2.2158454761708084,-1.2284965441057096,1.1558868879124937,-0.6062731643748938,1.1094511935371822,1.8270414424574557,1.6522748721687046,-0.9677309887403801,3.927041260073117,0.1756400362088977,-0.6378360674951754,-0.18264818029214597,-0.18193355234444358,0.0036862463202887953,-0.6644679801953635,1.956673454559093,-1.1012207664760851,-0.3102942253027283,-0.979538182661188,-1.5840313523296554,2.6850454092559293,-0.6202233878661202
104,7.390297083967038,1.344503069756308,-0.7140959048686097,1.9580332741675635,0.7504032220936848,-0.5617398932282759,-0.4628295321064315,-0.8749025552420673,-1.0973436276178792,-0.37149278677886144,3.5456011474573894,2.0223417167543345,-0.5788022479923189,1.7528147053647916,-0.3221236621137232,0.9170610631050191,1.6268145815915942,-1.4068122111522656,1.6524658216398982,1.5450444081361008,1.7800589919821161,0.44154050194280625,1.2513012091438371,-0.19762744698162837,-0.718509968069542,0.7602535680337026,0.4669047846519457,0.47108544739781594,-0.5167799897660027,-1.3567409460374211
105,-10.439937698482595,-0.018120566965072363,-0.037073889278451885,-3.7654096120165765,2.2517130083964374,1.2089790580970632,-2.242178996682226,-0.2807653465411953,-1.3046568077327154,1.4481609995488884,3.3209355311528683,-1.0735440764743167,1.5830676033107707,0.718131369927904,2.5285942806782686,2.1786428456756224,0.18577988499381434,-0.03905543198768758,2.3072123532291515,2.1038643197321605,-3.4745410761490763,0.8361667470607458,0.20635052750904997,-2.1395222534370846,2.1081301618830786,-0.44057520864509997,0.9969352237719968,0.5931938695399505,1.6364395885459542,-1.9413168245542263
106,7.257997919871011,0.625541499969293,0.0863778290839492,-1.2037269617050088,-0.1545249993741366,-1.7780101557367904,-1.2514632738270788,2.799884081286099,6.914861158634565,-3.9001718406876553,-1.109611803113621,-2.3236676980910502,3.1717154169845476,-3.6761508152727282,-1.2148634704904173,2.149833072773993,-0.015617071462725717,0.7036019680288063,1.9026895530103918,1.6234687025402403,0.30066332486612307,0.4251763486814864,1.5354009384946974,0.43897069592486243,1.3794144587642978,2.3468815519246915,0.3043841159755172,-1.4127485904425003,-2.1233858895270377,-0.36649965570159526
107,-2.5377109413566354,-4.858612740248613,3.242852842340965,3.6930399910846035,4.316111245494755,-5.765314144032131,-1.884340129321309,-0.37882642537050404,-0.7280053660565345,-1.6819129924043363,-0.3668578711679688,1.5683046139398429,-0.039924195520304476,-0.5420060948167175,-2.4996406419041635,0.1633981711306378,0.8733355939243174,0.7342832195496999,-2.274298010765874,0.9588190066639921,0.3232988683355524,2.929777185880618,0.15169206469653093,-3.0179246572282734,-0.41434596171835986,-2.8894169498285596,-1.3768990197815074,-0.36345271424391007,0.14874649903345213,-0.5852060672992815
108,6.037063069778237,-0.2837935468183437,1.2412204668541995,1.8024131123842735,1.1018279954870829,-1.3265119232139624,-2.642722193383026,-1.0672949561449607,0.0038185864103993843,0.2417627069968787,1.5645442464814532,0.8635627399413642,-0.22656005013829564,0.31415931347779386,0.3740826807418581,0.16848753301069885,-0.6386773958573347,-0.08824900910161583,0.4550953992808417,2.0434040428289775,-0.22739497049984475,1.9108641950758156,-0.09041054056368474,0.2088667463788898,-0.05676701363071066,-1.4067629330898175,-1.8026661199580125,-0.31050167920490296,0.7530423087681245,0.28208781205835576
109,-7.97235798236574,-0.315200936758807,-1.2094641392472403,2.1090619177067147,-1.93213071557996,-2.2842227401622592,2.952199752057622,-2.2740839163867244,-0.5701739998176641,-0.04864401746248599,2.027640725651047,-1.2691052408145014,-3.470962748356171,1.9621094470568317,1.9868068334829623,-1.4174542807849164,-1.7175940473494395,-0.6847252541981073,-2.502519916576708,3.390812899400868,-0.7221537989592108,1.4758183788146826,0.7694205551826039,0.885661097184918,0.18380503353624233,1.2099378706450856,0.41598121120712617,2.834915116607746,-4.430913564094221,-2.0539536171242236
110,8.282562272520199,0.6312740881092797,-0.23854132291282515,1.0372330569490888,0.6760386990696792,0.6972046037696858,-0.6706471847796284,-1.8832057706138199,-2.3598876863615006,0.3661265073705419,0.5374888654024207,0.3389901916873205,-0.7198315731583188,-0.2018649329412817,0.7262581817381303,-0.37615514775544473,-1.5442378864143445,0.7563028082423933,0.2399253805576002,-0.4904000167572923,-0.006214513211588226,2.5360765707731967,-0.09314991843497787,-0.5332837471993515,0.9545320083244321,-0.21711501122753632,0.06965786107897273,0.736177338839573,-0.8581414507466102,-0.8517851683826684
111,9.364893082157918,3.1777093729886,-1.847122331387534,1.4462612790963645,1.875267030454709,-0.3781926443741581,-1.3886124432811393,-1.0822251675472252,-0.5206869827101153,-0.08565287312427053,1.8800252854560353,-0.5504508013846421,-1.6707804482658368,0.012416940055036805,-0.6851678620653775,-0.5191022751528998,0.6059929392445276,0.05770841086981983,0.1806283187866427,0.3665933013328892,0.8098280757848404,1.0765516535551094,0.4180954510060355,-0.020551916434390857,0.205503323044673,1.125608225211131,0.3320962950552188,0.9638658371265446,-1.4919070708263371,0.24384364075444284
112,7.3628826713603095,0.08010851824703029,-0.2744448239775114,0.8564182927640656,1.915845496930737,-0.8399479053813151,-0.6977862167689189,-0.09580970238460416,-1.2647621489235963,0.2292590631421708,0.6190629761013127,-0.12684706268312806,-1.5091325530754611,-0.9282349613682103,-0.03762842552867462,-1.0318471470406467,0.24941736486465332,0.6246841472280434,-0.1521426097068314,0.3941161575923688,0.017930558797010186,-0.8917608502799609,0.017160380741083715,0.9320863126378658,1.000781873306078,0.9822914163908384,-0.013406634894471053,-0.4501137185498944,0.3178616807179228,0.0021895934630502215
113,9.051786979310688,-5.835410353275788,8.78020246762009,-4.647418103604733,-5.9576144242218465,0.97799860408724,0.9209234406976077,-1.6786149254428477,-0.9510602579161521,-0.32714350697210803,-0.4365362630214095,1.0670094921594213,0.186354243053986,-0.19493386502580878,0.18432640240872603,-0.20448703315163205,0.6434156281632603,-0.561579912628748,1.716789640101969,-0.47475207071760417,1.116860020346679,0.16469112292491647,0.7543983845781593,0.3461210435711296,-1.061041625969592,-0.3099368947189646,0.1590891091914647,-0.023569031082696437,1.5109798608776257,-0.4054840259585376
114,-7.945726400526139,1.817396651216916,-3.5579420729354014,0.007365297018977286,-1.4069651375746088,2.0254533767514373,-0.7496433956442522,0.7903276427114087,1.0506540770690698,4.285502212341711,-3.808404385022035,-2.5003392911632054,-0.3673765055899886,2.4344845678782567,-0.43529962950607276,0.43059340821862035,0.6126875592087833,-1.6753266085014857,0.6469939743493419,1.6269124886787476,2.319210738288781,-2.383792201873465,1.4700444485883302,3.7000334953724905,-1.90331777932518,3.0826280031622324,2.0232443035008507,2.43308051681209,-1.8339917693295278,-2.117284392707784
115,-8.246705681313882,-3.101466039115019,1.7876174311504338,1.792221876453121,-0.8479694062642421,1.4383317197374663,1.280935209776881,-0.6246562583832168,1.3072477803095477,-0.4926300615571089,0.42461060269408607,0.9868333990455054,1.586106172862995,-0.14723329499281138,1.8789587861803196,-1.4403333265372638,-2.3736712078141964,3.1662310724990994,0.6676513531959851,-1.4704484520916379,3.9390393235727186,0.24191701553552653,2.9460629187632925,-1.356789520217897,2.023214875891877,0.7195802041311968,-1.556229450700578,-2.0699781319568045,-4.09965808079194,-0.40292658665650277
116,-6.4845155052938175,-1.6011190229313494,0.2218415507185494,-1.3316704209635346,1.5131382662032167,-2.2035479065181973,-1.5286737760112232,-1.1621357025962924,0.3158831548150877,-0.8822566902671588,0.10684814422667759,1.7208726361628874,1.0124807278004255,-1.460635693416632,0.3766484670442566,0.8488634467583479,0.74756375354404,-0.36698877726058615,-1.37084993437885,0.3221080171406921,0.9173197757137072,-1.4859178015796468,-1.9626976193414096,1.8328399662049013,-1.4303925886738602,0.7229126022894973,2.6377383371701595,5.098699332279936,-1.6753124952876366,-0.05405231790248388
117,-0.39542536743680307,0.5616151046683282,2.6342037767984428,0.5102100009336361,-1.104071980294244,-2.031007991029988,3.30655080027962,0.6184087133474072,-2.7064242078118435,-5.307772040752528,-3.0924780130810956,2.6946415008003517,5.863372947192332,-1.6184238682001268,0.04920729704050811,-1.8217217033888016,-0.9760164280514201,-3.928847447272968,-3.27550834064104,1.3826098185530584,-0.5936563703898236,5.578618617044692,1.1362571406300808,-4.206683451295994,2.853857003472995,-0.5034770847669943,-3.0766112023113443,-2.7542637287289953,1.2242043101389728,-1.0089063487110181
118,-1.6712026365371617,1.957618170329309,0.8042533261397294,-1.829069361903997,-1.9654866197377288,1.8674788769571138,3.473703989882055,0.6961677163590898,0.06680839932994048,-1.443433881362154,5.347518345219094,-1.4950237487065807,4.578550925913316,-0.5713387405385756,2.6222865261335833,0.3153975445692279,-2.632014219908314,0.5004146980005642,1.4289631474267444,2.2941371815789906,-0.6411322438809144,-0.8798571208850321,2.6937626874115046,-2.1491619807926625,-0.4280289084128634,-0.8543996604017243,-0.016782442801136388,0.45783841082109916,-0.5250465703707413,-2.1194002259725626
119,7.615711614052185,2.294668967759832,-1.8594393540507377,1.7322347025995188,1.873677352682712,-0.896597385447567,1.4043882769564968,-1.5734952317875144,-0.23434312416185551,1.076491440509232,-0.21041297384543914,0.18654521732304336,1.2987104549152015,-1.1661607039324202,-1.0363579660886049,-1.6148612906296884,-0.007592844992501241,-0.5861229365506337,-1.3040165526126344,-0.15860634012971336,1.5743971271790849,-0.5886612153901795,-2.336477315055438,-1.2566754791258163,1.2994762542418508,-4.570098547816825,0.2931612958335868,1.0850651525226251,-1.932227118722558,-0.6322984151715346
120,7.075269874759916,2.776151197279738,-0.9622927583984743,1.3566892142094453,2.231746709105213,-0.012967677268870291,1.7724281791889942,-0.16261939825568028,-0.920456527545109,0.4918631256520458,1.133432872447832,-0.08717978276166155,-0.5403668444696194,1.9410071980968393,0.739249621752597,0.4334490511482643,-1.373765708363406,0.14361169488580375,-1.6583712073784451,2.8832788966045926,1.0675052695512766,1.0123525094305614,0.2450142380211744,0.5416877116027646,1.2706339840828755,-1.788196915407539,0.6236747164321758,1.2140186533048363,0.18980046582396584,-0.803020738147819
121,7.991795932434249,3.7573844171183457,-1.2657300329082561,2.230295465004707,2.1554800389927147,-2.5139976816045784,-0.9432603770983797,0.4624860065664244,-2.4857947896090047,-0.8843806689907276,-1.6502020417132306,1.162365262507219,0.42461700473053043,1.3049770617788758,0.4896941417719748,0.21206087898638096,-0.311881977677537,-1.0557963366728356,0.5273907349889524,1.1275735919719514,0.0824798476867199,-0.07206272054839981,-1.8138038962627903,2.0278282653619053,-0.8640970928364521,-2.6118091885050205,-0.267578427244422,-0.8475455880246574,-2.6791643309934012,-1.6032685610685016
122,-5.279979768144029,-2.6244073775535304,2.2247617349004747,3.332389783649298,-0.06502861671579489,-2.3857361293024555,0.30694492995205414,-3.633813471211123,-0.6875173475966945,-1.8139394333797625,1.3557621655867902,0.31674714201250537,3.318526322959846,1.116221535100376,2.261479394637891,1.1526707694186629,0.6232810001425828,-1.4734356231567947,0.44245119134245847,1.8395748732647146,1.2975622853615163,-0.9656176846804251,-2.1279663725533067,0.2715155631798794,-0.653916935039011,-0.42918752770898494,0.04274097410415773,-0.9140752809037753,0.615606158319102,2.87727156557867
123,8.475473510324143,2.962417482865758,-2.706751882014943,1.3845685793861238,-0.08027899434471931,1.3578871067711935,2.3704779763016655,-0.9618901371172532,-0.5577382489628968,-0.9125060070468647,-1.5517766775200559,-1.0520595025458324,0.7729730528637042,-1.050734633246909,-0.5573065216373586,-0.7903436127599388,-0.8653639724115579,-2.397718210386143,-1.9681865006373824,0.45815673851162403,0.5949592498796205,1.063147919543678,-1.1480879516713485,-0.3724215748314529,-1.1049905253266679,-0.27294844871694574,1.2846744904929859,-1.0203062085227457,0.1319291370067384,-1.6960266114154716
124,-3.8963413810652994,-0.916190290866575,-2.2039447856360805,1.612194386107832,-2.3188154795803837,-0.3088980826971557,0.07299130706406153,-0.5240700159968464,0.9306519480352577,-0.823797776157852,1.8039523531006119,1.575773650509661,-0.46235258225727716,-1.3766276164669238,-0.8728149569071681,1.4178868997889262,-1.1343792607676448,0.5987433766770321,-0.5551619033327839,0.6201233770517409,-0.5517428891701528,-1.3337746186684882,0.21935144625308292,-1.522943980220593,1.4993235724932583,-0.05237711089220223,-0.09284651158203762,0.4766365997083577,1.3184347263051586,2.6941138289058184
125,-6.1987849975025835,-0.019935326790654878,-2.5765665174763406,0.006789752355126485,-0.40455195852213427,0.7778727721320418,1.1471517163796197,0.38741587933220883,0.039788328018834966,1.4709613934021033,1.0857044530573197,1.852126946316985,0.4200025235884024,2.3612461847082513,-0.2105397622342436,-1.6115005346435542,2.659965820194743,-0.6081281180542907,-2.8699531565887537,0.6143153303966067,-1.6774714526130752,0.7997038470035621,0.9686716830392605,0.7717551276787028,0.6293386691302216,2.2301582316792663,-0.36393422528859404,-0.46848953119464026,1.6886299116229617,0.4789208982544233
126,5.016943510460525,0.6437878846506881,0.09576582946094617,0.4614134420124953,1.2683946120519738,-2.496922773335565,-2.1257192011747486,0.6479910277934543,-0.318770149389329,-0.40205475662088513,-1.2837750611542138,2.027250537269689,-0.03791356977066924,-0.3619162357069317,0.4117479724686679,-1.204837191604791,0.35715865049018214,0.45850938819333825,0.646943862420261,0.08773222532241663,0.5715528975297794,-1.3458211873957822,-0.3703058483530825,-0.44200685040437754,-1.5878531918235668,-0.5589764578163883,-0.7063860780162023,-0.516365626845501,-0.8752155840541845,1.567649050402418
127,5.72286439726953,1.8168837251481036,1.1202983593869964,-0.5472838157615318,-1.6588256034967783,-2.113612799251666,0.03640015231233597,0.932069112121415,0.6290377808495646,-2.013858499306108,0.3458689497126712,-0.09167974568944388,0.4177407879576631,-0.12694426294767774,1.8009596313747345,-1.004994610264485,-0.03453452960374331,0.11095503511268943,0.5840372466747206,0.9278809395813621,-1.9416889033956086,-2.551796661988425,-0.6603269562942607,-2.0794422723575496,-0.6015223387089055,-1.5208182406101678,-2.9219966885970585,-0.17975122359027207,-2.5275680051693685,0.33916641627500965
128,-6.466631575263968,-1.9689319717420175,-0.7549831204681556,3.31120665721626,1.6008984999725773,2.081934122351181,0.4242622496359802,-0.023420297153973483,0.11382801458533258,-2.6318191021095854,-2.580281011217634,1.8239310260703745,-2.2608573291268343,1.4279562487196595,0.6085822312747232,1.2488590918300608,-1.4159073277880212,0.44167823947642904,3.0143591556882696,-1.7693922743695654,-1.6766076466404605,0.2182162040980278,-0.3135557449369704,1.7253897233264983,-1.0104884705220325,-2.4570940137962363,-2.715933110411374,3.0984248974081794,-2.8593673880639443,-0.04468581122985468
129,-5.882885484161387,-2.6375200226400697,1.8032066826266981,7.192415945631714,-3.1291536531753916,-2.3485905834871095,-1.742578021658187,1.5178081694090355,-1.4724310289305682,-1.1709879348278833,-2.0293733190382417,1.873133347732829,2.924310118068679,3.4813206371470002,-0.9374204165994595,-4.079738882742968,-1.4225509335034319,3.222563320532966,0.6030592001838212,1.0191014590490868,-3.191513954791937,0.14724622022904757,-1.9135388918835918,-0.8355253972391439,1.3669260233474172,0.2725260020635773,1.1063728512576518,1.1779929645976865,-0.6290341939024677,-1.9354844707262926
130,-3.8142270952257795,0.06187162826638182,-1.324811670206821,-3.2395063096153462,0.9575054094384922,0.07311914894049132,-0.7031441427385499,-2.295077924874124,0.33670968608156154,1.539214334506151,-2.6878742309422843,0.13057864839141928,-2.9517260764924678,-3.2377142284683895,-1.9302869838333552,0.6019817921726399,1.3259054385872395,0.6495556237991633,-1.5216505433075396,3.1747781726997815,2.916196065895783,1.0466155228075544,2.4656384899293577,0.15695241090077902,0.8856763753390322,1.9722284943160069,-0.2588993581634608,2.328767433508355,1.0547412975857262,3.4864724980807775
131,-0.8391678556819984,4.225841889341728,-2.5209268941385172,-1.3627887783587083,-2.8919499540331293,0.4944291250075948,1.0343863370149173,-1.522549226205496,-0.4853882058685469,-0.7976186804477093,-1.2544083100089856,1.3306268572080424,2.7680199506288927,-2.6862916416757674,2.670967517841837,0.44624314887761457,3.2241506010296868,-0.3897574330935393,0.5072743842402574,-3.262624410376836,-2.138791537037044,-0.5640417784108566,0.8938389274120857,2.6207911530815995,-2.417904659597219,2.941227429491436,-1.5628981862564153,-2.555704456770067,2.124426869889386,0.28452988355486236
132,4.3086287780739925,0.2232293624920974,1.2793111438912104,-1.2841421442602,-0.6876894377241783,0.06487500443918245,1.8063003467308385,1.3357945195702188,3.0235763913030174,0.934562728874391,-0.5509636826875755,-2.5210556223855325,-0.062290537853634025,0.2642558827682207,1.7411383279600725,-1.1516138346979035,1.572464527859376,-0.3029482864900219,-0.5359263108196886,-1.813830369324816,-0.2953858692998812,0.0005945132296455727,-1.9515513239478839,0.4858907451678029,1.0734765872439387,0.05373225170442652,-1.3143388979461132,-0.12080349159562978,1.2527652811755616,0.012627698167908716
133,8.63596103127932,3.4093252753024936,-3.164561184928534,-0.29517243747210403,0.203886394020345,0.9921559996053222,0.5668113728819706,-0.7932585884957605,0.14904549237433226,0.6706676358447414,0.37559390858070063,1.083804244571586,-0.12764442413678015,-0.32745323756958766,0.5806616022202311,0.5153101130099305,0.16143019364362532,-0.6132476177636748,0.6807241275131966,-0.531166207336309,0.2016031276893716,0.4749820136670563,-0.25619281522894727,1.5485362969901417,0.8140198523072293,-0.07990910662391809,1.3797851477028087,-1.3788459759014629,-1.1025847431911788,-0.6531218047867461
134,-4.646153140258465,-2.7974932401307684,0.5110178166937555,-1.1158725792657056,1.8517598505075015,-0.5021170554378668,-0.6513625433676816,1.9342874675825592,0.040600384190138644,-0.6961593739774675,2.2955266057419665,1.352176282785206,-2.007313964810126,-2.4134540299920513,1.019395372213595,-2.1228272623349773,-0.29607992629721375,-1.5603025942842113,0.09640423585119771,-0.04008191358266815,-2.0702341973263123,-0.5059291954260022,0.1414598793225847,1.2280080696690436,-0.2251832142869813,-3.637455290541367,-3.599739715488361,-0.3712308328853402,1.8427169445683156,1.2911268652729684
135,2.649701949646405,-0.038893197800940756,-0.6761325272111398,-0.03217284789774132,1.4138416157780862,1.8398090759331327,0.6399272721443936,0.22746239698342954,0.4569816912135053,0.20046523358296514,-0.2584072796804294,0.28315068405419974,-2.1103646200600124,1.767898623960238,1.6266213677741277,-1.6260750435195148,-1.0332148311644551,0.5962501835877826,3.4928223906591014,-0.5530979924189972,-0.23421089365546557,-0.06628207673462536,1.1896058413848754,-0.024344026386058103,1.2083030354051405,0.6230399048176934,1.4503309260873902,-0.43650002950527256,-0.09885033449581872,0.4806401994396505
136,-7.162397440062166,4.495067211843592,-3.980425175535493,-4.060291313630765,0.3568636792361414,0.5462466847130097,-1.9713402804389162,0.7432222365518334,0.8278506873480764,-2.875774710276785,-1.8142218545391267,-2.163111318675164,-6.399647904864948,1.3106441934506448,-0.34765505734590985,6.606846014844197,-4.430553717038741,-3.4686557917080165,-1.699768051820377,-1.7656430731188895,-1.9812206034444486,-2.7678332994776103,1.6969023107030012,-0.155135204904564,0.13092664807797155,-2.0405851272056106,1.07167592737604,-0.05787793749046598,-7.212485533517566,-0.17964040456295477
137,0.578650296146261,1.099543108905857,-3.2876577957084483,0.461120408123868,-0.1255015512990582,-1.1028498873605723,0.8896118085428173,-2.348787998436247,0.14243549986046963,0.17724363731138854,0.6713449881734489,0.3958494946989534,-1.1566162690526884,-0.5958356033310522,0.4577464808213874,-1.696167366871019,0.0840966944603139,0.06367592301192962,-0.880615687801868,-0.1916748787829327,1.7593328657699885,-0.9475230400660388,0.4991592402120722,-2.019050606632162,1.3263536988228974,0.8062839206849736,1.0551830267832099,-0.2639162563605533,0.31019999574929596,-1.1532615697727444
138,-6.913486653605043,-2.97015666542069,-0.4320748075711521,-0.011683108924457732,-1.6582132140887058,-0.9033104046859302,-1.5500771490717753,-1.002048759040484,-0.8833635695328441,2.569325907855214,-2.3284665308920185,-1.4638995319881412,1.1909567581458673,0.4738124416742527,-1.495618769370674,-0.08733121389293615,1.5957116645798135,2.4586044539522263,2.37956671254262,1.7696327308035686,-2.6864219007755525,-1.5579215917393812,-0.6300253730041552,-1.1563697546936118,-0.5068118942225565,-3.343764352721947,2.4026098669174876,0.09875488523809586,-1.5916397951819639,1.2863741556452186
139,6.162665257222497,-0.49879766055729113,-0.7742765765113008,0.06478055315442015,-1.6340159692950977,-0.2654315861244672,0.22184766778799564,3.0329547737370657,1.0967366629433464,0.36347642313290524,0.5009270453849156,-1.8658243835628867,0.49668959367462745,-1.1193980235101082,0.409247085749185,-0.5332685347054279,-0.29710424996352197,0.31494131467196,-1.0292782721260438,-0.49152680639911095,-0.45265529922666775,0.31595173762600176,-0.2540118552302857,0.17879763963671805,0.5138261980605315,-0.4346414882402357,-0.37923495904517557,0.4335574840998132,0.28181131452217834,0.21051553673966458
140,-5.350565588759026,-2.281399013017587,-1.974076127421713,1.9973231441183292,-2.8251626110923658,-0.18140713436090278,0.7358286917058667,0.26140972280967356,-1.6976335960417608,1.5823039253255624,1.313297350171704,0.808532131078797,0.5533715257029004,-1.4877250140464613,0.8924844319565652,-0.6282967082191486,-0.8659171075007361,-1.3493396701131481,0.9843946956518151,2.192789968331907,-0.05472872644680908,1.7887263802241888,2.5432734353047737,-0.4139397111750936,0.8216351685475263,-2.6187544456144844,2.710529227717847,-0.8846989439998363,2.5201269615742254,-0.36928512629898524
141,11.148380572075627,3.5134711416847924,-2.6299124853320026,1.8155187999763494,1.974048494450606,-1.037102647107709,-1.2972396903336485,1.5072081079425939,0.8739785297983449,0.9724998094138185,0.6199177322073731,0.9745139680252883,-2.011355886497672,0.09601873861247498,0.7058354183563972,-0.23449136186343295,-1.0272388754473172,-0.33638596866387555,0.6133032175609275,-0.9590386349319799,-0.3578332388811823,-0.06245375849733194,1.0721922878734964,0.05346507514028825,-0.6746730019233746,-0.7858325359373617,0.5613470505039837,-0.6381085864358249,-1.9535377060972425,1.0984045099691229
142,4.069865635980641,-2.8205866826866606,4.67857694127508,-2.6364865872434353,-3.2165922988767224,1.1020782515131584,-0.5705818782870938,-1.5468264921178043,0.28700510270690444,-0.11706243712181494,0.8251668450207054,-0.343822396558914,-0.382098923816743,-1.1225681972136088,-0.0382187532476871,-1.7389405770864326,-0.2268691484816028,1.0236166186522195,0.6567054462543083,-0.27117171056159206,-0.07229419317338537,-0.8967248011868092,-0.013586334561838413,-0.3652536920845443,0.7246789922312902,2.272575318373074,-0.8211818722572415,-0.8470585660605564,-1.2109915670982356,-0.388017697148303
143,-7.0201114557258615,0.21571604842980815,1.7711278897266363,7.043484349121177,-4.915654342881092,-1.1673840960657382,2.730616771299643,3.299661538567976,-2.2722708305296293,1.8119796419751721,0.6181041607650706,-5.3085341883561314,-3.725246339273863,-4.464653949639929,-4.867859274848511,-2.0383145399710783,-4.305585784483503,-3.920823567400914,1.391455246126809,1.9761501654893696,0.9272410569869283,5.594944488515414,2.867721645708119,1.1322420493650267,4.717726913809695,1.2017364955475116,-2.285364502738957,-2.7609572360230894,1.073304663487272,4.636329871342588
144,2.197505025710114,3.5664984968216533,-2.023286114970626,-1.459468169631409,-1.9607582102310088,1.361985116699951,0.5522252998471286,2.9443882034512248,3.329662986047969,-1.7804083491746376,-0.25143245141842735,-1.6861053823081147,2.2614161418022376,-2.6292310447064478,0.07880910920269114,3.932383186689944,0.9664396064349352,-0.2607678692337057,-0.5145147226490813,1.2088932665452001,-3.096864150566939,-1.4697948016174411,2.7752986286805927,-3.0993380786244944,-2.1284485291413957,0.45631157214920354,-0.9356821908918675,-0.5434818147332573,0.6145148281299093,3.858811700758767
145,-10.284832378857843,0.7545080558962456,-2.359592734854499,-0.17873418032009245,-4.543762172295116,1.340857399608557,1.2947789678896937,0.7350470586503954,1.6020684214699332,-0.6231879659773043,-1.4105587141972926,2.024680038349249,0.3659528512297644,-0.3701422727828148,1.1276359544311971,-0.3507561972307224,3.047352396397589,-0.41296575954250225,-1.7474541334970901,0.9172583845781953,-0.1163892488361559,-1.205766823891638,1.8100593471329443,0.72322257215835,0.6281593682282453,-3.9761413614390237,2.3131876360041823,2.870011381064325,0.5899349499957813,5.023835799833887
146,-6.103008654669594,-1.0508438631317858,-0.001912859638485111,1.7094493662085097,-0.8657011365623434,0.5475499691894838,-0.7575861507719553,0.30468027274406423,-1.595601994274844,1.0640840141058463,0.4362852379835619,2.828967818496814,4.076953238355843,-0.4895076350503165,1.9316699637375399,-0.8335435161178399,2.2810311643059946,-0.7114493292691773,0.05711572676889761,0.47908581195998756,-1.547655443158914,-1.625283797157828,-0.3264605021892023,-2.3145602296392394,-2.136554454203395,-1.4439232938783164,0.09272247877174825,-2.641539229706858,-0.8648046179406417,4.508338739722944
147,-3.155173639045913,-0.6751251980884773,-0.18607361597189528,-2.169289981725914,2.1826570113641095,-1.1163608955101791,-1.3336824677125843,-1.025559096368976,-0.1985609054643182,-0.3055222438354781,-0.49045727949531104,0.09989235925651418,-0.3708146676554285,1.308840380461464,-2.6896748271453426,0.24696627992983852,1.0059924441969188,2.9174310610129917,0.10996708213347699,1.6122969366522122,-0.12291968050155894,0.46041401155243633,0.39291644091965694,5.258022142232571,-0.7653260422058104,1.7654944151378218,-1.2296253853271855,0.3322444027861693,0.966065512203465,-0.7585677790474337
148,3.2746121048162466,0.555054732137438,-1.9727620435678066,4.252038110778291,3.0806742961038593,1.0866765451778069,-3.0423375385296136,0.4783080619519975,-1.056136745426273,-0.06817913283801534,1.6950769455238293,-0.8463805997269033,-1.8075039344172459,-1.466226938690667,0.47384499733074614,-1.2802990855831804,0.8533790961704065,1.81769082002495,-0.09989629163031441,-0.8469062766350556,2.0474684359256528,-0.7073895158351262,-1.0475555091255662,-2.2134618272649655,1.5740957008430516,0.07804703616980996,-1.4090689169172086,0.5463880743203924,-1.3669733382073703,0.4311412402834621
149,9.325471018749186,5.5934112194743015,-6.55542236614271,0.034374882498669296,0.4711971905455186,1.0873947526164676,4.01806814878534,0.34193958023329,-1.6466258325993686,-1.075211566078069,-1.1212635902955206,0.41795562527505126,1.3250888471950233,2.0634386745992486,-0.4704491203461807,-1.358781980362016,0.1797983917994149,-0.7869760001165464,-0.9786572454717662,-1.7037001762391737,-0.24883382081602665,-1.3809689337235849,0.4826100218302222,-1.354641936648383,1.8723268505316184,1.474252938070927,0.24208490881350087,0.44113613088792936,1.2425150257378288,2.5846511870155657
150,2.110946647845698,-2.8145585714101946,-0.1604068597988514,-1.9219066608605004,-2.117817503829244,2.115619142733755,0.17889738534287442,-1.768476083324235,1.1272670806494278,0.8394773032999702,-1.5249551008994133,0.024990585424398467,0.3577089128916414,-0.174107808718764,-0.19750198051490558,-0.12619630595374626,0.023581055392343446,0.12785257030922112,-0.39435874339519894,-0.035813189947112,-1.3411839690568552,-0.5535848995920489,-1.123833273466833,-0.18780144408312863,2.064956197490945,-2.6966077901201997,1.938377199219129,-0.9461027296849412,0.25123378753117664,0.3659360418863597
151,2.4643414706103743,-3.9096929209340296,1.9794142689323782,-1.5679555462963386,0.6902502390612579,0.6458671510123415,1.5666338247408977,-1.0349454297255432,0.7092218184622947,0.9640036873191175,-0.960247125751131,0.038805624946091785,-1.2839593744021505,0.2822181053210908,-0.038658203753769195,-0.17951633606722936,0.34949808602159227,0.23223348740540042,-0.2450008636221439,0.4271229932524562,0.35583623284623384,-0.8181197110308791,0.254101953003582,-0.2799559798391113,0.055983689217631596,-0.09232629454217689,-0.10030589115044486,-0.3968465752325658,-0.3947478464420772,-0.3206479710523464
152,5.608522949517779,1.8749232836862475,0.938145579197078,-0.8079496799413202,-1.9049357285794788,0.4295397308114332,-0.6598408334737054,-0.13013424133990853,6.725745305130013,-2.179150117689737,-1.5938172051169146,0.6932528095352846,3.7773213447622696,-3.389041380774653,0.4557429787796784,2.3903102889869143,2.326448001568601,-0.5307813879413442,0.08439995743875289,1.4984275116466335,-2.1531303890137203,1.2644362538425313,1.1670027553112559,-1.3839354852673735,-0.47833840398715466,0.4665744677583068,-0.2289282353960449,0.9400682388770619,-0.8481911545137649,-1.55666567962909
153,-3.538697262795339,-1.2555263911599257,-1.3489043795052431,-3.922413864623639,0.4353347978919206,1.3803266984014526,1.3675190509037862,1.332341461704148,2.4711491467083286,-2.179082698660348,-0.7608550725989389,-0.826879084767601,2.223587640700657,4.617050698493525,-0.1154313826436617,1.2928165843162236,-1.586506960655206,2.101483898495878,-1.7213992522812274,-0.17043381311890443,0.240565070030973,0.1314496596324013,-0.9176230383230749,0.22116100770865063,1.7519301151421125,-1.2095909747634113,1.2744652763141766,1.2882246957429189,-0.5978411944167819,3.1897517190735707
154,-8.022891920127822,1.116837782441161,-1.6286220414512784,2.0394774327212146,-1.9804188277592318,-0.18952756296361678,-1.9202695325903667,2.1875087991967845,-0.2833167169671437,2.934330309853518,3.5416171764594617,1.2032003204191888,-0.5430955702890576,-0.76060922494864,4.073356148697263,2.4916074136693824,-2.008814489367632,-2.210564269347558,-1.2521691039019913,-0.8042871628249031,-0.7251204193087446,-0.03869973662983963,-0.8076253276239345,-0.4764429998926785,3.1962553008704746,2.398622033364139,-0.2920921990298901,-0.9481936656309751,1.4237611865217257,0.2945751590007378
155,-6.474105602761816,0.29596206003119024,-1.4788422398189778,0.49433776278844327,0.9230092291294784,0.17467455185143058,-2.0913934276625588,0.7885403318303191,1.1569282809890664,-0.020705331049572,0.20553911621825394,-0.4961381461049429,2.1317453447964207,1.7796113389427188,0.8491290337686604,-2.771087570928629,2.35432214513173,0.7215066660958639,0.9026838277850008,1.442504542739225,1.4036706336690858,0.701016483749784,-1.255589599596247,1.9803973170109255,-1.823664164824735,0.35502749339764955,-0.5379277696083407,0.43254944484623425,-2.243052616453647,1.5441567055939718
156,-7.448141521696938,3.6986968208739945,-5.064966393083148,-5.347995892362436,-0.4774743789605819,3.014028811151096,0.031227121526204292,2.2910315534686454,-0.1664834749461629,-1.2839277607635273,-4.224583863334669,-3.4662772708516374,2.2667099607223777,0.9302837485796879,2.513583238969609,-1.9526266534641974,-0.21891739913575278,-1.329831255593339,0.1194790953335419,3.031695282739708,1.911616946057295,-0.2289580761439901,0.8524193445298262,-0.1835789111104051,-2.5352087569292014,1.695870134114504,-0.1750180351790932,-2.002731195477034,6.784702362729427,1.490564581387025
157,-5.878525362395068,-4.843529699061159,3.810728902513216,2.1963522700037053,2.179726862594845,-5.504477234275048,1.8930235656050243,-2.2396083222582654,0.5142378756373907,-2.2021478240726666,-3.0718916579267526,0.6385338483155805,0.10298607918838404,-2.146071263741936,-1.947755072852143,0.8272282185847766,0.4358213892770697,0.7705500442402801,0.7050344089918643,1.0907064354356786,1.8277338220370276,0.12461136303057636,-3.7099039602764434,0.3451892930998914,0.953344873200031,0.06743077323599041,1.4813822364671891,2.6890559316284266,0.5170579419630984,0.35930055862305343
158,10.610977141175235,1.817212710726667,-2.142780158215338,1.3945872430480397,1.3354764691648826,-0.038728117051589746,0.2397354749537625,-1.0079503655697484,-0.4644853930526887,0.667516317349954,-1.7422566952325569,0.1992874705185997,0.26366324774874544,-0.5863122557754228,0.7771816572110022,-0.5348003010319109,0.5756070551533821,1.1580544585529775,-0.22395884964775145,-0.2958374889424574,-1.2812304682179358,0.13866323059589833,0.23409740250036054,0.8043928015778268,-1.5938167040938114,-0.7900083904905231,-1.3928182663495656,0.008521898578699212,0.2868676689623404,0.013285664733277755
159,8.655000148116587,1.9924942240860049,0.9936388095235316,1.6162522620790123,1.3893018379463602,-1.251245262272779,-0.6648814321936386,-0.06516123865790298,-0.13719341125464538,0.7697000372264794,-0.5298639882283523,2.8416138615582187,-1.2264680553249578,-0.5187900930612238,-0.8269637777376848,0.7840028001210586,-1.2194650150325983,0.15199794895767377,-0.5017620591840298,0.8488221565681703,-0.8018995454757357,0.04326528483959875,-0.05861932284639829,1.2953266766561133,1.6845179412240923,2.705199822796155,0.6534976961987077,-0.9074650292321185,0.3303346743183554,2.121043551856352
160,7.761885738806954,3.618877002258877,-1.7927421267283496,1.1893915046434422,0.4780746197093855,1.042819893258057,0.1788119519233159,-1.2697704208393104,-0.8194682080408193,-0.09834500286404838,2.225512521155384,2.8571583230813586,-0.058486111295274174,2.123575534544506,0.6742572788754856,0.09910319907090637,-0.14943824773966413,-0.7105252685980985,0.38647554845161947,0.29481158315053213,0.5449331540102186,-2.2492569713790953,1.175085639486598,-0.7225709243747095,0.48980299932576216,0.8401121789363241,0.429759917296502,-0.27247195001756497,1.1218386762055361,0.39925244083815015
161,4.425578289145162,0.22325188027039172,-0.1708216868723769,-0.5059405167069041,1.3124198427026466,0.7141654245094713,-0.6490498163941064,-1.4356875357729761,-0.0869580803695775,0.6134226694923646,0.09675654780251537,-0.3693119680868638,0.230812839181683,0.5675505487025742,-0.9088240192430374,0.0956102642410924,0.85095524694931,-0.7585885830624076,-0.8703226587879442,-1.3928047061145452,1.186411453574425,-0.4242637804037628,-1.0446759823345704,-0.5526525873889987,0.34110155439364087,0.03494296968768036,0.39895654722156176,-0.12103134955492012,-1.3322529374939824,0.5411763052518513
162,7.652281482119676,3.653206002149748,-3.413547888009642,1.6307172136471622,0.8144207859741802,0.9522674405118724,1.1221257851816546,-1.2952217960742418,0.024828574541042606,-0.4636817440349188,-1.4022699671067858,2.096421538284975,-0.18222017857232556,2.2755837624576456,0.2717126856358016,0.6810201338185876,-0.10295126790267413,-0.27190415096303977,1.2505995535954455,0.16530134714845812,0.6057032521833171,0.27065587967083043,1.291334712478426,1.013964272816639,-0.6207202801175977,0.09056187619501278,1.8402591049392576,-0.40409446447610053,-0.8137031489498315,-0.5164081115281927
163,-6.151502383554092,-0.6349520746581611,-1.8171276102288436,2.1113920468197525,-1.7511278122811373,-0.6160965219910914,-0.8300549375894656,-3.2064498980899523,-0.9049404950157373,1.6028871716410054,1.8957645640170682,-0.5728526318364027,0.27223826916946836,0.6353952732403128,4.184908720439481,1.0424497438463673,0.33404602127319605,-0.3165118366701303,-0.41629686405440236,0.646156672602768,-2.1962253141157824,-0.08433426383215999,1.616113384467712,1.8776370501292263,-0.16192285263987022,2.228847772691457,-0.9828420203976487,0.7380509468290066,-1.0970315401695345,-0.5890017771475989
164,1.0861552056752541,1.0823767524097707,-0.2566794658626176,-2.3073393746851996,-4.030633151514615,-1.4412156122045128,-3.793321803731464,1.830908259169559,-1.4470487555235991,0.5249511910915895,-1.1485038395161362,1.1535938254208231,-1.59212651115667,-1.5972272633575577,-1.0794389580028925,-0.4540130687835681,1.462149928219701,-0.49032724426382235,-3.655986679806299,2.4242019199525906,-2.1456987135213184,-3.7137995640864263,-0.73355730997501,-1.7076175021023738,-2.687367957561148,1.1615995527995566,-1.7227439265722424,-0.8506671715900214,-2.1363400083788386,1.4820766580272091
165,4.806105376418438,-0.48720101680524397,-0.8298706437816884,0.15243297616297546,1.3828230022553125,0.6118632153396764,0.48977297251223834,-1.3661211236328021,0.7201621965372235,-0.11544890964606852,1.0643049796031294,0.4738788833350091,0.5274306005533512,-0.751523635112464,0.22708232700901046,0.06000457169683053,0.32876746019305797,0.2608206808866483,1.1941408209790931,1.3691351678176593,0.8333860551145733,-0.26577249257757746,-0.08537630275683147,1.4815283207263539,-1.10237660789869,1.531993072333675,0.02047116778259359,0.2399171506816571,-0.06175917379553756,-0.8167624542081147
166,-2.1190359248239647,-3.016249229843968,0.5972996745419586,-3.1741561384942343,1.3136336051878212,0.37746810662344576,-3.270835743039954,0.18191941670497694,-2.8047190285271575,-0.17001746105847768,0.7408346724017405,-1.1960157831309959,2.036883908213858,0.7545764619445954,0.6315773036124295,0.9804010688816536,0.17027762284571635,-0.7489993475617563,-1.2854068469452309,-0.3398027128075776,-2.1033756373863834,-0.22510437754132173,-0.5617223377409019,-0.3008832760954896,1.307364886347141,1.4953508794733212,0.44817819681597504,-1.125905720483996,-1.0248711337418674,0.5568897812339925
167,11.00082639554653,-3.0608171625640157,5.979755506593146,-2.834346872791612,-4.5841097515320515,1.4047753012767779,-7.548153105869453,-0.2945052788451304,-2.70106961765461,-2.115122031179788,0.023566205953491265,-0.6648634365960228,1.1824718133640524,-0.3486150782286219,-1.404005955289246,-0.1274667138616401,-2.9831107363911347,0.4963773324796554,-1.0074711832805974,-0.16345614558804097,0.179482172388348,-0.06424294033184091,0.042457336978616485,0.951969674400151,1.0791215103692071,-0.37655022292558266,0.8168424549649699,0.3410947619056143,-0.28799626689895397,1.179022404076364
168,8.84783791181503,4.351672179588626,-3.210543921185403,1.0755131856395117,0.8064113459491811,2.834230633675519,2.3323967403339383,-0.9447351651295653,-1.0603622103856347,-0.6906936075192034,-1.2889496198856585,-2.2015377030128516,-1.2385076390547882,-1.2753116766893424,-1.6200317585108956,-0.08589993982533785,-0.2802649888308259,0.7919176312803672,2.310231211592312,-0.1606256540723714,-1.841154325158583,1.6683406237730058,0.47996762833911794,-0.7836179920562282,-1.8949645783962157,0.9893276009321709,0.32590780826250076,-0.5025350122954572,2.022051397626509,0.010969724561740201
169,3.1871255164367662,3.890973440983712,-0.5139544375927371,-0.7191747844571897,2.414617814908092,2.249270918799901,2.026953068719515,-3.5716118657278897,-0.9231807517783067,-2.629081434205746,1.9171328919128872,-4.206769526883572,0.8814626541851254,-3.827177760074741,0.5270597398418592,-1.0974690297651273,-0.9064608612108414,-0.3743792356626797,0.4543685643753592,0.3565713816544969,-0.47273947117406223,-0.3866348224543203,1.3100284036692722,2.503388632470637,0.32059050391041344,-0.025895583708761244,-0.002933590329320561,0.023448804661983364,1.4695904065476328,-0.5040551723635305
170,-7.477610794025287,4.21512723805279,-5.5374623373525305,-4.019936998766056,-0.4785192013859792,4.287044593411945,-1.861309955449985,2.4788245654075025,-0.7816136178073253,0.5315045536418912,2.2980507092596465,-1.882677934222648,1.4250415906426401,-4.169155634852848,-0.2415056816237959,-5.58568740274058,-3.8354449656419582,-0.4562116249322317,1.3454777896219001,3.6802924640703276,-1.5525861095254014,-0.7238912341538803,3.9144770792738512,-3.20158057403414,-4.949733651147974,-0.3192114585429783,1.7898119469407339,-1.0486829128861774,0.5272255568092761,-1.2015309935751781
171,-4.133140356051133,-3.0007106705832207,-0.002785580749299303,-0.06363150775057677,2.439990508070157,-2.7204063348590837,0.39878047546285167,-1.4762567954288277,0.341724381887683,1.140388534976615,2.9576185549933136,1.1131508583785885,-0.8683357200188652,-2.690998127258244,1.6258594878720445,-2.8113698287450557,1.690759393005485,0.32873435690804925,-1.59985363457838,-0.30815419991403664,0.18191417878272556,-1.2025984718763356,2.673829673871165,-0.2980304944707025,0.0705387833999853,2.435238039720506,0.6997558852941953,0.339975780575941,0.23109383961923777,-1.2783836306579106
172,0.6222236855390187,1.1884377301989333,-0.3975590480234847,3.6828411796519753,-2.8815468183989656,-1.6794398211107977,-0.42504030178715996,-0.7916258920819399,0.8374983061301701,2.4312800188980552,0.483840069640828,0.9552493784048222,0.8963817521677447,2.102907138131623,-0.020772393308068963,1.8483988354841787,-0.6033305846054957,0.8399123864707935,3.4392057563549434,-1.9095781240194387,-1.7058623767332193,-2.0364634898139204,-0.1772831134666313,2.436683190380588,-0.9563237941944828,1.0930967998013779,0.37468789907479844,1.1793966599205867,-2.8221424379805033,-0.22335652474558743
173,6.552231908522002,0.42293266839833527,-0.07492566753329456,-0.3456937683976565,-0.7057871861586116,-0.5282325716135122,1.2907037471037581,0.975391874924244,0.07625208869986728,1.3322502598559622,0.16446036745665582,-1.9239423468944945,0.31598530216024184,0.09653201102198199,-0.5066947945518202,-0.1571465634720589,0.22890364211789863,-0.04498507741753629,-1.1138797348242169,-0.6597366885378126,-2.4144393593154847,1.0351629396160744,-0.2745030402857197,-1.112577214127682,-0.7161813069752808,-0.40722459792458926,-1.2198751233775156,1.9728205997655754,-0.726888340290509,-0.5150997275112099
174,-1.3770926947369708,-2.1984185936436353,0.834387739801073,-1.4579179701829246,2.844556700134498,-2.593734533891747,-2.5141872227767528,-1.3397548578238756,0.695226245363328,0.39640731495884013,2.1015537320145024,-0.8952598892047067,-0.5756769640330878,-0.17073811467280117,0.29687952927509453,-0.3131895173687795,0.3740194829694935,-0.8619889083014295,-1.1408623032820975,0.09853298867290532,0.5802382509174097,-0.32053461168272757,-1.1876389655261035,-0.5050676589945114,1.8344913094238127,-1.3282164812543171,-0.2314114994252115,0.5238287912636547,1.7690534903667379,1.8388514444666784
175,-7.339248137059372,-3.27022779273719,1.7664483659648733,0.3869837763632733,-0.09131832347193584,-0.23891167563406052,1.8225863851219106,1.2798480691358631,-0.4259823330350473,6.371903725453223,-1.746915190587043,-1.2409274677922386,0.06228882025552265,-1.7950430898569467,-1.0162804072012144,-0.4383389471893435,3.3493829069668895,-0.017587164009992974,-0.4056086331850204,0.6427759078849705,-3.407324798042123,3.3361063081962428,0.1340161498309746,-2.4815851684832917,-0.08719696342839381,-3.0269395878812055,-1.4991173085047724,0.5569180228982554,-0.9084921510451531,-0.33507176091989055
176,-7.429656984518142,-5.718453392034604,1.9104784646987798,-2.5625108208235683,3.7450479332984656,0.36950724728884426,1.1382223875949182,1.2921358403788836,-0.399379504342222,0.4937973775293672,0.03263052588527367,1.865039797259918,-0.16316844549341103,1.8651372327889852,-3.520815090121949,-1.3702102898714486,3.5320114290734206,0.5746187365231206,1.518259943166047,-2.0140487979135178,-1.0336640947096867,-1.9161431054098252,0.5805496660919867,-0.047217899114419364,-0.04527192801046241,-0.9143750465669701,0.5972727824568801,-1.0244838078956935,0.20979916686116262,-0.2520900124780451
177,-1.879597339794593,0.40611769920093416,1.1202276821533332,-3.01376506763031,-2.4276147924804916,1.5707689900895347,0.07675564519452621,-1.2494962108843792,-0.9241167806511087,2.5682126031830976,0.5730276257000796,0.7745599127304587,0.34755166076967287,-0.251457688738924,5.165657217321084,0.8073225714903725,0.6211934577305531,-0.03224762590994237,0.7950678085704611,0.692802501032722,-1.23297366008484,-2.14017693113771,0.24217128029947146,0.6748112828081286,0.2900250899572343,-1.6044939484837801,-2.5616227231959905,1.1788007076890352,0.7337581470851617,-1.3370439015850446
178,7.135534519476589,-1.0698734919707402,5.754921459590013,-0.23166081573255493,-4.05319111474955,-3.488658863967823,0.2968460642558574,5.404429534424829,2.4667698887899197,0.022826809055585477,0.3519029013517192,-3.899198709460206,3.950699965442478,1.58754524798962,5.099170362403737,-0.2396372584911037,2.489995114266905,-1.2769165488397567,-4.86647685540657,2.55556510029266,-2.301055647085953,2.1927553679546308,2.8543339711380282,1.7522542616383443,0.6663718319954901,-5.0147665263701375,0.8343725368344911,4.259454393590803,0.9509869027144275,0.03944922094923258
179,-5.186298345247203,0.660889367123612,-2.7159957844231135,-1.6732192385420845,0.29178955813774443,0.6684036201634668,-0.7992323000437819,-1.6222061481031522,1.4058455881891683,-0.3398522473835914,-0.08815690233669986,1.2752375195841663,-0.31012985033325774,-1.6693266462780039,-1.157460522069001,-0.5701817515680316,1.2598353952760615,0.22275470163974545,-1.3241897509533638,-2.5207810908855697,-1.3172125695093932,-0.24991200463876842,-0.7800976140508703,-1.72054908660863,-1.55785892779812,0.31988136894310565,-1.1323754207696022,-1.9271776715127125,1.776210166202276,2.213883811995745
180,-9.628595230261475,1.4432720531678107,-3.381093915442016,-4.3750310129793855,0.3515181172590833,1.213111018170072,-0.4818114574560263,-0.34559334312927714,0.15699031909805464,-2.808536667731632,-0.9945249360722717,-0.34934526503129415,0.2537886343773758,0.9581897025411901,-1.818386830363888,-3.8303290215824544,6.410015020992963,-1.5907839413821274,0.22780177887506664,-1.2038361109457296,0.8906071918348029,-1.8611497429761465,-1.3413191041148045,-2.066546312437737,-1.1854069988495417,3.245109151452418,0.5439944705832046,1.03035219333463,-0.9235814569800458,0.7274371721582212
181,10.652762104238594,-2.782124827008929,3.643195677565085,-2.028132677446526,-2.9301055749421114,0.6542991785713241,-5.669381013962092,0.8082203515923116,-0.9718251753510659,-0.7042226259847499,-1.039313826068007,-0.5134482669696858,0.14423573752372942,-0.05168321131709228,0.6239837105971947,1.015473637837347,-0.7732639840006709,-0.1777546079565867,-0.8532866667016141,0.2992762956996442,1.4721092372303088,-0.668588793266312,1.0969977213453719,1.0152922904151003,0.29966087225408283,-0.8414659241578362,9.52744109969427e-05,0.25967198175736045,-0.5847170393424025,1.1652608122284225
182,5.95539934567617,1.8569421803538035,-0.7835138417305116,1.7593882805424832,1.0013649035125662,-0.7609988082096297,-1.4584396578849301,1.9056483176367829,0.2241159762095779,-1.375676258048452,0.9945340238719315,-0.7455341030074822,-1.609598429852939,-0.6286066327936477,-0.05994624901684972,-0.21931001669189637,0.20948788950885205,-0.2446304057715367,0.04068130975659718,2.1792495895746287,-0.4232510193824529,0.9060498708411812,-0.5307830725372786,-0.4404583881034383,-0.6743375197164969,-0.07408251343745226,-2.41398456035501,1.412260741893152,-0.4640802170075381,-0.04556664603403941
183,3.159747581988809,-5.023439570152856,5.548642367849245,-1.7909395984550713,0.0072459665736961405,-2.7278849426588097,3.2835688913404795,2.265513665678851,-1.595206043696107,0.9118684713806842,0.22226672090962366,-2.025909541461174,1.1755090386995228,0.35173455274783877,0.9148821505789931,1.1500840157930556,2.054706649888615,-0.3257634477371412,1.6850686087647875,-0.3392966782279075,0.33267294496034167,0.15975653581148505,0.8958474001128236,-1.8397251849229281,-0.5195405814879913,1.4816664502426058,1.1955954405011198,-0.5878190607557071,0.09409754112975896,-0.2954416694926808
184,-4.724525669865986,-2.25749532235086,0.08398212975085453,4.352549401743393,-1.7273032702439415,-2.7308359964881554,-0.1775849746796253,-0.4209024220859091,-0.13503243422263195,0.6534261274501741,0.6037686046884279,-1.1933650737180097,-1.709922051500219,-1.2822220569727214,0.5949177499410844,0.40683284811030296,0.016070240664282965,0.4240358696067137,-0.6945719715676832,-0.3161992088224564,0.03669604388167715,-2.8176187741476735,-0.6114512629680927,2.0861509021116498,3.7058965429591297,0.9962472315502863,-2.0205436316272496,1.0881867259760571,-0.259152976994292,-0.5251573645421423
185,-5.797934961602801,2.1502749317596908,-3.405299601523703,-1.4322815017856894,-2.6494822046416746,1.7746582966139117,0.7962718334750264,-1.6876077682856616,-1.8944912849021247,2.8044295842004416,-1.8819428413586878,-4.65393833320265,0.986600187547708,-0.19814921471702038,3.966375288454771,-1.255108634906027,-1.7628155115530335,2.1718962551683307,-1.826190492575938,0.635651144314428,3.764706337067106,-1.62167119371053,1.564047720200053,-2.203539061375172,0.36354322231240715,-0.4160138396000252,-3.7183940595340084,1.3688021109774138,1.1264018940698286,1.7494820643868665
186,-4.998563501437859,-4.178931209342468,2.8285099948729666,-0.4118442295841626,0.6508692709480532,4.01231498814434,2.621675294783999,2.28817596341986,-0.09825462852850338,0.740271569693173,-0.31250052703991066,0.3906540614734687,0.5976610107457493,0.9016025301636159,0.5429264873932859,1.9139897874101863,-0.6755433034737726,-0.07589372623646412,-1.5430503161915248,-0.8199456930228071,-1.151118869136632,2.123071283427673,3.1777345463253632,2.6906302717892965,-0.11279975221685598,2.1185190080370924,2.903733469903495,0.8506554404381397,-0.7822112374242522,0.052386163612859526
187,-2.6576402137122783,-5.4467139758518535,5.1794797782660185,-0.7291839945054356,7.733164168314633,2.670044873757557,0.7878816790581772,0.46244635075369234,1.6143855996792984,-0.8474427665633154,-3.7368133898163647,0.7386875489641542,0.7028525677416565,4.876632810262408,-0.8675569878760234,0.40279825760814914,-1.6284328085146476,-0.6664593502155358,1.574337143353431,-1.8996186289542372,0.18469703588437478,-1.2636703652509471,3.4458581174838177,-0.16279083634144517,-1.413064250108015,0.23718380786811505,3.0950036968347683,0.9585760167418578,-2.40805093235733,-0.5455955396721592
188,-5.466054326821822,-7.267602669981743,3.75522955303558,9.223442016572406,5.396972433757323,7.442202059478052,-0.7285962457309882,1.3360385835592186,0.2668776477539092,1.439842236198907,-0.45650181791716493,-0.34065647299043306,-0.3614460580595165,-1.7077280367611383,0.31136855039283584,-0.5197428154319081,-0.05533213813053022,-0.3780248280437286,-2.3755147552649944,-0.6772320380553177,0.7408249578518726,-1.2442709496804008,0.7043416257452149,0.22030826643483145,0.11704709414100706,0.4561794259738929,-0.2590527920197191,-0.5814032783308221,0.5038035539100961,-2.0461699120338768
189,-6.594607702154702,1.8128961683614946,-3.670814992866668,-4.58707003187134,1.124535328847622,0.5125135405636638,-0.002329324682080345,-0.8557303461950878,-0.27563847225997695,-3.039709368879616,0.6162417426652147,3.493530290559063,0.2457507657640764,-3.9137417705882878,-1.264471535570085,0.16145325401101895,0.5568142529494553,-0.5432432234756309,1.2729707655180111,0.699378267806846,-2.3152350973052744,-2.984084222326384,0.5000577439200685,0.26332086805505817,-1.2126558012868345,-0.2382414383246072,-2.1682729749367793,-1.1001975716702872,0.19507999235851753,-0.04421934390060471
190,9.401653461328547,-2.3892725206248984,6.749439168556069,-2.9691614929446137,-5.6654969641048325,2.270114722195092,-1.2927854598760113,-0.7819314030122865,-0.9794975618696916,0.42788557856210596,2.0936768530872043,0.014175811132089386,0.07994236832979659,-0.20803782281289807,0.6845987852366381,-0.8572652566744876,1.5103507566422072,-1.1552104140766362,-0.8017558840672504,1.2590214584661998,-0.7538326876869753,0.10960383728409084,-0.8428259444891644,-0.1438295979731583,-1.813974540794389,0.3477974858088018,-1.2984527088134987,0.18922464070202705,-0.15870244221049692,0.5837473567512714
191,-7.413363874881016,-3.5947270394992716,2.6484932100654808,3.4363262405147075,0.8580445826896065,5.558012892311471,1.8275591227626478,2.944614884293906,1.508009099145631,-0.8847948551026573,-1.1630882043549113,2.300299026761502,0.3871498081844386,2.765228679195983,0.9143429571818819,-2.1199424032093703,-0.9643641329909673,-3.487938185799809,2.0745353804182955,1.1198322808310341,1.0517995312918398,0.29861128780585244,-3.0144351053712897,-2.761029586306788,0.786754814955122,-2.0175437247674,-0.7926138898286408,-1.467727244907307,-2.1710379915379607,-2.021714465920926
192,5.956467264503669,-3.586587424688291,5.14700050584019,-3.1040718874562137,-4.763761918477149,2.4465089573399386,-0.2571805750498431,-2.6035231891361166,-0.2510233223904853,-0.10987633619448992,1.2331936246327833,-0.413713059068287,0.4261087658589995,-1.1187872143054371,0.007772773313692637,-0.31490947487192805,-0.286765142412886,-0.41799904299601476,0.10225939945036369,-0.9215011797401765,0.7517348970951288,-0.0668332206807819,-0.9228046495988722,0.26829414149683606,0.6445049500207025,0.3858209950130969,0.9623611196410601,-0.9662761741189437,-0.27968458120497947,0.3781060927923643
193,1.1479044420944715,-7.32773570986145,5.700833455286559,-2.277889981622229,5.0179337148683105,-5.30507263309606,2.3062762335978997,1.4540728214266228,-0.6143336514142376,-0.3410528896805571,1.1659249456297331,-1.2406108752466198,-0.9543602041145909,-0.05833160738162243,-0.4780806868093859,1.1329047795633993,0.7243213760158463,-0.05020231322941172,0.42056527514235653,-1.4856181412304434,-0.3734104697996383,0.22103595145996377,-1.2924242082540776,1.168079627290342,0.32715453653191806,-0.6668076431881318,1.8946152626342467,-1.1232028913802243,1.6114022376983554,-0.3109434212012268
194,-3.6540203484817804,0.7015458433797127,-2.066338067838814,-2.9071097981061493,0.39466105894327014,0.9984512255244227,0.8176277217834265,-0.10855015313949729,2.7331767154815356,1.5189392057601514,-1.4989548599333828,1.3977914755438554,-1.0249038309906855,-0.5052974800835797,-0.042906865197812935,2.748303302223677,-1.9460030434516566,1.6870006099100732,-0.8140239633881359,0.2688357981227888,1.2741494802150188,1.859901444345932,0.49440755089942506,-0.6758858150546397,-3.030132628159193,0.7797407603370814,-0.8062552794289028,3.1922490033202453,-0.44614234751949305,0.5899421168194301
195,1.0444161903688338,-0.19913982951656914,-1.4938787719682125,-1.3125385942761996,2.257990540386072,-1.8952189133628727,-2.287728890678832,1.5738768989225442,-0.6666845588368313,-0.9223257885496228,-0.20310380421416765,-1.2060843726551005,0.9403996025633966,0.21839787699345725,0.7874642426836124,1.6569949267292576,0.5036609084145656,-0.056635972471612395,-1.2555309920870568,-1.7822517589823306,-2.030012729495894,0.7133014678992248,-3.571297543651457,-0.2827084904099607,-0.4134055940999075,2.298674031405922,0.004797221086733513,1.024017781878748,2.1160732095373422,0.05250677506936673
196,-8.393136583323244,-0.15926747959730705,-2.1058986114523877,4.068221364219562,-3.860210365863268,-2.211360458495219,1.149302636664404,-2.6364997727240738,-1.1519703148691314,-0.8456841756065536,-2.0033100623413618,0.3487444557114703,-1.95759103862463,-2.397612162312153,-1.52968800450194,2.4616585107318887,-0.568887013010558,0.6930538604712478,-2.3916137053396054,0.011055870942695951,-0.8485967394538982,-0.6104097555766372,1.9035428667824068,-2.6444358778727732,1.0538232902418208,-1.2247301925236433,0.4511352179099381,-0.2709119989797126,1.0269498703083575,0.7585941611365745
197,7.938159766591564,2.044613958049275,-3.2541250025519086,0.2987558052440031,0.6808550163830028,0.32148146464411825,0.9793516533559367,-0.21500217819754572,-1.1220563953038036,0.8221455622294775,-0.9021922937018353,0.7215681495797223,-0.7985730639829001,-0.20724748096611328,-0.671997564233516,0.23239082836023695,-0.26728597295193,0.08903618811321487,-0.270557537417089,-0.7566219677120113,-0.034795959624332136,-0.21087787866064397,1.8887448552013026,-0.8088862194905432,-0.09733146101103304,0.9606165947758591,1.5891795321025555,-1.1291775328349953,-0.3662075486849936,-0.5094699185208847
198,4.76431343276604,-4.010577991186249,3.1624254182104012,-2.535953055127413,-2.499945569300628,1.0877732097230186,-0.9308364453774506,-0.6633994449091751,-0.980454719618963,-0.8755920172989123,-0.7466718358594344,-0.25464750207104353,-0.5271206019257706,0.12945060345091622,0.02633805014706752,-0.5148441279350505,-0.5266481245225054,-0.18210102076829637,0.4536875946920747,-1.8381181146024888,-0.2092438129022733,-0.34379152286351894,0.06424412549111992,0.12056899501480116,0.02493368768857925,0.10095405385785855,1.185184466233385,0.19566274728438673,0.19951273685992396,0.9996105164903085
199,4.745426320429562,1.3968187876209814,0.7910509637640758,-1.1171415866967587,-1.7401409209322032,-0.6455995845494843,0.5863622596573811,2.299266880147668,8.685170255664517,-3.0867899558781793,-1.9539654260440489,0.6874378131512483,2.9007016218764976,-4.82843198749958,-0.4371311376806488,2.0425508558367276,0.27812673576466906,1.7027928503848588,-0.36238425883266834,0.9482621896116941,-1.924882206145628,1.0778217135887975,2.1554189685148724,-2.1994949338348806,1.5571209555312113,0.680147789105732,0.2364962399084284,0.2140591966752815,-1.2798265655479686,-1.9507548190832156
200,6.315840636940205,3.9766762912642455,-2.212790640768379,1.6438608924423233,0.9789093672395071,-0.08703916714506688,-0.5493495625768041,1.8654974470040757,0.13147111218170202,1.8929778394652117,-0.18159009657593927,1.1487252110027162,-0.8424187066560209,-0.2765633898894356,-1.1325777459349797,2.1156757339335908,2.4092583758702144,1.333904651852302,-0.8853484056358973,-1.1328652850959458,-2.334260625574068,-3.6465760489170704,-1.7088586936553576,-4.242459545480491,-0.4278465459219084,1.135704526162745,1.0513515732869738,-0.7354716665474694,-0.6148324097303712,1.2722766994735712
201,5.332873108673146,-0.09096216721258107,0.6754321067673497,1.012914801815774,1.0980452354762231,-1.3566592533411808,-2.3844171554097584,0.7702986161396885,-1.343233903441364,0.40767913588676896,0.6967476776977142,0.1634634952882116,0.0854240692845589,0.040377638793098185,-0.6329585043479025,0.09205030650379446,0.32565534593547,1.3787947806971306,-0.24422931861733427,1.51112605091655,0.8792349445046567,-0.5181392836375003,-0.14008430413673262,0.6460305877557866,-0.03182621180201688,0.13639022091737046,-0.6513501607960775,-0.7190976191458889,-0.400112628583179,-0.9058462730108292
202,-9.321450432799171,2.962011817013018,-2.734622565453325,-2.9026040557439012,0.5730597168304191,1.0390122531744164,-1.6139257329395127,-0.4931634773277831,-1.1321803501028092,-4.017402551884255,-0.9004091650659387,-5.4043190862550015,1.6990359786617062,1.053892047966393,0.27628243257360663,-0.34547310800950437,-1.8275617037519172,-1.0972954859655528,-2.458562354972629,2.6832863207836217,-0.5803495884380548,1.7034707588762796,-3.33957931685907,4.7869025348946215,1.4324292407335009,-0.831672899888922,-2.1828651620475985,-1.3348939406248639,0.05367474849589963,-0.7882136823530483
203,8.009827849449069,0.9641819311674651,0.16689435231163788,-0.9577034960884151,-2.2713879441415243,-1.93179107363196,-1.6763169766574808,4.951960056413723,2.623121230136112,-1.5720004468648383,-0.25955038445540846,-0.3025048865068793,-0.16211541090465117,1.5287879400022792,-0.39554704423977194,0.8202480072064123,0.20636524070032344,-1.4047333740557872,-1.2664742385831942,0.9750670551839439,0.8863388039438392,-0.8860626628838932,-1.749837770865854,-1.5474680328456876,1.7770919865901096,2.160337368471907,1.130249383202653,-0.299374855495443,1.7677767538156588,-0.1398218025215471
204,-8.980016546893419,0.800760752754301,-5.4527777363024486,-6.781922225131542,0.7538761777011216,0.4042146706290147,-0.8214652340586828,-1.5331225519342462,0.8697127748316036,-0.0060460812956505,0.48884546760115416,0.3099377775726472,0.1549811370250513,1.560128159553811,1.3474635779058814,3.41036233917875,0.6620383747368953,-2.1678791785000087,-0.20475400230955942,-1.1830823909528798,-1.2104473924814125,2.302106419923118,-0.9332120439424535,-0.20681798295466036,0.7224869932910954,-0.19458677534615584,0.027081419819355017,-1.8527284013860765,-0.21093805686709124,-0.4527058296441086
205,4.525846127736075,-0.9264162272386958,-0.0640346639080357,-0.05037555057305825,0.15580280300088328,-0.6411527674305294,0.0152303742211349,1.009101582020834,0.9750520517296625,0.14787997746196802,-1.1180564014685388,-0.3336211081236427,-0.14489943811507852,-0.6678309965312911,-0.12290798901344802,-0.19325969527909845,1.886205435671239,-0.7300822478932303,-0.02095598792135124,0.1783530015379508,-1.0289597189027795,1.7985097014761973,-1.2160178265701307,-0.9904039867318877,0.6261185114717792,-1.616203901090166,-0.11585963816701213,-0.79741212346827,-0.7981156326898822,0.5688315001409181
206,-5.764858363351949,0.13604692787994327,-2.2706905568024545,-1.07964307199112,0.6020982321571041,-2.89083148745145,-4.099585133156895,4.087426920603347,0.5318705685164073,0.32780418044589804,4.84413748301914,-1.8229274721935365,-0.5272947081170677,1.3574570292476955,1.6331140683922913,1.4799778218658213,-1.3761565288783693,-0.6686101725347037,1.7079090747457955,-2.118789892958927,0.3135614767613281,1.7157490714717858,-1.5706281734710918,-0.37711407960984683,-2.9689583522265557,-0.1391378166772322,0.6118144141957798,-1.0315654901382445,-2.063206358226735,-1.1246129698017135
207,-4.127610985936624,2.25867942650387,-3.1093966287418726,-2.7151172808562536,1.280107254033578,-0.27315177510408756,0.5741133438580579,0.7955877937276475,0.20295256670546644,-0.8677681768191859,0.3623021292304136,-0.8867137409479223,1.5647536263629427,2.1811474818147247,-2.2998275414197615,2.6489570762328496,2.5290124656265895,-1.8913100775686793,-0.5851894539684852,0.8344684101869458,2.6261965536260328,-0.9456434698897965,0.05020083402941218,-1.5486224385562652,0.1278239345108722,-0.430842247025966,-0.7463216131579182,3.882069180678158,1.4529987701716176,-2.1486975075272645
208,-4.7388679938923355,-0.9517756798229449,1.6662095330967999,5.260937565225481,0.28984294990171006,-1.5231070098473636,-2.6109081169713426,1.5208507215904208,0.2853833093374684,0.821045970405759,1.2455845069846019,2.5072205760432875,3.0864644777874974,-1.8969621647704704,-0.11458543223573237,-2.5181137077918323,-1.7742652964571883,2.5436885835170817,-1.0709701045783022,-0.29368383782948515,1.692583464089684,-1.2277588763360543,0.7533493227166869,2.265630790707069,3.429193745858674,2.060416683207472,-1.995809073657812,-1.146715305157393,2.3332292163751758,3.7459794445299353
209,4.453576885583151,0.40528644194860197,-0.5742119791247281,0.9361041834899085,2.3027385811124583,0.2954883479471922,-0.2542686471579482,0.2511664280354013,-1.9106938884450935,2.6330641946827837,1.2907622723985097,0.6986770561971375,0.47727475363258487,2.5535031261140855,1.6698188375028216,1.4255219632914582,2.2948128998699238,-1.1836773696236367,2.09297601983521,-0.930749940764432,0.8033715816333513,-0.6682250407714267,1.9479406801748933,0.5279195355324636,-0.06020592853914989,1.0494606902560883,-1.236545423237828,0.8116299826473306,0.06022405394275812,-1.3156659908119137
210,-6.280721769994691,-1.2777909377084316,0.3732255360503468,3.2633542262189534,-1.929322798793168,-2.9334231774169544,-0.6674496234408179,-1.1727699121957884,-1.1046663070075586,-2.678421883427783,-5.860198937865266,-0.4892665224097799,-0.5749414508978511,1.6037045939064667,-1.7333281355133447,2.867898599132941,-2.185699437922481,4.156287853897538,-2.8609669886971636,-4.362347997845056,-0.13197300865955153,0.6312951564747704,0.22984172467988265,-2.239962183653173,-0.25804560327775317,0.10110345683538938,0.3775306584814538,-0.11394501631521897,1.1781091178752596,-0.8303444689597022
211,10.607619082059678,4.853976450480921,-4.882226144301761,0.8654041108432601,-0.2659408027933187,2.150699324624851,2.926987845299131,-0.5202602691850023,0.6046965384957205,-0.3560617486896823,-0.1668617920752493,0.822801634249613,0.8925805368728594,0.085071783338864,-1.9484752642666507,0.6691351966706107,-0.29547189122592654,1.0358354305300752,0.15373726655659864,-1.6986624284427652,-0.5006766615648477,-2.60839618150619,0.01913214365846916,-1.5928023229958312,-0.6663579290316904,2.352390927030607,1.7647697898233474,-2.1873339086998356,2.239457274825913,0.9172583792674801
212,6.533632610649651,1.6218575225823861,0.08980636049198559,1.0391533872950256,0.6134181928146816,-0.2613899383153214,-1.4752717377900972,-2.1744234816222963,2.134741930202737,0.5054544810234582,0.12625507884984896,1.2633640841931753,0.1564064168346969,1.4731537184953793,0.9527879706437606,-0.11009318741047755,-0.737426223375915,0.1487998724410639,0.7683679623324384,0.7080282885305247,1.0394964307589283,1.8977073442347576,-0.972330124250856,-0.08929717169459034,2.391704678881077,-1.5358925546110143,-1.5222010007655895,-0.27602859194059515,-0.8889433158622446,-0.6540246231341689
213,3.708097336476409,-2.1245267845533675,3.0722925302413344,-1.431226429146837,-0.5199204843821599,-0.3326405100645956,0.641564220624992,0.5043120875607953,0.076353445214471,-0.33254805957079436,0.6840101472185648,-0.915009989262142,0.20312572435237564,2.0635189342968174,-0.20602457081391304,-0.5489702808252185,2.260231379470678,0.11661744537527889,0.038315970051574166,1.684154862475362,0.2111105505508458,1.3697139224872112,0.06455877774162427,-1.3046480832135137,0.4822931455568296,-1.1982879888636953,0.5911546233191388,1.014574169441671,0.903660903024771,-0.711974478976443
214,7.722734232185617,-6.051064657539739,6.042613825439227,-1.9445265561878242,-0.5531587441089053,0.7319767588185664,-7.396464342038561,0.9280654028838138,-2.087509723317931,0.5441336789218983,-2.1180029827583797,0.6984426858704922,-0.4976456643472598,-1.2190920015571471,-0.7105821208726275,-1.2023226767009776,-2.396413649500816,0.6932759570066341,-1.4603043797446162,0.4465520167891329,-0.059357519527256264,-1.5521449504879903,0.7180070399247315,1.0157682056567343,-0.6528536016367485,-0.11729385887518023,-0.22711190155421224,0.6711076692988442,-0.985698865569557,1.0060789914575796
215,7.152835185932328,-2.5321440256287633,6.474307218124215,-1.9216700867549228,-3.5511864505931015,0.5265024175527812,-2.268408366731713,0.47914329884896467,-0.13829627043045387,0.4774221739863703,-0.4684208780894215,-0.5260140002212625,-1.3780069618825765,0.5497231589378625,-0.8172889014984605,0.5027742640622829,-0.43907425847670095,-2.065999653615417,0.02979849639523639,-1.650366171133608,1.0466511641806662,-0.885978987014436,-0.043955558007311823,1.014418750815801,1.0212535733949988,-0.5634336168008731,0.1894044554744005,1.3773399574324598,0.7066818059823876,0.2620682649155553
216,-7.156510107201699,1.282655555438199,-2.127018618344415,-0.6363299893809079,-0.26714742136585123,2.7916452068759594,0.41461956760502205,-1.4555693383172454,1.9141491145617597,-2.116906707984532,4.935788127944936,-0.06335056872829994,1.785526161152421,0.2551100807370445,-1.5330711918155973,0.928695373108847,-0.5031537148537351,1.1796250971487892,-2.349923334546923,1.1440696574144338,0.6317434907961968,2.0056049713205817,0.7857283147165577,1.1348140693341,-0.77568011808675,-0.503462610644727,-1.6259150125099968,3.2971264516787033,-0.09484500712643304,1.2206395753270516
217,-3.0954730731823488,-0.6870944493530865,0.7213007994547759,-0.29919019576696537,3.163473677691267,1.029908344500794,-0.9577324823523946,-0.6470813159113213,1.4448503169593454,1.467178418011617,1.4682006592502233,-1.1005299891870284,1.671632104288864,0.6343013192873277,2.4568484944649676,0.4451540244493919,-1.8481321852908297,-1.1819366799292834,1.3791916555139578,1.2710336692603108,-1.49816117762912,2.907893460630488,2.4918092263464824,-1.314008309731987,-1.825421074800706,1.4359828487152477,-1.1165787725846388,1.5856587963300894,-0.5205139665448909,3.9704022757600868
218,5.281517655305517,-3.052099211627697,5.538440679738909,-2.0502607542153615,-2.5928501500249155,1.0875254423634386,-0.6384731826704594,-1.2934571722432173,-1.2418506505736606,0.9891481093246068,-1.0775919844413246,0.8419515853210582,-0.28022740005336194,-1.4489876449126837,-0.26851463363721284,0.0037884202839088654,-0.5298027415562405,0.7954479312670547,0.26645093529609226,-1.1482680145988584,-1.243331039887859,2.2761157015150624,0.4878791273202186,-0.3830125486098371,-1.8378116902733208,-1.9272026443700798,0.7001213733496492,-0.09804972507911104,-1.55837982899895,1.1047459666146087
219,-2.541640401853909,1.028650152430593,-1.3744377133073085,-4.626867166441009,-0.6819079563810795,3.7491794620799435,-0.9056284360470894,-1.1454183252949484,-2.233777464599445,0.36376870044960286,0.01016729001137648,-1.6197863921730784,0.33659127424924473,-0.5783811613745286,0.46400933931194843,-1.921947065619399,-1.194231235446733,1.7880371084396147,2.3963018384342365,0.4122166356999672,-2.251649533234742,2.722340629527251,-0.062895537827719,1.510261440829374,-1.7008062467484606,3.884411795452334,-1.7815868810367244,0.6796562344634134,-0.3136146092770424,0.9561628925119281
220,-5.456010992849842,-1.4190772726753873,0.589339851807227,3.5933951257638643,0.06256610111443539,0.4588612735607094,-1.5769673712506445,-1.6872182272376408,-1.6735458701953805,-1.11222542680008,1.402541773828189,0.7539756594721992,2.5630401131793947,1.9736022328546823,3.375759170594505,2.9817635231052497,1.7407481049891045,-4.535475321920484,-1.1122251285329907,-0.7799512907832874,-0.14611150146096014,0.7975929775644793,-0.9365967648449066,0.8188903631634176,0.7122879750042196,-1.8886881158756856,0.41055417402448197,-4.208603320405495,-0.6621848754650803,-0.4946285469305498
221,8.607696038200253,2.077025380309371,0.839955695850159,1.8121338614791827,0.5674851548556044,0.4664734002862896,-2.264587141319844,-1.0373576264792734,-2.0032794764060635,-0.5589681127721388,2.2720034814997483,0.47504786304318486,-1.0259382671878656,-0.9872732151543979,1.598001196640166,-1.1979401524166302,-0.5127097229081181,0.7578317368816976,-0.569441143483213,2.6824308218289374,2.3033383530718923,0.23961923157821594,-0.8323350412512479,0.5268157085746421,0.3722572367365167,0.26170788487672414,0.524653500063961,-0.03158661970576425,-0.5378750661885972,-0.7065365906116297
222,-2.795144730877956,-3.4993545863746847,2.4941032392159044,-2.031120307391602,3.5412086192277425,-3.0156139289016486,2.230906492360121,0.016115632026917733,0.602204372688214,0.7333068390053594,-0.14871025131897472,-2.2767283002539322,-2.1193258608379777,-0.4313262384748403,1.1199593038925735,-1.062576687013134,-0.3714809864885243,0.9284021546025927,-1.6502285432526862,-1.5287793562252414,1.350198109214952,-0.6703601938701049,2.109895531196679,0.027604676493242285,1.686131001313988,-0.28237913085449434,1.8950029267727044,1.0007260184290907,0.8496360851549668,0.1689711831160046
223,-5.095798851614002,-3.072135375455959,0.7162351482694376,-0.7475187254755878,4.759154688090208,1.302256499581033,-0.0053756971969147055,1.1552585694766329,1.5505293240806688,0.8435146522265012,-0.8616099192940575,1.052137999016166,-0.09934538133068961,-0.18086035340480816,1.0494546640042395,0.7226228956856342,-0.4245627202556397,-3.91181226091157,-1.7788783386749143,-2.013243919985823,1.048840051036258,0.7314674979215309,-2.135113352866719,1.4810444277367247,0.883702200994973,-1.5006387163691082,3.066444009304223,2.935910146824776,1.0267550852060654,0.06904979986411348
224,1.4575354536153666,2.0649745733879534,-5.430741760545682,-1.8279907620473073,1.1218668557384015,1.7034785986729324,1.69497716504042,-0.8618801371598782,-0.6058450147519787,0.8470129262112283,-1.089354357862103,-0.6242832481418434,0.6905478668457241,-0.055915319095633936,2.6251415689902893,1.3803071906718725,-1.5572311895780102,-0.03615755646386627,0.272986194792268,0.7433415429929029,-1.355066221283913,0.6241626342433939,-0.9222672394971971,0.34534726332973065,1.2294720240867172,1.2553783352055723,-0.7402511179818486,0.7195178447287254,0.9400697854456489,-0.705548348904967
225,5.442708286531599,-3.2604169643415246,4.410304532173931,-3.1533442542409515,-3.592413268574108,1.5621868713541414,-0.5859212993212543,-1.8021829968302172,-0.45587805943574927,1.3832745054788202,0.3192573223065079,-0.07279390465041362,-0.7101451052746302,-0.49104570224766564,-0.3569948663035435,-0.556870608333725,-1.1067835934130257,-0.5675539615022891,-0.12155632963767356,0.5104865381364323,-0.18181149910835354,0.5919854437392833,-0.5432536212907757,0.38801603680787206,0.80042182480525,0.8753189062189155,0.38466107855686615,0.6106385002777844,-0.8337053481935929,0.01869176590626598
226,-12.266123134961402,4.007808273719576,-6.105308336709992,-5.74487391207573,-3.199664874598652,0.1819366019117351,-4.237424908177913,4.851967780596352,1.8168607213517303,-2.2467354997391182,-2.4325636561473276,-1.5698233791970255,-1.3948739391517841,1.699163061480392,2.069478255594481,-5.411463209948804,-0.4587333889454037,-1.3722112793010575,2.297976272798361,-3.797273316722246,2.8372690158477956,3.0666737401978437,-0.16240630763440994,1.4353545475409195,0.4512823769959397,-3.4570948937031143,0.2708399028088073,-1.223022337348611,-1.2270384625122759,-6.286946735376356
227,-2.74728827684534,0.44806082326377755,-1.6811719431051166,-2.3340233285396246,3.3327288341710326,0.9527914664674642,0.6021253840398095,-0.6567188986609164,-1.2314049565969911,3.859441590857513,3.301795691575018,0.7734508134218371,-0.2454911466490508,3.6874864991502316,-3.6891718099318576,2.215370277488604,0.7670660407672845,0.3005239562976279,0.6022469547007911,-1.5223089905404807,2.853905737333739,0.6546991230229532,2.1119331567592874,-2.2242538912654264,-1.4785781811651484,-0.8065240127114024,-1.0439589511915115,-1.460658860706806,1.781246819856586,-1.5020919718741605
228,5.194584616717751,-3.1256642126696987,4.666195575459654,-1.4584621033070448,0.45839381327587014,0.7008428531514892,-3.561147770449976,0.7395384469996498,-1.155413331349402,0.26079589196747544,0.8905210866410727,-0.42798704029505447,-0.1950965925830779,2.2506503464151804,1.7924035992128449,-0.7422850193217732,-1.334634914148101,1.3149038068255754,0.07575605141580023,-2.0310368636137475,0.36398208500972523,-0.6092382139709916,1.803280451826607,0.17552620123297075,-0.30926614191006196,1.3808250105686206,0.15533198243872434,0.6138702756899772,0.1555610670329453,0.17865836700879995
229,8.92591592307067,0.4369718581163681,2.6765711134082646,-0.718601545694567,-1.0820355953917151,0.1306806682027956,0.5507753479507601,-1.8391275777171145,0.509439262557354,0.0505359976381261,-0.6636206934003348,1.5298338823225333,-0.49957242170697064,-0.07134189113687793,0.2829974170659303,1.2509334667168708,0.5241455008039988,-1.0917205973459088,1.4895914718809753,1.0363662424397655,0.13784899676666268,1.4098774450730516,0.1536893626061118,0.10431555141064328,0.9105404585643333,-0.41543284109326695,-0.5602850928251785,-1.770793849125445,0.20354208342435928,0.23336226547046365
230,-5.9079701230896235,-0.4881867007692408,0.02684185371265765,2.539989482997975,0.969169167376869,2.7252104079489907,-0.8090548123924909,-0.22976043751431122,-1.785523301228542,-0.3313633128945444,1.3679247263546275,-2.2932348991646303,1.7036929959375353,2.7156529575381927,-1.5091352312983908,3.551034118409741,1.8162549477931127,0.4126940161077894,0.6906233801677905,-1.67325671379536,4.266688317710733,0.3111282324130586,0.4349567964185689,-2.582856079028306,-1.807642769722183,-0.5263187644830615,0.2704768834169999,1.0117457186498715,1.2749141806439934,1.6965525382551507
231,1.9106756588882527,-1.9834921498720353,2.414394676728456,-2.8104444531755615,0.037096807424430146,-1.4349267212369181,2.5825151133803375,4.098995204487788,-0.978421526049861,-0.7014002691063239,0.04055052287067679,-1.6439220578761438,0.3311198054610515,0.20793576845729064,2.506316608685145,-1.9062724741273276,-0.19297897739645242,-0.3581292219722774,0.4464180830531839,-0.036639458346203704,-1.0990397732718147,1.3152589799757577,-0.22877158707073175,0.1712430630010124,-1.2017417549849623,1.9227916593556085,-1.4582813717555967,-1.0413783952370959,-0.7543849035264452,1.3483367151629115
232,-1.9777617648561314,-4.585106642723958,2.8669439506831305,5.436559036935886,3.6888516990785183,4.759323931372995,-0.4734707954527941,0.9477751966046583,1.9408027270416774,0.10552781338241769,1.7338388418758703,1.6076016065617194,0.9598880098854596,-2.6615353181082417,-1.0405384270882023,1.1880769010808354,2.333090372856013,-1.2061830604114308,0.2909315465667721,-1.4972510150186313,0.8822798826130286,-1.4829548814768387,1.8242938467397476,2.2700307548894187,1.0208484034013252,-0.29308145825662124,-0.7194011840978736,-0.39683366562339245,-1.3468904119834222,-0.6314821569208817
233,-4.144806214296636,-1.3181813013503378,0.4261054910827954,2.194484065107834,-0.49932720505637584,-0.5629434637636486,0.38504647388683705,-1.6947415850115952,1.9619142949560702,1.5039035137250119,0.7756074013078328,-0.02670794075487363,-1.3756485509299679,-2.2561824491073965,-0.1982391954068233,0.5468771845749134,-0.45520592131394183,-4.74637862403987,-1.108660350847318,-0.8591023609279578,-0.8781418500400305,-3.7817242038905796,-1.8064700883107938,-0.1685262792256071,-0.806699716034967,-4.566316676541323,1.0529684255162766,-1.9807284787151547,0.9246424098297198,-0.21196179623890762
234,7.7402916030105215,3.233971575643698,-2.72892678600538,1.867227152632181,2.0963069104859278,-0.9270319655225869,-0.5223232017848808,0.2741487677474997,-1.37200287507012,0.008637987537708261,-1.0840246403541753,0.1994008016807856,-0.7609848105160163,-0.4816783687031113,-2.7401026841060765,-0.538808505123201,-0.29543381017383225,1.6570291957937795,0.2349973353758871,-0.07770846875248952,-0.5498062692422576,0.7203207281533807,-1.959522454532329,-2.165299022935891,-0.16144517653252802,-1.3493523319085854,0.17189087828180016,0.30344937539882993,-1.923754370263207,-1.3168873432533048
235,-7.222513906190741,-3.0853391512514845,-0.6418107654665326,0.6819906361355719,5.069963716247321,3.9987905708186466,-3.448476016228215,-0.49941992394981966,0.868373135410829,-0.3007390834433355,0.7277476887315627,1.690362207875989,2.6141674859920467,2.1835366502479325,-4.908728938776814,-2.7385348584028235,0.43596185479814564,0.6749870406231119,-0.5505403858307778,0.21614926843208127,-2.997407408583636,-0.8445025713871993,1.0382006719441348,-1.0719507278566573,0.37572886620542617,-2.915257023726041,0.3920435206436676,-1.1377765409422864,-2.3011998137244665,0.9691048391498941
236,-4.504825672463098,-1.0316305515733903,-0.23456255596327397,-2.547345777603096,2.3952164854158102,-0.1913664213782634,0.11355601153982074,-1.7706964127354372,2.3868478923836105,3.8076438724085495,-2.17878998508601,1.7779343451199134,-0.047929223993204054,-2.738008783866741,1.3055544698653496,0.03729940490071692,0.8241188605453434,-1.2602909666371978,-0.5154192995616781,0.5867507387624372,-0.05924995635411886,1.694988714294618,0.5761025038822288,-2.5255121544334074,0.05198790779940279,-0.8261178304109938,0.752777084750667,-1.6055710520678383,0.8683759677027757,-1.0772763579581222
237,-10.328285097603965,1.0672549855353175,-4.596153380450781,-3.36432170091795,-0.7984788238736436,3.6086657685963877,-0.6363786635017102,-0.02712440536430639,-2.339952707133577,-0.7609651283268849,1.3791393496946587,-1.7241136760655744,4.197435829325816,-0.0899284029827706,-4.393864570400648,-0.19881848022801665,-2.300646138368102,4.76862930656191,-1.1922555791483938,-2.1094390403691574,0.6945834078939193,1.9486280769182893,1.2128573811339667,0.009214630155152661,0.7228540150401996,-0.9984130791063506,0.6046357710920758,-3.5922143787362613,3.5608815805763356,0.022078124333379672
238,-7.216313147162463,-0.6421351243174853,-0.9517451068628966,-1.6398113832611956,-0.8742048355882632,-1.0717638295442886,1.1935199554825129,1.3981604769198555,-1.6139373375185637,-3.5065324305091043,1.5342757650467096,0.306482614910154,2.745658430304511,2.7138210126635345,-3.3197178689864404,-1.7192277789457358,0.33713235213330295,-0.6108646747776509,0.7757537660389728,-1.5802538156989048,-0.37698261934553445,-0.2535492142906065,1.1669123546405458,1.1857909193827336,2.529104302295565,-0.39332073128097106,1.7159808657110918,-2.0200047083147057,-1.1395136839271869,0.3474983095410483
239,-6.826360579725507,-2.0365354403988003,0.45684601756542614,2.937955294660535,1.3863611293644869,-2.917266808443465,-1.753818540125995,-2.571574310780771,5.970777355867751,-0.5352733850629272,-1.366189816361296,0.7385345685936956,1.8284177074366696,-3.690024838411791,-1.0889305157552718,-0.4089631123235533,0.5591685394954382,-2.9585049858753325,3.7899315118522194,-1.7832821062381705,2.179406747405743,1.7141411095052552,-5.494795628293667,-0.40975561169207886,-3.839301954304457,-0.3399493001672718,0.5850219067963026,1.9353984913239572,3.6599201201782163,-0.41855125711959296
240,7.264977866543667,1.839098702181415,-2.5072765982397547,0.21386766148081118,0.34800715375463365,1.4326485377344795,0.6241792476760626,-2.0799528228607826,-0.45974888949722814,0.39402144694963526,-0.3483833711822507,-0.5418995822455822,0.42721404596228924,0.4978271096480225,-0.5490225233702777,-1.513656336539065,0.12451423230848982,-0.8709855402316868,0.3530549338126419,0.7946348295148865,-0.6937348706897238,0.25934064608194307,-1.7180023992868865,0.9699265456163139,-0.4652874838545219,1.1180837743103527,0.11735591330180292,-0.6567485909286505,-2.2185518230787564,0.20624688184802906
241,6.913352453654095,3.189258957198329,-1.023867278389023,1.4294934273238868,0.5402773602437234,-0.3098366634536239,0.7173586856059846,-0.22978306536615667,-3.448117965079095,0.9785370706532875,-0.8068743717881894,0.17272023851514504,-1.069591057493273,-0.5883891167985351,-0.6699418735439177,1.0441944613840777,-1.4368232479828642,0.1216694813438486,1.1181829468709066,-0.15971910911144732,-2.3095480591710134,-2.907301181523728,0.33190030777723,-0.22973588065185607,3.090590383365395,-1.2696755142685745,-2.9183418960711274,-0.05063166943978091,-0.8585779814045316,-0.47819439799198427
242,9.907838168147023,-0.3895025589484476,1.3485994856674042,-0.96677021744764,-0.9162588791564108,-0.6011770624552194,-3.1180030369674663,0.27249627764143625,-2.0212126058697018,-1.4362957201816617,0.419608598927255,-0.5178244958904104,0.9034418125673077,0.9888042906979334,0.48508259290640854,0.7807411624090963,-2.032340875998271,1.0961952557063805,-0.4668003459195092,-0.9768493377840937,0.2230756235513857,-1.0572827058783418,0.8663885375384467,1.036908156763136,-0.7626738820794929,1.434584607264592,1.485540779180673,-0.1995451915021916,1.3851098416773324,1.268118905367188
243,-7.344926483754722,2.75939590050928,-4.0243634741984895,-5.93267313031709,0.7573134056959167,0.7900756059566031,0.7530003566579062,-0.28013654453628084,-4.100830876463175,1.1847184486103202,0.040052510966116665,-0.39561031805924657,-4.097417201206692,-0.5241253279773315,1.2835387236500335,0.6771657511640949,-3.721594454443554,1.5357910096825005,1.2996675549073755,2.025891904825362,-3.8088766207694853,1.7225538414793304,-3.6582932117202285,-1.5032780535406944,-0.5838543361334102,-1.200653735455911,-3.4014392458790605,2.244397680972913,-0.486880576529188,-1.0269819050330333
244,6.480743888707073,1.5786214035067245,-3.216768547428912,1.3448258166695704,0.6149536047766615,-0.36691084931102835,-0.5044225546859242,-0.30073491875747466,-0.28254912885840966,-0.5089418706378562,-0.5001200799086981,0.5147105367981106,0.5471564243587326,0.05589746922778167,1.5179196864454625,0.15535409061882988,-0.8381762601930913,0.42392270410109806,-0.013671064476967375,1.0898559471943134,-0.23604468435818227,-0.36422374378036465,0.1882730264175392,0.40283643104886957,-0.517286101862432,1.0486730497037413,1.1118672387432411,0.11363768123234073,1.9114931116445166,-0.24684056233857965
245,9.856272598699107,2.771403793234692,-3.498647786423089,0.790975152056971,0.6605767972195733,-0.38781614750122606,1.0210815322088536,0.20036949634795914,-1.1661736788559371,-0.27650632893879384,0.34516559321754925,0.937759250540235,1.4008121042885475,1.5385916529188692,-0.47936245727964805,0.47845699005184983,1.6249454585878145,0.4750817528185413,-0.5698524856862643,0.3849030732591641,-1.212548915626976,0.2336114430278722,-0.20834437491282107,-0.4228779436475998,-0.5781631097684076,0.025306659785771315,-0.39376409805074475,0.573060992039298,1.0228337047449325,-0.3506611636524899
246,-7.897467863263816,0.17977799427150334,-2.5197756308024015,-5.339730197989121,-0.410453680191601,0.24456112854089973,1.8030354258585741,2.4826906085247695,1.99828209217238,-0.9376019152761973,-0.816043926580343,5.455289142153516,-1.7818671148384597,-1.7946936293396376,-0.2095028625634791,2.777404350272285,-1.2071634668351032,0.7129887277592419,2.2961844417125734,0.39976077781357133,1.5853933580262733,1.4952386359793004,4.104379643806339,2.0732950295290786,-0.8265475216673552,0.9156924407273529,-0.898300318952703,-2.936837489162163,-0.8183997795203963,0.2980925493782142
247,9.182738283651142,0.54301214875286,0.6210809987512675,-1.066816120918329,-3.0843368410161442,2.008518318867595,2.2431079959405293,-2.5251461724449893,0.14028868245425832,-0.576112916059136,-1.305439507668101,1.525335946372536,-0.7806927964837619,2.069375405810762,-0.47735963724687497,-1.4689749217005217,-1.1913139081914506,-0.336032486738325,0.42433580167884377,0.6446953266103504,-0.2659393898451213,0.7539079751768478,-0.17784820249901281,-0.721415741825878,0.8189743429315375,-0.4283596479309269,0.6716327476240221,1.0424850895114877,0.2762260644911961,-0.6758199107209557
248,-7.2237621989488945,-0.7214383317983528,-1.130201336242693,-1.8012866826483958,-1.2961525321482952,-3.5399771216401628,0.819458701781817,1.5306733591063066,-1.4903267925742105,-0.18851426753791245,1.5152265100047362,0.9137334628277913,-1.271416198551136,-0.40255244089189235,-1.6219250283581919,2.696031227652657,-1.2023234226962167,0.19346525654373595,3.5124596954302723,-1.2579349040769399,3.8338536274599657,-1.1736923987582935,-0.9235873852558663,-2.726398627404827,0.9204305349577805,1.7782327142027954,-1.628803256718212,-2.5422286044254814,-1.510263174591725,0.38442061158702184
249,-1.7907659127761808,-1.4571503291362198,-0.8595290136571041,3.724339685696793,-0.7164296625711406,-0.8520146503500746,-1.154872281064344,0.7972513604232886,1.5042506776860352,0.7135437549266496,0.8161201445805684,-0.4657501315233984,-0.03680116671918549,0.3698042387081617,1.3252042090736502,-0.5149692102187271,-0.555875930614999,-1.0258787597695056,-2.5167549336810655,-3.3382416563878494,-0.7915891675780479,2.3081433298671876,-0.8060426119793994,0.8489889849842824,0.6026381379813462,0.09156934368967802,0.16276027278000482,1.9019470390146016,1.545353593372697,2.094238495880574
250,-5.168420085848186,-0.3735787030156659,-3.8447528273141547,-1.6604712130097092,-0.10949569341468067,0.9555220093638236,-2.5109620649436457,1.271065499919715,-0.22648321877203748,-0.47521168989712875,0.34365300607413,1.1385229771385659,-1.8295144346704186,1.068284714021125,-2.1314817069464964,1.9047542566474818,1.0507636859839316,-1.7390475803144898,1.727538576760047,1.748906414588271,-1.6230083060109108,-0.1383856695955667,0.55670231192657,2.8127904609078627,0.8217703891043593,1.6572146807729689,-0.2934932156308289,-0.07231726243376688,-1.4448697274738855,-2.717092737408942
251,7.4261357402423025,-0.7742674850215515,3.536497532048415,0.37168598160504696,-1.3662778807849052,-1.3057971356898863,-2.167944016529579,3.4017933335688606,0.6724542563668292,0.7657345620399164,-0.6810900382609568,1.202138229659314,-0.5982461734850794,0.027403900225388984,-1.4163720718480206,-0.9487030407483895,0.13712649874346663,0.9115218354836002,-2.3511311501579284,1.4027132778784364,-0.33255993442271387,-2.402906583966106,-1.2252762804368271,-0.09209041094242919,2.1214502965025703,-0.1696357883067874,-1.2935012695175139,0.30762286324736776,1.2188710860880227,-2.300270184572541
252,-10.58242457361563,-0.2864072734503717,-0.9071241426249548,3.636105247691506,-4.844846447059321,1.2603701185394847,-2.0488073515162677,0.703709718460824,3.3351676984901877,6.479483481564113,-0.9122288293474627,-2.139427781463814,-2.7789511837611736,1.2868285959209413,0.038221954131920186,2.5409090780985655,-0.6098360337961102,0.6805940530235589,2.7978963255595652,0.9639747804984085,-4.699391739907619,1.236374342449791,-1.2359440829708157,-3.3736550289197624,-2.9369248669203545,-0.7569122995459331,6.418649145535468,-3.4338500819538798,-0.27552454711589225,1.3577397126564021
253,-4.245655731479006,-0.44021362963293753,-0.5701452641950023,-0.99929525945789,3.7404878676762228,0.4576687623173525,-1.1749410748058051,-2.5369662512540527,2.0654860675354976,-2.3656059483759133,-1.5518371289895652,-2.2277134607397144,1.315882490123616,-0.8952644630092611,-1.4002310867290024,-0.03248173313749865,-2.0138700995177548,-3.946218092595107,1.5920493894812375,2.4943541199171277,-2.4935500383609615,2.930850028451115,-1.662874258339347,2.721926369895044,-0.13571172861697606,-1.5034169874044956,-1.242029836519375,-0.5221433848727965,-0.36072866288970384,3.0021152318625264
254,-0.6150347241119598,-1.2766335137634577,2.6364456726684096,-3.339737643259499,-2.8801062043528605,0.27197275534594795,2.7472859954981073,-0.7403337789398601,0.9004252234822013,1.2127736336487966,3.4667216413387645,-0.194507804670558,2.0020147561535593,1.186448514776136,-0.9994899877534553,-2.663241021498387,-0.7872403369914279,-0.2455599820371607,2.469068254619328,0.17218851989514483,1.0423779019183437,1.883164366002562,1.3711919040491225,2.4129836385692305,3.7014355398979535,0.1889696385173832,-1.5214729712617567,0.43638385508385663,-0.5554721171422126,-1.18637500153655
255,2.80261225722971,3.197192900580514,-2.346873814156836,-1.0151779826238712,1.3974903198248938,2.2318077341861087,0.8724494591451766,-3.4528120698887865,2.1514731473707642,2.479567764816383,0.22208993958636375,2.0480074078816215,2.9428648185512007,2.290876697351787,1.383699544849342,-1.4435706309105798,1.479116285383457,-0.17814633662799292,1.0741782705767955,0.6833549738223055,0.29402049128012675,1.2451199563396957,2.2491837899590315,1.0081337583833339,0.25604108141954074,3.3607707756040845,0.5246728657009531,-0.8771115170881892,-0.0207371974292852,0.49449330811202047
256,1.6619499791960113,-3.33955233662096,3.8968456231374025,3.325136684813712,5.070453841825592,4.4141728438243675,-0.7046991978991484,5.502257549011886,-1.2648962149698135,-0.8334420664107308,1.0619512502662258,-1.1541631368701346,0.9209226639411806,0.7751874778197105,-0.9528904093048373,-0.4457543947379858,-2.048363841765758,0.28129518817237187,-1.8112361315220407,0.7371753078964842,0.1725476872386031,-2.8664672904076,-0.5017909453737479,1.129433941009683,-0.6467446819194388,0.04642248053771744,0.7011976952930054,0.2277321379757819,-1.2146481662889521,-2.9696881980567125
257,-7.612821555929354,-0.3456243346092515,0.9562189077713226,3.4193630738863625,0.044653328319480046,4.634535484280966,-0.5253939411972947,0.30291018836388933,4.722094913917548,1.8417274503631271,2.9222929454857383,-2.282646330914009,-1.1151543365141836,-2.856802225460364,-2.5871462892210064,0.19401027929315848,0.348512421268727,-3.8698759440194057,-2.1161618027226528,-1.3357153255430618,3.302374982310162,-1.7084885503511573,-0.060558767207855684,-1.162719433351055,-1.9068360608879058,0.709592553902929,-1.9477541751332716,-3.429773220725794,1.9754483869040251,-2.1414097398184553
258,-5.602220511286926,1.512853333251939,-1.6288093901296883,0.6218596800846715,-0.7765560479454069,0.9149461419334715,-1.908143754271274,0.6304631319574593,3.3083169705365245,0.8307552351543361,3.852504155040043,2.7370311576139605,-1.6592326879433263,-3.4321117134203605,1.8884234727185016,-1.606628061818974,-2.7799963497489673,0.6012557434278384,3.3935901945797613,1.156312051852287,2.6514907759297768,1.790208966980612,-2.6583963895725518,-0.9185160391897133,-3.9326172754944935,-0.4457905539773188,1.635683330233981,2.5788169327960904,0.26697679681210695,-0.9724326771398393
259,6.090675094370457,-2.602564419718057,3.75381145172587,-1.1346279684537648,-2.0367886237397563,-1.626833801281621,2.043776083775365,3.769576792069281,1.8011175935339823,1.0951242759092317,-0.4126177560304276,-1.2381168318020923,-0.2948008133531084,1.0477622620524352,-1.4325791520897853,-1.284167310831654,0.4375286817572068,1.5860331333741338,0.254844838625889,-0.42282635055445855,-1.0832670612808462,0.05922183017198054,-1.9988974136802695,0.02770692864394479,-0.24685733254082362,-1.4180829835559188,0.20537516187448485,-0.2300110041395222,-0.2529173374784332,-0.10836654194626574
260,-1.957805534767485,-6.294499538106786,4.907388868332348,1.3571603480186056,3.260798051523365,-2.5770584531243443,0.09612176856251049,-1.0820052040675636,-1.213454785403952,0.5561641691237987,-1.5924235573657712,-0.51094085723939,0.41101486052311453,2.6180660750816167,0.2252961252990098,1.5407924735577896,1.5030958681683653,2.061610725459247,2.342077035195372,-2.0203101278018725,-3.080295245442967,-0.37246028094352807,1.2345637014999011,-0.6342066324288846,1.0608401446926647,0.6015604277379737,-0.5200916009106317,0.710988505984353,-0.6957302103972394,-0.5796142756996164
261,9.221165791072394,2.281344202593887,1.5253182889216201,0.3683514321722092,0.14373662636150586,-1.6755765745459128,-2.815854115371457,1.1780907885604084,-0.5949623023639146,0.5840619033341259,-0.17405319838035097,-0.03568776753234206,0.28238060458517183,1.5586630508872599,2.417199931246115,-0.48609353436669506,1.9131134721124368,-1.1765129803342567,1.9964130621127982,-0.13880243116397264,-0.6345003609242723,1.7452424729883544,2.2355325341607406,0.22264667080417627,-1.0492629610596982,-0.4870772262220122,-2.825414990640514,-1.1805059303036427,1.0906589136523284,0.7307112793629988
262,-8.094104093596751,1.7816564957682002,-2.643367273233443,3.35267366290279,-5.792965460064529,-2.493989297611829,2.6625026873803574,2.118150145614923,0.17421022795378274,1.561858118512679,-2.9081512142932686,1.69164199976583,1.4397553231157145,-0.03486436046664021,-2.362464312846915,1.0213657062896864,-4.3395009513474845,-0.45575087435902856,-0.44829482747874333,-0.20112479004404948,0.06446706156903716,-0.7821743283735023,-3.2326329533232894,1.9710565043361175,-0.38022493532972906,2.154508374297204,-3.782007534614703,5.001292583831637,0.9043884585784215,-2.8452205219764366
263,-3.0884287969254847,-2.977693355305361,1.0256464419694529,4.845261642538552,-2.264158514800159,-0.3110975271748503,1.0406258007009241,-3.6962689198986163,-0.8080975602884815,1.6719749605104528,1.282182975908898,0.6121874494779357,1.5096515697155626,-0.762950483678195,0.4665619534152392,2.2641473538395696,-1.4626686136837386,2.225190260166856,-0.6854203347554164,-1.8113522993325895,-0.15147882974846796,0.7938013782145678,-0.06947930020158828,0.3703389540517682,-1.1706058479586363,-0.14798701847489865,-0.8906499929400278,0.5443120305699223,-0.9153565855333151,0.11392724002003492
264,-4.519188332080275,-7.486080037628583,5.21837082662126,5.652242982009835,5.871372842325765,4.405683627798542,-0.7027725771994134,1.665463296184633,1.876508162486418,0.8185833464473644,4.554259773595969,1.7900655401172505,-2.068209570996835,-0.2956893092089536,0.265062204249145,-0.5240896315608266,-0.048538401002370155,2.509058858237805,2.6213732964720493,-0.40326049322321117,-0.38241169797577207,0.17643160524391793,-1.7596491890129762,-0.48307370390228155,0.23675888133214099,-0.7301070224662206,0.13380615609091404,-0.23541049158725671,0.5294493647871611,-1.3589424271811688
265,9.785338713656934,1.7799319122287933,-1.1492907577199163,1.2845670692401199,2.1766062396423753,-0.4107333713303858,-0.41243125385904084,0.38111664600713746,-0.7338256414441167,0.7827658801262783,0.9209656264216717,0.5354689825252545,-1.3279496687040648,0.6553552082039905,0.1046468814685209,0.6902094346664657,0.37233958590389715,0.5752517188692697,-0.7622877981291875,2.113142264325724,3.1627690712337575,-0.12366351058618631,0.7331804929933158,-0.3901019816793219,0.8757913763897167,-1.3948469275806465,0.6284284822734155,-0.7020576398812148,0.7197490762834415,-0.3032161620620418
266,-2.847174310113103,-3.8789309714616,3.0976776486174917,5.3701224021587555,-0.015800894630245643,4.185848990376794,4.6561218986534065,2.3421543449364193,-0.31411382123515225,-2.1111887322920952,-0.7289774523272168,3.4554202642650584,-2.3217399862654284,1.8007821100630836,0.2963148440319463,0.496771383548654,1.0419646769620203,-0.08873919440118923,-1.5360082626191816,3.295105576289441,-1.7788355956158193,-1.811456300154098,-1.4740359795451674,0.23648171888371566,-0.9197042064686904,0.2886541507256313,-0.3986739319114959,-0.4608147596356898,1.2006609897609726,0.0241371854701976
267,-6.7100739683041,-2.386612115210874,3.3537968396422944,0.9054513123691731,2.8729358451084486,1.014515648325247,-1.3421053554332172,2.9148567785895607,-6.023614148247697,1.5764826391197146,-6.074551191443384,0.2921684560398616,4.373756166157153,-3.6242024407152846,2.7226388129477823,-1.3492434326132563,0.048948342166327936,2.565221876071781,1.0220985809708054,2.4459360058325683,-1.0088453370057644,-1.858080612618348,-1.9239993680292262,-1.0462294543112145,2.9241438279989667,0.2232458402774437,5.303180378373568,0.6353023520503274,-3.385237709108215,-0.47740551819274923
268,-1.49192231703563,-3.3872484053660523,2.1271653811251436,3.139857622501592,0.09782808023265575,1.6590032390095422,-3.4811395293571983,0.32384253592285195,-2.9250203992670576,1.1949475613445344,-1.3216094861881218,0.3664629068318652,4.108575339021118,1.473463963201735,-3.1883331030025563,2.148730706357233,-1.3298103785697417,-0.015852220177744628,-1.1423082643505884,-0.13179889744042422,1.4006540160662844,-0.6776332017171378,3.3372479051673003,0.9829711409745081,0.6882795882650036,-0.5059334366750615,1.4181919981007178,3.598615078184062,1.1636911292882397,0.7329127002852911
269,-3.1989736980671664,-2.047034136475279,1.5424302145169166,1.9998951666137303,1.283069058756637,-2.218445037706421,-1.9935721657597079,-1.6275261844228766,1.5716568015404833,-0.9761180403884192,1.0128041522278404,-1.7532221750621613,1.778945722780513,-0.7598561755209717,1.3430358921892438,2.9573882908667293,1.2961572634074683,0.4746403578929071,-0.8507102968067238,3.056879512654666,1.4662606459867422,0.794872254351993,0.9398620963797228,0.6589403080408186,1.3028201957168302,0.1033742317583693,1.0570306993650198,0.7540763497897922,3.618808272679352,-0.47625176060836516
270,4.040222623662861,4.382586801510712,-1.8488738714484227,1.458656301151054,-1.1519804236630669,-0.16178623967899658,0.8446273363779854,-0.9138328370640175,-0.23618167052684727,1.1675351847997866,1.4221667647128253,-2.209867612579902,-4.525573601352363,-1.5467471090098748,0.255544736504874,-1.1848545564204176,1.4190016509664192,-0.29486810772539407,0.5588594326004662,-1.3600329679237066,0.08426677298074119,0.9754981213507615,2.3849093854425005,-0.3889316317318664,-0.5843086057870057,-1.69500760444904,-0.7105019473574092,3.231383272423526,0.40090249687886487,-0.49885522785914027
271,-5.9630005953847265,-1.25612796471247,2.4968639519332365,-5.933126770618749,2.2313389961713233,-4.239446146470475,2.4816611851715624,0.9729506109226131,-1.2906507933970266,-0.6441985082160241,2.8426930183060612,1.2511910357101554,-0.35015670040861324,-0.4306433948677611,1.0106870700478603,-3.6043893956627677,0.25375116133755227,1.8081068757495067,-0.2552451719531352,1.878034662824606,2.4105874092989574,-0.4656597141040999,-1.263527428667943,0.6991053798887819,3.184100777383867,2.6761558152475295,3.0345683573686038,-2.1610788497010818,-0.6958406078792431,-0.5906439766174836
272,5.888021593444286,-0.18787074250904687,1.9345772626715039,0.05407470175503087,2.426444952968607,-1.081520987192292,-0.7126620173376,-0.4331798539257991,-0.22155801596973945,-0.22227335513150773,-1.8794282485439395,1.4145824301693255,0.12482002347878282,-0.04503244265148485,0.05226812303266171,0.7720692686879,0.3982916913812328,0.7845211713991036,1.642459790030287,0.8988171636537577,-0.6918829235118689,2.218083617629702,-0.9741504893318023,0.6387908152249057,-2.301492545496183,0.796293163031315,-0.06509208606908518,-0.5107928921276156,2.0276510664457934,-0.6436589728729877
273,10.48792616025767,-3.8332724780832605,7.75007891556942,-3.693350627659348,-3.897819067497693,-0.5759522155706805,-5.677451344164969,0.8510842277642561,-1.9998103295842513,-0.2667289816743713,0.3961441255728246,1.0735146848780521,-0.7417447700593591,-0.4203868707391903,-1.034070119335832,-0.33246231807387866,-0.8276151491969055,0.011380551178564008,0.2463262103569657,0.07498337398169848,0.49342253822607307,-2.280234268910645,0.5351236746594124,0.48344391327005826,-1.0848570205262706,0.9052800040896444,0.7155237031910796,0.41579148272988725,-0.5546801039552669,1.0253536811424442
274,-5.754159050883465,-0.1576982540943858,-3.900275514551929,-0.12451111827221777,-1.7169114656148758,-1.1498603585118592,-1.7482202979977586,-1.6765502626201343,-0.29818932464904274,-0.8904882405783511,-0.5563705821132252,-0.9959228571622112,-1.5969108227767053,1.398613339322728,0.9167973169874089,1.758248969119022,0.8473618445575282,-1.0738759713410428,-1.2535905043053426,-4.0988577055311115,-0.35536315054238,2.4571594827636147,-2.6592668776830948,-0.48089080568051484,2.119701979201759,3.453258912595557,-0.7171691901752508,0.1165152870602365,-1.5732261324757726,-1.2968576801462268
275,-3.8389438105010862,3.1302515799187436,0.23729772275103925,3.5895384370370595,-1.632792125483251,-3.0580575594016257,-2.55990736758927,0.6775842483853113,-2.289977433063387,-1.6618922033775676,0.21355459265729318,0.4882795579087351,3.283621143486969,0.8719548191128934,1.9027904370848243,-0.1296320875582805,-0.3112822745424969,1.3878853254310919,-0.4996195339519776,0.9636433933531656,1.208678954762771,4.653115996852138,-4.984647347445834,-2.673258058292074,-3.274077744081606,-0.009504362312342527,-2.1260627575586057,-3.407812339798205,0.28310445318671407,0.19685502134051336
276,9.648492295381848,5.684713095332668,-0.6501392075830936,1.333003974803611,1.9653980513775964,-1.0862647681876811,-0.4633427066296249,-0.2477765496086945,0.1241831578151724,1.2008580176833035,0.31219925963367967,1.9457881698016113,1.672118751211909,-0.4013326637613426,-4.60259122614343,0.15851595322138107,1.1132126950286676,0.7492292392225017,-0.6496710307228598,-0.4420833027477696,1.1577557553921816,4.115160418525276,-1.771912746693094,-0.2638787369069571,-1.5788145448653452,-2.210925123687777,1.175281092957937,-1.3631143733455229,-3.57716499681458,-0.5693318455286839
277,6.783259295955927,1.0110433822220377,-2.8739491595568225,0.9640184959025793,1.393572781270655,-0.3894633354526618,-0.12194649694917595,0.7795541922549907,0.08852400800148312,0.08568238780896888,-0.6198281768127887,-0.9825124986035506,-0.34807773446185886,0.08021466869814123,0.1724584898884552,0.23144217872660708,-0.4278407096729635,0.11957749137168443,-1.3864577634773179,0.2503037448330905,-0.4224557744417939,0.3184330533920588,-0.01952140509927124,0.35051898980276425,0.07564701705618396,-0.9814423567638955,-0.7499883489781618,0.0724520163886157,-0.9460771869423265,-0.14008992963080866
278,6.647164408435405,1.836796202907339,-3.04859352811282,0.7146167809803792,0.9961125555479158,-0.8032934008123686,1.0533586324378896,1.2732355924703058,0.6311741893180085,1.466731834602251,0.09379702844079446,-0.001349758648443121,0.27569081782074795,0.4221459669659402,0.647125390823939,-0.2557537573994017,-1.1609604849657211,-0.24200052383526363,-0.33009605008980303,-2.0085723519951433,-0.5052261368198767,-0.13696610471364812,-0.7803698209061296,-0.5375111491721907,-1.0224410261752515,-0.8302129274361912,-0.08869299518471441,0.753233319447776,0.38910655004553946,1.0116033956019146
279,-7.261721806024066,1.169713418512699,-4.193766291457036,-4.291644223378947,1.3966488075088588,1.223991823701211,-0.5704835642436292,-0.7571528148369215,1.883691959037552,0.8791332078242483,-0.10491651463633908,-1.4216926457475225,-1.4883785937924279,1.18005191219348,-0.9748998639831565,0.49078623172439156,2.001298532154142,4.0841909520708555,2.0023736624549464,0.10161189875408937,0.6594636315834471,1.5222979595874342,3.8822736958254365,0.9425742076043295,0.7766082413999497,1.798347336122928,-1.6095268944095371,0.20112521309795411,-1.332995035587798,-2.4143244959312153
280,7.384067667098693,-0.43288007553973334,0.1111344716738669,0.7775902468150189,0.9320809845324537,-1.0651827109706118,0.3372537423214389,-1.8218618200892067,-0.06572663911899958,0.5277194653331407,0.9400710946580202,-0.14961225691929023,-0.5601169383935836,-0.265132894804384,0.4470030213811263,0.25399966875256297,0.17415064747864056,-0.16388984365709677,0.66320060012927,1.2852500196835408,1.5324667645869905,1.6518855625193634,-0.605973483316404,-0.2170125450572068,1.5952401357988115,-0.3772741379134757,0.0968065889445669,-0.040063277204346014,-0.10853712387729265,0.1662022115537823
281,0.5494174881669605,-1.0897066244786406,0.9955152707789792,-2.5017542795540533,-2.680347963299952,0.32699529129278293,-6.435963094178352,1.3426412271450858,-0.266715817851431,-1.1896071860154718,-1.5685533711947401,-0.717358053058039,-3.5861217792535105,0.6079417194907031,0.3282672793648284,1.5042284081597643,0.3102473529032284,-1.8726968925714123,1.5456431525980656,0.5262866799508195,0.875494660899979,0.9228372816906428,0.09284925111136276,-2.514585968420079,0.12291722098157866,0.23964773619064245,-0.09944755760571608,-1.410307853960945,3.568573520846558,-0.05309867582285512
282,-7.037466820098006,-2.708174659715483,3.5565580583887115,-1.6733642279282863,0.8852824167143453,2.9551509616596485,1.2873209851451424,2.6644169039272882,-0.7831476037538497,1.705592851101313,-5.54425604007716,5.7350004474296625,2.784380936004293,-2.0419442626744515,0.6016294109035604,-1.7616517860068253,-1.3899712370034178,-1.647276423048064,-0.1590660647991192,0.25134325088091125,-1.5208210422258641,0.7697284883324665,0.005368123812103864,0.7693165783886708,1.4982348369821512,-1.3818547827065635,2.8677885434939436,2.7031860269782175,0.5809054838643936,1.384604670328693
283,-7.592229220309505,-1.6094486220696391,-0.4437491436428756,1.8907759470264345,-2.520840079547268,-0.8129470878252573,0.03376080492178303,-1.5768745314958714,0.7623375755141807,1.7844016285148534,-0.6276582355566765,0.6880372280982243,0.1277333682308878,-1.7261936075916722,-1.37446396444982,1.2391593217341192,-1.5804382694513406,1.0132814170293902,0.48020008306845596,1.2677328474707985,-0.05094057828823007,1.8203610760488618,-1.4274651163635552,1.9544440960940186,1.4341080559767696,1.3487379886812496,2.4977469824885197,-1.4509021710924663,-1.0383863717984976,3.8308757951601558
284,-6.132238923684192,0.8648350068745032,-2.2385397171494117,-2.6184865447972343,1.2038015494677388,0.27840727840251617,-0.23051979120367247,0.5199066444692052,2.408101682346762,1.1836155954432916,2.793026003206609,2.705775892953622,-0.8288269913028059,2.082607533068302,-0.18140174079329177,-2.3443438715844316,-0.09376032881591392,-1.2193114731478618,-1.4738055828642669,-1.2847131794644084,-0.6788853537872913,-0.523104918697025,-4.532305059996266,-4.426771652221801,1.451678456929244,2.9296433347011868,0.24578026065070108,0.40018865248000696,-1.3338379729797027,1.4390487821064903
285,-7.514558971975159,-1.7984277714489365,0.5264571906786664,-1.7783483979887025,4.450406691787195,0.26204538290112017,-2.252756141509886,-1.0505681897933226,1.9755750797595022,1.7358348966506105,-4.855451789735964,-2.817093770451859,-1.506436468066219,-2.50876204110196,1.1140988808722865,-1.3353451769041622,0.2516730775777818,-1.5023740960498169,0.11851434989441914,2.8366094494708363,0.851103568191796,-1.5798970543022754,-0.9648857508685315,-2.100835846617581,1.0499826430114203,3.3010281034677043,-1.9811494946319745,-1.9526194988753802,2.0819561496719254,-2.689838188234931
286,-4.702487931642726,-4.448791526501394,4.710756122879637,-3.6981827371047546,3.503777391035018,-3.7551975504181656,3.2310745087922075,-1.2176032209781382,-4.271250182445987,-0.5509456272947321,-1.7883647428442284,-0.7373556035036866,1.5964155554123365,1.0626942602450904,2.0039693449915887,-0.21821085893729722,-0.37699894674496554,1.3609188607341136,1.7521636191715344,-1.49558092489855,-0.6483095013058269,1.330517986900529,-2.0487151469154066,1.0530372490875914,-1.9782901548142482,-0.19015006289528943,-0.63772369975654,3.9016178869593268,-1.848242269713573,-0.29028296012939697
287,-4.684546152254844,-0.21174312999418776,-0.3682463981497174,3.8081534182606913,-2.950657349130937,-0.5144482800330774,1.9167685386475428,-0.9500153970651337,3.2269005981026617,-0.12456100392559065,-0.9997552758921643,-1.7830652327205383,1.0785938991252677,-2.053367498696713,0.3109042720299005,0.0022490842167654265,-2.2101729931919385,-2.5262978990270892,0.9942515584260713,0.4851559884673916,0.13572282568158364,0.20102917114535748,0.8504483902565158,1.0907015556090525,-3.599974391451536,-0.9355722556581804,2.1986943443506326,1.1289582771883149,-0.3875770227466793,1.2397842830965802
288,9.508634046961113,3.3980116709267403,-3.457994170128087,-0.424924925038358,0.4071736406262799,1.5631113404627315,1.4594920662602002,-0.26840249212218026,-0.7255292700190189,-0.3470370293235008,-1.735031426958499,0.6501310110702577,-0.3796083177007551,-1.3747112396017345,-1.169409652603207,0.9531674488028984,0.9010349000613785,1.082676597917079,-0.3074228321112918,-1.0047600556760756,-0.09933224262533881,-0.5743501162157117,-0.19485640628090406,-0.34173782835477035,-1.0208401032492098,-0.03719373803020283,-0.9438545174508053,1.1476446582598483,2.3495760548943987,-0.10190073593593667
289,0.10310780724684099,2.392499599067215,-4.36793874748611,-2.5123777535041847,-1.0488931812395044,-0.0819116132783767,0.8074006627469016,0.5668705366407982,-2.208118595961441,0.36088682871721767,-1.5241124728765816,-0.9086852721758545,1.4821071004620587,0.07264143869381784,-0.4964586526824473,2.0019005190258747,0.10287603589538095,1.4849563099658498,-0.8395725114810553,-0.48155818929452127,-1.27717192510836,-0.038766517779195056,-2.5461876376075563,-1.061291127582058,-0.9705697631651826,-1.5601406008641652,3.1119595547636982,-1.196620732966053,1.2599751855229968,0.3311473231546167
290,-4.927869971446715,-0.9522004590826708,0.09398723928846935,-3.149372575504077,3.6657427005772294,2.364125788160392,-0.4029162773547894,-1.529137453149256,-1.8227598521483965,-2.099775401043658,-0.8501546205044354,0.9174911277887215,-3.1218103824757844,1.353645233378461,0.5493739246536423,0.5843705938797638,0.6088844355385142,2.9025065795488008,-3.7539291790647416,1.478296295255175,-2.3455029944884007,-1.8447586863007266,0.43184622403342743,1.7065326600448176,-1.0883131043514138,-2.327899477424397,-3.614738638741928,-1.6672550881055201,-0.02026868269827251,1.9167591216052147
291,2.0960788349703963,-0.46062449709554365,0.10747276950453193,3.8697413391003836,-1.0898999543042087,-1.9600790344187975,-0.6486779668374,-3.6502004319835377,0.5471503301837822,1.7998921259514402,-0.5649205162602138,0.15456053991208668,-0.30151477527664766,-0.13330464723825,0.5165132597029095,-0.09920421557480767,1.1654344474038603,-1.3710256977252695,0.5340326440188706,-1.3642684956141589,2.6270814414911414,-0.5627974808658966,1.5016339231116647,0.5395775575927675,-0.30721351277006526,-0.3548452335273859,0.2523610717432163,1.5454634350855556,1.399521445963522,1.341420622978747
292,8.106411105686409,1.167015413150231,1.1140879065166889,0.9329536536950974,0.49303489326503697,-0.9671835966565353,-1.6572557848240994,-1.5957149768762553,-3.1818424631758675,-0.4877186245033284,1.5650611946650066,0.9579947690264681,-1.0337325673733921,0.1574165902633105,0.5451193097529038,-0.753762291348869,1.3428432524771827,0.6008841213054253,0.7410224612202623,1.260932048378762,1.7399546180125403,1.8951753266333795,1.1680760897832354,-0.17953909588190287,-0.009134692820099957,0.731795782125154,0.20824351739235863,2.262590867175072,1.4554393488773272,0.5940852879518991
293,-4.779547862042827,-2.5084927940556434,4.963386621804913,8.128794504401416,-0.2384211331173105,2.803322734109382,0.14055908614309925,-1.593351781045573,0.5028678506951102,0.5247904571262983,1.5186554288376974,-5.497018776961932,-0.910120768049285,2.7408295041489104,1.7967795435626803,0.056511414368894605,-0.08804545658424982,1.70320586928648,1.6000840617592886,-3.610213884985812,-0.44435490071143063,-0.3561805073455035,-1.510550570782818,-2.4328876034136138,3.6205754630491023,0.6888869765973776,-0.030303195213150953,1.3812996349263245,-0.9737129383019357,1.5150836475274476
294,-2.5636103553586165,1.5051432764167159,-1.0452758993387676,-0.5732518849564541,2.0639940712225244,-1.4041805589177236,-1.8752926588113648,-0.3512324959203855,-0.372405226024572,-2.240388428002706,-0.35588959295856204,-1.1082174403009661,1.7123694173727926,0.4786122603203356,3.22514103728019,-0.6883776805805695,-2.8174156970384177,-2.5206985675341538,-0.7526716062157329,-0.08551392771370499,-0.0954908862200195,-3.2448864336007563,3.8593659963681466,2.6428725916794753,-1.0544993332771766,-0.578948613979715,-2.0703427907704817,-1.0985598962623864,2.137487626712266,-3.291127924633493
295,1.5627074015042652,0.44061328361183577,-0.1598849898567826,-0.8557899348566115,1.3158375104077968,-1.2189068713619293,4.9676134318886325,1.3091754961519246,-0.21187571934568794,-0.7306981765487568,-0.19846660188507315,-1.920926895944399,-0.11135550894571518,-1.439348528353729,-1.4755258223633119,-1.8549103479535796,-0.05076265916514421,-1.0046143206753932,0.3823184636797925,-1.414135079437597,-0.17169000206396076,0.5817520925535555,-1.4183704451712422,2.171309401083717,-0.6354312035671132,-1.6833844738889856,2.221757082270041,0.1604538792292339,0.09340948033538232,1.8459167651891422
296,-7.908069306467291,2.293228620254553,-2.448223592844477,-4.95430154612656,0.6080975814695289,0.9513547067151511,-1.9897640309226783,-1.1249444014299448,-1.0823966277813701,-0.6731022845538381,-2.6603604847288973,-3.974833010116717,-2.5059739820110924,0.19547629614604164,1.717535864766104,0.849625756613892,0.9852053697076466,-1.2598368705860925,0.28508896389485394,0.44885578662331266,3.132797022864621,1.3451896539036476,-2.3718085462591927,-2.5571110293335133,1.1057012946089235,-0.41088050498285345,0.8711339817975745,-3.0188688514297235,-1.5393900120010016,0.10061420317658289
297,4.876977038119412,1.3707963677339767,-2.4519854994996453,3.9938028516337494,1.7464443409368968,-0.5936252613267134,-2.053575077833928,0.10204746470204365,0.9715832615608608,0.5955129005485932,-1.0447040813496509,0.8962973862752822,-0.5221006100409739,-0.4626586298487158,-0.9292731941458169,-0.26919425547471276,-0.8479408288201763,-0.33696028991412563,1.53173538332523,0.14916938134443367,1.0812921055994442,2.2665527500260527,-0.0909930522370834,0.09008031606966055,-0.4150786677607566,2.3438934573734342,0.9763626307682962,0.9838162932590457,2.1648271971151103,-0.437357820170731
298,8.290768195301915,1.2313084278593027,0.00031668247908730156,-2.1639617807544855,1.4322652160091764,-2.4297356106295416,3.6616284133722545,0.1761807919118307,-1.0277305806284132,0.2898083138299683,1.4793209345179326,-1.4518612387229295,-1.4899670260312279,1.1188024730455692,0.37226877544495585,-0.044464193569565824,-0.2758154168950163,-0.9619766230665648,-0.8278481387232016,-0.7600384200112967,0.33479203196624735,-0.49860192038759965,0.051780680603488914,-0.06868561855022245,-1.5547746961633315,-0.3597689201219576,0.03812313002367364,-0.24082028634133,-0.03866658594033132,0.4812494083629773
299,-4.888453949568585,-4.2348408259499815,2.449023334472669,-1.7767044128496663,3.9331330030258824,1.7618529619365404,-1.0484322738752347,-2.1030706712013307,-0.9330508864038899,-1.1994323883051365,-0.6615639090083066,1.2539081940041918,1.807158579206642,-1.835601446212308,-2.6326733599860295,-0.6701165639507051,-1.0962627800294473,0.9895971786125471,-0.9135168287039899,-1.367105632147531,-0.1397186159920239,-0.8748134493496703,-0.31933510364520873,-2.6619192782793646,0.9801166861464211,1.1050972651271629,1.6382734173813824,-0.2762394457204554,-1.9230111720873522,2.165316066332622
300,2.613317811196753,-1.615087029564131,2.0992665208698336,-0.7824129496094205,-0.23314494410272002,-0.22611508191577545,-1.5490346992473927,0.2252572694076147,-0.7470015471996643,-0.7912821150046773,0.3167731422109172,0.43723269844587304,0.33872056496522013,-0.8981461598350868,0.777814888257818,-0.5194980872593283,-0.15539431697921954,-1.002377425998785,0.48018450313668604,1.2530485627560193,-0.901235650688401,0.6252706544099854,-0.9847491844571761,-0.3784107007225179,-2.1736357544854226,-0.39038042767740605,-0.1765164434930258,0.627237815090213,0.1846122745889425,2.331758599998971
301,7.373860816975408,3.2685078198419917,-2.1988293668154912,1.193345538893809,1.026734218841804,1.142374064089269,1.0131989562030048,-0.9768705739103559,1.9781582922443335,1.0919745785998807,2.3222346202152497,0.33981246846047775,1.9742692191075795,-0.6185444631453854,2.8553028823965008,-0.6007491395350035,1.5779805576168118,-1.4318258314377692,-1.801941154486907,-0.4889152907334239,-0.28620872943238834,-0.7812488417794191,0.39779747197809917,-1.6914617697997278,2.5326911751669243,-0.6805109940353069,0.14698198334904802,0.8765204320883156,0.25702383960722713,0.28989122790856486
302,-3.1075964704455883,-0.671098002381136,0.6990190550379921,1.3809383221093976,-5.454436583226409,0.7996055458845631,-0.7069629282185306,-0.3316243753390032,-0.19041525430582856,-0.2800079503436224,-1.4717917785441024,-1.3802642691770977,-1.4874084163147538,-0.4003171313308978,-0.48643590136022574,-2.2983319621308524,0.6710140883856256,-0.004766234879625914,-2.8321519492685354,0.2856036387111325,0.5228989381725965,0.7328750645752826,0.31955797045364553,-0.6712300453354778,-0.47428981005435306,-1.4919060578087413,2.703032342564307,-0.4579518531624525,-0.2852409692343605,0.32571385785973367
303,5.029091456808544,0.03517824002156037,2.0441953972615075,-0.4726836365886681,-3.2262162185714973,-0.3097461421785871,-0.40496405479979025,-0.6472449763648169,6.065885771073144,-3.0790417699776356,-0.9753955038284818,-2.4291353468290167,2.2568491577033902,-1.9737965343415802,-2.0793159468687636,1.7333696915329029,-1.2646457682250891,-2.2691818801738637,0.7937357835407379,1.7529097894110495,-1.9942373894875234,0.9027512132759423,0.3537480471105052,0.5479439125323853,-0.37766645352523764,1.0183335214451847,0.576863508771916,-0.0009497717068396539,0.022144640922412216,0.1772433766292167
304,8.171017477371265,0.1632579032658269,-1.2072465771639185,0.8943273623612803,-0.2007004982198856,0.039778297304910816,1.1480608066904427,-1.3693557848166977,-0.5664494828050491,-0.7961488328924649,0.33319468653804546,-0.8496044769697728,1.1861142257277164,-0.5541828655490898,0.9126162076407156,-0.16791739071001283,0.31134134306557176,0.8659445342090067,0.13809880475657543,1.148717294277095,0.12594672895633469,0.27720736184479466,0.17358311514856029,0.4388416504717561,1.9178486926863718,-0.13071053505523555,0.427326668530567,-0.16334872703686676,0.6981513653519084,-2.145279405118352
305,-3.8410184082492034,-4.186447069018688,1.3882710316886209,-2.7415103924000563,2.3846246942959155,0.5723284941395134,0.6614328927750344,0.17676137880310222,0.27375874011686235,0.43305872705469944,1.3219724897932499,0.39906724136184596,-1.0103224453161093,0.7127456303362095,0.253046058079489,1.5631972427581005,-0.9112409848361809,1.6060453109257207,-0.40268555663940875,0.4794830006533262,-2.1625123503812156,0.24631607865824837,-0.7808586950577956,-0.11888106237115656,1.3715168106001492,-0.643140122236138,0.6870582605444214,1.6292122300282756,1.640890899097028,-0.7715827755549519
306,-2.029594080668925,-0.040204879347164844,0.18669079235112385,-0.8680122445584162,1.3316600855480494,2.912709616943769,0.601860436725722,-0.3665521900268223,0.9657191899634836,-0.4237705986651276,1.3498380387451423,0.46110653919867456,-1.8370930233122973,3.046583750282987,0.510612879791941,2.3395257288105955,1.3520703475766587,-0.3671262199603927,-3.3463479513767327,1.8630041619843085,1.5621306786835363,0.606764446156715,1.2969264252716206,-0.5956917725215287,-0.9988975844644796,0.1664049907978667,-2.070567073490549,4.6916707808515685,1.0523354146453918,0.24732416427451795
307,1.9043516224754333,-1.8935944539256648,4.333496328797837,0.2438059580695149,-1.2935151083728162,1.628749736259251,2.88574884107104,-0.6075581698454933,-0.7867699587447066,0.16269595039563572,0.5746085331604956,-0.4979200035700478,1.1766466130052338,1.822145694551096,1.4837413069032845,3.7935437768144067,1.4209918897624036,-1.5509014225332165,0.5623076317228969,3.7769917549717023,1.1786202209603716,1.2107351491454428,-1.1603125055622048,-0.6885539041356049,2.055584403078271,0.8557669792078395,-1.1507474092475043,-2.0008785795435466,-0.1745312501136544,-0.14021110513548335
308,-5.7373137780080565,0.032140363817977524,-1.9776155210899649,-2.0787923866879052,0.21575156863415065,0.8795502657001645,-2.656803296205443,0.9862567376932588,1.315385474997468,2.485520757639295,-3.5501535672542337,-0.6590898676314334,-1.5801828225619685,-1.2695412147533658,-1.8206369337135788,-1.9848042625263331,1.6221888259657746,2.2883528113833895,-2.371770050393512,2.947964925286134,1.7977279178304322,-0.5781908948264601,-0.4178834703794956,-0.7018523098652524,-1.6998457769926232,-1.902692103307067,-1.6241349667870244,-1.4887155688393547,0.19570105443931854,1.6255391789080176
309,-6.018521020377466,-4.641431659896388,1.414162105737259,-0.40560625356535307,2.2150141095103777,-2.659704332234151,1.6254514098670994,0.8406848244009042,-3.2532819963478996,2.339310391314372,0.04928595427757461,0.7681829730855604,2.996254584641151,0.1395692664772687,-1.7607998860437981,3.438038096732957,0.4348873077550961,-1.4007196668762556,-1.6073991692995835,-1.4629732048726591,0.7567622361408887,2.9507690955358488,1.8391137431401579,1.2718216697817633,1.3986106324968424,-3.6575080140808156,-1.0480876747279735,-0.9858306073799371,0.14846550201923342,1.1492864991530052
310,4.120382016473165,-1.1092520017347571,4.2920625384843225,-2.1019056591891325,-3.3393476331134115,0.8766671134661342,0.16733781395133487,-0.7885020763037223,-0.3363247008292074,-1.5022600112506874,3.0640342724474343,1.2687245339541213,-0.8241672321704138,1.3703103042008464,-0.052525262476251375,0.37563599060764585,-1.084689707088017,-0.030450713613040754,-0.9005298618418148,1.567883582716198,1.6712510383782708,0.8110441045562222,-0.2589377943112547,-0.919384760660409,-0.46246514685211887,0.2310720402004336,1.449850339545257,-1.0354322341222235,1.1347913962351406,-2.218031552246896
311,-4.731511147897072,1.2902614445668998,-2.7720603053020376,-0.211264577927427,0.9358807711757025,-0.7529699951066927,-0.9612825018259139,-0.9421617147007525,-0.34979091168346066,0.391552282787582,-2.6615772859054947,-4.049334055113935,1.0623014949469098,-2.1590676523059003,0.5108553156808263,-4.538435739374131,-1.8285907357913689,-2.0953493583174283,1.1670532869879269,-1.4719708997720924,-0.952858341328337,-0.09544927476545015,2.76123467747977,-2.874535195254176,0.047254675426684836,1.8047278451460773,-0.897759034447302,-2.2224353547956692,-4.917602220485468,-0.6649544644272816
312,6.909220631527531,1.0400226685878,-1.1891608342239555,0.6235307056349148,0.08808461234000953,-0.23542403017759797,-1.045053876362089,0.6769136305882244,1.3418721761883416,1.1162029158768159,0.7527955172166096,-1.3044797618444548,1.533945502279408,0.99832562448941,-1.4055055573676605,0.7103084018086601,-0.45339899929865946,-0.2619067635630414,-1.4020852436707014,1.2891682916074465,1.6455035777552316,-0.3539458077164836,-1.6969019988018306,0.14489549527616316,1.5244068689517882,-0.5272552855937569,1.2407476692384583,-1.2757090626006458,0.40934205156826803,0.3333979269552373
313,9.184638422392672,-2.5538534568837434,6.361181749049433,0.3923262127086932,0.024457631485039575,-0.9968513728660584,-2.7492484768055703,1.614176376366812,2.9572526705697126,-0.08457670837304547,0.9593087880744834,0.5403039492591634,1.3365978313278377,0.42279912620720306,-2.7489085774683693,0.7106762172217712,-1.4681128410613515,0.55631675414456,-0.24465168681965568,-0.001085007416533979,1.5407554678941215,0.9339031822993334,0.008757079168747713,-0.26426357036137554,-1.092025980665232,-1.6638996894890996,-0.9414563661494233,-0.8971845291072046,-1.2029891209612829,-2.5040390109806383
314,-8.768895906690584,2.122747974509144,-0.5228248243236788,2.404693003908903,-5.2246169588509455,-2.87649226087166,6.081990331192546,-0.5329501446329187,2.5240082445823564,-5.392569512850808,0.9094128473091145,4.70198899200607,-0.26770440497852693,-0.38785694327388076,0.8228924378296343,-2.6023681681397095,-8.857123681116185,0.4332835750247463,0.20844057912764077,-2.2376872841768503,1.989278448136013,-4.389496136209987,-3.6676505693693238,-0.3225630285059236,-3.8547842946374185,-0.049858250599783285,-1.1124845668468994,1.9488579200982976,2.8764590761607853,-2.2171608155388087
315,8.168556793650884,-1.621829865000497,-1.8699523881813425,-0.9274499057158468,-0.9418053836955544,0.5399888872783726,-0.11774963631541786,-0.13456236392846807,0.7778062536951483,-0.062438638924361495,-0.5685149546168602,0.04686246131040231,0.5703663843069352,0.9035698601547458,-0.10312322240950493,0.32120084172926544,0.4137532655695312,0.027783400921413143,0.026092478939020437,0.23843514127732518,-0.36269629674114434,-0.37215100699196296,-0.41937769787812607,0.49801067900551077,0.8969026765157488,0.2154149413114692,-0.1387306815363421,-0.9196340437294916,0.19388994302854948,0.5664705376926261
316,10.525243247380745,4.263020571991216,-2.729102857409123,0.28736562300619367,-0.4855448483295008,1.1436242055920616,0.8293937072705272,-1.4078416249227148,0.6451512160951207,1.4676529678887424,0.61651709943464,0.17412267217132069,0.04855567679490096,-0.07638176430276422,-0.28716281437172647,-0.1816577841440147,-1.3757554512139356,0.05309972938633703,-1.4219876167775147,-1.42476457523483,-0.6170559183984548,0.28700965269517215,0.6407778778384544,-0.11206695548891615,1.8309087195173401,0.39855598716208773,1.0891502635640504,0.5106568140667889,-1.4756667764345406,1.4711643442755904
317,7.2342489677585124,4.243937141879176,-1.5685363390921947,0.4002982199700807,2.0312293355810245,-0.7474844102882932,-0.5421119979953872,1.7146222367795327,2.6160152704210224,-0.022796949719028348,-1.9309521519962876,1.4227243360332662,-2.763546412204333,-0.2533816329391467,-1.2559073501827764,-0.35276529717235616,-0.36120741184671507,0.18043162905660728,2.5751858522018574,0.006454925175126484,-0.7341015635300787,0.23650853101267003,-1.3414187917981761,1.4139742560932398,2.602857183102837,-1.004233647401675,-1.1234461408300298,0.6392253010691248,-0.5111908309422578,-0.6670310666365873
318,2.220561367457262,0.3147399294013898,2.1426141385670956,-3.7286022264528143,-0.9524792410936181,-3.043160760182189,3.996047381460196,3.974849058968724,-1.3015074190428297,0.03319188043952103,-0.7866279079575009,-1.5504103180193136,-0.1914866020308161,-0.7983079315989108,2.0840330803168796,4.971379489091223,-0.11635874897434399,-0.4437752249355101,2.240078019447297,-1.9002706600495693,1.5706809546501732,-1.9768732361225116,0.8855910853789929,0.43373468721378167,0.07813215901668658,-0.6701555345689293,-0.4821765419352613,-2.7223351872591657,-0.2547568944283966,-0.14663912010329624
319,6.086103096982135,2.6692824744631554,-3.4729671072819723,-0.124360342075808,0.8418165065645197,0.8111184143671044,1.0269911206580464,-1.422522369008164,-0.9465550961377529,0.6734687811074721,0.8201923253431788,0.26601837688154284,2.6583769083123276,1.164582389500651,-1.035228373649785,0.25510056804138304,-0.6027864666125107,-0.6589141522005388,-0.07327923630694111,-0.24942768911736027,1.1231080741461321,-0.6820969322865141,-0.22385385130754445,0.06390622432345411,0.6856064740339278,1.1192360967662005,2.1235447247243444,-0.06600186288287421,-1.3629370211990177,-1.175495803206775
320,0.0619122150179794,-1.978625740195102,2.446638557217606,2.8990741582646713,0.4650215699025875,-3.749079741717432,1.912031195802655,2.4053943906445667,-0.3957326951566686,-1.2925228544307712,1.2199256077273266,1.2104204400522331,3.9956166598886513,-1.2133949573230567,1.4845265113512884,-0.9702255314689521,0.7877392790902635,1.0349332637206414,1.1780644974908643,-0.28858088164052276,0.495913540294169,-1.539035862094409,0.36057776148929516,-1.6710689365751186,0.016426323534524064,0.9757385412751389,1.4680272578873206,1.3761754064328868,-1.5181370304038786,-0.15877906362812233
321,4.3031374656238,-1.5958241819375385,1.1038837396930758,-0.24963372587802513,-2.1358559189405146,-0.24601912424302277,2.596198477923493,2.6073182988558505,0.2435121832212555,1.6300357483679586,1.5104645891779331,-1.4863536607448655,-1.6654052887162725,-0.8104335910813045,-1.4965295984861064,-0.5266714293925687,2.7262410952608365,0.7234141568884794,0.8614022095019596,-0.5092693951521319,-1.420074118102276,-0.4725670083881509,-0.7975329002072233,0.04082416704756421,0.9377945321543554,0.4871049686831269,-1.3713450665592963,-0.8069536223210936,0.5939376569170194,-0.8462681181537421
322,-7.403268864582952,0.2572139134041003,-0.5996385984806282,0.21291815989658366,-2.0746188328675066,1.8304670287273634,-0.05794696012525061,3.6027885390671717,-1.133700074703369,-1.4052126897302653,1.9237778604763498,-0.018334250210951388,4.663697919719737,3.889123654311604,-2.546536854623961,0.4065618189860409,-1.5375724635428363,-2.2677820303075245,7.0678752152888284,2.0525856880315914,-3.2033842692331325,1.5951449816950118,-2.950406224117744,-2.299015077880746,-0.5227866593487204,1.5653057606104102,-2.368907562108382,2.7217498318600457,-0.371223782419653,4.563870587669415
323,-8.468075516641594,-0.04004915400862573,-3.244406400150636,-6.345145620314162,1.10193735251172,-0.47795168810481026,0.34208794669959464,-0.2687029591651504,-1.1919236216069593,-0.8161093430373118,0.14272891449981492,1.156511151632698,3.2053264252029505,0.875497255062914,-1.6737977583854307,-1.0148520455345473,-0.7065499894879376,1.113537786642662,-0.9948263977985587,0.9154486592073925,-0.2728245103390357,3.0080519550491713,-1.6754126505941325,0.18808787834914206,4.054593500642921,1.3015747795452994,0.645111857634404,-1.8262503875401574,2.630074434527112,3.442273066717545
324,-8.673042974444135,1.249811768852673,-1.867816684537238,0.24267064937375685,-0.09445554321339726,1.2666318517371604,-4.555491898160122,-0.4164252671996487,-2.7996572504854416,6.449356721237439,-0.004203635200887058,-2.5325068299128457,5.212950633995024,-3.3116118081946455,2.8847196241240476,4.685432760621421,2.3709987882488046,-1.7752087899141074,-1.5134705405989175,-3.645584718370595,1.8989071519936824,-2.7074470014840686,-3.7749829942948137,5.7064572319684626,2.4363342512338586,-1.6345416495115734,1.2956247781651204,-1.2727565482906595,-0.16743045274741628,-3.160332875464211
325,4.10827310477416,4.86566710274289,-2.6978786363942113,2.0637167329416304,0.02242612248706902,0.6910266501357241,0.679199079597391,0.5350595944428985,-1.4927256181114037,-2.7907843610367706,-0.6087154147118496,-0.09462838335158952,-0.36930109460486926,-0.8907480709175553,-3.274642318132005,0.4810701603934401,2.680316302088209,-0.5264651502534132,1.6376014503115934,1.9342450938542664,2.8719961395883407,-1.6155995384015776,4.1812853101234415,0.6223639923749958,0.7069907027176004,0.4946427144414392,1.2474678187543404,0.5463249479628932,-1.6773811355767951,-1.5944744067529502
326,4.316281010562174,1.2201339360007883,0.1598876558311324,-0.7553003958985028,-2.0555544228154767,0.480358076490307,1.054122737764628,1.3382704335925626,1.8539299088096783,1.4080883381275382,0.19776932474777822,-1.1175319244743025,-0.8085642104901705,0.23183148158709888,0.7884368968717644,1.6155558664275322,-1.7428734311641394,1.0446458787196833,-2.5164622010709867,-1.5038083663921449,-1.080895410519771,-1.5975268889195995,0.047401406882536336,0.03083561178897513,-0.5757146727109214,0.05586006248436242,1.8980855615257388,-0.8608945665113502,0.22817212818320184,-0.19625285735296844
327,-5.3415815736141,-4.139605430314382,2.0304480412306796,0.7206393463376279,3.2482714360403047,-2.254408125229102,1.5708843857279327,2.31229466776718,0.9762526202765122,-1.362932370804015,-2.741303322165107,-0.11372590330138646,-1.015820923781401,1.1582913563397998,-1.2973730537947454,-2.382971997054494,1.1689150794636198,-1.7306588868835655,1.4553653729490656,0.728137973740119,-0.41162164577198757,2.1421189623795165,0.002581575802134425,-0.022110463190068774,-0.9810478965059061,0.31018265725363764,2.8116081734081466,1.790273260743562,2.72556538779565,1.6600006143199295
328,9.687801144383602,5.956378713874674,-1.6772222386570619,0.3798159994534983,1.2677595250573337,-0.5966060861848524,0.12422315408801865,3.631450766551653,2.121058108247908,1.2927338472848275,1.1894102888520648,0.9419397650188488,-0.14957569365845622,0.9953116111756596,1.209848802205492,-0.7985306039844126,-2.358427914665259,2.103823678440312,-0.05280088276960846,0.25726682970339254,0.6042777905910466,-0.9496177415872615,1.8006750137812624,1.248303295123673,0.8104528101560797,0.03921111887361149,1.3860974047571044,-2.2668931201825635,0.08474300362422911,-0.08563572642465865
329,-6.123231661601334,1.104705473514707,-1.7393059837765037,3.064163321721515,-4.401400384999275,0.7946666595313189,-1.0243414736009049,-2.520422454222619,0.8561768632859273,-2.8152300627782694,4.884010409463184,0.8450745525727178,-0.022598252157499027,-2.1479120548274153,0.4405487232967219,-0.7018889699389042,1.7171632573758158,-3.1451070882974586,-0.5421409794577476,-2.1740027738846077,0.42186507579078925,-0.48567894936455414,0.3476913828709427,-0.05834287804713593,0.5224390876076566,2.748438082173043,0.2189663789217935,0.946929084246335,1.429178615405442,4.3842799291205745
330,7.9243197806166785,3.4426718792669555,-3.399066868685991,-0.34269780976910336,-0.9748269204047348,2.7880482539298557,3.594706939446474,-1.4079357303346574,0.3971024761285802,0.061092544235526576,0.1860819763474601,-0.2290256334741592,1.172684554270901,0.4537516612764975,1.8874825124184011,-0.8167856081869713,-0.9679591657937423,-0.32684365724986814,-0.1187600074896982,-1.0648661318697437,-0.27011871150961364,-2.0556067901467183,0.7099946991009408,1.4054584160437507,1.4775337842403005,1.9108643024525989,0.5988337054476067,-1.3054178330228634,1.2000645398669247,1.5786195489032977
331,-0.26938538662642475,2.175572492124444,-3.766590654352924,-0.5289526129186509,0.6067698623205837,2.161327476803533,1.6225147352220453,0.730964987594526,-0.8427245319999246,-1.5760173829757311,-1.4267186253470738,2.3624241978566682,0.19579198202354914,0.6355319667446404,-0.633142264599245,-1.7004888906429505,0.8009970466566948,-3.466408581330844,-1.9211816426933794,0.6032661167994788,-1.1481336227984897,0.4997949301798538,0.2295263887500957,2.087143320822171,-2.0646241705814448,0.24423932422387418,0.36319289715933867,-0.0011190200051090684,1.0232165543201268,-2.989441512435091
332,-2.3963392079356325,-2.9283081458193907,1.939822947039024,-2.8547939197800143,2.9681042860872355,-0.7470597827600045,0.6025187354937209,-2.074396003461275,-0.4433987937052336,-1.2238861105877525,1.1451083311902064,2.46939370612893,-0.8106702544120761,1.1493587885699572,-2.0087951374391135,0.895920372786853,-0.8133202847108242,0.0736951208350095,0.7586016178505426,0.35036050121680434,-0.6158022915534438,-1.3396041532433713,-2.4439812603914426,0.9007262417207772,-2.4856121978898167,-2.043317215564294,0.16221421643182876,0.4054873487665426,3.0117533290997853,1.2787800336752866
333,-7.157138248093215,1.9317509173989955,-1.8912781717918865,2.4984872349544376,-5.534470883606279,1.0006776502430685,0.6563101430554414,3.050445885707388,1.6926690359117234,5.451414659884411,-1.7323167252591374,-0.9893577494556649,-1.352039129929312,4.108239507537261,-1.2519284315913048,-0.2770563449208046,-3.3128159330849067,6.411910720629986,-5.353410214290874,4.966639306044174,-0.03510809808231808,-1.444997291862985,-4.0166135053905245,-1.085275793550995,-0.5907598939557732,5.223802310023181,0.4083454683909317,-1.4243134287067156,0.02925244802222807,-2.8592394072864376
334,1.9256132503079209,2.659567090096792,-3.99060624845894,4.750460441147508,-2.9636092006482673,-1.407537012809807,2.5854024130453213,-1.6312206439950883,0.15902935461323314,-0.982651692766038,0.36422024785518564,-3.2675000795974887,0.5559159170727429,-1.1002727613109389,-0.3531337841949557,0.5671852336015804,-3.9714017868002567,1.029805872758633,-1.8976753324003788,-3.442491724169041,0.9019630169318891,-2.7602824384595848,0.2467781210909831,-1.2771453205648313,1.1543109685664135,-0.5628848517353765,0.5476397270341591,1.833004837124769,-0.6116024339463253,1.1907424071553945
335,-9.693050994843604,-0.43338810710995074,-3.9998937663521423,0.14161751109631432,-4.134567634293394,-0.03991216076522227,1.3345864494635136,1.4995311549722747,0.17924996845450097,-0.2132538973725261,-1.539339734410641,2.0134651808351682,-2.6831347182816625,0.6746428829856083,-1.220741293069176,-0.9228393188439311,2.225555279737209,2.1140331317231493,-0.2891726755717891,0.4293984527285376,0.9620590566187409,2.2440830080786434,0.9069446144271521,3.0072146344398902,1.7616599933474184,-2.5654519907533957,-0.3835627821308298,-2.098172077149541,-1.9318226691477922,0.9385180999287436
336,7.408355331166027,2.3516910113740486,-0.2234012112056936,1.030430953494792,1.3413058526909716,0.36826106541974074,0.7489893886441851,-0.621081464438417,-0.406406176208707,0.018915618046343716,0.5202800463059081,0.5072763618717119,1.0143215144859794,-0.7315307032413033,1.0653186391234162,0.9662385782423782,1.1402688867986588,-0.71695628461157,0.14034377629509953,-0.5069021266459316,0.285774585139131,-0.4650438243414915,-2.848283639613626,0.1378601753911302,1.035799668218767,0.14348486334648164,2.0211994329751293,0.2296690858592899,-0.5145905949180192,-0.13773717004279531
337,7.058604411592276,1.5865161939917722,-1.3174005166526748,1.150080180955766,0.4737129734236804,-0.607811238728713,0.18486784798409894,-0.11638607013657218,-1.2569192197182517,1.4171463740411179,-0.9871661252644863,1.2317770090130966,0.4674735456960965,-0.34346837256510504,-2.0989741427259125,-0.04225657009271032,1.9050079189681337,-0.5854665352415636,0.8425156992852059,0.2916297263929873,0.9298747159853218,2.0942976453161224,0.6409755180203285,0.22235235062896785,-0.7444476853118197,-1.921992013097766,-0.21864002808452196,-0.1605113653655289,-2.501745453087516,-0.8379667925763136
338,-4.690152626456079,-5.5891858942564445,3.3494242060798998,1.6882092023110742,0.2428727541896927,-3.9465383818411013,2.1284012633003604,3.2992781165485523,-1.4136341413486344,-1.6693441689175637,0.966277267610696,-0.04860999754648114,0.7030248810623773,1.169964605946392,3.024687020186089,-1.0450075004922497,-0.6284199144603949,0.10854833712292061,1.6229349145841092,-0.09064849703511894,0.24301805038424423,-2.316832253039763,-0.017273525448934728,-1.9985744418873288,0.7074842234239034,1.2538732922086624,0.1564347043698737,-0.8587552731486623,-2.7317743742112452,2.2125594458516566
339,-4.314793323544894,-1.7792189676410934,-0.7952216362614392,-0.17340694561574943,-2.8078846424721,-0.1076251401846654,1.6251119629074107,-2.220934993331041,-2.1806408056426867,1.036206198556831,1.0605940670204086,0.09425566506125897,0.6176242163228667,0.7312558080697205,-0.3299100674040635,1.8773949147911733,-0.4570856144964017,2.3352798281373555,-0.5955939428160343,-0.6582306960167701,0.4937066857261689,2.010064676110302,1.205818089268119,-0.39519121701640436,0.46158571679078303,-0.7713091271360304,3.111947693286273,0.0323104155159829,-0.1253317531789343,0.19163597690086084
340,4.961424372495264,-5.9996224194167596,7.817833110925231,-1.9940112101328942,-0.9856667975714349,2.256279107518947,0.18078923591278045,-0.38084089039641805,-0.686329179998173,0.9858500448800501,-1.2476665666764242,1.3327125875444017,-2.0112147508552276,-0.8746506209170511,-0.5794861008225556,-0.2733591430060694,-0.933574849347724,-1.0709471044460586,0.9048830647685425,-1.5644494966048363,-0.4830033059957673,0.3112315738964505,-0.749439939569308,-0.11163422859902258,-0.8002160416745113,-0.34526359740871115,-0.4837120297759457,-0.039950384584813,-1.0651066917564938,-0.5196551185626864
341,-4.169344096373179,-1.5907139198081703,1.8889038743952233,0.5803399932013664,-4.0128213471944925,0.19079045622164262,2.0964814370767417,0.7186021668025168,0.6605859511333283,1.0759698160894828,1.2971484513386518,1.1291512875918903,-1.3672673771557604,0.45926337726814176,0.38763397939515093,-1.0128969684352969,-0.24496151169022637,-1.7710669785386288,-2.2275368586557027,2.0355302435087417,-2.6423862179013193,0.570781762465802,-0.8421777981469439,-0.11989114905755248,-1.1901675366431197,1.2011820073837296,-0.9683413285836321,-1.2017906970616437,1.6980163248071949,-1.8099968299765965
342,1.4871254302770394,-9.170739381230845,9.06826246610842,-3.558015349756865,5.554560187366997,-4.731898976478301,6.051196720086247,0.2427047451839729,0.7687291601796721,0.7561912947671802,0.3673305823651884,1.3988037486900478,-1.9661446456301759,-2.2206987303824754,0.8301941807252232,-1.8619650283842366,-1.019040207775493,0.2701397581407907,1.0369474179975573,-0.36418497524248933,0.6483236472801468,0.10270031875345202,0.45367926257551333,-0.9390357919758588,0.0036687871267038572,0.9982087848340537,1.8523123187230295,-1.406498094209476,-1.0223881033798805,0.023124744345315404
343,-8.276914014131998,-1.3123828608834796,1.2501423471968232,1.3099440833007607,-0.781492674681457,-2.9087047112549267,-1.5628249790392266,-3.0808963871063972,-1.9971222360589331,-2.022466488058428,-0.992430561196816,2.601786609879322,-1.419080390335171,2.1344698686244645,-2.4767876935528004,1.3320559952789532,0.5852328451134443,-1.7161209010267204,-5.71861049819499,0.6788233094316118,-1.2689622386012724,-0.60484070601421,1.6723599517448193,-1.4429333035084178,-0.7582478180851956,-0.9783647048032305,-2.3914888202350695,-0.632737399537792,0.49829961808748746,-0.2734114353976952
344,1.2635588760260195,2.4810780308558087,-1.3072336602353951,3.962794600142116,-0.9020543069873371,-2.0336201724918803,2.6714669437197234,-0.5110130723182179,-0.377205294553526,0.4249419909159781,2.0442049545883645,-0.41818024064664117,-1.9049512317901012,0.04569449960860064,-1.1540723305845464,-0.3353597384885701,-2.14436453382225,0.8700883336356005,1.0993461969093992,-0.19851819419836603,-0.11739587850243169,0.2462849095998134,-1.1275123901042448,-0.2557995734606957,2.5925441582940234,-0.9100160887799202,-1.3825518413196058,0.2566112415668915,3.179764778215155,-0.01410163860805778
345,0.5501886632044283,0.4891304901125092,-1.976555018332608,2.4503391270261985,-0.3262341746439716,-2.00438488805089,0.3745626815457838,-1.2566164677869764,0.2668098786863755,-1.1410243091166372,-0.18449667957276586,-1.186963585422809,-1.124441858618819,1.3896146764729804,0.5365913276110793,-0.7405732279697248,-0.19540292193960954,-0.8117099571486536,-1.5378036434244273,-3.5916535163042416,-3.326960255003971,-2.082734139094901,1.9881014193379958,-1.49014080030314,-0.856782153628507,-0.0075355012367556455,0.5997139475164321,0.9099856372052837,2.1287416646048616,-0.11603564194308172
346,4.356829411773184,-0.022962585197367078,5.095885776896741,-1.982003957982413,-3.7279105056430257,2.4517193143667293,-1.109118296814367,-1.8766332785269402,-1.9165635453607544,-0.5205388787604621,-1.0530131367982332,-0.7477359390257337,0.37775065171208927,0.6481354850307736,1.506220119426282,0.7069278568003964,-0.7082335798246451,-0.8239403567443256,-2.1770839346730564,-1.8615862590775656,-2.1222600994636807,2.424518508096732,0.9485539903163754,-0.46110406059466735,1.4750205777964291,-1.5530977519239204,-0.4719196395903906,2.1343588757922363,-0.5058798218894183,0.5111206519732324
347,-7.366868441031825,-1.0971404243294607,0.24840971187875205,0.5293405667930994,1.3017915849962416,0.7936760964541982,0.1560930313072284,0.006848423135932694,0.8014094929278055,-1.555649990579339,-0.9293837003973849,-0.6620257456144739,-0.17747154557476644,-1.9149763274197606,2.814505313936032,-3.2898575265152745,0.8366091076294301,-1.3733884645051893,-0.9701712168942266,1.363810016697869,-0.6589063230260129,-0.8583620674596703,2.0916817783269264,1.1042434149746265,2.479174869715788,0.9588194072737989,2.793342566948806,0.42851912957159094,0.031043083323191584,-1.845842670438053
348,7.948994344330839,-0.5225038767879657,1.711757225620128,1.443510090830275,-0.7830485676053536,-0.5674716880526183,-1.285443445817206,4.277777247511636,2.557785647905605,1.2694760088441637,1.393793770290702,-0.9854212624082064,-0.18646242075819638,0.008767898554800608,-1.2471932014335807,0.3866686807909844,0.8897603143027256,1.4460140175037057,-0.5901543859995808,0.12143202734661508,0.023872765753088502,-0.7848658120566865,-1.3032616023864299,0.04732411620596663,0.8833684395038043,-1.404549268816167,-1.1734419978304915,2.604765642936957,1.118634229424641,-1.0088086466881623
349,1.8616718533635972,-5.923670462032177,6.934279406398774,-5.130974243352624,1.6169694336754252,-4.569570178732184,7.026632153355685,1.7845999390231262,-1.1206474433304576,1.8835536696457824,0.42432816605239787,-0.3367615509597315,-2.564593380548273,0.43168741969187946,0.8752405133719452,2.6390355753848365,-1.230263842776342,-0.595637026510875,1.5492896481748897,-3.3050968018802336,1.5746962415062102,0.0908389293636578,0.5894896702195667,1.7078079286041208,-0.533800150259696,0.7349979827531671,1.7885108320002687,-1.9070456086040712,-0.5289924248130851,-0.36889348857302245
350,10.13355044952223,-0.5462894609455609,1.9882628183449014,0.25010674280400647,0.4474951094824196,-1.3548525214410743,-6.156322219487907,1.5019817622310827,-1.1591612816272752,-0.7893938771544811,-0.5183786989619119,-0.2454296474298805,0.20941023621300597,-1.1148953863584576,0.3879878676405513,-0.8197973517780595,-1.5306671354558574,0.6291263692882049,-0.5467756376240037,-1.9209272828130448,1.0345629805340886,0.323369298790725,1.3004056802850936,0.7213822050456297,0.7946986925788448,0.849028939042209,-0.4054159784365382,1.3010101536643124,0.33588405314123626,3.146450859513401
351,-3.9514427969983204,-3.705758231577552,2.9048634709182237,5.186202101443578,2.3172940073111916,1.8138597666493024,-2.880156669718606,2.6098995285132167,1.9662352786945034,-0.1473223724126262,-2.0178822667208425,1.4853158835999516,-2.83404522357758,1.232186944286562,2.009667705382176,-1.7768169459565648,0.717016921413471,-0.35435064795310145,0.7520845425901357,-2.285514515806445,-0.7754479108463258,-1.0867514413867714,1.7924976793129743,-4.831015028774935,2.4908915038016293,0.6231667810443975,-1.4701808022590923,0.5767604117393259,0.23743260345571043,-1.0280208629530916
352,-3.3850619002444757,-0.9334322880140202,0.13297423719864548,5.098908137767487,-2.2539648080093246,-3.3912381242127703,-0.9492895489261897,-0.05570709347272848,-1.1782527727089918,0.705132729617282,-0.9995408609809229,-0.5018240663055974,-2.968342753067447,-0.11072400043751038,1.1062176123041048,-0.17262797876119987,0.04609552033637416,-2.7548318500126188,0.9527694001842603,1.9945478311722298,-1.4505922756008476,2.0553321927639256,-0.6338940560609434,0.05326247178846839,1.4927126035982445,0.415392641341344,-1.0386829099570223,-3.0056294489553994,2.1345070233512873,0.27338937808607605
353,-10.250155504959393,-3.41476562260131,1.1574600510382425,-0.4635547561438682,-0.5861198319818226,-2.3945794628466706,1.2989998519452781,-0.4359883270996281,-2.8949086516674596,0.5963194914275838,-2.4620279822521014,-1.1239232987226995,3.256310876967098,0.2829952988468298,-1.6150771716852277,0.1462309759599337,1.0069565325490195,-0.7747465102912834,1.7301597214890294,2.2761355686882307,1.1102019547539532,0.46122922755900103,-1.6535454441803934,-2.6279621441069017,1.123939662470438,0.25021185359894416,-0.2612031893553027,1.3583703115685741,-1.4975472023607705,1.3559159656799247
354,4.0838079156791345,0.46558472149030505,-0.9233653903596154,-0.6897379889700328,1.3663718668647078,-0.6062132912099177,0.3958439319051017,0.6396803531502102,0.38599097961967477,0.21186985386780535,-0.008596185407089861,-1.102916268262807,1.043810980114991,-0.4305280017087413,1.0631437356952085,-0.412798261812652,0.3633443872379555,-2.328089710326406,-0.8496372482378002,-1.135441462551322,-0.43035620508372247,-1.2114179708180504,-1.4492492436837952,-0.904489896883343,0.2720504539804543,0.8755633071113806,-0.5745508416685045,1.1703668815213353,-0.124357014994115,0.5866049531812428
355,-4.942657907344698,0.7395552333432204,-0.949041650469496,1.883021367788629,-3.507698232521907,-1.1503742791786238,1.6059480434443143,-2.5482071815301324,0.8242786907977211,-3.396237302639934,0.474020477191468,-3.618819515898836,-1.0894369007818765,-0.9018104840395196,-3.044722533217309,0.7207155352328652,-4.12935331559578,-2.4616291615699004,3.342146684030878,2.6492745187895212,0.7974913573400109,-1.897456622686959,-2.3654727646175613,-1.7678894488442605,1.2328674891729832,0.10742148861556297,0.8847952518005067,1.7575973479226277,-2.705576436322054,0.6845667935513828
356,-9.370405212754132,0.847870415991886,-1.9758270891734406,-3.1186379649187144,-1.6703940899422667,-0.52218754910766,1.5654773273819778,-0.88836369392171,-1.4850967407863749,0.2801722103833869,1.1063934368516628,-2.512561405145567,-0.28144559242067324,-7.427945425457074,-0.8954785688802346,-0.02716898008065253,4.221562917342365,-1.9418621014976192,2.785457119257169,-3.1116743299602168,3.058154048382524,0.5830086445093705,-1.1979337106953971,-0.08488097885384105,1.798881629312073,-2.1140222545409952,-3.7944468743212476,0.40719576499970567,-1.769374572517204,-2.0476642645913117
357,-4.112933601895478,-2.560506219065296,2.8650933236791927,-1.6748093821864787,3.993945017552482,-2.4123152756324555,0.2732702319903438,-0.46011372065182293,1.9778569862702586,2.1669392208655136,-2.5911937228372794,0.48472611481844596,2.868829514965231,-0.36478667980556756,2.095144539941979,-0.3402023255601816,-1.2537687974964786,-3.127416079158674,1.5536429842897457,2.8974122103969853,0.017205380457496068,0.34847674721327754,0.24537462529603501,-0.5601863702355538,-0.2242918713901774,0.9090870165454493,-2.700353583216469,0.13674665552282111,-0.0031311097157426513,2.9021941031611598
358,-5.753283683911505,4.273853459988298,1.4838493120242455,3.2938785119705662,-4.654023593046218,3.4637792777451253,-3.045690177714457,1.601453328827075,-2.36357148829858,0.5802869791452246,0.45893215865771525,0.16294843375891396,-0.13947074830586445,-2.657106232004689,2.6942010609076705,-1.459253056410273,0.056605937172502306,2.908562588755515,2.6770680418891573,-4.391694371993613,-7.41473332299823,0.7892535741732919,0.766715451513518,1.0211456967033954,5.090422525772279,1.3023786112681237,0.7030609972566637,3.911315209875027,2.156717614909066,-3.633955344436084
359,-3.7632443533972095,-0.39641088481398307,-0.5712171385228373,-2.3059587874435574,1.5567871090629932,-0.609613467880605,0.36181196126266296,-0.6438443613669976,-0.0766022543302773,-3.138097523860586,1.299377809816247,-0.08839156743870193,1.9179357093892933,0.0033185678264289926,-1.3227401732516486,-1.0250704297994033,-1.4198665483843884,-0.7848871586194451,-1.0101831672991435,1.1313673623714093,1.1223418249425043,2.3075408767595733,2.3287605744383786,-3.1577783467893004,-1.4178607409234023,0.9188071484067528,1.5263884601645084,-0.4374215451326893,-1.0176723029106716,-3.849418132463741
360,-10.764101242132547,5.241416955356482,-6.721830617066669,-4.169758233487704,-3.779831905099713,2.8481675643425275,2.454106991082342,2.763307696873954,1.7034899738018632,0.8608766218422033,0.704252365016542,2.5456390807500933,0.3017633920707889,0.20728704741197518,-1.6283870928105446,-4.048659593777033,0.6757006209677376,-1.2724040332728812,3.223391317796566,-0.10309379378451178,3.6057916875911347,-4.759757859826891,-0.31459306776437695,-0.527174742801888,1.0329221536571316,-2.242004918357394,-0.6502181597120505,4.265425472532973,1.9987311368313267,0.701466009669335
361,0.9320060003279386,2.899669811188784,-3.213885051597057,3.0149701023793503,-1.7643500643433294,1.8231355581517734,0.7016306406253017,0.761217859238261,-2.881556030300046,-4.807644797192747,-0.3400609950183727,-2.180415491577942,0.7808215703357009,-0.2984319572265283,3.2230544550216984,0.6117017866948425,2.238547094092972,0.17645836670276832,2.620540625993447,-1.683452943519761,-2.032182818071099,-3.993131643390343,-1.868450743721889,-3.0543326860327493,0.014807540633721543,-0.4497776549446998,-0.8094818293004193,2.303110554761114,-2.106719924163585,-2.1213543813882407
362,4.110611099846229,-5.014241149124927,10.724980593195468,-3.3296081969215927,-5.572485534996293,3.450718285291051,0.5428859955259778,-4.362345532198063,-0.1200504439578414,-0.5683653930611431,3.437726214383764,1.1435541125038473,1.9032679347772725,-0.1122657184246528,-0.7975329166826343,0.9585079049181109,0.850821356294226,-1.5610330560717225,0.8756366487429359,-2.23723637647916,0.20704284178203367,0.6884341655775714,-1.782515285113043,-0.03335648089998117,-0.40862105187931025,-0.3525097867005061,-0.10166105252812391,0.59735059429825,0.5562807027343922,-2.6849099450810194
363,-7.453679203651299,-1.5835080863344277,-2.064604477247503,-1.127036471868042,-2.2705603104550436,-2.728464546364372,0.9951134952652237,2.7323389351874603,-1.8038688057928502,-0.8683873446374115,0.3572434149733711,1.9129766259627423,-0.04445938122694099,-2.026380063381442,-1.9978208641461466,-4.2280011593518925,1.3338198153432614,-1.5048466108030583,-2.292423983986565,-1.186032599097535,-1.3029703528099055,2.0277116117067524,1.2436724483434365,5.016790145705426,0.5656634146210473,0.4024086657179231,1.5774748731145818,0.9855432162864296,-1.8247606374586143,-1.9385549050288007
364,10.106051670107304,-4.585491275408272,10.7505003365175,-5.049834788856837,-9.018923959992607,6.072750746119648,0.18844083594871464,-3.355959973200591,-0.3018686029931577,-0.2560005618711226,0.026744904765337627,0.47283300680527524,-1.442206524775683,0.8186518866660007,-1.7805228733044673,-1.3357380266557326,-0.24575763681622276,-0.006699501108653655,-1.4986668205705356,-0.9144178290542252,0.8997205718615909,0.2215540870311622,-0.38964554301815785,0.3126882150971423,-1.4874379873636274,-0.4768485063763268,0.45270069902227467,-0.6141291386428923,-1.222625350674249,-0.49004863232798285
365,-9.703942189708373,3.64462761063135,-4.033640219430667,-2.3758342760679114,-4.83681943424342,1.450755008312334,0.0720560026115286,-0.7000692691269175,-0.24974660552607877,-2.8236487150132463,-6.350520731123275,-0.7163355192521687,-1.4404455217496885,5.4188985929829645,-0.2611873688903288,-4.144274549297629,5.727881436702375,3.6131479888406766,-0.8687795681010028,-0.020836198343993112,1.8969495692792147,3.7684828575402545,0.153106974241125,-0.5230068796850992,-0.17811199387020382,-1.6476746514400493,-0.4291824631658878,-1.704514016530542,-2.790363170602836,2.316366157762354
366,7.953665785636906,3.0039089034621194,-1.2614678937058954,1.2042646503550367,0.6347326883186877,0.05100926039407354,0.5061049796744229,-0.06681154020920581,0.20049190126914557,0.936271276153865,-1.2663864237775109,0.17083544711674423,-0.899628468547356,-0.3813325175852614,-0.6334950479892918,-0.48994164890785213,-0.8457374289491167,-0.6058222464907269,2.365869916242654,0.16235170163282273,-1.9492993628064748,-0.2959982467262059,0.46746997208593605,0.7058823312537661,1.0318385467116322,0.37667665124266797,-1.745521781418654,-1.3933238794280496,1.2504899551855881,0.29705598617834067
367,-4.06685525679732,-1.2755935847250808,1.6996654111642169,-0.4241676247067196,6.072555609095603,1.6421786332481496,-0.7199114045709539,4.17930436403887,-1.2110329821071437,0.6467954061625755,0.6919933289721438,-1.5687266055063802,-0.2805328007311847,1.1474380082818538,0.21352630083944024,1.7375590399247032,-3.4586163867966917,-2.212878888015159,-4.655794991776188,-1.5640238347216524,0.7204023873031572,-1.0163296795315484,-0.22427562378201674,-0.22860927374188253,-1.1891408336596325,-1.072877240714218,-0.7279030109551234,1.8628484385967132,-1.476725732730149,-0.3226438642062751
368,6.194642106745254,0.08963918023776345,1.3431598684447144,0.03476899035567707,-0.3995656958747054,-2.3407393640989076,-3.0542933213289647,2.676866777380902,5.025126577484063,-1.3296973007757342,-0.4055977110067836,1.2144716529768234,2.266681332256789,-0.6883401444890908,-0.7618926068199315,-1.0309441232317802,2.4642012366735155,1.2424925109654474,1.1375262698896607,1.6823034134244779,-0.6417401606678945,-1.1654913056981957,3.215388813399557,-0.37297464004201125,2.332855253630556,-0.5364815996074631,0.3478010784275261,-0.11025167583605909,-0.2877262877999798,-2.1296475675672504
369,-5.1453269824335415,-3.1219857668756164,2.728434589271747,-1.5928872289276077,4.343619454996374,2.348194743496109,0.5760443785791465,-0.7647965359181452,-0.3275353696375735,-0.7593924258109137,-0.43933346676664703,-0.839922544511943,0.4318663017307386,0.04345095413730222,-2.0900714628582984,-1.4441182326036004,-3.0416872653755576,-1.1613032005850092,-0.4104292396384232,3.1443075651113244,2.6089355235054623,-4.021325614051574,2.44925641989747,1.4475033249162539,0.2942307893680875,-0.06830328161065274,-0.6189102879281023,0.05464989576073136,1.667056751454538,0.28834932827693105
370,-4.438661282677944,-2.1126148959155056,1.024651276554474,-0.5745795775473961,2.089325154822541,-0.9973364942936422,0.7785954950552618,-1.3775868732477141,0.41605377756165507,-2.020514887608818,0.8570029767319769,-2.312371485957354,-2.6050382717168206,2.172954156439149,-1.1300419863013111,0.5067534381639517,0.7181881508810591,-0.04369230971025858,0.9047500513591029,0.9394043368319239,1.1098134254049274,1.9846081403036246,1.2201164967466553,0.30113417314144025,-0.7630374458579302,-0.23137449947264963,0.13650217596602907,-0.6289870688425114,-0.3596307260487735,-1.5362975373430598
371,8.990425995373448,0.7612007214128905,-0.2988742226232093,1.4327415786918178,2.2646784609483444,-1.9697957737990404,-1.1825789556824715,-0.29687204603032036,0.25260460024348713,-0.5414046253175994,0.9447134361411363,0.6411390964090848,0.604349204360897,-0.4991633776152763,-1.0226293460150282,-0.6114090174156502,-0.43269042221346254,1.1161453315482375,-0.3824979411064371,1.6590209421374567,-0.3852450206720698,1.9693742243018841,-0.3087778385651608,-0.5309206169915535,-0.6237015501593779,-1.0071042903613376,-0.7725928824252808,-0.6423854114082708,0.1912537811464154,-0.8410348768946933
372,7.291136138946459,1.812535155918975,-2.032536647807785,-0.07851495335517363,1.0246897728095359,-0.6938726653502055,-1.8322707956513151,0.5182794576143368,-0.18050265984880112,0.5984071832014117,2.08543866741429,0.3090723094147131,-0.26301537344902387,0.6682981778396581,1.1098187480183985,-1.226013094506887,-1.149994577733335,1.2526621433190412,-0.0017030903786844913,0.2914659879985203,0.7139171798868145,0.5414609343570501,-0.583212227122294,-1.160362664397488,-0.6657501140748086,-0.11709617553161968,-0.9242237253271514,-1.6174158477368374,1.1440780767904408,-0.9800803526238351
373,9.32289251581333,6.870556430600167,-4.850697876771597,1.4485984889628334,1.3521388568432657,1.8192187535676931,3.1467575532448633,-0.07129952737843627,-2.1327956688087606,-0.5143347249366323,1.0389233803394191,-2.00002025498607,1.3098635044107494,-0.41175321711004,-1.1557589757305795,1.7439795497018564,1.9075475943511195,-0.47920744308634644,-1.9305595554203034,-2.1083995846789274,0.9881244704361459,0.3537053013328011,-0.7794831460836972,-2.5955381792981496,0.012182917044325359,-0.46169360898458267,1.218296283565391,-0.5102624936389414,1.5418725646633271,0.872685199786968
374,1.6387622449339203,-2.5470051821286983,3.6442651820694767,-2.250308979567534,-1.045731827456568,-1.7587996714929583,3.8778466845695507,1.5270114076025352,-0.0012822649382759265,0.752864367091562,0.35175145125609625,-0.3622357492144625,-1.845624011712782,-1.3238783068204318,0.6793424463704342,-0.0033152131118951607,-1.8706031405910533,0.645634074912547,0.13569977246485537,0.37539662378208616,-1.2178982672622456,0.2959539937482133,0.17392011527846646,-0.5145739779399293,0.07792976094067496,-0.26505994028866037,1.001635287975531,-0.8578118591028855,-0.4989032058180234,-0.0359489163484789
375,-6.564904972702001,-0.5142091508130165,-0.2749398892030914,0.8180548665153878,-1.7725431687716868,0.4152385679250758,-0.36883720914815293,1.2410247908116447,3.1130948026036296,4.237643733818534,-0.2782853419777314,2.4826577836123453,-0.3887140778638293,1.1679305826364237,-0.46267079323904914,0.8433232628584748,1.3669677977124406,2.5325295260526874,0.3493443118956271,4.574643096045841,-1.5888081916991128,-2.456561414090587,0.49049767861017307,-1.0574242551257194,-2.1795044194486612,-1.1466525795702027,-1.000319791831059,-1.0739201068528825,-3.976030885707475,0.4469074848778329
376,-4.812893684351412,1.290241355643408,-0.4276150696877896,-0.36002725649068656,-0.9367264267197577,2.4724510643471924,1.3841495259852838,1.626702746999983,4.321315616102371,-1.5044788774895697,2.2548839571732673,3.241563716498967,-2.072181717741562,3.4245914103007093,-1.6544737045314633,2.506304998415697,1.142726506866509,-4.265563978841151,2.7116736154263426,-0.42916633768941775,-2.446414869757119,-1.419000443749455,0.7918432872461432,2.817581928662009,-1.0553972753435534,-2.601551936393768,-1.461758181081186,-0.7530862480297966,-2.405354023063217,2.7318686065849276
377,-4.279628137743892,-5.064739085560265,4.0818018743473266,0.9444994146566575,5.336852849428011,-2.209374550473427,0.008844330916687196,-0.7432515048899304,1.3885619173956127,-1.5023460714756371,-0.7745424349439316,0.9652684052196531,-0.5105990805440007,-0.9307227155775494,-1.8922134599760168,2.6185180409356823,0.6578265928744036,-2.128949900495779,1.943629147887225,2.5149208158640706,1.90066119843867,-2.1945246884844622,-1.3362521015723094,-3.209576884116036,-1.8899994920910361,-0.2750578140541677,0.7719802409263441,-1.1521358216714412,-1.0378085495984232e-05,0.23334108443726845
378,-2.010683600054723,-2.3561675965599953,1.431333606922528,1.3535306265574147,2.90800556693861,-0.11281938189393702,-1.1103608904565272,-2.706084694223115,0.3902930986882879,1.16645210288022,-1.9258997750404965,1.0121778625913227,0.9197370486959319,-0.8954162924180131,-1.0625444827125177,1.6161748236569697,0.2230306725615181,1.786872721220621,1.4474481948959446,2.28380729677106,-1.1551272638283319,2.0516575232012046,-0.9521478982599768,3.145910144088757,0.5668898439130114,0.4160522517856271,-0.1096555153602309,-1.6145494117034551,-2.3827031959949077,-1.2122661764999425
379,-5.123384492434875,0.3513494882485176,-2.971332075030037,-2.6210596798631935,-0.41059721611853667,-2.551474609119725,-1.1907945543976561,-2.300727414537939,2.599463133804906,-0.8988300684249982,0.010053778625200765,-0.012526471578664048,-0.6621687781941915,-2.730444004579801,-0.15621559205397487,1.2973686962389006,2.7496727141935784,-2.833335482095828,1.0262245612634355,-2.3013102364422835,-1.8002371744817482,-1.6363072478637923,-0.413173421257352,0.4170498736716263,0.4628347183352723,0.02541220965284377,-0.5357570291312944,0.36324783890984097,1.7312945469971723,0.4351133006725533
380,6.612080276695059,3.0733193985494967,0.14604862300108656,-0.2929308700100268,-0.9584628651198784,1.9337598416300648,0.20616470887001145,-1.0400439118697684,0.10020207258766091,0.8746281089182024,0.36138735611196027,0.7500847098220363,-0.04496791443707847,0.7782911658016952,-0.03595895850495361,0.19649528818393378,-0.452068479599913,-0.7892880002354165,-0.9775442725260555,2.67393569825704,2.5843901494809467,0.3689544432582228,-1.9211759743599777,-0.6327294091054178,-1.2246149603661156,0.4993773930547163,-0.35988154404212913,-2.0417462483289643,-1.0952147432128585,-0.4732037236564649
381,-5.194448945101894,1.4618891793278643,0.223943166280917,-2.818100440454448,3.132300337877381,0.8679787368955054,-2.855364369739353,-3.7212300252595885,2.648412417288697,3.7536511489339786,-1.3570571501347808,-3.002393626389457,0.7560217420196343,1.5043741042283183,1.7449438384515938,0.9487155976888149,-3.544868913986273,0.31191597038083735,2.4759648818982405,1.2875301891693869,1.276911839103453,-2.6472130234557527,2.4407048972117926,-2.4922755200333118,4.563059905319043,-3.2795755187452396,2.1034613387897907,-0.7122730394621799,1.5652754636403858,2.819156053385051
382,10.206363633705056,3.232075770777019,-4.923823024841849,0.3609034846570817,0.11039149154496326,2.0734696452625414,3.1837602608855793,-0.020786655463903615,-0.2571729392785411,0.22947200363437237,-1.6566967855452932,-0.9862394115028645,0.20093028955512715,0.644131271078459,-0.42645915347252417,0.2627044816017838,0.8183582726594978,-1.4938364207061645,1.2404551038147216,-0.7261859989055442,-0.518991790292999,0.25324188232646067,0.9696588975573618,-1.1925893512472587,0.10680864039637267,-0.23665451606546,-1.2896319808834964,-0.12959662775845332,2.3994702329514843,0.25607683658103203
383,-6.154467585249502,0.07650978366500251,0.7679997289752687,0.0967820659134293,-2.343285421879385,0.34604034326829675,-1.3243976818163536,-3.627844073894268,2.994542672237907,2.682148547823411,-3.212496526009002,0.9862220210525167,-5.4574530048257435,-2.2005857604121553,-0.2722172046630941,-0.33706319865257917,-2.5647533774732008,-0.26316098206487676,-3.1941535660197213,-0.9233868882977729,0.7941213695571707,-1.1909032498321361,1.8717224667988919,0.9787472042042695,0.4653554569985709,1.6218274567964095,-0.16000441077224342,-1.722364351135389,0.6835104212503651,-1.3216116818692307
384,8.072316353135582,1.727182811926473,-0.45154400840950876,1.4297046497309527,1.0307434790786454,-0.2908268106466817,0.8106085706955004,-1.7327106322606867,0.6999648805706872,-0.10132214785923246,-0.14136971072061566,2.1764767108593204,0.9513216265052865,-1.5646441294095736,-0.562556621625726,-1.746100371942295,-0.5771279504232245,-0.9572091937364688,-0.026984079482384404,-0.33772256583225074,-0.12078997093502412,1.8658714162832666,0.9247027505154384,1.4277213741829993,-0.630255953753918,-1.9019857851307342,2.0003953000878023,1.2259899734848918,-0.5336101121345778,0.06675578347913926
385,7.673222169499042,2.6898019092722105,-1.9544832644457641,0.6091778735328269,1.8691680292450488,0.2963098255808936,0.8360898740761236,-1.1268044909189299,-0.872976267204293,-0.6713306463197566,1.0574236995907687,-1.317668921699009,1.6290885889936482,1.0061207664827156,-2.2770039736774637,0.5624132296061388,1.4235872982724007,-0.2724723863865831,0.03232532634821427,-0.20336458434939514,-0.18661125175918133,-0.8700397014582655,-0.13615476896166712,-1.5060769904642453,1.2147106440174185,-0.14601784829203893,1.852765535062719,0.14840614696936277,-0.054636701728553706,-0.1803156312108544
386,-3.7317024223405135,2.1718606346739495,-2.8561279892965334,0.026476226137109347,0.790907719520319,1.5850352993481907,-1.8147915050778858,0.9314889563027746,0.31539980437133197,2.059877028334055,0.8376444261625529,-3.443809224737292,0.8951922791057556,-1.9045855404945127,-0.47156131163962334,-4.242434538992732,-0.5260365789272853,-0.2686786604579817,0.8740108365532203,-0.38598589111148157,-2.4743419016356625,2.8460450155936243,0.9516088279987658,1.4742903233393345,-0.9033575640418338,-0.4102808774945173,1.540754926252465,2.619554284640905,-0.3563550833355244,2.3789003643925164
387,4.2847840135167115,-2.5673979517316616,3.275437580742549,-1.8054364434904457,-3.1694516133126167,0.7401102034162056,-0.19668610459899397,-0.48995749674170197,-0.7628604157484398,0.35561680125671286,0.2476009215662879,0.05984212237068593,-0.7304296637827834,-0.5166121423759151,0.964194533655212,-0.08652383439875465,-0.005850157585191738,0.7498124392631189,1.0423822973636176,-0.8054556575666658,-1.9492104315262047,-0.2724049647167552,0.13850107320891855,-0.061917936854679764,0.4254067300237377,0.725625764453624,0.49532576486910024,0.06595477373783405,-0.16585122628718404,-1.0216773467975857
388,9.550794994912437,2.3863951662654754,-2.1176399519972735,0.39780546487332613,-0.9073533279599257,-0.5142565226737681,0.44115143738094126,-0.16322437391822792,-0.5650158355254308,-2.644222379828211,-0.2104367382956361,0.06739249735825008,0.7917130407587687,1.353496478262048,-0.07951527863194555,0.7626348103292151,-0.4411058934868085,0.24415385566723719,1.6708966627295472,0.6310636832974189,-2.5669531908339707,-2.2472966085932327,-0.3021470833591337,0.9662499066232881,-0.7826117892516181,0.22992782551912608,0.07845480872333353,-1.278234792124234,0.17840463014198787,-0.2709233405080093
389,7.412277706670166,2.5070545475160486,-0.9565627275257226,0.2714812876310295,0.4571174525795493,-1.6112303914230766,-1.8752769380271577,1.437554385226123,0.131272068500129,0.005473963888594893,-0.16358356777290017,1.46663093922315,-1.5878713343386461,-0.14194294959727152,-0.38550875753788255,0.01666402761130261,0.7462900514484928,-0.2819500421072257,1.150861716206979,1.6899942827674843,0.9301176607605223,-0.4853055947505001,0.8325635508752209,0.2856064382075871,0.865590780762479,0.744687013393848,0.18589054899053958,-1.5919937704480975,0.4940871629261781,0.6391392398848607
390,9.567482637093526,4.085639329416,-3.553356991008374,2.2428700432778768,1.4234384070074675,1.5184546989855996,2.5657009688044456,-2.444027768541263,-1.753811130766941,-0.33762882145758777,-0.27317760595037194,3.2870398226137563,0.5801977090367471,0.001993029072277482,-1.0228868448520272,1.1846401708659229,0.5837113570742403,0.78444151761852,0.7988048693021532,0.6755732520288978,0.8453628122969757,0.6731264672876919,0.040831430924791134,0.16169927361529365,-0.9006638694757308,-0.492840963768073,-1.119321238132872,1.4503509551229816,3.3212007286304113,-2.402559515264953
391,-7.8373334942206725,-0.31659163575993693,-1.06031676958966,1.1955261646502255,-3.7106898798138452,-1.034589490136558,-0.8228268088552165,-0.6978699077052196,0.9347153175636719,0.11410642831973682,1.9677033552970218,3.0079818933177904,-1.9124085531650483,2.0203850177481173,-0.6272989055936188,3.7092970890339574,-0.7868075353474335,-0.1858944176981973,2.522991973025389,-0.8965076073314874,-0.5823391832167885,1.827035560360283,-0.7733180125544197,-1.3595104014705863,0.9572539642480523,0.7857235938829217,-3.716940863990623,-0.05430225136668867,2.7191406542675356,-2.1110918547837874
392,7.653893176450415,1.3639954449074907,-4.123696059661147,0.675624055300596,0.3360390274403098,0.8328225575568805,0.4401148812940047,1.1590918022625836,0.9187639196065608,0.902558263317341,0.5954352826341386,-0.8428630190109693,-1.3069390840203483,-0.05298171352382601,-0.04697482146557859,-1.507971393471419,1.0712896417216682,0.4200880320352103,-0.2802090413766233,-1.124417571474035,-1.5509931056808481,0.38598136970392294,0.08110015973346896,-0.2915630651240814,2.0484760671595645,-0.09101518958143864,0.2197118209044887,0.09286936852716539,0.1896508216743859,-0.9113892947630992
393,-4.402847770079488,-2.8632101251962903,3.05757878930261,1.0068397911245057,1.3142576245746216,7.519582997256307,4.276923047251661,3.672996736136661,-0.7810214201610433,2.7196537925235647,-2.1191455818561686,3.2749148530915884,-1.6950531652214473,-0.36977652812842243,0.7269976236074929,2.2917337564701556,1.233638255754724,1.3767639591853507,-2.677746855890799,-0.1930856043603061,2.1926857761121243,-0.20190263419722768,-0.07480489702936578,2.921762920035249,-0.2824969894359704,0.3828522292503634,0.13458676121204877,-1.3941294864433311,1.812987563490879,0.23549608015325693
394,8.00326954935631,1.040305899769609,-1.3755712888934115,0.9353521826463642,1.9031437666744597,0.6222635385284412,0.001917799172031971,0.34602049052108397,-0.5388978502659179,-1.6300899366518402,-0.1426771894212683,0.7404107780499389,1.2166239225543938,1.171468690516288,0.5000174210645661,-0.057886693872917824,-0.9253659746232196,0.3765821633561317,0.2880566974587928,1.2140473452928744,-0.13090486753392652,1.5215549117959903,-0.11910038323788928,0.5494209952172904,0.907300659101881,1.7589638215311176,0.925932741450671,0.1799097090721902,-0.076189827817951,-0.15090094876558802
395,-5.458035423854837,-0.5473082844373214,-1.7179906993459872,-2.6274387238490644,3.0454053288650886,0.7407445320723804,1.0760114857615837,-0.9119011776126597,0.09381147981363991,-2.153392492391934,0.9010015332093596,-0.8727604182933755,0.06846601363500408,1.6960365478835302,2.095819149887561,4.040163091568171,0.7614932107392183,-2.8471811531873,-0.7852916655797862,-2.4033087505484074,0.8211868301016865,0.6789432549751346,2.6068885734816845,0.8241283110798218,-0.9634756207397795,0.478859196361832,-1.5314219331842789,2.505974548961043,-0.564147341672897,0.8144982697142726
396,-2.9238295343773437,1.6919328192377132,-3.2896062962209616,0.7267036912894964,-2.7039515960141536,0.008329009918933688,1.1748968709683956,-0.39335756849194864,-1.1601727981995138,-1.907858762055169,-0.5266905425323235,0.3140473217420636,0.4678869811647661,-1.7780435893341742,-1.3737920571284261,-1.3360013223677152,-0.7215339269065688,-0.8599819785637203,0.44106648791070446,0.4555276437550049,1.6001922547434673,-2.7556973876247497,-2.1924199017517707,-1.4691235340649467,1.2398823506428986,0.13063606238989514,0.22990478280830373,-3.8101220514221055,-0.6111672779987903,2.352341516407192
397,-8.164527713250799,-2.9521580851948253,-0.8984686005995424,0.8105063649860742,0.020496846862948743,0.010483193995358566,-0.28848851374665696,-0.04998943376257174,-0.0025852509445105365,-0.3492340373765979,2.5191729365756905,1.3903532420391609,-0.9879336856908332,1.4261073113976606,-0.8796568588137804,1.8942786510822642,1.4107262814758368,-0.3376019083755582,-0.56577182223986,-0.40089127508156397,-2.023855782972658,-0.872614930395706,3.414328701792974,1.8855715759194032,1.3891536877912711,-0.3265907889451496,2.463749996388197,2.3559532020203102,-1.104028532854577,0.5419118922780786
398,6.485048453531246,1.4485337990189346,-2.3150269011115823,0.22170016963680195,0.6693840208463002,0.06133085608279163,1.066592777180108,0.6796858327874524,-0.6055861103394399,-0.9914682386402001,0.042794635696938865,0.2242508878344173,-0.05491931055447994,1.534423656247537,0.05992308781950237,-0.8866669114539153,0.324652276695465,-0.4829826740225594,1.233428301820954,1.0750157699964817,0.4456525835277644,-0.5855239737852755,0.27784831851263353,-0.8270078258780715,0.6947607471442935,1.538471494250122,0.31909245365838323,1.2442403701620863,-0.09180914653632864,0.7148705613887204
399,2.6979955646655585,2.479299677363219,0.8386936747296034,-0.2829610996496458,-1.9913616278995403,0.8284840043912967,-2.3687172997756396,3.3550004410358985,-0.24797671474930333,1.1670653328222629,0.7285431223336337,0.5528084484474884,1.0228072394037804,1.3334999725786862,-3.6957764993065614,1.7311092621034583,-0.8084629719624943,0.12634487553897739,-2.374280739532725,-1.733505590007864,2.4364080651866273,1.4514470612773736,-1.2349686545261316,0.17601601753530538,-0.7894591428766256,0.42388459179488874,-1.0713368276034643,0.7650969595738957,-0.28726835893025404,2.2201236585701922
400,-5.569281327080148,-2.757791369613947,-0.3488211082269217,-3.950914848715821,1.6261673366223297,-2.4450751411877665,3.3958494910479775,1.157366460418621,-3.0122717121549574,-0.6274467277306962,1.3568484566592849,-0.2802202402146829,1.1053831979517896,1.8717904233959262,-1.7093363721585284,-1.5563496236922723,-1.424952297417203,-1.1247798505194768,-1.6623083965351964,-2.2071046438846316,-0.02849946782690507,-1.3337540260408869,3.1811484534921304,2.4216894342583224,-0.83410613036808,-1.0718311319953453,-1.1852894018788136,3.1322496011246894,2.002613585919575,0.5763551650565358
401,4.818627520420704,0.33900475172812344,-0.37058637899891317,-1.299801073550692,-2.022044306074666,1.1695036495286217,1.3482048717643917,1.065722280142799,7.1749228709800565,-2.7871090302436836,-0.6784299921704,1.520815231305415,3.813931993120967,-2.477376767830415,-0.4946068849033076,2.6595108060879995,1.5218451120457528,0.8115760413292731,3.000738787876224,0.96584986190755,0.35506050191829047,-1.8649554378613662,1.5966628617239602,-0.07040268249656104,2.4167047009805924,0.2319994339680895,0.6133745498926649,-1.5386155077168904,-1.9217309762790062,-2.519737162759629
402,2.4610822912158015,1.2424579710986934,-0.20201492384083633,-1.222228331888085,3.43483928613978,-0.6584633470809141,0.623832589396083,0.513167013409583,-0.9314492648390106,-1.4477253212005006,3.355342804937253,-1.680702314007483,-2.854450427451117,1.0663342643229965,-0.5414532846601833,-0.5170279993811862,1.1211123869141593,0.8975775280369661,0.33293201543666906,-0.4809007728485764,0.19365137123779963,-0.8789419169272782,0.6834083980100237,-1.615623836824816,-2.671075108910176,0.5780959484307947,1.9293320660335553,0.9210442690186083,-0.8161861999367672,-0.5218034663628353
403,5.041189253894747,1.2364160721790625,-1.079729023632052,-1.4310179948036963,-1.1177689813453962,-1.3987682086111497,0.4352679267955794,0.6212228033276846,5.3009837671618625,-2.3178712272455253,-1.6445004023200251,-0.8914133591881103,2.4031053523816035,-2.5335715634860905,1.5359676327435043,2.9738544095524007,0.267662016850803,1.986784529738487,1.7318789276991222,-1.1299597145066311,-0.4629531685847037,0.35596224512199803,1.5190115194215907,0.40497436187304797,-1.4493804162212252,1.324633233142136,-0.6801477230526304,-0.8143874535871706,-0.9470681774839504,-0.18105250586716576
404,2.13579433043549,2.2239955674233887,-1.9137620463878715,3.362833710711137,-0.155653160096007,-0.24809507536489975,2.38989136393915,-2.2495396130993814,0.04285196253066259,0.828036585005352,-1.5800637065909482,0.32052431735303205,-3.3985160816189204,0.7676624424845753,0.5456115129926217,-0.7398422540627679,-0.5273431746332733,-3.4419744370221803,-1.3014409296043237,-1.5685120487641202,-0.9653796280349332,-1.254869260016122,-2.05727384750469,-0.3179784154271591,0.06020547207113516,1.298317734727912,0.2565353819250745,1.6643474888164695,-1.813664130295312,0.8991247796764724
405,7.185402905384949,0.8975875770925297,0.21784811666803963,-0.21270533245245726,1.525408217758331,-3.031332630869747,-0.7932021148751935,2.1387976218085156,2.162569059433488,0.18490045465113766,-0.25239838496847544,-2.7330406266444416,-0.8568188628019165,0.5977238496202435,0.503292292974363,0.08591941133468747,1.0505148666749746,1.5166077572148304,0.590428281399582,-1.0583990429080978,1.0386508321933936,-0.6609160186357277,0.9803058443213593,0.8808551597431713,1.4033986280017843,0.06327686744732572,0.5271064351638891,-1.0901870666592754,2.792506325174399,1.9662565542475046
406,-5.578208629714673,-3.3137465419479155,1.2487348240465994,-3.4094680151682164,4.588723870504246,-0.2543362865335456,0.8351158818888902,-1.4810059804530817,0.5597767528196266,-1.3844452861491687,-2.276455018026237,0.4044421874228288,-0.3535920869391059,1.0786560642094125,0.4545466643343459,1.3851672182938854,-1.5318957360830114,-0.2584549576991799,-1.0732769315171147,-0.7722161756392261,1.2790517681462945,-0.9505908337033712,0.21005084580591915,-0.965511107581862,0.05715677738169465,3.1374808932090756,-2.682423551687924,2.0608210984867545,-2.960067352878187,-0.14932078319923126
407,7.235889016307385,1.5909031777555371,-0.9034925602492628,0.19721846640997695,2.2244212565080526,-2.0455608746745364,0.4521359158300407,1.2682348210405705,-2.032515288816054,1.8436824921480321,0.2326837698209967,-0.7386007638795706,-0.08317289346325134,-0.8533711841908346,1.685413069816214,-0.37505335551187063,0.5342220740199862,-0.780079946052003,1.1452324792802249,-1.2887942098775431,0.9059956040483743,-0.9273673984340803,-1.9220590292239823,0.14224652581943642,-0.6696643400464706,-0.5180197183136952,-0.6724226244727131,1.874186577463124,-1.4283214311313186,-1.7635000630790494
408,-8.621278996287707,2.73013735313824,-4.450128921843039,1.5166254945062336,-7.197292520560477,-2.7149673308529314,1.3983704555057717,-0.6092806501020764,-1.2987328001969993,1.0258771834173415,0.44038727910779035,-0.8146024693323539,-1.4708530051243516,0.9430766637017267,1.1611287912999133,2.0073383262891094,-1.8184679168483175,0.13078958848516228,2.175044575055899,1.8679903502914799,-2.477900196690058,-1.6249672075479515,0.6597420506782898,3.576505072600641,-1.8020963996743216,-2.3764968907581903,2.109039876461964,-2.4384933381017024,-2.2816280262211897,-0.3434412631148347
409,-0.21780144723419856,2.2762318983590455,-3.35744786839165,-3.748663473343778,1.1036120282245139,0.6627505544300796,0.385901910117765,-1.2216189444421353,-0.23103238873626322,1.7147614950783991,2.566874297948361,-0.5662288164259291,0.6499725771647421,1.760375181094013,1.5197599229585173,0.9222544909852786,0.6280766977278794,-0.22628127430464834,0.3248921127654053,1.7901184076083971,-0.700626095470877,-1.935958360808391,-3.3879927124647593,-1.1023747643819073,-1.74003457214617,2.0967108138146777,1.197243315028515,0.21583653656583404,-1.9972598877537266,1.7508923690033245
410,4.569779367590972,-1.7250845913917712,2.8827566426474602,-1.9494084692385119,-3.136702737186771,0.8487664946946677,1.0448962243202249,-1.615569712573714,0.10795118507614401,0.97971260004593,-0.4931063414596185,-0.4117001969084375,1.0261615763215675,1.2651589847865972,-0.04720339931260221,-0.4514695608078905,-0.6092885058130468,-1.7279446102624672,1.0545774317479528,-0.1930533254996884,0.8940779012559156,-0.012070514530541686,0.31345465946586387,0.7635171479727662,-0.4505816794583505,-0.09796020803621,-0.8888543189834055,1.2661198780578773,0.8949442830044216,-1.2107560141622413
411,-5.655661739499594,-1.4727878670860501,1.1369247265778402,-0.9236482282991207,3.0717395421291416,-1.8129142081268823,-0.8653673268893237,1.0628027356058414,1.7189409270740683,1.2055210699300556,1.6378282110941982,-1.162873797232402,-2.026245570821209,0.1746171335133679,3.003991107253701,-2.202038002781386,0.12718408385848393,-0.7890751245230652,-0.5057354394360218,0.24384087986846156,1.3830020397756415,-1.4000344722787392,1.4842127180460294,-0.40632791848951316,-6.183875540361324,-3.5609867332912395,-0.3909239612351682,-0.44175192199048563,1.2402076082370936,3.6450789534447474
412,-7.3251394235004845,1.0088659069997918,-3.9448846227432117,1.4343345219277286,-2.997720021934632,-1.0147489723522827,-1.1116273644358146,1.6676251993932212,-3.2752873967647544,-3.592317973286544,-1.3957154919571506,-0.6541269875872617,-0.9270854573615568,-2.782052173423269,1.894688691755033,-0.8703180419998545,3.099790443185182,2.448135464993251,-1.6479845588813224,3.6579238491675157,2.261494281367764,-2.0874087610724628,1.5051923734234853,0.9065069155221478,1.1925117120973123,2.271523481856566,1.0562006702866082,2.144514692975421,0.463182832309121,-0.670929469015638
413,2.0925013684619933,-2.4330703155796534,1.8108585468080263,-0.6877831161810345,0.05485374647543286,0.30557455689948715,1.6849061082744443,-0.9350081317083091,-0.42048409173736667,-1.0268797615379697,0.42782331242478916,-0.4419390198579499,-0.09676078295061129,0.520308065577863,1.1571838605793947,-0.7715287661254268,0.08209007877589469,-0.43496099695519963,0.2633146747720738,-1.2239476913392136,0.053376168143499346,0.37118347250578637,1.3211153089740613,-0.3462075326472774,0.3030969196722364,-0.04831044014828581,-0.8535583949194775,-0.4125088430789336,1.1777990876182185,1.5849738289672657
414,6.158868546128835,0.45680917667866155,0.5740560437160055,0.17197005668103788,1.1318129114371758,-1.559626610619379,-0.09406420421805864,0.00028529193807737307,-1.4312411265807532,0.008980132870725143,-0.33330718844779816,-0.49176202265068225,0.6100498837729604,0.7768773203729005,-0.4200223017571903,-0.0382318600612101,1.3012453533234105,1.1767707990510645,0.33428013386747996,1.181095575911647,-0.4944524164118898,0.37105879585007334,0.2593195148710149,-0.2751614920122678,-1.6192609415933568,1.3168591356029162,0.6297309579658565,1.128055229523335,0.5300744109666528,-0.8841225285228688
415,0.13312629651538455,-1.2239818407498666,-1.3060288065253511,1.456656005111765,0.92038561310691,-0.2810569368089812,-0.46563333150045216,-1.3965726757131571,0.5925813423440307,-1.1812366021169047,-2.2330425471834032,0.6795684343762473,-1.925260959465726,-0.29893472518607217,0.3613783082040512,-1.6485870691045257,0.6366841143347425,-1.6973872412845885,0.5889386018801659,-0.8426958772597231,1.8389624795876924,1.3705281585009654,0.08129087211001082,2.3716168553266788,-1.7635009811821574,1.238351139826755,0.9293044530454657,-1.3327997003528553,0.7496180739161437,-0.44043731908747685
416,-7.266408213406773,-0.5673311288205715,-1.843026074109882,2.059890942772513,-4.1792281039226244,1.8779644866590235,0.7063693349984044,-0.13565330685570307,-3.404736622848464,6.127661633114256,0.6703620949608909,0.28332081967278533,3.1282147509749056,-6.324450662097983,1.1136599056286012,2.4212778407395987,2.2830073842681404,1.8142281030156187,1.1270248421459095,0.006711487204453602,-0.31368531124724514,-3.2664613094947232,-1.6189160887988,0.48960185247867277,-0.5588153459502482,-0.6182841437944572,0.6166207454975435,-0.22804545363591935,-1.946520576045687,0.6875444830823542
417,-6.515961046902709,0.42853336660392966,-1.1737191692418427,5.4352432696435145,-2.614546745253928,-2.632002511401929,1.1246636473091332,-2.215619781115247,2.231692536202351,-1.2465818455866946,3.4178665972551414,2.8485524089302916,0.3078130258387623,-0.05941112067897886,2.7706956486894625,1.0494266158435812,0.38757855388386375,0.10025290500327584,-1.489607217296059,-3.0364760452210318,-0.677606094554989,1.228127691932536,-0.9770727490392664,2.481646846378731,1.7481807363300215,-1.263324826248013,-0.5597240314349207,-2.575476813278548,0.984452416909091,1.1784057428168446
418,-5.324218750421276,0.025740086507623917,-2.7660311602616505,2.7307274100926535,-4.4391557237167,1.8775139784790653,0.16472223567220953,-2.1088908151841004,0.962151622302057,-1.7832536331421167,1.362572314914357,1.3914880773765317,-1.0587376423618562,1.5347232546814564,-1.9206859696148246,-1.0000051557004979,1.765556835532608,2.6898962705037675,-0.66358552332042,-2.6679183156695063,-0.7940928754001757,-2.4396414598034744,1.141906426223507,-0.3695880734590535,-1.1052793469761897,-4.168681910435259,-0.8820065988207618,-1.2123568631199233,0.6670035047255846,0.5493887857245167
419,-6.608336033901681,1.902960495063579,-4.834712568560167,0.026902413964662215,-2.882005448014305,1.5993006334823705,2.3946638963317124,1.729935419750904,-3.798225344299091,0.014189868735266528,-0.9689724833170134,2.931010147818955,2.50743753976685,0.9039317670173583,0.886526054426905,3.1874845288377154,-1.5995649489920984,2.343117352972276,0.19947571195119193,-2.237381534283886,1.5572676622582675,3.6632074495859213,-1.2750489268105694,3.8136557730010723,-1.0787883767082502,4.335383961619606,-4.097509863289614,-2.213628549320826,-3.570019544295867,0.6911869518369108
420,7.603540517525285,0.8965121607792527,-1.6611426403261809,0.7654249571386246,0.9601088659016531,0.39564846666794345,0.8486276038916211,0.40107487369886663,-0.9496055735104864,-0.3235116353510688,-0.7292855130962093,0.46493481561452477,-0.7159256902533169,-1.556633039060403,1.1552541012448292,-1.799781403286747,-0.30981608836982305,0.8034792017544853,0.3037098084587597,-0.5120611033696758,-1.250567955745203,1.085736336475561,-0.4361951053397911,0.5627810789245008,1.4351260008179587,-0.3150584646086262,1.6757673664664352,-0.7315517192131163,0.33878990268907166,0.5591851800390142
421,-6.794264867213986,-2.6890836473053104,1.9663601691661252,2.8581859331018364,4.0046969416337515,3.385132683976565,-4.526078610461582,1.6288196224550058,-1.1853686799778858,-0.19453109483374353,-0.3299124010097161,-0.2905689170225796,3.295513941482589,-1.1994442781126688,-2.8538119124543195,2.5504155186599102,-1.4484562639048475,2.23593238786311,1.2780133258280386,-0.7255979627668419,-0.4254729455144217,0.6633344865405325,2.3069198818094563,-0.6743606818759218,-0.26694648300744794,0.7979676177424104,1.2031623521532386,2.189868481590133,2.5554064594449573,0.06789658169544069
422,-9.722089488782204,0.7783874509289798,-1.673903396674411,0.5081404256766762,-2.8593606494088273,-1.1387070156522416,0.17364319474249876,-0.46322497603363516,3.0832183255095726,3.5241447880440715,0.0019929277103505763,3.9100814090568523,2.2988116333663315,2.1856163343597506,-0.7418547183068296,0.7777767693704521,-2.5944662879932996,-0.5735976884730699,-1.5501456980199557,0.6630087924036914,2.346435942464492,1.4158050913361764,-1.6889164617084016,0.4108885024084295,-1.904925281036665,3.614152320363687,1.0426278669520612,-2.2844679116462387,1.4803933909961138,-0.49074279581616315
423,-5.961956112701571,1.0704800734439432,-1.792359601932615,-0.5251530273591406,-0.9768357545698455,-0.22732200280475406,-1.0164169587671104,-2.3512886265865087,0.15396585327871848,3.7927586164800555,2.6283252442760148,2.9177814336604695,1.7165275403054907,0.17985704602804956,2.945621076364477,-3.4586733519761266,-2.615107181387929,-4.82554749952692,-2.6244656733815206,-0.5191912677806398,-0.634809531039376,1.124931813459206,3.535779839169302,-0.9464540395507632,-0.7645986305028519,2.466851570420135,1.4901941164508612,-0.114311309221737,-0.06977053734919628,-0.45926949991648963
424,-7.98819918583464,-4.614150508609657,0.017684967532677214,0.609804377210622,-0.6989669506426471,-1.7759210988894125,-0.6645502685244906,1.0558176035611189,-0.23945161949166488,-0.6426958955040812,0.22749473662367264,0.2542117087066419,-0.9480849401923752,2.7161747906369906,-0.8628689263492697,-3.081529629464961,0.16776485797629287,1.68962559235662,1.332603322120534,-2.3625553338825065,-0.33796763138018754,0.2777926476162906,0.8000133641341277,2.762969918819356,-2.149200867782202,0.3799047194990902,-1.9715996679861296,0.04892730553868895,0.0023225888661197354,-0.5984432089274097
425,8.616054323702903,1.7388123674713627,-1.870592927561574,1.2641589297977582,1.5166751441260438,0.012601184078528699,-0.30071903260895305,-1.8066880952617264,-0.44145196799688863,1.362814160525656,0.5291480911950525,-0.2455797881868069,-0.08859924258561662,-0.02207010517299445,-0.010545133851608995,-2.125849826385578,-0.3019165322779301,0.031011644333539746,1.2094799511755452,0.2527525331616349,-0.35879252962206143,2.328163107950848,-0.3538763823037089,-0.013008284603320675,-0.7360392642344453,0.3591321179294342,0.5107360912739599,-0.30140413269935523,-0.9371417731993017,0.7573570767831368
426,-5.734372989734134,-0.014387429700850678,-1.6206738961350653,-2.4446515362672554,0.3727388683325939,-0.3589751689765368,0.4274311052961549,0.6719720224915436,-2.3824757166030777,2.3553623505352,-0.9810383362864088,-2.5123451955632556,-1.2426780176431087,0.74755895921168,-1.3922951991202024,-3.0188857855511513,1.7808711580872647,-0.10537782386485718,0.06891880055521143,0.36693470957987423,1.4736335949435817,1.6587747080565154,-0.5018257557624243,2.572262721575991,-3.4879068271311158,-0.3263275751069074,-0.5167569300817141,-2.070231116018416,0.5880716485384422,0.40738053771623806
427,-3.9441110990345467,-1.5728393364119337,0.4933086268832539,1.2110337083636864,-0.9749609233363142,0.6433643039914901,-3.040580346273887,-1.5917586190365285,0.5992215946546754,-0.7812160113577656,3.373974525674725,-0.7616142275385939,-0.7989312783348466,0.06806455612003949,-1.2196478326412092,-1.6527020475181515,1.5566697649488301,-1.5417874108315284,1.2401094450943488,-2.157733693688838,-1.271455229800143,-0.0759913949549378,1.2970012498801573,0.4651679016713319,1.0427015527514523,-0.9806559873349642,0.034132907388041374,0.11531067295022096,0.3688513921916927,-0.22217608342030648
428,8.11269404289058,1.637935273743019,-2.428373938871437,1.2002353716629808,0.5993796888282437,0.06506068117201892,0.32013863931456077,-0.02997455953837981,-0.33491749833767387,-0.3343312686964354,-1.350657301319138,-0.4676582002855059,-1.0325501783083935,0.00509663462362965,-0.6120929118045805,-0.20956452768890385,-0.5071553991037345,-0.302876923668789,0.1445239952217208,1.8061055957940364,-0.5641355152201292,0.10291994613264949,-0.36574094327957873,-0.4860797107685145,-0.4459717596116579,0.10656690737762123,-0.5984543546681912,-0.027245218522475204,0.6670971043109527,-0.5151072420828868
429,0.23153837009610287,-0.7583596381455622,1.700735817143888,7.256552888364647,2.129958513453231,4.21342023176671,1.0349224394156087,1.558503004059217,-1.3254834424776096,-4.337471081347811,1.5038695540190292,-3.3985768716096922,-1.0398026065349892,-1.2163494704992388,0.3013041616092812,0.6032015815071358,-0.966630975846645,-0.7245423398870101,-0.5525393202125142,0.42883158630175044,2.9114704785540417,1.2525392375301292,2.5981223216400253,0.8487563230218829,-0.43316883418032176,0.15466411968682417,-0.28195082756729056,0.3933255480462993,-2.3270449188819793,1.6426974274445538
430,6.061987448485957,2.8507121698935793,-0.37926877427812944,-0.017783371911570922,0.6380083009963798,2.6003150871788665,0.549989311977342,-3.8075473967766977,0.2500705848803056,0.9732304988772416,0.22473052801069476,1.357644535497893,0.42721716056648806,-1.4614027477301863,-0.611313603832249,-0.8951867640138311,0.09996481677297347,0.2827875321466441,-0.861599055908422,1.1123288195090966,-1.1561012965598294,1.2231652061839173,0.9661369815417731,1.0118705103097,-0.17079815356105604,0.8664148908333905,-1.4858308704859533,1.1920401930109767,-0.982486264324031,-0.6946792090723953
431,6.328716515740877,-2.2907636749869553,7.851294536750849,-4.165730264369603,-4.721998300375284,2.3893725662329857,1.418532906629464,-3.016909454639492,0.5396920046008651,-0.9463327579080285,0.6638239210305934,-0.03348797802236192,-0.6085745743990026,0.3667378366825405,0.21258542247336776,1.1120981541987722,0.5134376947725853,-1.803965984996412,1.3548600768926722,-0.720117327015021,-0.9422823725423877,-0.3296036529075876,0.17186971743360238,-1.5330474523854385,0.7310465920052616,0.866301308966361,-0.734775095373745,-0.7124104816618799,-0.24950001967058574,-1.1344397132089994
432,-5.84391314633742,0.4313013793548315,-0.14579801621206662,5.783304293213577,-4.948719061050932,0.03923393877392526,1.8271907803478795,0.5461833673296442,0.07348185170207526,-4.021098168713366,-1.1811263070149005,-0.9069920501314699,-4.414766797457734,-0.9331322783200271,-1.089443568548847,0.21733646838409698,3.1956226835423105,0.10240629638697367,-0.3735074490728856,-1.046050267677206,0.48925937223732724,0.6572417201443241,0.2556215387796545,0.013084333540991937,0.93483205188152,2.4144749778179,-0.7993681302169661,-0.7138349290946818,0.9948974128467186,-0.5745529643496061
433,-10.516238218237971,-2.653261065126549,-2.109480689533251,2.8182400522024422,-0.999305355092005,2.0427855986332673,-1.0217193098210335,-0.2838815183662754,1.0767489647753468,0.6417079654064756,-0.45879493886573536,3.2339615332350387,2.4415369179240476,0.4381818392137749,2.6444620928253735,-2.3401444169861305,0.5507527415415051,-0.17008146307634295,-2.5464231708731773,-1.19248629819192,-0.7214027089979713,1.364319425184967,-1.6184311277949426,-1.4409865622199398,-0.5480810727872428,0.7490067205748173,0.17844973116247217,2.6388378448861127,0.05696566145072955,-0.593701927162961
434,8.176205810774524,-3.1174508896629503,4.368921537298835,-1.3100021579682875,-2.4579338942914535,0.4921502624515849,-4.457618026955336,0.11877196538178483,-1.3335864237772252,-0.5739792833775692,-1.1729151178772592,0.9262908675515646,-0.04457128888007772,-0.7452204915487071,0.12543682928392316,-0.4609565170424191,-1.5467394342778176,-0.4279165852779853,1.0449101352083736,-1.679529978805609,-0.7994042110685147,-1.1802537347001578,0.6121100839249316,0.3903662682729568,1.2871321535899134,0.8461746487168529,-0.20932927468559295,1.9600994915474925,-0.18094390762237855,1.4178007990788957
435,-8.843352051327432,-2.7807547922588474,-1.4937971920760191,5.064678766466018,0.6483997907362337,-3.9628668832066176,-0.9485209602078281,-2.4590824932873017,-1.809573357554664,0.5097769271424581,-1.03640474941857,1.8929547877261064,0.10510633467802026,2.394164730474893,-1.116697480021126,1.2153777238818342,-0.3148514715512391,-0.48621292511635045,2.523090563858731,0.45595131777732384,-3.7899988186149978,2.050643286716141,3.012055311729513,-0.042854313692840686,2.166004216373528,-1.3053257787787866,-3.8808209072794573,-1.1812860150548032,2.887874418797085,-0.6880990980845031
436,-4.920440601061387,1.1891417368441357,-3.5978176291341204,-3.65838617774764,2.065137713976271,0.03272304132698992,-1.9042236941834867,3.349599749503429,0.27981247888805466,-0.9874295274232637,2.606284396914382,-0.051740947855229896,-1.285354570003628,0.6882948414093152,3.960146507139203,3.1208168082504852,-0.6182820440769538,1.042690369522827,-2.389135171905488,-4.245047432910293,-1.5973432584495033,1.9901326767439813,0.29324387551931136,1.0620099145360202,-1.7475026431653948,1.5291827974728975,-2.29185625551531,1.2388039154887682,-1.969160812372009,0.44579260865120673
437,7.26178850190838,2.569546718282145,-2.2754564456219675,1.510595445227244,1.5937510834920519,0.9196979852179569,0.47622909337491853,-1.7294495833057797,-1.009004318683593,0.766349479378264,0.41125007650259776,0.8728376719602887,-0.9890449542760115,-0.09972788581621429,-0.7469029864398069,-0.3063130842196544,-1.5656941652807013,0.07329817403295445,-0.5398470077667623,-0.7385395824818656,1.4801667636172324,-0.8611928332637487,0.22814153301142281,-0.17744412946847782,0.19867640511982307,0.10239670276015984,0.4466658780617222,0.43982385584831285,-1.7667480446675845,-1.3428816286190541
438,8.189035557501377,-2.83990321960474,6.564576243968117,-2.0867418673960327,-4.353484236346177,2.902648021735846,-0.7624587721951852,-2.9766289857002897,-0.5360029057281902,-0.6079570711923199,0.289108687106957,0.8229443520363484,-0.3829264924494454,1.4349908284631792,-1.8300611879866695,0.5140448289898535,-0.42959124624121553,-0.6926867178358984,-1.0627213041049346,0.687590060377988,1.7479095167305858,1.0116463978961512,-1.2196932613749505,-0.1863565559884789,-0.15680082862852016,-1.8923222891033893,-0.08526442842148657,1.4262730563527397,-0.3815616443069229,-0.024234062289723076
439,6.163569231942388,2.412342128678504,-1.236947533638837,1.3017387183583793,-1.0494748773632632,-0.7240343097153062,1.098226073074312,-2.107897558308603,-0.11740921800113605,2.003865087406643,-1.5849948501196482,2.030565383612439,-0.11276592640681327,0.36536648443864894,-1.2409464436431965,-0.6156487947851008,0.855254017374146,-1.5100948557251996,-1.1166124229049703,-0.17239665697279982,2.4538407212269977,0.5289018920524745,-0.8179651250737734,2.15612251616078,0.12294435910974004,-1.2057105897454639,0.00824461649209818,-0.8812177987515261,-0.8353095138211428,-0.12464153167012691
440,-4.050304176814722,-0.511070633512498,1.4415114050741078,-3.0026132780533477,1.5198590676715436,-1.0962620118783182,0.7733860114522553,1.0257910701316653,2.455707938690513,0.609342826834793,2.1153773473952104,1.7769522306645087,-2.1595907251627735,1.0780868116703433,0.9758046954721904,-3.235590144514872,-2.3464932114062687,1.117030313696971,-1.044235753578117,1.6765223586779323,-1.7244482511536086,1.3742978854701513,2.1203331036547253,0.8116186068832205,-0.25518911516109083,0.3026330552023545,-1.514811256728957,0.16530375083357368,-1.2729415615574806,-0.9730133778469909
441,-5.4482947585994355,-2.121332751818587,-0.39480822974935753,0.4795181254365127,1.3370357384869838,-0.46122904497931705,-0.8785440120916245,-4.63149941803096,0.6631343835164017,1.9216205826152235,-2.040316064233297,-1.0388180825718725,-1.589771269939392,0.9429227572591166,0.9518580425252935,1.916459181353223,2.271974877627074,1.8169720008607984,2.4902655040243,0.28753222078831225,-0.6835258108830004,0.18383923142515485,0.8051277336491508,-2.349164576304599,-1.7805424318240297,2.4866522606584147,-1.6747245691914467,2.3592580508018037,2.2012943217008494,-2.5885821465765098
442,4.84045165713705,-3.0479272492097573,0.5184868354038632,-1.4887646712943805,0.4800367132952089,0.03626429804861986,0.8406713010382991,-0.6037106916558833,1.051975323452833,-0.05247017095862517,-0.3920702974711638,-0.47791967410270736,0.11642690845450553,0.3834263136353836,-0.06645971568641129,0.589455442489159,-0.02326819622921251,0.4688044289774139,0.2891249943443847,-0.2016497634699248,-0.015207353139663923,0.33619629285209374,1.0600385489434605,0.36164908108282473,0.34116756713023805,0.6646565276174127,-0.9620960143357029,-0.6229000461326649,0.9111005943238255,0.2731659428999442
443,6.358145627780976,0.6678254377353089,1.84801699863614,1.2430376352784471,0.13482854023021376,0.3183256686270383,-0.46775242226071345,-1.3140613820937097,-0.4379828663361672,-0.9176479470553432,-0.8563786464972621,-2.8567026389352432,1.1433154588987833,0.8474944022188331,3.596950636015973,0.43960111060892876,1.3571304918154132,0.17848960265579314,1.1415378648382337,3.06236509288618,1.522914902722507,0.23467312431050993,-0.4355150744665805,1.4864748477942735,-0.6117772685946418,-1.7484044696772076,-0.6513896284082175,-1.6908346529035845,-0.7347430117407552,1.214620972859375
444,-5.348461149983632,-3.3390467838137083,1.2169299878438096,3.8909774774714503,-0.34033315750597176,-0.8109161813645991,0.4013814010976764,-3.0371024586008017,0.9923213554287291,-1.4710469337285186,-0.6718180175523546,0.1527819213228666,1.9569478283008308,0.9606101359252357,0.09238146734660366,-0.7679068949876868,-1.1889312922971906,-1.0364408822599454,0.7586163216104228,-1.0712988555104785,-3.43032864083435,-1.4169799467627453,1.100328073752624,1.3694191996269898,-0.14418017333516658,-0.9408069842291228,-1.2842276974945048,-1.4519628183717723,0.4738084176260598,-1.8407505725291513
445,-8.951520541756306,-1.2046042516914293,-0.5308858554154636,2.8101324037300963,-0.573215071550989,-0.01251431443932621,-1.8669866027794433,1.680915030842202,-3.4933368870346535,2.352356310407048,-3.806788215837797,-0.4300454432050662,2.2711995876216773,-0.33393490146169785,0.24986126805042466,4.629992105214398,-1.0840729920225163,-3.1934909258040953,-1.5334433254731215,1.45044247837149,1.3456591187177367,-2.633136362508771,4.524367612184391,3.477970050804459,-1.4612261634721437,-2.675407374656318,1.708977987811399,-1.1885197063704793,3.0110874490263866,-3.8841907349699896
446,4.107269219019043,3.6221044011029067,-0.031323941103282495,0.4059895047641567,3.2185967972261067,-0.791222882329915,-2.2696958096547517,0.46511426652475574,0.8394109192106038,1.3279030818368158,1.4867186426112706,1.0598944429431723,-1.7286691725178365,-0.019608635171587455,0.3605963390179384,-1.0818662466610245,-4.667559448854054,-2.634871579903472,0.19544086726570825,-0.43721380639713825,0.5984079808170865,1.5399200442360765,-0.3798975008059162,2.593991935779322,0.16077882435947258,-0.5665675251224905,1.5029860937218396,0.31371086481688765,0.11421180235358647,1.7524575617019778
447,-0.9355344518156075,0.18805058852874237,1.2301984086108297,1.6542354238116186,-1.9653952390726763,-0.4505966401152125,-0.7811454576277833,-1.8044501933790564,3.2686796681242782,-1.268853435956715,-2.890166536629591,0.03803713093175304,0.3108045726531089,-0.9167220647364113,1.9768160436963502,2.2955093251637657,1.8892014609905747,2.8358459962888194,1.3023099291501288,0.742976862478668,-2.0818726421657088,0.6368839381163722,-0.07939655022312636,1.057503126038043,-0.24231061252043332,-1.3321943305919302,3.226752980961258,-0.6926973963969612,-1.8752876502805886,-1.3627574674443812
448,-8.007566539754468,1.7974056665083407,-2.1147215114680873,0.6178150169855311,-5.1992397508379,0.2759751867376544,1.0264626248767983,1.795811703740083,-1.6868659276867894,2.0350067792866295,-1.6243443386771785,1.570632428928191,-1.2350258497827,2.2306842516722467,3.169035015734978,5.928474937653336,1.410269694005309,-3.2954818290059507,-1.577299954034455,1.2115013942771158,0.7809187860878498,2.1733713870209077,-1.2849389035835292,-2.070684263591341,-2.5125574863502265,-0.5573153768137075,0.8277441830337221,0.03039695683358281,0.04793490053000049,-0.3689154088803391
449,4.972491628331514,-0.40555939366489197,1.483599714205348,-1.277245354802596,0.7605388204100143,-2.252245154916405,3.0165348226567157,2.684725795762214,-0.019567411065874528,0.9538422051282798,-0.4900588447635994,0.3823311530653905,-0.4444343772276677,0.1840291717725794,1.0767533722900253,0.21061396416105505,-0.5177972092928821,-0.13438933443123108,0.6193839021230905,0.06724108921676013,-0.3799239769630614,2.026564528152326,-1.40354785741443,0.006226224661256114,-1.3246171494483734,0.1671337684704204,0.07219329384552084,-0.3241678791505167,2.9029911727145112,-0.41888249989170334
450,6.7262671232810005,2.880430865152373,-2.6425213146834516,0.8354503468400839,0.3264853552073564,0.45727908572478737,0.45499634054778854,1.2941049407843752,-0.4893218634642025,0.20006194709740752,1.511832929993701,0.9829071843829351,-0.5092899517217855,0.7859052828611744,-0.8166660375799587,-0.7008833186533762,0.5106902802245982,-0.7195302558542197,1.4879033720718873,0.579087659716828,0.11306823474914868,-1.6640602226291392,-1.0423515391130094,-1.4334357466354983,-0.4554783035813363,2.3213635403203905,-1.1953059846618326,-2.3385180478335346,0.439689704272383,0.8864802583021678
451,-4.7358977079373465,-3.68621189943022,0.9448778616081812,3.6325012920568036,0.868664222311006,3.846320157754029,1.9325681606879836,-0.007125444873629005,0.7331649178575471,-4.483093748876632,2.2874125998497146,-1.0432556591519415,-2.6296625463141234,0.9046594243784966,4.147117275057944,0.3811924627482922,1.5924412523450477,4.501269193200969,-1.7960572324431134,3.1446620988730443,2.7337162037037093,0.8027396160302384,-0.6873882830263676,3.0683151002399827,0.1287984810252419,-1.8054275956634491,-1.0634761205088954,-0.6366596011800219,-0.5644104876038226,1.5827947411673502
452,10.087132769275357,-6.283769015253427,11.356665041429023,-6.401355447686981,-8.227740666075,2.6381449778681723,1.6592377624201617,-4.049311115364111,-0.3265321739087261,-0.950550733029472,-0.04808449440060595,0.7100038351439909,-1.1541345862787862,-0.08407733917986326,-0.5321050195526156,-0.7951834088496539,-1.2164028785738283,-0.5889852564182204,0.5054808662685725,0.00876100680433288,2.8273687139350154,0.8520072527453522,-0.4346219728968796,-0.6513022675678529,-0.9981469974832567,1.1086530108950212,1.5003765907646944,-0.7853987892267994,0.0979036124912761,-1.8919033092034032
453,6.176017512898299,-3.763089179745912,4.987789909509657,-2.388818294626026,-3.624778409022635,0.4186000691102904,-1.013040672113596,-0.901079551707988,-0.7847754344018276,-2.3251799737186567,-1.6223103623233037,-0.7104737715079734,0.20235093199452234,1.1591948729303907,0.13021567030534245,1.1528530386085203,-0.025326283247070116,-1.0085133176739036,0.24092451990563682,-0.6631902156932793,-0.08412827941748686,-0.02849874414084311,-0.007111661381380619,-2.4415993112412013,1.1809668987189035,0.3624256123806458,-0.5244404146713263,-0.6831781421261234,0.7026966113040103,1.292320380720669
454,1.448072857000524,-1.5311434021533512,-0.7419141838119998,3.3020364924667027,2.2201395785328413,-0.20987794231426252,0.13358911110125513,-2.701546833444841,0.33653009142383833,3.0528337125514136,-0.43172677129110887,-1.4688525000844057,-1.0799976117363612,1.0390497601218087,1.6093615252071536,0.4907823648795007,0.7141750768005785,0.40111073279057513,0.2335690068620939,1.3302696580114015,-0.4562088905396356,2.310889544097435,-1.0498601684966444,-1.315090021487416,-0.42727757714777587,0.14162272051505284,-1.11275315986862,-0.6903385545179435,-0.24565141434662552,-0.21853172689844585
455,-5.634509643774066,1.8525672923125187,-5.494732931242607,-2.8921185056004233,0.6959786887204353,-0.7919293338416817,-4.127660674043515,3.1047288551488217,1.3805274986134033,0.7169070973343229,1.6760952344854159,1.7078740418608804,0.017166202314167395,-2.736902855788245,0.3089690181795477,2.286609843772868,-0.9637965748952777,0.6197431188234326,-0.9442549392401954,-0.893335849591793,2.6397394026580954,-0.008603928166800077,-0.7802780402462164,3.2860515265082073,0.4784931157814821,-0.7141533539254512,-1.135276468676023,-0.09732046093638665,-2.558896971004129,1.9827148062212199
456,7.241667011751561,2.4304052777977683,-1.6124654119243564,1.0332702820729118,0.6287167505077763,-0.17945771170977176,-0.7663888270709505,0.36955203554845295,-1.1727733123460378,-0.41119834498620644,-0.08230870350910645,0.3501202443502424,0.10535764547179408,1.6896704144154024,-1.5811522389731132,-0.10533954908000169,0.1865516894395887,0.9542165800718598,1.4918973167356748,-0.5607078615938003,0.34831208876065683,-0.9912941158684345,-0.11450613230032246,0.29102056279623373,-1.6265855988011115,0.009027379288712837,0.8996875243398239,-0.06765139955428448,-1.0009845115289062,-0.18511138312402395
457,-5.661616845394315,0.1382695136015788,-1.2043918689467719,4.699337914391439,-3.3800240467707,-4.234058235346707,-0.18888606321986764,0.06004356761030448,2.081796304928515,-3.1257919192935737,-1.2991800153663882,-1.8552558514797086,2.9244295163151284,0.334238025323585,1.8463748066859702,-1.559872222991512,-0.9447773725990797,-0.176452125713717,-3.2022839681991058,1.0434528250997888,4.005628152758855,-2.2859809448810213,-0.0753710377373646,3.6664209826193286,-3.1754568313211804,2.727080006477772,-1.415673444876131,0.7581978578601113,1.9466945577522983,-1.3653257050431298
458,-6.351904436901206,0.1520318508912825,-2.141976793073525,1.2099411565986713,-0.5363863591708425,-2.3526645414971297,-2.362791898501883,0.37697839318461046,-4.2605986759145775,0.1086632162709802,0.763263073868584,-0.08373548451447307,-0.08773227391349123,-2.8821803140625533,-1.603284627662524,0.42894218876037044,-0.4136599114039709,-3.0829273746852905,2.9345777735048313,3.2076259451453404,-1.5644046564779623,-2.430794304685919,0.04885990692575902,3.9065521797308325,0.4296728247602208,2.67265812693609,-1.460115714156244,-0.6171066925613395,-1.1925286308554737,-1.5957339229687388
459,-5.139367372902701,-1.1327805318526036,2.4189651235868608,-0.5391941639979381,2.792053466655894,-3.9993042571448982,-2.58115185156076,0.0959241707642019,0.9188737075239172,0.5652368918882027,2.807751193509419,1.2069643998580708,3.2333849731615456,0.9731005234881549,-4.024293047251436,-2.3051637579639235,-1.2872017952022097,0.6523224678246938,-1.9709697847459036,-1.4488127255448064,-1.5170500933348552,-3.539188267662578,-0.6425500588786138,1.151415250368956,-2.2527545359672354,3.0798708995384665,1.148626734369869,-0.9776947220798134,-0.11789587122007147,-2.113389851144812
460,-6.496181527481922,-2.6991097706089517,-1.4009252773673244,-0.5152933861353521,2.9722157559950872,-1.406415524929359,-1.6692624223991412,-1.9446406889591512,0.6668991942144975,-1.6668835746017336,1.4319571702053897,-1.9063365686934581,0.48401760930401094,1.8897104779751128,-0.0740328846670228,0.8270639086735333,0.8960252384910861,-0.016462066837883697,0.9067948348691355,0.5571206552747662,-0.7194193892836963,-0.8487136593681864,-1.0800620381114936,1.1804758384216023,0.326112918004134,1.0927558814657736,3.7385351604021864,0.16331482075951692,0.24907263666986748,2.4200186585066863
461,9.702218988666637,2.63487739749208,-2.0838826577296894,-0.5832416895457442,0.17817978792186517,-0.394316638593846,1.7736087868957677,0.11226500642437506,-0.8383646747159847,0.16932591744537687,-0.33545621052468944,-1.2870608858659476,0.24703774574263523,0.9485952388553269,0.29171265520773004,-0.5904587623715781,-0.30540980654229544,0.5440986577303809,-0.14869651160166517,1.4693404862169477,0.05830778932162576,0.8606890912312454,0.4881927810127141,0.07228029752022194,0.5322185654980788,0.22699049954085615,-0.8791370953757703,-1.433334192096194,0.37035264420366204,-0.5597012824768636
462,-6.7218361023070035,1.8908440276774956,-3.809864554546474,-4.82127159204418,4.2480190545633425,1.9059671595140448,-1.5103534257885376,-1.025872828719006,0.8929950045671998,-2.020623397246569,-3.358933360219141,0.003258180613295003,-3.630889906033905,-0.4810744600602317,5.802902470702778,0.2017758363255741,-3.095137023761463,-2.0817633455549998,0.2990037050608434,0.8585548431872115,-2.478535950658384,0.9517243240374488,-0.17378148471764995,0.9967005652594169,1.7475794861168608,0.6384857644603146,-0.5131469902660422,0.6392660076297436,-2.2138187694754605,0.8053236132154108
463,9.279816704662185,-4.161822445032123,7.616623662303553,-3.7413367248420957,-4.1240829725214185,1.25803325463347,-3.252062967982487,-0.855298118359415,-2.059092522520124,0.7501299968533637,-0.16101058918179353,1.5466993966930398,-0.8511522941830115,0.08149580869319553,0.9446667961574297,-0.9799762073802862,-0.8284113936824775,-0.9153852306528717,0.766061351516161,0.4374622209703813,1.284655136828717,-0.33739547574772744,0.45451896519334806,-0.18598487343692438,0.2657884896597415,-0.3942770759589118,1.2461231307094127,0.321002105513502,0.7718552308553529,-0.3259505298984229
464,-2.6561216375735306,-1.72578282252373,0.811255010258069,-1.2914208624388483,2.5012209053158694,-2.0132351998857523,-0.08283954202659044,-1.594680998987849,1.0979770408644356,-1.9241404230666583,-1.1811040356640146,-0.7486459409992942,0.1415643885412258,-0.8791421703866327,0.1778683978286533,-0.6381039834570533,1.4842378222364243,-1.4117514788438086,-0.22388249705592808,-1.3379852754773516,0.7655524686465505,-1.0920453034956141,-0.15835633929574064,0.8469126564667119,1.018693821664101,3.5434190305881925,-1.0770644531410989,-0.5558029916056044,-0.6820871910665529,3.192684518377727
465,-5.703945144097082,-3.3562571388262747,1.7842936483732843,2.3451612185289545,-0.6776543239516506,-3.673224258250276,0.18285555481796045,-3.193675780323593,-0.5990284157919274,0.23154312071995023,1.0848908334420524,-1.9987029115917563,-2.5961582404897596,1.3629121716920953,-1.4944214403465736,0.020300571868543005,1.155568339154549,2.740783076989028,-3.250566175159049,-1.9903761399582303,-0.5666288098367516,0.8151283184355644,-0.5793336192722417,-0.5317664487442324,2.4804833139162263,1.3273969575419597,-1.1456570097636087,-3.539562125118018,1.2978452428349092,0.9595757636655913
466,-7.91062373303483,-2.8217026401784078,-3.043264854934748,0.933393466019136,-0.1968718771631795,3.004671943913328,-1.0226452461676996,-1.0152353061631971,2.4321227835215042,0.975252830300343,-2.955541512254818,-1.3067926759918145,0.2200228620124489,1.8958937084443273,-2.0330205146743867,-2.0582844137709753,0.5328748895534012,1.0506567219774166,-0.9020435352703614,-0.708445747127805,-0.004709073727467323,-2.0778372826846936,-0.07431289563140464,-1.083472665148032,-2.1284519164238427,0.09624919132560315,-0.9680876422714505,1.3689866215419617,0.8105697611037525,-0.6296735430719379
467,-5.403581342969861,1.1182140274394616,-0.2485002483966382,-4.408244771168878,1.1291712681580839,0.9238598269813713,0.46670924645417,-0.5096071145900619,0.5311210751402629,-0.15737834458614733,0.20990793824820894,-0.2647803089769044,-1.4914983585141361,-2.350791994354625,-3.9580859692524553,0.592624401576959,-0.2782642747408039,1.694584614388803,-0.7820752533842377,-0.6921140297637552,-0.633030581644897,-3.101673310354279,-4.980034004457012,1.5427355140537784,0.9356243352406005,-0.44166900425636396,-1.0658853070236898,2.965092523016915,0.3961845899072487,-1.1571169114551019
468,-7.044112664500357,0.583632911143552,-2.515253797092866,-4.797388727384949,1.0907552206172566,1.6245568112818753,-0.6137713870856099,0.257161987275106,-2.008397190168832,1.5381242882826718,1.199559750063556,-1.6119031214559092,1.3313636956891906,1.4965509583376233,1.3397238026694671,3.0156393162963,-1.4820311997732207,2.0270912863461583,2.099870599438855,1.6611562059919174,-1.3145741639669808,-2.605776761433874,2.1409420543250146,0.2626254895542254,-3.8036902301283275,0.34887654763924797,-0.021659137822094235,0.1781387409656245,3.716180595713162,2.2989185118629507
469,-4.893004113511842,-5.377064649088357,3.3007440545627325,8.873070929510034,2.1820414493168037,5.827511535730981,0.31764756753544254,3.110552232185614,1.2897911486411735,-1.0818232456906043,-3.6092558496315506,-1.8068678779221872,-0.6101536387186874,-2.0421455601829024,0.652078291903062,0.8557633188141841,1.11628674430128,-0.8225301347481156,3.37799376643169,-0.7777137363451034,1.7822467877164414,1.4067947882201628,-0.4318324134526129,-0.7594799945318957,-0.6043434816715482,2.887327036744812,0.17058737425944853,0.6879839424671511,-1.3735516220705237,0.1092064511151758
470,1.5319022302937257,1.241148320589211,-2.294257808519636,1.1220817597662325,1.2039441902128485,-0.3174416930475195,-1.1283226982423573,-1.2528998103428433,1.4000251523424592,0.13281196172846257,-0.601942416313621,1.9774982343422554,1.4672668238618705,-1.0496176517905753,-0.46648851536290253,-0.8224471776940295,2.7126343363017607,0.2857129896739509,1.313529736075508,-0.325580286565429,1.16348665901374,0.5039278303164728,-2.3983643721454024,0.1809435902430921,1.033235832053278,-0.21955667568721468,-1.359802854570985,-0.030023369385221054,-0.9264665492997424,-0.6566480429560088
471,1.4153268924151148,0.15311684182826057,0.08047972217714548,4.986578123129515,-0.9542796073181119,-1.8300096428174573,-5.031592696558651,0.9385291747211081,-0.7908090638348948,-0.719472579470225,0.8594536131674788,0.0847352389062604,-1.0478501884717986,1.4482708249162506,1.4576432702094237,3.023362405498779,1.6139869485716472,-0.07283472679620219,1.6985226280811785,0.35006458301017596,2.024964187206964,-0.6493373324240289,0.6209704620982096,-0.498817372641034,-1.9945319958940548,1.4991085505400965,-2.657588893440936,0.5455236442370448,-0.8244351200035809,1.3260264405865758
472,8.662553991100642,-2.8847988070100534,5.873076138570643,-3.4037099038510386,-4.473032318879598,0.8922174783257095,-3.331744929382349,-0.3310716561840587,-1.6523016431577777,-1.199665765404545,1.4111357680507564,-0.41896583459188336,-0.9473462283931614,0.18429495145511182,0.029350313713919895,0.6291870744264999,0.016598646745237856,-1.6790137594314916,1.0241794066386647,-0.293046127856914,-0.36075842190717117,0.9968090662625272,0.6424678220238983,-0.2564569972591206,-1.3539884484523295,0.5134190752546475,-0.3661089350562483,-0.38788840947263564,0.5314998972817808,0.9204356567189037
473,6.891256708537107,2.359457089210222,-1.8385032674875916,-0.14273083720602645,0.273199292013379,1.1577871506687851,0.2901393679311395,-0.5393266094592449,-0.4629953995108358,-0.1400007235933546,-1.405196042898415,-0.8925569802293037,-0.24589618547454675,-0.10528136359799943,0.03451529571032522,0.9356240218207051,-1.3981615950008193,0.49017392466943566,-1.4030900042179726,-0.8127201085824607,0.19673690382551096,-0.0976481298563657,1.0373842098058184,-0.2172906192320465,-0.4103646025368145,-0.8956965761098461,-0.5165280698099849,0.6161499046021133,0.273279732201509,0.5768820679398001
474,1.4480396004344844,0.8255112183331125,-3.3436605624987927,-1.414112103847435,2.201499012645085,-0.9286805012523729,-1.256015269631366,1.373855640219858,-1.3437996934690382,0.591738957864729,-0.5092336041213139,2.2400420919773163,1.3961165963211692,0.1380737233594246,2.4389979355886555,-0.5317634117077036,-0.6743838689783613,1.321006657605512,-0.5665862024284409,-1.9743312310579844,0.2080238665083049,-0.23768349069700553,0.9542536768089838,-0.9819035965225233,1.860050272366688,-1.5600436753969678,-0.028106918942643486,-0.866963377005876,0.3425334743315429,0.08688439170017294
475,-3.9952868124029197,-1.1995879845012534,-0.5916602489597842,-5.056065828270576,2.357220090802231,0.6708409312518504,2.349716275418973,1.7496017154075372,0.7100472023445535,-1.9212752099539843,0.6529338652788788,0.3997750657651613,0.3989795242224791,4.473869046908704,-1.1838608835943332,1.6265368134311178,-0.04068707394320909,1.4891872104129396,1.4449587870102243,2.2879346884466516,2.342515012485271,2.086239587475591,2.2560959280298527,1.3653211171949224,2.321577958200165,-0.0398587269559498,1.9167293774189558,1.2748211613911646,1.2639197875379007,-0.5595956493121749
476,0.22498685999497456,3.141636550950887,-3.712072298130396,0.9675084642973931,-0.5662361400542629,1.9749451744345166,2.5258368531676854,-1.8589144850422505,2.0677336802111053,1.8326647391125077,1.5572528410751876,-0.878361711848067,-0.6636182681347277,-0.5706453647613341,0.4218403981442307,0.7327251443045685,-0.1972313879827474,3.2466498918319444,-0.11514123066000385,0.09602290882610373,0.6268096802733766,0.13506593524736854,1.340119280603171,0.8012192354568444,-1.81201919781884,-0.5211203273460977,0.4912961892128844,2.768088499257099,0.6628194575750096,0.8815740083122693
477,-3.0926470692457624,0.1595110417517217,0.0485502709615827,0.6152714950392277,-0.3654143607951096,-0.009155556187526932,-1.2726533123388237,0.7093860043684739,2.8141886655404456,1.9058211260243587,-0.668246296694444,1.1798915272979649,0.8873213056386869,-5.179593670972749,-2.349591015569461,2.207513574722795,-1.7868908533797792,0.5618031794601247,-2.47279604014884,0.35602933143231297,-1.951918102402722,2.6725669994007646,-0.36169579652268036,-0.8102728804422287,-1.4652490323593148,-5.023383094536756,1.414999125271253,-2.577161366277934,0.8383691028483468,2.0095723232372973
478,8.152451586982405,4.144806674235079,-3.758118278941727,1.2031890263963798,1.5899859370760856,-1.289849621837859,1.3236867584501242,1.807068997440285,0.05493307007186403,0.36188772986774204,0.7840472020104684,-0.6964948894704109,-0.6782074722260422,0.9614424849913655,-0.7272052119767815,-1.9459131916093637,-0.8368414256231299,1.0213788741516565,0.21325512828161794,-0.5347340703663146,-0.9780642077257679,0.0814164501538915,1.4945068064725937,0.4673071960071451,-0.47112144398388694,-0.6462063806275065,0.44616534545164527,0.9138605666527897,-0.26375066357884686,1.0748571609405255
479,7.855896384073528,3.351844168776601,-2.0448232468515344,0.37037149736288594,0.28820522689358974,0.888950788620011,1.523472641631942,-2.4939834828360734,-1.1325593939787049,1.5056914789149736,0.12647342915640503,-0.7678115379451734,0.1404193744389512,-0.6742744717821884,-0.0758367863261478,-0.3368104774495732,-1.156884017738031,-0.6201305933321034,1.2686265006508621,0.7128773848116849,1.1346526342737813,2.0512130862378086,-0.8799800755999903,0.5953000048953859,0.8737913888231453,-0.9392262988872088,0.6744660700222359,0.383967996919417,0.2836688397279239,-0.8640932331452652
480,-6.085713373247343,0.1836808059646523,-1.4602428171034638,-3.5252263889274937,0.9637051596606837,1.4676209447898834,0.5410639113171617,-2.05771149184337,-0.7409733251387484,-4.441734810467772,-1.289250611551511,0.2332859270266378,-1.4270941040468499,-2.545000778940769,-2.7720739888209613,2.711765972092837,-1.271900848182611,3.310334156058449,-1.1220700554592062,-2.047964942518397,-0.3689823437605923,3.0495508775708466,-0.45841586776705606,-1.7692762688707329,-2.023278338753284,1.2106138612779673,-1.4978877151834273,1.04216891332153,1.1465283070850742,-0.5562096186714016
481,-5.706693337842508,-6.065374316754803,1.766224777565316,0.9982514662150388,2.062960516852203,1.145438598999695,-0.16416003337027826,-2.959211616761543,-1.8137935564519805,0.07726320338749071,-0.8010807671487541,0.6252598182258181,-1.172127138500898,-1.9239349283237517,0.4447471959645619,1.1429162290346757,-0.5129373322698191,0.28551288212872983,2.2210819006592217,2.4789771707594612,-0.609245684519491,-1.9994483280867972,0.23112878326431407,0.5927801307355439,1.5855922738844712,0.7161430274880394,-0.8312820363332388,-0.6929432173158856,1.1867151600058343,-0.3764582038951446
482,-5.023325369988876,0.2641838067612309,0.41850006870519724,2.071210726738926,1.9937576065909197,-0.4897309272683242,-1.6104649277884517,0.5317256058091282,2.503743430740855,-2.5241761720699083,-0.2680385794634526,-0.3522590742705653,1.5916296879152212,-1.6773543986408765,2.515049166054275,-0.4218907360853696,-0.6937740402270127,4.223670736864265,0.1095926296899773,0.7014594115540368,4.392972956925996,1.1522650651026736,2.7298592004327364,0.03733828799018479,1.0477049732255133,-0.2526090309769131,-2.0615333548826675,-3.5903002371385155,-2.153347392853325,-0.516728251174616
483,7.177379860471095,1.9691782616874167,-1.0030249917742757,0.9601762969559583,1.7081193784871747,-0.13433807738321618,-2.326926356637741,0.881539538269293,-2.0561510131078466,-0.4502480574263684,0.13309550923993765,1.2521553797483782,-1.003768943322206,0.3478927470328813,-0.7909288546928899,-0.5904511438605065,-0.35070381117786287,-1.8364020892481572,-0.30888241825832546,0.36251209931467004,-1.265769243308291,-0.6097562569549445,0.8758760200717512,0.8701976200291492,-0.3339099366206535,0.5130270425036229,-1.0055938665808675,-0.39550044063923634,0.025223106730601654,0.5080444955562757
484,8.854200510772186,2.6410941033672515,-0.3938014218699851,1.841723532329507,0.9758732144504405,0.26623243826847065,0.6548057395066464,1.456817597319045,-0.9375567448176307,-1.4174585291594852,-0.7860161224418847,0.5952989930227711,0.27244141022004636,-0.6322748522403779,0.1413153395985894,0.36399213390536295,0.22762196408456017,-1.6501858828036489,0.3509376535872535,1.9144167828894951,0.36221095894339433,1.753804960460282,0.6407339461938559,0.32902941966123495,-0.48485054219423285,-1.010199200975714,-2.2701482132507613,0.9191201557667338,-0.26019502817756357,0.9578962613656938
485,-6.841517007685491,2.371184732053829,-5.003335929049269,-2.765343969118355,-3.58941802458711,0.6356287220485529,0.12834017646470558,0.3275192566084452,-2.471387854086383,3.596025224108969,2.542091142138865,-0.7792163427039671,-2.027536547967341,-2.1587033385553043,-0.13363505755933355,0.4778127404775674,-0.9049114385331333,-1.0350496928579016,0.5528440742825179,2.061217340453927,-1.0163369053678133,-1.3168003168439837,2.8637277915317316,-1.6035954237480865,3.6561032656873365,0.24049324634436067,0.47845453235882446,-0.851680395265525,0.20144387206616254,-2.8676583595098344
486,-6.039449207226719,-1.5455758262422545,-2.074383321282592,-2.1278744060062147,0.9502679240129727,-2.3135667491891523,-0.6338926462487324,0.8259391622766079,-0.48927945545272705,-0.9381762956769926,0.04013067025669647,0.09498169653898757,1.1673959080517073,-0.3062418880936872,-1.5047130870301484,0.1232605760352523,2.920620121639755,1.8280142372164245,0.6618906682078178,1.8755559237152992,-0.22381585020164124,0.746178206059621,-2.585194299810586,0.11847074227136441,2.579325373220375,2.095474336549955,-2.2942025680782225,2.1067131112888138,0.4288569358023211,1.9605073074238932
487,5.1190747473139595,-0.01112904097592069,0.2657322708526779,-2.6691076027763825,-2.2107632486314515,0.8157483882418596,4.025942999757625,1.8719534256428185,2.972780727426904,0.025102814344583297,1.4914017942818358,-0.17479800704686171,-0.5854203022904193,-0.03801614107433993,-1.4505487657361813,-0.38322285996261246,1.5082356476063243,-0.027428925866513288,-0.05566457750768765,-1.5139972750302526,1.7178672115566218,-1.770537462360183,-1.1893448535317945,0.24962167492986262,0.6579600635396184,1.548804239183861,0.4138986470382515,-0.3191097857805631,0.433599442131528,0.2964349356621493
488,9.12131872056802,-3.994067249704062,7.72015097908584,-3.1991438216030326,-5.868172700277437,0.7028163656880939,-2.743451574720524,0.4613249934241321,0.09733662048137794,-0.6967618631424127,-0.47213075781448516,-1.1750361827285878,-0.587048797231516,-0.4845585777970327,0.6788067292233545,-0.3061534287442388,1.0450312680390472,1.1013242717856966,0.13441884097403384,-1.6617521711465382,0.25571452917968907,0.1510737726664875,0.043923007733442536,-1.4077150846037725,-0.9974407575804453,0.7122941131982224,-1.2100329316897998,0.9529939165000616,-0.13258575971288827,0.5455606620530661
489,7.647795488750428,2.6736413367577745,-2.660639389144225,0.6508141722457816,0.5410765955411541,2.8612003587828303,1.7507714506084717,-0.8996247747494431,-0.34572921004668156,1.0879374799954487,-1.299537475527896,1.1810760487101803,-0.5546866997456048,0.5364835759070068,-1.495015079353187,-0.28053778337831,-0.6050129200445618,-0.43605489836863864,-1.3361970651580721,1.0476904170649286,0.41220256416347556,-1.4441428143794488,-0.7512669872449217,0.39483301548064886,0.7193943398222337,-0.24489519077355593,-0.3739858968862115,-0.1033327236616343,-0.8045119145036284,1.5447211159975633
490,8.381776666064702,0.8943923485594679,0.004389774249244938,-0.28600929570103395,0.6348419723259079,-1.2031601960824134,-0.09887022814471637,0.08334989736492551,0.5415682647723424,1.7481597472728847,0.7468573287795224,0.6448814858569859,-0.06720855611300493,0.5278957300963701,-0.9171362836079229,0.0035421888910270208,-0.40920242019573416,0.5879259842640138,0.22536485480494498,-0.11095157033824753,0.7746587849852005,1.2932559846407583,0.27789185074917366,0.7279715992891264,-0.09058620324644791,0.9473054502913077,0.48235874358949593,0.27000069035316965,-0.2571697628508257,0.24074133491977334
491,6.488327229096946,-2.6738800853482023,3.9514639299157257,-1.927625505735406,-3.5790106074989794,1.2447941640397893,-2.4407067171077768,-1.237175569892077,-0.042194428880608426,-1.5441176104345151,-0.19413362930884295,1.1462450984973231,0.3347355030125157,0.3257688722249302,0.3632395509424764,0.194398511792669,-0.575484975659893,1.1552483594950795,-0.18151743579346363,-0.7207373356224043,1.6816610335057127,-0.3411288334349445,0.41477750496107013,0.6043263599018718,-0.07872273166167142,-0.299234938624853,-0.5814600480284937,-1.1127107181952134,-0.07898320991829554,0.19801321549509593
492,4.086060147301336,1.9175424047144507,-2.7904673051040527,0.562342559657474,2.178724649538149,-0.698253469165206,-0.659750381707736,-0.6177429560485513,-0.6581850984843949,-0.3064525415659478,0.49490747197780677,0.6495767252062496,-1.2970123410942995,-0.03171340296081354,0.1884922784388883,-0.9185776628500067,1.4949591753342961,0.3165081781483567,-0.5618092191563013,0.07256544475711849,-2.527926973865557,-0.14830882016272628,0.6505617123339216,-0.8885560361933252,-0.512996323377181,0.14340204666541445,-0.4746577255373487,0.30949767154675034,0.13383499195207174,-0.3765022457418179
493,-0.27532732736269233,-6.670738362225972,4.3452087585282975,4.207831679857374,0.39156634756162256,5.432497948958329,1.3402244974846877,-2.2632083326580053,2.2232849179343814,-1.7545715901913046,-0.31400628063844255,-0.5828908575281024,0.49567509912207763,1.7887753358907266,2.8803245984534294,0.14258397961687155,0.8589715392645906,3.0617723449507444,-0.8361189651504559,-0.34996014397608366,0.0211378795874963,-0.05946906152748436,-0.6389088397529393,-0.0526367647814598,0.27504024142164674,-2.4895792805597856,-1.5516419711755758,-1.1731139207662897,-1.520558435644811,-0.9536518567139587
494,-3.5117207212958994,-3.665832036495429,1.0626228740967367,0.45261323879749743,3.706353047292857,-2.5112652586014903,0.546124794469496,0.08352219535385758,-0.3402643756259773,-1.2772834360542071,3.0265924420015926,-1.8527592063297453,-2.18161324748918,0.9203259690276778,-0.15793786986712355,0.5058385694458231,2.0308452538654844,0.7540517567355891,-0.4440159551392987,-0.4701102000783776,-3.231435899690894,-0.062607546239913,1.9957720724185493,-0.16480853804795093,-1.3697013099750108,-0.2706473629305242,0.8445230982343109,-0.3748491793639815,0.5522981287101064,0.7098834315909547
495,-6.249587570480781,0.02014185895153212,-2.992224035173136,3.1169397649676975,-2.8320828511299334,-0.9458260033201913,-0.2683435775816225,2.5635666159539987,0.7101310077192706,-0.49810948542441214,-2.1083091332814474,1.5542325597657596,-2.8743605487028976,-1.006801023121812,0.9038013549938806,2.583671488218281,-1.9192046195834884,-1.642217560637411,-0.15365840976322123,-1.2278492278283686,1.7344165725814948,0.1645233095348477,-2.44636522269796,1.745227996717246,2.16585241492321,3.9448439833972078,2.678254091964129,-1.5383114439637657,1.278057101015594,2.7382287456898493
496,2.235646229566029,-6.209005522366398,8.109666793433428,-0.3909110758062068,1.4913163766263864,-1.8444064954906263,4.556372886869982,2.9759420538135464,-2.1474957623013275,2.295500118178085,-0.6410996102816211,-1.311684283181925,2.229869840426608,-0.7661313729404785,0.5802237421440557,2.485130829248849,1.917768544369098,-1.579158795925546,-0.8524741522281796,2.3052260558235638,-1.7117785654854905,1.9310957157420128,-0.8798581176748521,-1.4282062734295904,0.33371559525489997,2.3297222141759253,0.5151290218322402,0.35556027231092263,2.053709603725149,1.3152507094445294
497,5.636661339823131,-3.0281976682454665,4.281775718118816,-2.138618047243599,-2.7559335584248705,2.727154168351147,-2.3353368756260964,-1.9450529695254672,-0.8187605723153625,-0.82040531427103,-0.9059876006213645,-0.02713484014091371,-0.7578414174490987,0.06226448914073728,0.1075582445582941,0.36739254983718217,-0.619813582373237,-0.8113547416684073,0.13002374103041414,0.2571869271064206,1.162338798250658,0.02558890195509027,0.12179813382126989,0.6087238347616182,-1.1622496493211978,0.1604016520596806,-0.7287611096990102,-0.04532418706087701,-0.6043929412165546,1.101583146284575
498,3.052187074772151,-1.1399373743537171,3.7974656411723045,-0.024020427180574667,-2.528933206810873,0.8998836119001404,2.427540512288917,1.9327802237566003,-0.6784952980611146,2.079250611300851,-1.2368062699929498,-4.266808866437027,-0.9741008411274323,-0.7018127205372501,-0.5814996256447104,-0.43406091958400767,-0.8582270445651561,1.255647048807143,0.4332066058400515,0.04100137579592353,-1.6724849455448818,-2.5192928419237313,0.05762387036684502,0.21774494784869644,0.4613705048047881,0.1521758307103195,-2.9523631183321277,0.5194818400642219,0.9196862462795082,-0.4809651453202308
499,-4.719669673112035,2.0763548687967024,-2.6490120926749383,-3.8036611467054193,0.07125283076069075,-0.6492841631592444,0.2952275893099753,0.3446263016348192,-0.7948051169275518,-1.0942397567709934,-1.1923988469406448,-0.4792324929177236,-0.5863150290116886,2.249476604426061,-3.9733442827843968,2.3207956504697056,-3.391135478593564,-0.24636081134599455,3.021538403533095,-2.811925011099208,-0.0911486305529249,0.08537603099907279,1.686632013120561,0.5644660658153441,0.04176651330988398,-0.07444763151085303,0.10416765156750503,-4.3117660121118515,0.46162814241872624,-0.5923033777278883
500,-5.909652904493304,-3.133224712602681,2.784427200929002,6.27995903189801,0.5967231468273326,2.8601043859761606,-0.41009954968300016,-0.675459340250439,0.8602669672552195,-4.096167513015437,-3.01249877213555,-1.2425917497843262,-2.530094283203579,1.517463157710495,2.878788156710204,-1.3803691869236625,-0.9154067569274508,3.7211696231951232,1.2623683130542074,-0.029978071337954895,-0.4035604752116083,-0.8949685019042227,0.26334663520583795,3.337234025173172,-0.43473191676559425,0.6119314348214546,1.4663480850932296,-0.5462965586823211,1.3445369546718697,-0.24711626815766152
501,7.920384154848308,1.3872874111205826,-1.864235503513883,1.7469030455817318,2.3712705806384053,-0.5886448635024009,-0.888513885328836,-2.4590386283671952,0.004120491580415534,0.24285751777895542,0.5872806465755258,-0.8139040237018933,-1.4572546385441771,-0.08750667419943112,-0.3977562734684984,-1.4611970098237252,-1.5009581256075077,-0.1402733187799251,-0.4019073528686543,2.108728537592275,-0.5022544743607803,1.9526235568477786,-1.1743573282907909,1.5507099619781113,0.8502968977503518,-1.7011400188475263,-0.3750633235161377,-0.918650772669939,-1.3244116651558,-1.4689383357669388
502,-5.052833916716854,-1.958855591781856,2.1518090227789477,4.692877545960529,0.4301272657959908,5.902926737185505,0.3639845098009508,3.538250808765042,2.295187170140141,1.5166272680722825,-0.7317860772198759,-1.9396627984108172,-2.2485524136829143,-1.7490557638646278,-3.929565618085075,1.5280274222680215,-0.0051328445822371865,-3.034287126514842,-3.002822242966592,0.07838440977577114,0.7464166080031059,0.822397658871399,-1.5658243894608204,1.585100248681743,0.7302141820210197,2.808012731871941,-0.1883601115846481,0.5153382134163961,0.3493738015395106,1.6012889920911721
503,-5.776139151291386,-1.3161147891077485,-1.7334563929423228,0.36206430117169736,-1.6867190183672967,-0.627651630935338,1.668078629687829,-0.44364134920019643,-0.1915143659528026,1.1359011450657626,-0.3231010433145154,2.479978901661828,-1.9880485944928112,-1.394443385753784,0.9240177982783977,-0.36580850909927276,0.5243725320811738,0.4390719159671022,-3.894554293113927,-1.4430383177127177,-1.3549883354033285,1.9658576362449798,0.29444517152360805,-2.043558585604533,-0.13222169966604994,2.1329186833181075,2.5347968178433264,-0.022002327646024732,-2.3506865258516725,1.2904917258386437
504,3.7194603145773137,-1.695121950761842,1.5509170154594487,-0.5318848700795649,-0.596097385044647,0.25677254041983705,-0.36324170196414834,0.2450505860334929,0.2731105536562151,-0.23156995974697964,-0.1793619775885131,0.04902914291070427,0.3511034373315961,1.7548821290796133,-0.05338101409023299,0.5247920766877715,0.6162880472968549,0.7218153044001873,0.0717003408824773,-0.12721915704049597,0.5340274010827466,0.39964976667496144,-1.5358830344718586,0.39742650186378997,1.0039972388596803,0.15474923175090616,0.12966335086021502,0.36741962294882097,1.0179165682968452,0.3283212326205461
505,5.432520842006069,0.5017740437807049,-1.1062526632946066,0.16904906308734588,-0.3408239777228371,-0.6926151905185873,0.02425568400334862,-2.093196672494362,0.38082324452991967,-1.3924975193413158,-0.5819949025402221,-0.0009339820640383044,-0.6580972298169763,0.18355883739361065,2.154866483735212,0.5528329588607187,0.6615464336439176,-0.8671670131077609,-0.19823498395235872,0.3918629155708405,0.7224636569950547,-0.2822563693326963,0.9823580220744175,-0.00991037199328383,-0.5216813394907007,-0.014311324905146085,0.004678862732864671,-0.5176571661220088,-1.413094738102247,0.3307515765535839
506,-6.101916147566881,-1.2907921745852489,-0.1280794346346295,7.783349928550698,-1.039088989035219,5.714445549518087,2.191216465122009,4.574148211474308,-2.04823312295737,-4.210864026598191,2.895615447465316,-0.8628034426337117,-0.09894858563308301,-0.25015146400868987,0.8110072957585482,-2.8930665891455143,1.6241320014380747,1.5351358562674475,1.9411709333308311,-1.2538198729156025,2.8774888925857,2.061049161183932,0.8402332473015514,0.45651894474055327,-0.48687243274128955,0.5448484456960963,4.000970729516391,1.1228907039084248,4.312514456820136,0.7752541743601893
507,1.764321289546678,-2.4926788885837707,4.638013102749393,-3.330964071861864,-1.542646763244634,-4.140617750256804,4.480431924523721,3.0142018100553902,0.5803283867863511,2.122080096696242,1.0887575141583026,-2.3148192812875226,-2.141719133481991,-1.5589163470048635,0.2241126605751894,-1.2444096965092544,1.2882172708203954,1.5882587645590196,-0.1047790983613936,-0.9633114076384822,-0.17588775335189294,-0.5466533419920329,0.8155843293713447,-0.6556414103591577,-1.9230945222140736,1.449157186093129,0.533878110043307,0.7682051291676805,-2.129618277357733,-0.34452482030117876
508,-6.107111912125283,0.8718623993285015,-3.0699175504370175,1.022654036044411,-1.2861605340231967,-1.5483456994862703,-1.096396638911969,0.8096551374268767,-1.9816058635659817,1.8115360604074724,-5.09937008334387,-2.1468569988116606,-0.48194218249477383,2.0635779345321836,-2.52073784596023,0.6734589741995632,-2.097180746260006,-0.2835454539141575,5.205770308435402,1.3890947917500143,4.739441646385854,-1.8084103706903067,2.4604835069148883,-3.457623185359488,1.7389456739246725,-2.2583144300481774,0.27805506347212083,3.1737416140543706,3.330795964477289,-0.7374036832224137
509,9.254031025513758,1.127158552802858,0.773693726877051,0.17411616700487723,0.6101586037971053,-1.798155685720224,-1.1078473191597722,2.432692822564154,0.8493580931677297,0.20692374334085611,-0.6941280040335572,1.9726998061734646,-0.79143475524764,0.7096886176934396,-0.8287229245440458,1.9634676274729275,0.7032425574015104,1.03676273303803,-0.6831700732856338,-1.487190033310399,-0.2567018946288065,-1.0483513024706224,2.472266398777043,0.28986854544691276,-1.0695751904382471,0.09371276350268734,-0.16501460414626093,-0.19533588309953862,1.2384017642368592,0.6081891047874352
510,7.314652416937182,-1.1300063636367905,3.3264133349385547,-2.307121622367054,-0.33869458763734034,-1.8346843712409235,4.762674357894548,2.4084456316436134,-0.6525889001794587,1.7299208068855827,-1.752620471825593,-1.6658665412714044,-0.5197157218091362,0.386478730085342,1.8390668364194338,-0.15952733386637627,1.596419706960807,-0.3663861158808326,-0.8888420060232819,0.6390110771384103,0.34648119346757017,-2.30931425547316,-0.5886152298607724,0.7198871098298256,-0.9567000726442715,1.1071295103064895,-0.7924465917752233,-0.39011873834808564,-0.6391703730959384,-0.7788644378267779
511,7.775794771449527,1.8953071658605338,-1.7205227663894072,1.4398975674678696,-0.02222534312134783,-0.16375639188696364,-0.7128233303051669,-0.4318734452646746,0.19611333435213688,2.0144762496239594,1.0902852349577308,0.976337621526505,-0.34621795133779903,-0.4549245337356231,0.009789198023434541,0.5634505739610535,-0.08841787027668312,-0.21852316635073094,-1.6620023526957668,0.3555891521171672,0.19294075908426364,0.7928533260879063,-0.6485743150937464,1.0870675255496551,-0.8353331578902299,0.34803182918489517,0.2265272353871925,0.5431790062452287,-1.8733134252359813,0.712851793664012
512,-5.03661567509348,-1.7749515972042476,1.5131963846509946,-1.743909473439117,1.9128686109086357,-3.6879026414959424,1.5946821622667222,-1.3222423895981454,-3.049287090983415,-1.915742282284057,1.0875662885591892,-0.5294395118928703,-0.4508446441422785,-1.417289900245629,-0.06930870506372973,-3.650882679548392,-1.9425856515357347,1.120865362910855,-0.25542391553907534,-0.02954766969747216,0.586410321624911,-2.6815789355940454,0.1761350761497774,-3.534955419589917,-4.655066387306426,1.4665575909699298,2.7393218384552562,-2.2099998940111996,-0.19640312021214762,-1.1924679301580932
513,-6.8150909745392445,1.6679273733968065,-4.1692431408483195,-2.4712800017115453,-1.1626013614866222,0.6214179096239767,0.24647927871436892,2.5621647357451707,-0.630268613425447,0.8098756645882901,2.2268180357582636,2.1423955488715594,0.17322101392440092,0.5143713387287808,0.1021315005265152,-0.1587751855850704,-0.19361664022004874,-0.675310161460786,1.6252830609914768,0.5549318271216231,-2.6222102113153474,4.860510452285218,3.4053411467443446,-3.5467808287269156,-0.8688413367477638,2.51682371331615,1.8420797663186887,1.761146504315436,-0.05281458662172493,-0.6314151151977827
514,-4.348428323189888,-3.3080270518483235,0.8751559454109993,-4.353651774563761,2.6448513080624223,-0.3270998987182671,1.2881197764061323,-1.5800940879467091,1.5715336943256872,0.01826856558203861,0.9408965794221288,1.059105024002716,0.4694647174554037,-1.8312590426082227,0.5912079651581087,0.20616757159825805,-0.844968445664319,1.2505807039824144,0.9942816845504965,-1.4004980720289437,-0.5087815317164861,0.3880510851329465,-2.669138084520252,-0.022811858207758856,1.0089734686380443,-1.1260586472822374,0.6715236933247107,3.0091806872546325,1.0817679763990877,0.44224906933153546
515,-5.071823320135972,-1.932932546945821,1.454977135483607,3.9679910256018607,-3.953784206211824,-3.799409360478257,2.1142933634139287,-2.532265525243846,-0.8345318568578075,0.11133358485897311,0.8705971748271883,-0.5354764962972475,0.631164461431857,0.6604453833198511,-0.6283568698820828,-1.3202762677557196,-1.4872706598008183,-1.1175457061041179,2.480919522132503,1.7805719652876257,1.9894399447889237,-1.6270673400834963,-0.08009416663629533,-3.136290320158147,0.6943534288156912,-0.6763597245317848,1.116877671166841,3.5466160638307613,0.08435656521720615,0.8350830269177385
516,-6.718521926507529,-3.335726944373592,0.20728804016255872,-0.8756860440954193,-1.274653472999009,0.8854512094411092,0.8978377122058575,1.5562107113027532,-1.1417612476469596,0.4843257077399484,3.156636068887737,1.9555008742594688,1.770207870402714,-1.5332451818257535,-3.4081541153515373,0.2678568204449212,1.5259218828849852,1.80784367484703,1.5289038548384584,-0.2706158131055429,-1.2733993065540814,0.9221476404481259,-0.6242990781219558,2.822419576596493,-0.28981558379427924,-0.37452797767870044,-2.0309531400128993,0.013669489468624283,-1.652027567575163,0.06175984048527715
517,-3.912745764161239,-1.3050549960868072,-0.8275244110092853,-2.490466969717227,3.541944309561637,-0.39931006522498674,-0.9866788291738476,-1.2641371995894435,2.050799571186075,-0.5568379881048183,2.2963587350071246,-4.615986809426713,-0.1963286321577491,0.709789467243159,-0.1303470683835454,0.26142928210869254,-2.205117243593441,0.9121431617582229,1.7325132547124116,3.658961516536204,-0.690496414004056,0.03264950099389999,-2.927462433495435,1.6536497377569337,0.7502429977157499,0.6789198053425418,2.6091568456159155,-0.03165177425476062,-0.0034925764801747297,-0.9168979259161593
518,-6.178092155264033,-0.6144746604039399,0.36099345591907817,3.3884595767331014,-5.7509302146622465,-1.6761097167281271,0.934180110168535,1.0683722920442935,0.010506493056977276,-2.782671955570684,0.119826974043354,-1.5753430363579457,-0.1130996656682664,1.0923374685246738,1.6216741368116836,-0.77085004142736,-3.2901553374068664,0.2695465019656678,-0.03617000545092033,-2.5065483526849053,-1.044895088307095,0.03505746668073463,-0.01683018088145452,0.12213160213574596,1.2378290837994241,-1.2492039354225397,1.4499315956513874,2.644917780187249,-1.6573612931566468,2.735254205164524
519,1.6034305699962834,3.224616516794539,-5.542151829783225,-3.7978575144587032,0.5753321397024217,1.4299566445448402,0.7820522054331027,-2.95107161574434,1.3877427143671142,-0.5287391289493163,0.5302188124803022,1.551757759414849,0.5399294355613391,-2.3404881843864747,1.4758127961856704,1.1320238086789316,0.40654185850386615,1.5479382588030708,-1.3047338198095368,-1.0561084774680594,-0.7667712111274297,0.010799157368247434,1.545211399512814,-2.177225433922076,2.2380189076634265,1.5478747593226838,2.2641735984102094,-0.5898540980450576,-0.7955612062087726,1.1189151894415044
520,-2.8999155587123107,-6.238799022520941,5.262766461269955,0.0028029413747757527,2.601279567862241,-3.319770002999746,0.38714366015751817,2.8726945129756567,-1.1957590491337085,-2.5214870300526444,1.6031473613511475,1.3776345131897612,0.15102060039287588,1.8588055561643815,-1.8009470615056409,-0.31945564002821597,1.1567853995952728,-0.9951389081333057,-1.7784639076449202,0.21132533089834993,-1.439192985448593,-0.2393455550805679,-0.9996411180325042,-0.8152739716907272,-0.06246777408485133,-3.0339287318559163,0.36239888323255154,-0.21730283197536862,2.2324396562080144,-3.6853741501665938
521,-6.850181364559329,-3.619802360215865,1.8723607396071071,1.7589951746567063,3.72100570742569,1.5168862282072972,-2.2434619048732864,-0.02410656915679525,0.7903411704975859,-0.4054467211305462,1.3820204209630746,-1.1386126151974827,0.8691026517861321,2.628451820585632,-0.9284781053479318,-0.44549670553107146,-1.0696849718385764,-0.5207790740657974,-2.0650754673242413,2.6437440938812866,0.3863160347498681,-1.0952587283367268,0.04795078429803252,-1.782204047473443,2.1107069014399316,-1.1455724091808175,-2.5632373632556495,-1.1880848101715813,-0.07842698975188499,1.6481965298854577
522,1.193851482315251,-5.488805765507653,7.419211590252805,-1.052111029514002,2.551607131503396,-1.7426247177907899,5.075144944493136,1.746214446212704,0.05737610278080954,-0.13024317092035353,-0.4921951326130644,1.0949133319912867,-1.1437423445577595,-3.5364724264160303,2.233390611498307,0.20160887840608288,-0.48356042746850453,0.10680484730164766,0.5889197626462552,-0.4206568352173584,-1.3944199945580968,0.9264275398748786,1.867692642685571,-0.4756650560773005,-2.02404247558162,0.40738666921162353,-0.37168215245743386,-0.22007024139564657,-0.638787821551398,2.5623486778059306
523,-0.36721358818565214,0.8433959876403311,-1.2610688202842244,0.21240215651745453,2.6612999290368275,-1.6621540257634217,-1.4274634259206311,0.4371099145052329,-0.8844014340532318,0.5493881421674276,1.148399981319787,-2.855008313836185,-0.38312081994861186,-2.4064584181745508,-2.1521981345249155,1.4173636734807398,-2.9739292216901725,0.9064496802294302,-0.07971407394995984,-2.3740743118944994,0.36061692458396744,0.6166133679236498,-0.5353473445544111,-2.1897034688748747,-0.9712592518965489,-3.0404926610059384,1.0171381728482647,-1.7905464050279303,2.411176782876051,-2.275521720317635
524,-2.300394572415618,0.07035245346025709,-1.0310676306282323,0.5159220501361869,-1.1794374159937913,0.2017761425551011,-1.2672531114526833,2.31924864607214,1.1103323856974805,1.001433143481468,-0.9145522230704588,0.23064880074877844,-1.514284757023837,2.3655914783730383,-2.5499539303435927,0.7859389011508854,1.0280535591346427,0.7638573366881817,3.464078056851544,0.16212344812489757,-1.7677557430254505,-0.3939971273025299,-0.5154990041061144,2.02719677301065,0.13816161746796446,0.6671483825000628,2.2958681329573705,-0.8965654621774544,1.7288565883947828,2.4876488377453816
525,-8.494976512081687,-4.431403726403849,2.6906792854574393,3.081902409764931,0.5399697039260021,2.1217455338339706,2.9249317988542467,2.1769406080278144,-2.961413279754757,-1.5209859597924538,-2.5462256335540356,0.24254153017773344,-2.0037889213550146,-2.998599938741387,-0.7563393330556907,-2.5194011267738423,1.8440206333533702,-0.1770792915465405,-1.9077779848861751,3.411414052748177,0.15952085253061368,1.7006502315048446,3.0634868858933806,-1.4844077207680229,-0.32106015699312734,0.2610681773360357,-2.1360501196174795,-1.0884815618643884,-1.2999692326036694,-1.5254434228615465
526,7.7205136018312865,1.529562417960915,-1.9203739551131565,0.8439009694331191,0.8805007715159427,0.44793593544505045,-0.9922556120268958,0.7505422720640805,-0.1964680979671102,1.3589642461694613,-0.9143286610781856,0.42114301016572914,0.278846891321739,-0.4637414273147588,0.9870112486377363,-1.2814354675207822,-1.8942475659565925,-0.4521255864293042,-0.06910355061531795,0.431683649585896,0.530227443428785,-0.28708829606772773,0.20749205812873805,-0.050666085683030396,0.9217014032338166,0.6411012079842555,-1.1379858210937794,-0.05653495111548089,0.06730891862973422,-2.3188508467684854
527,-2.6906413017048743,-8.185546435571585,6.117946100791853,-1.4199325911530578,4.891003814645973,0.29899327731969283,1.6468465324975576,-0.12038187945799708,-0.7171292593912952,2.309539785779416,0.5782144737442958,0.44273844711709237,1.2516594975887434,-1.6306962716211615,0.881350445136272,-0.5376273991033235,0.22355946835661392,0.06362012978458631,-0.5204434976820674,-0.3846882664738233,0.6264326264351254,-2.049074340357137,-0.3027054108452896,0.1036146095190538,-0.22670773149788714,0.5174033216523406,0.608232673482791,0.3356889630024696,-1.4093027133167921,2.102145964656028
528,-2.6758190192021933,1.030042811842162,-3.1360662466013016,-3.241314037241799,1.742358365042378,-2.5255537974971816,-4.821775495424866,2.567187031320339,-1.3532582628480765,-0.22527220640116344,0.24284149729063736,2.489631160946299,-1.7849687926661386,-3.17509950413138,0.5179062083384743,2.0106163076611328,-2.3654630144505813,4.011893077424614,-1.213266263612113,2.467531596379672,-0.5359345281420412,1.158240241252703,-3.7117449675931415,-1.0663495766852538,0.1357440489502762,0.7793008532631517,0.11942238230620741,1.070078939860223,2.637562492455363,-0.9675649011879994
529,9.617561221884715,5.243268762322704,-3.9726341149310422,1.7121563148906411,1.6647744616036224,1.012662640689911,2.3636879083308773,-1.5825637804714545,-2.682854708979468,0.3389774094658391,-1.7041001503093713,0.6258763510837033,-0.5846015470455518,-0.5185463083707808,-0.4377431767052847,-1.2091621216538952,-0.8250260279041649,0.4980261903921174,0.476734758875851,-1.8576880625911347,0.3728009291308104,-0.24367502891710846,0.45096358831857153,-0.1251413745637961,-0.4807090489319571,-2.569642484762723,0.02636237791883501,-2.431264493286062,-0.1460463966334799,-2.0809686592208507
530,-7.282443951338011,3.1144416072678474,-3.157431836004404,-7.583102739496447,-0.5752671840869414,1.3382079512627578,2.3753215568295887,5.603800358070882,-0.06959907810885199,-3.392615241286414,-2.7666778040908033,4.3275925439331235,-3.735606713493092,1.0700408877995968,4.8387740775346435,0.19948309707776488,-2.9604177693391875,-1.9760870755953557,0.4217465755024767,1.7547087746994043,2.1149210316437808,-0.8821643917756127,-0.8372672420905649,-2.3326008394664823,2.107099564831266,-6.74299371280842,-2.6432298409116237,0.8782078386232207,0.00020807339196810034,-0.3193406617643187
531,5.2589472259456445,2.2250565158012257,-0.7938686078614551,1.3456914590767073,2.5734853313397905,1.4882428898961462,2.0578305671108708,0.5090477199230753,-0.6612974744988984,0.8781168923367069,-0.022299231141103673,0.4309588687945045,0.035983333656963684,1.5472973616094527,-0.8218112693842,2.476145146224092,-2.0153672770440556,-3.07709842639032,-0.16226587941891973,0.7117485242637919,0.11952553266597964,-0.8131839241858886,-2.853031184575494,-0.6445961243659817,1.4025011676843,0.5822797042954215,-0.19928462925428406,-0.07388723592345979,-2.3819359019998503,-0.17970425333086168
532,-9.38930593860154,2.192733823234326,-3.4813836078858564,-1.5339326615040323,-0.9884577542020747,-1.9850872334380196,-1.4947769113076337,-0.7359580323597362,5.051864230238832,2.815496701190558,2.0742428735888434,3.6228716038066087,3.347304042758824,2.714905919412713,1.790498212891339,-2.5033232070209332,-3.0821251897410167,4.237354299650994,0.11195558375430802,-4.012770634532775,3.872962214700048,2.8516770713115083,0.24880125686429796,-2.2024841499721286,2.473152938400283,-3.1753690899159444,-1.5339850298939333,0.09686917345181244,-1.3748890193997503,1.137747827921914
