node,PC1,PC2,PC3,PC4,PC5,PC6,PC7,PC8,PC9,PC10,PC11,PC12,PC13,PC14,PC15,PC16,PC17,PC18,PC19,PC20,PC21,PC22,PC23,PC24,PC25,PC26,PC27,PC28,PC29,PC30
1,-4.3092729425579535,-9.998823784736144,-24.54645339508768,10.770438354904952,6.749817288488503,27.934208192959108,13.958139259728515,-5.4787162497891995,-6.166602348054533,7.286247459669329,-1.795661064781715,-2.4354702292051806,3.582566236374574,1.829473316223957,-0.3643459480135173,-3.2119955569791334,1.1484216134126242,-2.174251733515631,-2.5564512739084564,-1.6104973633426336,0.8899216190160821,-0.5966509025320301,2.5749124547446005,1.404603564802579,-2.707128654026987,0.8417288566502688,0.338869370252149,0.9040765755192199,0.4703449510570258,0.6391268263335153
2,-5.665977314268716,3.9853885124629436,0.3416700484647511,-3.2234699156147846,4.057111887359562,3.985256237525669,-1.6069716150423479,1.1316571670642446,1.219251887928818,1.0885606324984833,-1.2215487407140544,-4.169977657524052,0.5106050417938367,0.0033188381014989674,0.6645096657478998,0.10567900711248814,1.0538843642130808,-0.4566112318521834,0.43131961658048995,-1.9606692292565049,2.1128957959610952,1.976520469637483,-1.1255794460377533,-1.5712302628360264,-2.231446477752568,-1.5465141426104383,1.2397243928846966,-0.6877487503808873,-1.2438715775460396,-0.9969469950027086
3,-6.687740197229288,-0.7833692488448448,0.44472609316720424,3.5875662782147058,-2.7081806405709092,-0.41742624635928477,-0.13096588426859304,0.20351965549466675,2.1012080322457614,0.5908233687831631,-1.5054277987940263,-2.648771726222945,1.2496472506979246,0.09801698235266507,-0.7134457915326338,1.5127167824598793,1.5133654620712769,0.27562150702953103,0.3858285604864233,0.8986573026997379,-1.8615028503785378,-0.464672218313199,-0.6599330051211925,-0.6219652851452933,0.016318900744989193,0.20928021937150856,3.035167554136494,0.074466588795888,-0.6005606672468929,-0.8950769418510698
4,-5.978671959522765,0.6049444475725593,3.0240862157957333,0.21102610791369783,1.2696872393081433,3.561153952730532,-0.5881056467495783,1.0923997714628595,0.8845904327565262,-0.8878076818968695,1.771535345532778,3.2333607511577283,-0.9782941949683346,3.234833166950926,1.1409771935437543,-0.20404002727157694,-0.7438996974728547,1.741834922822686,-0.3496623862152806,2.280616830344079,1.13773385076306,1.972002504439965,-1.2210582933095413,0.9275735278511159,2.407902746431468,0.08093390742091398,-0.5029331498960955,2.3036350756106465,-2.3797930273555044,-1.7973593917012751
5,-7.864118612501419,0.7933035219280568,0.7005487256249319,3.0828951142883136,-0.47717334752805934,-0.5060286538775394,-0.6202219361354349,-2.5567169500839197,0.9781066726932056,0.6457373881675839,1.883862389055712,-2.7007534857951154,1.7137501959033785,-0.3729586177395166,0.20018768370465934,-3.3303995448298362,0.6347022340044932,-0.001023609216692859,0.5720708048386939,-4.328491613983991,0.9849609558968504,-1.5639639310397062,0.12347973034449444,-3.9715591009486273,-0.6065670975446277,0.5234002774216252,0.04409887830659087,-0.7352635867399628,0.5993517256384201,5.194740294487714
6,3.3224226458698936,0.5871906881012252,-4.766305337134284,-0.9410125063973749,1.1783821956155855,-3.053298457636673,0.010597525160159193,1.3481354952808378,0.6220615629958403,3.3269625817297785,0.889362273762807,0.08179657703434261,-5.18888773803796,2.631998876638565,-0.668126343324112,-0.7734930371881932,2.0253247780906314,1.3145009628267341,-2.405184902954668,2.6681408352134635,-0.11425778416878689,-1.2447574711945866,-0.05687731263319316,-0.5157826674238548,-0.8874795661073627,0.35848543643593833,-3.2388276267035927,-2.059860324896702,0.8540158601172926,1.1940829805603994
7,0.27567639365848945,0.727778243823706,-2.102412751621144,0.09996587519050104,-0.9474070572264415,-3.6662836022214087,1.7101664346381165,-0.46332292841884326,-2.1942004436301437,1.3885918877643604,1.0468964375520906,0.03228023050881583,1.1361484685391465,-2.1884018984969704,1.0134754198918239,0.4382619798601554,1.7689651616168267,2.6028594611388836,-1.151812671256807,-0.6330281368500029,-2.314524466871034,-2.1250077577868383,0.4327195731583961,-0.43627196437207955,0.6789139081780459,-0.192269389595579,-3.497733429670484,-0.27210019291628124,0.7355261939085624,-0.2820643993625798
8,6.741297941818378,-2.9465791475548255,1.156910104270419,0.6166390730812652,0.65379067335735,0.07555037189237612,-1.910250333670975,-2.3958035503410637,-0.35806038144630015,-0.6350823140470259,-0.41968465444455366,-1.4841945435889843,-1.2303723318928796,-0.8710805971797753,2.10998634802583,-1.3720603021982019,-1.5891953255615001,-1.2211898724074195,0.9204130360343501,0.25629504162077077,-0.07397411112780904,-0.8636463354220559,1.2660221916830927,-0.9653092151042213,-0.07947641145717738,-1.7505640228443857,1.0593803826771142,0.7902508297954112,1.9776790000551903,-0.640181616779678
9,-6.6114173239029075,-0.005047475027474015,1.1831795437714652,4.172685404507818,2.940490522987578,4.48247909837207,-11.179119378029819,1.510833888131554,-1.3198993672775092,0.3477072697443043,1.955362760726614,3.315352353112702,2.227209116372205,-1.0154437244280372,1.517280018919182,1.8254582718799774,-0.44916335257490214,-2.4587618869805428,-0.16843727990365662,1.4092650039749253,0.2563881108357558,1.0608823150215034,1.9988633349479312,2.8179940056342243,3.9151804510021466,-0.1414231926343037,3.0573461475024715,2.198969109318621,1.948696441501742,2.930234161321224
10,3.195446296513985,-2.2754557776201714,0.9558904350613412,-0.04795853607863279,0.2562038515801982,-0.5769856189199067,-1.140544663318513,-0.6617162813445846,-0.7681531671561644,0.833996328713665,-2.3128343898916186,-0.41740564546368003,-1.4567115446127787,0.40135885727489173,-1.920527203465408,0.2101277771628277,-0.11885683470629457,0.008032699106803832,0.3108056623976552,0.9849258654111536,-0.37722838243828,0.2477233103515781,-0.6375087609962606,-1.2610326067429998,-0.6327586125625706,0.5332665018811137,0.3039582927487344,-1.4202811945271163,0.24530916179035026,-0.32815666983403124
11,6.499376189591955,0.04168512485499664,-0.6296981729853011,0.01297595051205936,1.5254542190929727,-0.6486174334459069,-0.10488716581304915,0.5085815613992462,3.672086705496904,-0.932878510521724,0.999817910738669,-2.5310259525144607,1.463733971031523,2.253820262329116,-1.3231531279825326,2.5571425696664245,0.17079655096048263,-3.332229754736527,-0.1774280580292505,-1.7265232552668683,-2.04445446332349,-1.5962410290360773,0.9474138094196232,1.2640316433411105,-1.0679376787279493,-2.483673263957403,-0.050204059488231284,-0.9798289876630404,-0.6660655828177282,-0.22039327844196235
12,-1.6359945464165604,6.311539089211826,0.08800241393059623,-2.4576486064969525,3.6242801184279574,0.8296152114276486,-2.6844803788226144,2.6428116080296884,-2.4904883719633992,1.4725243402695067,-2.245629840178987,-1.8141325676813613,0.5902450817630803,0.5938375914773699,-0.5338259566263183,-2.143451967869779,0.9378297840680943,0.6829614517224294,1.275585290986867,-0.6398870880063603,-1.257517143324142,1.0715573090599129,-1.193412864878899,-0.7553392116340447,0.05291631246618692,-0.5632381809049097,1.3958126286897674,0.5037803414995158,-0.6041474189169495,-2.2158743986734684
13,-6.027984832593517,-1.4003033250822925,-3.209954615014128,2.6429875152059377,-2.786018343844508,-5.939535755823466,0.008479429736133175,-0.9083460717816606,0.8597325298310018,0.604013951603253,0.14647757585192409,-0.6449639381464277,-0.34776465987495647,-2.0908787239124327,-1.0515277681121586,-3.422659668912418,1.6588502892474337,-0.08701902565331346,4.007616005955452,1.5503525355803969,-0.8136516319800392,1.0915931684630567,-0.706327060205765,0.43354674946025096,-2.583640195591788,-0.5764403415975947,-0.17502611062114934,-0.8147629266402581,-0.29874162798829323,1.4575985328300423
14,9.65124525418896,5.358024927358293,7.287361207741881,-0.5281149916762118,-8.07913061623631,1.6416598231004595,0.14099865653746538,-0.049434294043931494,-2.726357077561722,2.3776249174426423,-0.5528213418150664,0.19647312355806004,0.26067457394531424,0.5702534568503327,0.8327827914123498,-1.213448742726133,-0.39031236203304226,0.13364472823302642,-0.5748452382287493,-0.30971845926497166,0.0434207893409529,-0.71875904448377,-0.23610524779200323,0.28198164644252033,-0.1570145189192524,1.2781215172526466,-0.5126836340324282,0.05586575973772972,-0.3435188515923938,0.8977285660035603
15,-5.1385199261307095,0.7996370009414209,0.8492619642967107,-3.339607354397915,0.6066067531356607,1.3804329951293646,1.5353645951663226,-1.5978317143590735,0.8669551755268217,1.245367042138767,0.709507511337424,1.441733449325096,-3.8235701542830425,-0.5662528273333151,-0.5082316000012661,-0.2545825274378175,0.7687099937945572,1.4669085108797904,1.6401675627711212,-2.1793421191747218,1.1143373898175906,0.6135421031250888,0.3439089447781702,-0.7907687949494213,1.4900516183360912,-0.5749148126136558,-0.9503007949730689,2.0696048540154215,1.616141357265072,2.9957697351312076
16,3.3954223650261808,-0.48864951328550726,-1.181769466743911,2.1141690592096833,1.6427960472521201,-3.156605966971802,-1.0089105173315234,0.35014165270623115,-3.063716015960147,2.3041957012550904,4.194479177624328,0.4708233425499801,1.1061316183527707,2.2348733743623375,-3.554896882314647,2.9537387831899604,-2.427336998735997,0.031765806117783846,3.138060453336775,0.5679388935316694,-0.5336295318667478,-1.8351558257197993,-0.0474595154057548,0.43525750207390507,2.973149199916392,-0.9638640149618511,-3.8329023299040945,1.123005475201324,1.365534849058883,1.1111745046936061
17,7.6491127732447435,-3.9013940435914494,-1.1661098489314246,-1.1266823566401218,1.0761658685322002,1.6200290246812343,1.5245388619350162,-2.7607944454067126,-0.8421436741553836,-0.28695587004494494,-1.1421433771603946,0.6506919584278091,-1.8591220818997976,1.2502016535385068,2.161989011051263,-3.933758402640914,2.1970623385993058,-1.689343993800687,-0.6376702070201381,1.6399484982610388,2.734246384432283,3.9181912103934846,-1.8887110004351662,1.8406342615798972,-0.06585137098097493,1.8346603670888435,0.25704930595012665,2.1076901423459966,3.9364054488204347,2.725393310204329
18,-5.620192710812546,-3.629544817821969,-1.5222546974645461,-1.4635137600449828,-0.8032303644920623,2.4748357831404637,1.3821586742477687,-3.3965456237608045,1.0629711559891284,-1.4305988379124894,2.0567305721268623,-0.3939324063411475,-2.8223303368526613,0.656176391431634,1.8096109568956666,3.5650554104696397,3.655728693507328,0.47625465841576103,1.678109019350487,-6.716086753842589,-0.3735664953189995,-1.3966978960417822,2.2123330733404125,2.361382058739913,0.5973314841525033,1.9712070672971826,-1.2437430099653795,-3.8513030798989174,2.0510847976521656,0.19745887651776278
19,6.483081492696868,-2.6832086475098964,1.698265470572343,-0.23530166040976452,-0.036492199771346566,-1.2752687738878699,0.4738290066334413,0.17681251693876082,-1.675198076502491,1.3774900127642362,-0.4827152683433674,-0.5317094087207296,-1.2361158023420507,-1.1416376852913859,-1.5011070767772823,1.7024348429731535,0.28597650475463837,1.6592949444659573,-0.13598100685246664,0.24763354646462413,-0.4679236706437478,-0.09392112242597239,1.4718971482062442,0.15824140873727552,-1.1957756682896417,0.6310845729104971,-0.12905039850769964,-0.4378788902463626,0.5477250903206655,0.7626013280846305
20,-8.208493969640331,-4.668103231755275,-0.2557768362392846,-4.811085488418906,-2.0606172038729356,2.7923105373807418,1.2599882805506557,2.6198731978763288,1.967297422015927,1.9397645162844133,0.548397127579076,-0.6162405105069937,-2.103398396708774,-1.5856158223245673,-2.9800469451731098,2.44303232159031,2.3643610611936596,-0.0390766240717633,0.19568788845297969,-0.12797278673195353,2.5505460709740473,-1.7531988280003359,1.012724592923202,1.7975862343135842,1.3788617603182944,-0.2680950431536615,-0.22771600800186154,1.3165409026019612,0.5901993577246152,-1.7908388770092274
21,6.0533969115476625,-2.0772710039663163,1.93653223416314,-1.1376776915446976,0.5090805590953232,-0.03886085034776591,1.9949159392243878,-0.42711798153193886,0.47432638345029976,-0.6958721482554396,-2.275599323012841,-0.10613682038674378,0.7643759240161645,-1.4612562249292926,-1.6186989091271817,0.4302619481752497,-0.023467424886320098,0.8244074243496848,0.8720203757041307,-1.0932230262037776,-1.351152922584035,1.0701874249951158,0.49015472604215865,0.6743567476868808,-0.3044706386104742,-0.8086644571805209,0.07836326336292654,0.9668965871850861,0.8698596192900352,0.14270723105475006
22,8.825771317124836,-4.319871077324999,-1.0223082406694233,-0.09583389958706441,3.6813672168580327,3.71273657927409,0.20824016536432546,-2.1531462199234426,-0.0014271419186232524,2.325223801700252,0.33428511966736996,-0.5412643502437586,-2.24872042416049,-0.09504977332986438,3.445697927376528,-0.04294783638160997,-0.301641965627669,0.024606782722473474,-1.9514002770809482,0.4521008894398757,-1.7684377626392016,0.15777173242024725,-1.5078816852593317,-0.4132274543015498,-1.9327740909364726,-1.2713806271339527,2.0975440121037985,-5.851909331419198,-1.5758679129454067,1.4779950834815643
23,1.5942464632189979,-1.6467846870902383,0.36481425034814263,-3.2208479931332885,-0.33747029154500147,-0.20373793104491894,0.4156299220534902,-0.8635602529897339,-1.3809699301349536,1.8327552157136657,-0.4862745695857282,1.0553363021149558,0.49448739766533023,1.8504622103087176,-0.21216165802181913,-0.9103021569861657,0.713314555588529,-0.723539926238817,1.0492141848769834,0.1479572361609103,1.0024252449286877,0.1001571392358203,-0.1453920783742249,2.416292329597678,3.0041780636947846,-0.3677753573377439,0.32698751942254944,-0.36708981701689775,-1.3094962301359077,-2.7767115905947652
24,-6.417719742899303,-1.8938367729283565,-1.0011839412538022,-3.879144194498696,-1.8300887498110237,0.7219672398764608,-1.1881942488365993,0.43740684808008073,-1.6244612249429933,-3.5218912990820996,0.8554534142181476,2.0139672657699634,0.6123296812184307,3.0140101754801143,2.0022359934171203,-0.462335614172955,-2.8593936484464955,0.506188263815267,-0.9540318287049521,-0.480990204940117,-0.5187852060508101,-1.4514465847749474,0.6583831356617207,1.2227060883513599,-0.7381590092721009,-1.5459953914032076,1.9693068120359145,-0.21962921000576807,-4.281084239746152,0.4885636577742031
25,-4.283370822599403,0.3969231904923903,1.2651070864703806,4.7179905997345415,-0.022507465164432545,-2.0131927082073946,3.6542991037034915,-1.6544195047249124,1.9774286162094667,-1.112449384117733,-1.0891722763305265,-0.4812899742957774,-0.06340758317745833,-0.5564921047397939,-0.27494952472598516,1.8562889214120297,0.647711276850816,-2.1509190675341316,-0.8607598320658186,0.964318633433225,0.6701162634332248,-1.3673917782091902,1.00929688843861,-2.211917091699185,0.19055262513463528,0.1765108400545728,0.5838505160116697,1.395019584434953,-2.3600487113840005,-0.3446859820142721
26,1.1239273952098632,-0.023295704398716907,-0.061925269844208576,-1.987258291422688,0.9744191641907031,-0.6752324441335519,-0.2263861943833541,-1.1234160274710023,-0.46496676589803637,0.45620430218155955,-0.057830143671329985,-0.9226939913633974,-0.3036163514702727,1.7183429891846222,0.16794602226004715,-0.25087601139529486,-0.6501046281873281,-0.8684593007729103,-3.277298450032575,-0.09725785416911091,0.5264352838635075,-0.12474302807595146,-0.3511836746088954,-1.6545121974668433,-1.3815564371927607,0.9431616387035157,-0.12319473571224068,0.3604549170811414,-1.5068489771187554,0.1859311696319616
27,-0.9553530223763448,8.434405742403705,3.2566010726650396,-0.3933989872183111,5.254694907327146,2.596830034036787,-2.6703290897938143,0.05577812175949154,-0.7526666116912922,-2.4285668913527108,-0.8238911552534542,0.9548956849333684,1.3227245565945023,-2.104838273327193,0.4982201206156794,4.297485807669513,2.570049677622412,-1.2510472834238637,-1.127812782199382,-2.337952682322012,-0.8609914585197143,-1.20659795934661,0.3406130658759106,0.7907355588119899,-2.019060242175967,-0.6011053392780092,-2.091513761214452,-0.20711843753700215,0.25418562957687046,-0.41938047302727754
28,4.9019864723661435,-5.371363121164345,-0.7248433672945674,-0.13661663103976,0.9562889591021327,-1.7478943825547455,-2.6583466968933527,-2.4103048653988015,0.7543549941787593,-1.3766433017108484,0.9510375853307887,0.7965530656160134,1.3425855649728013,0.7342979484633415,-0.346310134567894,0.42866689284104087,-0.22462226616047573,1.8852583104757894,0.329681000388134,-0.5963832152096952,0.8437823422907063,-0.8507639597686302,1.1449227800160136,-1.7645069739897747,-0.6775780629549638,-1.8064752049862947,1.981318566087391,1.8099012238748826,-2.500652778968316,0.27052335667536465
29,-5.5379444740071175,1.1535129891543694,1.7838555150915218,-1.3705560553106502,2.4816864294720817,0.7705121467733143,-1.4504178116884494,2.5518080966908196,-0.09381371411163947,-0.37577155986121596,-0.9592771548162198,-3.421194471848413,0.4122017654929544,-1.660895312626358,0.5613719810533708,0.4458285438134364,-0.736155877260484,1.5319054720849745,2.460144854372969,2.5253926479827764,-0.3909995230541628,1.0659268064203562,2.767685486571346,1.4304222330018643,1.6244885587639866,0.8643666160177034,0.49158188907468625,0.385407892901989,2.187042486961011,0.6489939299186706
30,-2.1599999273119894,0.12054186192177263,0.8280055563393744,0.734030553325558,-0.16642970699099885,-1.9755942120696375,-0.12469813143157515,0.7600841917415967,-0.012129719570953285,1.5705261401864954,-0.26921414557567946,-0.8649000236392533,1.15311950978296,0.6373520927451763,-1.7514755690609534,-0.5381582141099467,-0.6529056437172245,-1.9131246911760769,0.5618072837692337,-1.105730261750244,-0.3323679045521238,2.0494356998616254,2.252196240783665,-0.3268832007376981,-0.044824047681766455,0.13777106947759507,-0.13942377697500039,0.5891214681967464,-0.8373679905879153,-1.6810822075651992
31,-2.4942645583933483,8.773408340915768,1.1195763708967377,-2.6663147528709277,4.590613533124685,0.09711790002536433,-0.9576347178487945,-2.872465558205449,-3.492718414060524,-2.579056055836853,0.9334374843603565,-0.1892401890508281,0.2916820332879067,-1.87909400253908,0.41724504756291914,-0.5322360684804752,0.1563859627003709,0.8617096383494216,0.7035119715982293,-1.8842606575678604,0.3255025086384557,0.2034532971546179,1.9651651843333164,1.0451702054315901,1.1515077134760847,0.8085303384334029,-1.8776960629014094,0.7469724515043077,-0.10428677977955128,-0.8313582590624268
32,-3.4826472537666224,1.2831516012084965,0.4723648789309007,-0.10216398772320794,-1.0672543249428188,-0.8994519932448235,4.0413803146695635,0.8917822459594014,0.8175422633857193,0.6029656082943884,-1.7009937138288052,1.5597419497950054,-2.2898563900740068,1.9625132936894933,-2.162252554767076,0.8437383171895508,0.22276970834865542,2.3241712021032077,-2.227910695763785,-0.1301901077518506,-0.28909196566729917,-1.069009808980163,-0.061648238394567456,-1.639330805134274,0.02260005353263907,0.02711712820499633,0.7808458526331897,2.8612876040994863,0.41886929643466847,-0.031674190511954706
33,-5.513341535336621,-1.764263889581701,0.6713740202183869,-0.5057358252490706,-1.9328667352569502,0.8379713533044826,0.6580297037588434,2.2152513140535577,2.7919996178871602,0.30192958199833886,-0.30043009479618404,0.875387948522369,-4.093607178770327,2.5684111914453305,0.7066523729847087,-3.4156986168297525,3.040217515138286,-2.3032516679387434,0.6070066353847489,-1.077786185097793,1.1456596408039377,1.8358753270499288,1.170087128877571,-1.8559886315940515,1.281228047181055,1.6450926747049974,-2.7076825152419866,-2.8552629746553544,0.16353839467674489,-0.9503196095208711
34,5.358043556818213,-4.995593093044314,0.13432070071509553,-0.4473409561372285,1.6311534028253771,-0.4538662696814873,0.03409223785810079,-1.6002664111872844,-1.2189753656903815,-0.29091562766855006,-2.8827205367417896,-0.38202618027957,-0.527628589573668,-2.2548999158728034,-0.11353981409571261,-1.4958525349211615,0.7906764728029357,1.3848467575072456,0.7284927879842275,-0.23975891932413776,-0.6236202053552219,0.3146607146619796,-0.27080445043074686,-1.361354779625715,3.1170458234968597,1.9000973423626768,-0.6020406862987715,0.8338744483259836,-1.2720772629169363,0.6077293317430869
35,0.6633218894541465,-2.709155505807805,-0.2583089116909003,-3.4299494705663798,1.8745682909514716,0.12350482771727746,-0.8191156817813884,1.3394575687186248,1.7979457450927634,1.4490183459652792,-0.1380235098706638,1.2163328049157032,-1.592785218266559,0.10903973550158545,-3.2322623106749315,0.1801614792663252,-0.22640325409212672,0.9735794646835056,-2.607866095222593,-1.276071738197139,-0.6411524976857417,0.7778565227122636,0.9184307119639649,-1.8304929316763294,-0.04563217008731464,-1.6016129582628749,-0.2779217542435511,2.20955218776825,-2.985807071659492,0.0022823054589169688
36,-6.4955691395469906,-4.405800680784044,-4.092566450877367,-1.470915346551706,-4.164728414381953,0.6208258515461738,-1.8141743881311947,1.0378230698460957,0.1189973738689262,-1.410566737625165,-1.025990421080079,-4.940981024095954,3.5216876088188513,3.2408016439121967,3.592666668401391,3.0010721148777013,0.44629464452490347,2.6067744209361625,-7.346381804751367,1.9360155109203212,-0.12026959119113152,-1.7579246767570886,2.26284290960629,2.7122290113192933,-1.5054718935233486,-1.7594290938034027,-3.4599615619757667,0.4011444462101602,0.5334605049369845,3.918946599400099
37,-4.16628081647875,0.14475886285098938,0.182474837103899,7.833174768089591,-1.4488124117401522,-4.208837605134972,3.132723572477644,-0.9066398161284596,1.9251294472028329,-0.19810798871633792,-1.6271949756683997,3.5572807106416207,0.07412549079155066,0.4996566771809058,-0.36703006189255244,-1.4789719114669013,-1.162041801537442,1.9090370281375377,1.366849644637421,-1.12921020344765,-2.8843865370064496,-0.07483082455138314,-2.466863232133895,0.6173673753887841,-0.7030777939086648,2.3038228023874914,0.21967337322525188,0.8891336292565482,0.7716559556393774,0.6982792079442737
38,-2.433103658761884,-0.696216485282617,1.5321316884259806,-0.2961630382498027,-0.8305529402957049,-0.040790614044506804,1.0228088806072653,1.4652161496207008,1.9533770005025821,1.226716264943778,0.44990133081392214,1.140665211872018,-0.11572713847453862,-0.8091649021478703,1.021396881186649,0.12560631747101544,-0.5461602346633484,1.686039824264558,1.6843918264144382,-0.8368114275807,-0.7664148687160312,0.5711081320864053,-1.9146963586110515,0.6157811991034292,0.24402312470428292,-0.15705682660702644,0.5995685734529566,-1.7799186062459351,2.2153246845950663,-1.350838087727225
39,-6.144414477158074,-0.5702004356940544,1.392951619301202,4.55824172806607,0.04258921995238756,-1.7032785722989026,1.7159514543137184,-2.3366053313126547,-1.4237649057243404,0.1735990714556698,1.8857876988654718,1.2148820731541214,-2.7831311083889965,-3.9661304241348017,1.327893333366569,0.5681016772833632,-3.061231360477539,-1.0923422578125026,2.766031130782922,-2.3808635238338707,-1.4059720873755814,1.6123297524613955,0.8997823328123598,0.8069668492422863,-0.671792446420735,1.6900652503137168,-1.7031148583681501,1.203869165638591,1.6980391445213316,-0.7598870016326658
40,0.09798868926673698,-6.414875272396476,-0.5875162888816926,0.11146235612095791,-2.3644197604802453,2.3439431018910803,-0.14683071256656363,-1.0772423491195535,-2.296120403190416,-1.2842152381382146,0.8106696191416194,4.044765786767943,-2.1930419118624305,0.09046551016050133,-1.7812080343105012,1.0571572216540372,2.889445037867816,1.7495405677240907,1.3017985310009335,0.815703637816713,0.1489166629831401,1.1444790069625594,-1.7317753880256441,0.18531645490783094,-0.27564985798959557,-5.34751944553983,0.2511891367999409,-1.950259561483332,2.6476191830595677,-1.1649438170950035
41,-7.6151826373280675,2.107130003902856,0.7934686030313264,0.6532210468248277,-0.07531270925350252,-2.4343251244488715,1.5372137155540435,-0.4113684883570808,0.3639821605808391,-0.750370602737379,-1.299778922144271,-0.33735604262127555,-0.8792177235663173,-0.38284456079832196,1.8757672585909253,-0.25483619923129763,1.3942325470917338,-0.2856179257434855,-1.400573376182385,-0.6990730339530168,-0.9552499919947325,0.9947132629468175,1.178011765027583,-1.8758784194998417,-0.5885374892863278,-0.14512122580884212,-0.11982508537263757,0.6748073887187567,3.449903648083896,0.8821828309804151
42,7.9157972037320885,-4.39321145961754,2.5771961142478714,0.00033245394203147883,0.3317301677699499,-0.016708718044620957,-0.49596901495301227,0.19769412673705047,-0.2761462938648416,2.024120607333715,1.0225160337817494,-0.1957121452102662,0.7956623845176786,1.7986923101594556,0.9065902071825259,2.324335591849763,1.1564369169942788,-0.5642802495914314,-0.6193775536767608,-0.29381160755179087,0.13620431746495315,1.2446387494421551,-0.20485348847123863,0.14309923072064992,1.9361475459227069,-1.0763499921530801,-0.5702211906036627,-1.0172374921696832,1.2588334625434177,0.3222003866941405
43,-7.548642970191919,0.8789420407358894,1.8653054980202382,-3.037820202185143,-0.9631218102207219,-0.8712350821535508,1.9611004522868212,-0.6710443402994339,1.9073913624858587,0.4352246129553193,1.5084160396894406,0.38751722900586333,-1.6685663360445533,-0.5991247194717702,-1.5536821896122377,0.8883316139545405,0.8065635543114447,1.7534523329542064,0.1153867000283782,0.8986005151829889,0.7386820855775976,2.1689657276838377,0.8448864003798813,-0.4170683367903851,0.8748074551931995,-1.003616724477152,-0.9132038285315602,-0.5512866608035126,0.9098736547792584,1.690402949088266
44,6.184150418386275,-5.992306454168251,-0.7093294505337632,0.0036005924447036933,2.1988259994573482,-1.6870264375372794,-3.2615115147465814,0.9840196042233328,0.01582834616185339,0.8982298738842286,-1.145954471005756,-0.3784494517958427,-0.39330831809431005,-0.17663517582376836,-1.7504248976277412,1.8095657039290591,0.3707620614456184,2.6780107805623437,1.0722826926071631,-0.156937409293139,2.9868349021926632,-0.8966812433987403,1.0779794358780619,-0.31764685678478805,-1.0220181018805172,0.8761218479898942,-0.8422883860419107,-1.6983266985665981,-0.6949550137507536,-1.6177406788954802
45,3.039499385025943,1.047639252192545,-2.14039277929372,1.085468374459514,0.851055426786844,-1.9858323941113003,0.8109088454637222,0.3926153007926292,2.7977020912779076,3.7131435041891696,1.8136866284233844,0.737711317476573,-2.893918266059718,0.3332418882497368,0.08133043216602416,-0.2271846410776063,2.4489640409787325,0.40330178459044685,-2.6259445098786753,1.9036568026307625,-2.468605944900536,-1.4927863010942501,0.19932890414657206,-0.9107395790913085,3.1538406226077482,-0.009061948895132885,-2.750236783962619,0.4326611628236114,1.160472254820928,-0.5326988884601491
46,-6.963817009174098,-2.7034254847578127,0.17856461904393123,-1.5159689696719736,-3.0326892144533173,0.8126617943635398,-2.524739776022169,-1.0159507189510735,0.48267996119841033,-1.6660595462402916,-2.348766202533502,0.7118818521264795,-1.7913459882252094,-0.43821910333377906,1.6724739518628944,-0.9486005927888105,0.28083684698471933,0.4719524329366805,0.3694336417768675,-1.7836633809252573,-1.6283570208027849,0.46931548283884744,-0.0834804376021335,2.476363920842044,-0.2467114849551362,0.9456512996513664,-0.9636803113004915,-0.6440715584189343,1.258575793912671,-0.27049768876328273
47,-7.8521819032094315,1.8216645978779913,-0.1669279655222777,0.3002335396640453,-1.7422256579369175,-1.1318171850992607,0.9005445189122386,-0.684960751618833,-0.10577687407987997,0.8605293840342767,0.9829327143548499,-1.7974057812152209,-1.0237240668311824,3.265461209229916,-2.5042607782094586,-0.6129148549889197,-1.7293013862281739,3.750033299901755,-1.8374341519686945,0.7568723093466105,1.416900626533094,1.2199051548248954,1.3504641278025253,-1.6816300185261552,1.1059184155883184,1.9009373584843423,2.5501576618353123,-0.3643719305605499,-1.1298166571076835,-1.9984486808520627
48,6.162383058433321,-2.1776852316820654,1.329847992647326,-1.1065686240481016,1.1035625205841304,0.20866487611252293,0.5053794257583023,-0.6304043612055242,2.462124774905567,0.4278672816979626,-1.3008783255946292,-0.5441549291969118,1.025295952119974,-0.37769963312590843,1.7548900471456985,-1.350195693719925,-1.3765451906655195,0.05340148216922526,1.393838630850552,0.011280243565303414,-2.2420623189082636,0.1161093340236071,1.4648822562645318,-1.8370369288642088,-0.027185949908549386,1.6592345962032855,0.37041877621187663,0.3756989535744944,1.876318122694582,0.6928738263806269
49,-4.775791264999778,1.7452959237704608,0.19252007803173563,-1.2914763513304763,-0.26047760408263193,-1.4976873948107199,3.5623257681821943,-2.2882058129769782,1.2081136265248331,-1.6302442588292023,0.7699008089236823,-2.7354064188622975,0.13213992554353704,1.2273108398641497,-0.5095333140849249,0.6020619882048894,2.453431171517642,0.02053133664071347,-1.0411319028833994,-1.011530592233411,1.2874991690195852,0.8878737667437949,-1.8519778272922944,-3.748079015931718,-0.42713991013979585,2.1810554574760546,2.8843260545488634,-0.058159871779810725,-0.4612406957159854,1.722268522161837
50,6.741401475889888,-7.054389031763041,0.13805556565411664,-0.8075398714207765,1.6559301253133585,-0.4164900029483961,-2.3850394215858417,-2.160093087751851,-2.245618340550683,-0.3363342855997161,1.6097370508177269,-0.02805819071952781,-0.60429336993224,1.9944652894934398,0.6189159042197536,-0.5868985716454477,-2.7168491926497316,-0.18052005697233398,0.4711767283735092,0.5469277597579013,2.026330797574747,0.8138918790003298,-0.12633244179974115,-1.9232410373220508,2.1522529426368595,-0.5286743301395627,-1.4977701448708456,0.3835110842329571,1.8949744126241574,0.4944630262666183
51,2.1110431679580377,-2.220800478611865,0.23244868947266803,1.0475523888515983,3.341760846231374,-1.1482304325257513,4.106509826051038,1.2712250594812147,0.5537628152927667,-0.40764255611793604,2.663805488143732,1.4852928070844837,3.172045155525464,-1.3799199463978606,-0.14631573128774175,0.9180268986608106,-2.001547522383112,-2.1292242445481047,-1.234667517516702,-1.5819054183879728,-0.09018022777369099,-1.0540702409915852,3.1695934954131877,-2.6031799814951038,-1.050310313304708,-0.36147906389582385,0.06886230437874998,0.08363831021980783,1.5116366061539939,-3.4109497451195976
52,-3.470032570305391,-1.1545084008766693,-2.172992658031973,-4.00851266150721,-1.0512395704355386,0.05157592860684193,-0.22702460778852626,0.28037521170837,-1.0532882613529364,2.2221778541505457,-3.9728696448011886,-0.7391913449087603,-2.2787360481385366,-0.8049517361458494,-1.341767573528605,-2.036328687560521,-1.853227002930113,-1.5977632849207877,2.241441731303247,1.6360494107598127,0.27751941919101136,1.7048640990865398,2.5821884374630617,-3.7237052899722363,2.0908439843291955,-2.750983478607074,-1.06361771166624,-3.8571511357273907,-0.9219097182613906,3.311750759771851
53,5.876280927618181,0.7284482991206006,-3.4957501867557332,-0.8187953493745465,1.9356538088210018,-3.286006490066478,1.4833472792867823,-1.2375907861110058,0.748030437721942,0.0490613551249364,-1.9048860154455336,0.6348838843190948,-0.6591874704939211,-1.6191631362137797,-2.2760467798056054,0.12427064890199731,-0.5893863495133628,-0.756098258631218,0.09612347588765204,1.062829554496927,0.9952991412892057,-0.8542676102838298,1.696875729485656,2.104490270468277,-1.1214070493175514,-0.43333860053011763,0.14742922950252185,-2.024941114738015,-1.8487040269212929,1.1417495828748736
54,0.7107513702617517,2.6297174728629455,4.543441344439273,2.67484686998763,2.6282589833197454,0.9447329111065387,2.2503585652882303,-0.6128691637472167,1.118211303827957,-2.5673903160493365,0.7166870938060329,-1.4093998150675724,0.7249131901164164,-0.7862231955210602,-0.5813393835799773,-0.3761699189468712,0.2713823757186191,2.6126894786066384,0.15850860074425976,-0.227751665516305,0.5589024666762221,0.4512013067554468,-1.9684331082353126,1.0635347866095604,-2.0782137032081867,-0.9231939220697876,-1.119026902659251,-0.685890705477893,-0.5651800873652836,1.455848898451975
55,5.518721394984079,-6.135315637709913,-0.5040464213860588,-0.42292597632926254,1.8055146749807958,-1.465170317404021,1.790315855298809,1.4190621525657774,-3.9547188769173993,-2.5775541310731063,-0.5447248193564204,-2.9326640846883434,-4.488797619453379,-2.655509133026486,1.1172616727559062,-1.3565266485903735,-2.0308829894597036,3.2408830650274654,1.2154263908600003,-4.51078097587504,-0.9581937055225164,0.9845768525202209,3.2071736780590365,1.934380233955076,-0.09005262562346521,1.2788288530126917,-0.8322616457604795,1.1405546458606228,2.135581531810572,1.1954777472414257
56,7.021011618006286,-6.003900753581991,-1.4278790655350038,0.24980823393695545,3.2634520133206357,1.0197715622306787,-2.430333387088292,-2.0200607232910337,0.6122207598817729,1.0897069646764748,2.8827808854200954,-1.0689866351920585,4.101246221375018,1.8105658188491853,0.020682669748107434,-1.4398598481133005,-0.014341190064516618,4.613706283823493,-0.3821001417847496,-2.336165780135062,1.1840257716072087,1.361408159922292,-5.0923586758303285,-2.161992955350282,-1.4867421703147865,0.908709751015625,-1.4031947088708059,1.8029712586157371,-3.5009224025160823,-1.7763557011647295
57,-2.406339811535843,2.2409338157830883,1.3366330299103228,-3.5816499452847927,0.036379924526141305,1.3756317755126697,0.8870002617925509,-0.3930503183495714,-0.20513436690517842,-0.29549170708916206,-2.1533369768270063,0.6471935305145454,0.2954168085475015,1.5329776286730747,1.4686568701620148,2.293746632759705,-2.1352033274042057,-1.7767564005987353,-2.4364892752851435,-2.21520623915291,-0.2912352472877253,-0.7826114818134837,-0.13321288880673682,3.2891269645207144,-2.196989286879169,-0.05936006398788228,0.3655996274657056,-1.1529560808581572,-0.722636230897566,-1.077272796529358
58,-4.208310791736569,-4.551224110894731,-1.1921629832556062,2.0583528070237094,-1.4047994499059586,-0.367855804815441,-1.2903879371687899,-0.7135632482612017,1.7989002694082572,0.04806823565920074,2.0262209436551046,0.47631856324065375,1.387289421306104,-1.3179166646735334,2.6700376319206978,0.47771321896074515,0.01832648381511036,-0.41840095686667,-2.60429235390874,1.0324984603489757,-1.32987609391907,-2.4424008733242086,3.208327227223219,-0.35191981208329176,2.941610398602003,1.431985961945286,0.3835556934029664,-2.5611938536504457,-1.0207931525908023,-1.0983372939202207
59,6.446300594351618,-3.3794455303979274,1.5229300101224459,-0.32905204031907576,-0.46079420367779506,0.4578561103277925,1.140485106785398,-0.07556966284562151,0.7292560986968479,0.3280081827577776,-0.48246251259866074,0.05478908209444542,1.6558842065846036,-2.917523285076043,0.5605713230878392,0.3524437406776577,2.3310029697317463,0.9054596063550044,-0.9260502743610864,-0.26939031112425754,0.4711235683062243,0.5343997627859783,-1.8109573802245118,0.4972556815082186,0.6841873975909826,0.4756192774882236,-1.171566803279936,-1.0786107232298383,-1.1007450873424822,-1.153734728805428
60,-5.4920867347193205,-3.4819231687914103,-2.37317751046332,-4.652083984908067,-2.0061034496360244,-0.42879648130212317,-1.284696403622754,-2.1232019567686495,1.2823536609267312,-2.0894697292211792,2.5375856125032867,2.368418398764127,2.1771323313258493,-3.090977099898972,0.5998495988653956,-0.8494123931022478,-2.748293275169824,-0.382188131259116,-1.2851749032055613,-0.18333428893942086,-0.15054700969639667,0.9303315723865104,3.7123873160109757,-2.195168245635173,-1.5072360409142322,1.7080967772832027,-1.9070442364080467,1.0036782578261878,1.3267949596447524,-2.0434121662570375
61,7.382010642264564,-1.8887360420138468,1.1864617086239397,0.42867126792573895,-0.5065956978215654,0.7556719806301332,-0.7350364108761297,-1.0236911246975695,-0.6667117740982362,-0.22939613372155765,-0.18075503684651595,-0.424804564911741,2.3604196949700853,-1.000670500831241,-0.3589114326139316,-0.9640768027814868,0.6640947327113235,-0.03199866915173076,0.3066580696131276,0.0549196507148999,1.196348405661577,-1.172936532346074,-0.6197643026672957,-1.425619513800094,0.9982874279692335,1.1412047819238793,-0.6732251117349614,0.7260096187939674,0.14130783436183306,-1.8167075476182715
62,-5.6764522770074475,-2.9074826651116097,-1.7757694807487878,-1.0374855892791988,-2.8361410493475314,2.3543129017787354,0.006016473559582815,-1.1648364061002114,-0.6297767528363469,-0.851187578615866,0.9541833718343238,3.777820112361831,-1.7498471425544357,-0.6771405838372758,-1.0092013367978656,0.01430301406942097,1.9347309352938278,-0.9548710244040691,-3.2589037464786994,-2.9361680333481948,-1.421743814482527,-3.84266475967773,1.0827003143459757,-1.136041528842717,1.6465537161702208,-0.6548372958958579,1.8057434209656813,-1.453633488255483,-0.7709157588073117,-4.038210887842999
63,-7.470531062139724,-5.574111038138012,0.8487474982149312,2.4495298144315987,-3.3464615380884264,-3.8665907993053805,-1.5827571285633597,-0.21681765366970598,1.3180480713039284,1.4438105968295045,5.245345501330252,-2.9393268570262463,3.0769585117175917,0.3552166004958621,1.9189198874388937,3.322864385000634,1.4857228711915849,-1.9497545423708136,-1.3379277072482294,0.5133318057595687,1.8266483807617666,0.1836838453205981,1.7308009139769276,1.3675738183805564,1.6922029019709028,1.4880099082415787,5.308621703023046,-0.6664696433629073,-0.6589857358950754,-3.649751340425805
64,7.9624787674753,1.5892499811552985,-7.522841626875169,2.975572119611144,2.60898480930207,-4.038191412174416,-0.9787456653664542,7.578035648752925,4.030531255499922,4.245003639282118,2.4275408143066035,3.936865074164777,2.109431268501602,2.9875710274438685,1.283977895884595,-1.7341837023360727,-1.0469179432595448,-0.23890619961912113,1.4316993082029776,-3.4592225494112365,4.494270207929193,-0.9500919201263179,1.5355598326642368,4.077900237866458,-4.66730351542557,-0.3525327117519497,0.44227540364280465,-2.0947470134631136,4.641016535438903,0.1616601269813492
65,2.333684209741319,-2.081266663201642,-4.845325127848745,1.0543299006944393,1.051744896529325,-0.6775913223919476,1.6302227989757818,2.570695618843036,0.07553139015932311,-0.5779518050541254,-1.4014014708205917,7.1676500780481405,1.1793538128574625,-2.103878403458286,0.30503203240022164,-2.6747620343622875,-0.8933224897504464,0.9703954140271857,-4.089817575782234,-3.3348263303843373,-6.511182902533283,-1.262409789568725,-3.5450680854547265,-0.3316893789714539,-2.6461311384297423,8.864769740449551,2.977973267655509,2.3621276027608133,-0.49355508966018347,3.5755795188218102
66,-4.389120766651998,4.002439490179561,1.1008015093214258,-1.942359165719228,0.6089582357248398,0.1679897106400191,2.709063479968481,-1.5803882977838013,1.0386058526674504,-0.40857974481464965,-0.7006308822795909,0.08593211085307914,0.8566767539742415,1.2906487329574616,0.579778678895656,0.19000670413147358,0.07452272515194547,0.19156888401738936,3.775151756812076,-1.2864775630517675,0.44578520455759796,1.6227774715422127,-1.546134708576423,0.31693993052916614,0.8163186896902375,2.447822727061545,-1.564996661540732,-2.8066981666534145,-1.0962725936116473,0.42216015220564523
67,4.639279019411387,5.897108979559463,-6.09772261739445,1.6842050845842447,-2.919748545175943,3.523494772453732,-1.7114332542796353,1.619102344200483,3.385462737548614,-0.818060758934789,1.2809694472529154,-0.9153962993026495,-1.2280376340656722,-2.206317556470904,-0.34214875274279993,2.3468776408544536,0.7500047039763356,1.1631217649370669,0.3837292873294409,-3.799940101846657,0.03199036424219598,1.8933778227846334,4.187688652459692,-0.25087442718900704,-1.0579685829279986,-2.423332915219311,2.555391618374602,-1.2467370793035861,0.6783308939229786,-2.1658196526093962
68,-7.790305066736166,0.5383135917894175,2.341303323357055,5.300378215603254,0.637840034309411,-2.789710430822895,0.6417007556417365,-0.375666228664552,0.093582336397324,1.1902281249698379,0.43640147289852876,0.29346216601337693,-0.6368371978306342,2.5400318406151934,-0.10444389359305481,-1.3131621728313958,1.583955461655602,-2.3466403704083616,0.5476673259153099,2.5280851486851588,2.415218188433443,2.392121833917309,-0.2274750124212558,-1.1360571245240265,-1.7654029573099752,0.34051038859363386,-0.30928634525430077,0.8807408852817427,-0.04193202264733515,-1.5815078674355356
69,8.648729741644992,-4.020187982456397,1.1710960260213397,-0.16677027785378154,-0.6370264086239436,0.4424978212221615,0.9703603844012552,1.3612616614829354,-1.3624992330007315,-0.5823620745903323,-0.5706680708490073,0.19945636378556497,0.5037481484458491,-1.4914546994805382,-4.3189194848344545,-1.515946998606482,1.930067544433768,0.48220962861470007,-0.7439948323317095,-1.0049275423441046,1.747064431851908,-0.6403423615912419,-0.13696656387209719,1.414054163230257,-1.9088790793398929,0.20754277066957416,1.4399737790954863,0.23019315556216832,-1.371227695507692,-0.9593683368367716
70,5.621239005769794,0.5206746425576987,-2.3938299123688105,1.4110037163500788,1.1219138759964031,-1.8234225555851438,3.1074729125671,6.292522627310426,-2.5411415822516585,-5.120241691700484,3.1454133428778874,-0.9476392048351808,-2.475877474635586,1.416102030056458,-1.1757377660811894,-1.078455734484243,-3.322057975642508,0.01586577052397536,-1.9816982146526105,1.4429793166497176,-0.12798043538830586,0.09442856167905171,-3.3014986995014635,-0.950348206803516,-0.7817925349480205,1.7981225200198525,-0.23656883911638238,-0.09555017968062077,3.614845217264561,1.2220545408381847
71,-5.988702150781626,-1.9828295342501292,-2.579448816373875,-5.255313761384123,-2.1120012648310613,2.8524482446559665,2.9520067550656313,0.5794964794865637,-0.7412578105591339,-3.169677550970734,-1.1578256651138652,1.3731416997375385,4.49660139161882,2.8346860446508493,0.931713493193933,1.6536419617451565,0.19486653625511505,0.924296763113264,-1.4305759149954291,-0.7619006627827962,-2.2582660382474526,0.7639000495026481,-2.2565092059974896,1.0770012979127088,0.19368124189088118,-5.408055805969427,-3.9999763869232643,-3.8741176993147466,1.2429640748494826,-1.3313138205659398
72,-6.155054769110283,-1.9733846788269809,1.1965423127677648,6.1999720602510635,-0.35179950821655137,-3.4216957467723246,-1.302781022832097,-1.3240833468377997,-0.42805653191952275,1.3371105689257698,-0.568688030683123,0.45327238838647943,-0.07662470962570424,1.739636182248034,-0.13716924209689096,-3.116789945948982,-1.6253143309470934,-1.64789920867961,-2.2907529740474164,-0.2269941926439687,-1.072911321955954,-0.897945001033126,-2.699825384292844,-0.6849346022802814,-0.41934528638239177,1.513648392584231,-1.350509086768719,1.0764735075467642,-0.05357517096353892,-0.7149067276273665
73,-4.517192872901322,0.7355416024805403,1.4153765445163464,0.04340591842909563,-0.5768353417714787,-0.29460260173465974,-0.7095546677274364,-0.46199581696964614,1.5140696522735329,0.6225339514111384,-0.26092429319011934,2.2270537420525462,1.7965199125423692,-1.1107748365031778,2.4898706573953944,-1.4360970941792166,1.1851015671752716,-1.698835473632716,-0.7177950913712914,1.6719164849799535,-1.1390995077039323,-2.1471721712971963,-0.013359201700999841,0.6118434315804271,-0.023360523648517276,1.0626073661557633,-1.0450984177287053,-1.1067706694194817,0.2888374056943299,0.8735871380563365
74,-0.7986032061379448,-1.823265022475417,-0.3378400917161886,-2.494110530851365,-0.3233623658783931,0.6523694841769264,-0.06021005943794121,1.6053679878625395,0.6772291816365708,1.676286583481293,0.6473357938089471,2.539710405477994,1.6086017316568584,1.2658956562281254,1.0293579556787735,0.7444447118801426,3.064269489089582,0.711257921885165,1.1901898254924272,-1.363854185325148,3.545090049621175,0.9246582491951856,1.0402206925661561,0.08766970650760368,2.0239915898256777,-0.09678782921858839,-0.6800756097185707,5.003595467078845,0.1119495908683184,0.09821743237038302
75,7.665217932820305,0.8580992315098499,1.2908239831224075,-0.35075106148713675,-1.2789556404528937,-0.5418735408503559,1.284939089444249,0.916949934158984,0.739270038649973,1.7290988898329132,-0.17108839140349888,0.3882179458656794,1.204017528227069,-0.07206385723380618,-0.6299791920608515,0.5226041028090004,0.9108846854260982,-1.2778826696773926,1.21482527704383,-0.622432676788387,-1.5047867270228343,-1.4486233258998578,1.0539850653367306,0.840986739831362,-0.07206352731886823,0.7252989095596284,1.5291902927255399,-0.39651408837708296,-1.398235366054467,0.7090845442580758
76,3.007624666280795,-0.6096909094187483,3.080798899852828,-0.4761026691699528,1.8742154694095081,0.7083595689681059,2.2716801835628084,-1.9116602245174372,1.6891964135252635,-3.186510466304796,0.48632656690048304,-1.4534875902257776,-0.08010242455951878,1.5902344546288167,-0.6886167783413977,0.3062982162541962,-0.7694390131340657,-0.11579094332795427,-0.7957065624263043,2.674871665266335,1.6829631915699124,-1.3774716269416971,-0.34347115533755573,-1.1391959033822747,2.1418733953189903,-0.43299234384687624,0.5620340355946568,0.10788737892212877,0.24128261589858907,0.014893712981185645
77,-5.630777457102797,-3.4969016671205613,-1.3133719401553614,-3.7007707765572397,-2.163328445230765,-0.36577178123540754,1.0386001473961557,2.628781795351214,2.9391886429407137,0.4608825319571884,-2.401278733656645,-2.5351152209018406,-0.3717044140364158,-0.5177865416867792,0.9213609459504538,1.456983720127915,1.5137897289261348,1.808777115462841,0.7527940597342171,2.2750730515517192,1.0293098596243604,0.6050959108207337,2.5124709800918525,-3.6559429265552468,0.32723843222612575,1.4909326587696587,3.5787727582621582,3.7061080203161345,0.3801185647719895,2.22488412645259
78,9.502970535770574,-0.5809260983438173,0.6991997621679041,-1.4875438908059402,1.3155673849550005,0.4254880332571697,-0.6513592062992422,0.8464042002856682,1.7470146951242178,-0.7850225410891591,0.9562972949839127,-1.2126652062902599,-1.0038386146258302,1.5369752965672243,0.99713759526737,-0.11122091444886269,0.1509328074796023,-0.30336728343170666,2.2845577655967393,1.789368362664558,-0.879982401426831,0.8884165117387142,0.09190373213481759,0.048375116903326236,0.6213964042316037,-0.30009668784866256,-0.40983135865975556,0.7393884119453913,-0.8272107615098301,0.22449491837127297
79,5.084473335573833,3.1844155860073946,3.3139526686515857,0.1309035267322329,-4.71127188424948,0.04877423273983207,0.3353009533070094,0.12307712995805302,-2.021590868873945,1.4901326430356985,-0.3422987653451764,1.2071654738713589,0.19953953563093652,0.6789840747864935,0.01875268997263738,-0.0812709257006573,-0.4398459606687701,-0.3378494671021214,-0.8706937415285776,-0.21487446980741529,0.020623133276954538,-0.313812137176692,0.8426592378326556,0.1152313196840161,-0.09301027819186554,-0.41118353596928847,0.023696995432196884,-0.5163709939085033,0.042483963479530616,0.33312359010301373
80,2.217321690526297,2.8176486047773226,-6.2464082327771795,-0.17423586122769724,2.7802995017842207,-0.04233116049280704,-1.5103465868813308,1.2914046913999193,2.652710228531371,-1.3603574834467513,0.3214462253978895,2.367994440203905,-4.2627328461872995,4.010344021984023,-0.3488202331317323,-5.03335657827914,1.1456662973950447,3.6973385338911093,-2.6334298034835744,1.6425880808926152,1.4531193788014323,-0.912958889945729,2.668913387748446,1.1671497000436766,0.5833955860669376,3.684788958399768,-2.967928580125116,-1.4477948221585772,-1.1941686063564445,-1.3770670684637574
81,-7.659389803073606,-3.0588788279293886,-0.17570177917389226,1.6377133194922457,-2.3680490422421343,-2.757937301740665,-0.6721218373539329,0.5235630698074717,0.9256089280910347,-1.4521718094596519,2.1379297837923907,0.46890598070896994,1.5424753005796774,-1.5029205290084324,0.8487937304231942,-3.6399288197090676,1.0688715641902613,1.045509674898936,-1.1121997112339856,-0.18991514368751455,-1.0930084995476983,-0.037282023650103836,-2.2836479337992364,-0.3968834107957817,0.27448786797093094,-0.5226602478280938,-2.293798884927054,0.48256977390871925,2.0195788648068653,0.7247140970379795
82,0.6331978483634868,-3.2268324330500313,-1.1632658271010672,-3.973779048672976,1.1531256033709296,-0.2136077965128208,1.723303590308266,-2.417738479878815,1.064401725777464,-2.3326057109734837,2.240822715440428,-0.1953648959180551,-4.032068391199846,0.8130852790659249,2.0235303070561583,0.07258609764171123,-5.192765250372705,-2.028805582720009,-1.0157649014090748,-2.644202048327859,-0.3862199641391621,2.609135910179933,-1.1648998523818268,3.2949149185335673,-2.8485830834846535,-1.1167952157508183,1.0922221463958228,1.0772076670553306,-1.254243584413245,1.7603818800500413
83,5.569639965382261,-4.937684824296928,-1.0675050540868367,0.26766732304679125,1.0731102338091656,-3.0701329662794214,-0.6917083820243466,1.9366627540826271,-0.671013968344623,1.5992798365824787,-2.294604892687004,-1.0192407716951197,-1.653419472796148,1.5879283432542182,0.3937307537808458,0.24969198635112988,0.31454882536472606,2.024148664823559,-2.223311016471549,-1.3358266963930403,-1.6482645365984037,0.31485634742605806,2.014280382978436,-1.6976717235897631,0.08107891148816086,-1.086241114150609,-0.44181245444320133,-1.674865789803027,1.441514296350382,-0.5812328145551428
84,-7.726583984157291,-1.8229597617534767,-1.444093179125307,-1.3778258877078573,-2.8178993392480725,-1.467213497006102,-3.0444982877358786,-1.8080779015791661,0.1507262688191722,-0.931566077647238,-0.692578728729425,-2.1409440355734626,1.8248085092264694,-1.201307239742582,1.3242022493726884,-0.9809242093587669,2.0513694254441392,-1.5863151878949175,-1.7139277347052682,-0.813439152605356,-3.3894310713678135,-1.3318577228682127,0.5579112725428803,1.7223533658012982,-0.9720909501071398,-1.9706045261877656,0.28056384582794774,-1.3607572686854086,1.2089598995510813,-0.4423127778071711
85,-5.7935088504085845,2.5047238452333205,0.5861637281265998,-5.470352649240378,1.8394890452769808,2.3897279501559354,-2.398467795829566,-2.3241473970352926,2.5018466090122398,0.03707599043575876,2.2235859450594955,-0.4894995647455595,1.3895209988592732,0.23323242045983855,0.6979779722793321,-3.741982330348137,-0.8768088717047976,2.4306768061745103,-0.4172269062312644,0.7507438732529799,2.9528820016386677,-2.7775235465317216,-2.7171127723401542,0.8994280357129831,0.14826595417645652,1.214733165053838,-2.1232444553637904,4.636801122326919,-0.05483034697975783,-0.14682640280084816
86,-2.1614168343908697,2.4087613859149477,2.2948626828990175,1.7929884262163964,2.563286308720176,-2.035825774825457,1.5385198556934851,-1.0671371229784004,0.24560912626675804,0.2960364823108318,-1.1629950011714358,-0.21289295423744528,-2.428531770852278,-0.7329868674903949,-0.23263399199285192,-1.737383133330982,1.0212511779668687,-0.8182496286633041,1.4279507964813993,1.0124423098507866,0.009716448402582673,0.9231750224433048,0.012073138959481937,-0.8192990907922697,-0.2563743423995061,-1.139944037762931,0.40691830124264516,0.4761279061753266,-0.6546930208162873,0.245215773122419
87,6.2902224161490405,-5.170361098403611,0.7518991631029501,-0.5166773447184255,0.370957040739812,-0.38736540518166324,0.5028767090105092,-0.690008274946195,-0.6641095235980333,-0.7997993215582411,0.6837071936968531,1.0149774196461565,-0.7154866645965515,-1.2207875599590563,0.6508393652494784,1.052759734322514,0.7624152355389785,1.1077554343063531,-0.9256464679764832,-1.136610528070827,1.223617902175567,-0.24166395989896694,1.4154246100719214,0.435848717954862,-0.5084676168943398,0.7176187077555144,1.2022179861241622,-0.5367266653477524,-0.01652615832524781,-0.5411006477107039
88,11.99866890355642,1.7103263978762304,5.9221450530029704,-0.5522623052953227,-5.769032703866189,0.648982313857393,0.14088670542910414,1.2331491632797482,-3.9342817822919978,2.6426000251391955,0.7436398602726504,-0.7542707167558648,1.5784958434212775,-0.5762737773062222,-0.11744757238164563,-0.012794518047118009,0.3848841747052287,-0.8892316440683811,-1.2424467719268524,-2.1578798642546007,1.201877986873025,0.08239515038340715,-0.07863455875256174,-0.9786579997978442,0.06273481648614047,0.1905992671312808,0.587170394063947,0.8796925737407736,-1.429621003510473,0.4008240550539132
89,-2.71719835904443,7.3500081387775005,2.5175553363484537,0.18369584759021892,3.14378025927203,-0.29296686306674125,-0.16152305756938287,-0.23175162882567704,2.0475263456066184,-0.4352996814261998,-1.4236064079557633,0.7198558516984394,-1.4410675153158845,0.41834973133305375,0.8012298349264059,0.4877150433774838,0.1792836203728635,0.5389945856242121,0.3123197193687394,-0.04068818847397621,-0.009665960982528024,0.1929693924464273,-0.42170762080486307,-1.0128297861886637,0.7975555162035363,-1.0265297141408432,-0.5349883980295644,1.3386453187572374,-0.3091487727301485,-0.29085573982420637
90,-3.1215858363430806,2.0093258586966054,3.398866843543778,2.3554874327807203,0.39094930125911814,-0.14987203692311632,3.2403027174578773,-0.14991738146513234,2.4740119410335417,-1.184346362277822,-0.7866369967390902,1.3884023069282196,-1.9173724111153443,0.27805240263486775,-1.0974188237453768,1.0012043037401643,-0.8667374962405503,-0.5382413869146458,-1.5745821834121014,-0.08461756761434357,0.7887814593299709,2.0535132766561204,0.12006645054345468,-1.1912689347709404,-0.787331655399885,-2.9551993549252358,-0.35868601558698876,0.9889690268602548,-1.273466625048819,0.042501244394212316
91,4.488998058845513,0.5058685571706772,0.8062455080385239,-0.958641179602079,0.9632666711294492,1.2772702653597816,0.3714925114297994,-2.518752684409174,0.09644035733496628,-1.2693433958327465,-0.1860748580548935,0.2782356937524568,0.32012823970193915,-0.9887316011081316,-0.5555025511367593,-0.06881949094409853,-0.21394510578924233,0.9603851990387284,1.7214160032925634,-0.9725628278617955,-1.5825125874031027,-1.1648854529616748,-0.4925980471901455,2.09598826356206,0.07192744329987344,2.339101925826945,0.20771879956627196,-0.5755590423481663,0.42168097853683095,-0.9576769515709694
92,9.101051485054768,-7.038254032394662,-2.316796028655751,-0.4821807587574995,3.8846130744275458,1.9975326288880157,-1.1401621635823223,0.4769928490251839,1.6048824687933276,-2.32592273516346,-0.38322739893116925,-2.7120305589903744,-0.8035755796084092,-1.3363863621464904,0.48831983360392645,2.375744482195217,-0.5674431323253678,-4.480503237891569,-1.700717607285732,-1.0515696099209475,-2.654464755592741,3.1727772674445096,-3.9546138856223965,1.5155111456076928,3.3136459694562435,2.124676291861037,-0.7935654575648451,0.6658844257477018,-1.2767749686611936,1.7084126217004336
93,-2.6435825115152274,-0.8323307156653599,0.7334723483599384,-2.7917361381603576,0.7247394682488905,1.016860126873019,0.9089951912672172,0.41585553198338465,1.2988976755389432,-0.5450293367193277,-1.2179840807781162,2.648877653435194,-0.7159473523385702,1.3671136324239133,3.261103384411366,1.1198410282412148,0.03297624854753513,-0.49357002610536804,-0.995780644948793,1.8188957993705122,0.40507881024231107,-1.3883002873563832,-0.37907397919814806,-0.8972171910623054,-1.2522176653057697,0.5886123553020022,0.8726061042309804,-0.20700613710894653,1.5100084796742206,-1.1684681039102647
94,9.498662920630956,4.597402795849792,3.474433963336133,1.0669404008086636,-6.934423009112119,1.3714417705351765,-0.8359017076642725,0.6505057023281796,-2.143413262912147,1.6331502476514337,-0.28341379229811214,-0.30794947065350536,0.5282454606375234,-0.4341574881129078,0.45147288112457556,-0.3978789151764139,-0.3584417409486012,-0.9818147767867916,0.7506209236173712,-1.2548651753794484,0.7359875493396536,0.8538705986125447,-0.4315265533361257,-1.1758129929217362,0.21456948090789632,0.47115030409316755,-0.004442471494249325,-0.09905899984887899,0.294343739567275,0.7054818647931979
95,10.830008612223997,-0.4860682363681815,-0.8285532409808455,0.8149418567435347,0.4985762489926874,-0.1003463402706267,0.5154591705409414,-0.2210769268258093,1.2386249380705394,-0.10439139206127522,2.0932618445738944,-3.6461910644960263,-2.0899218114681894,-0.6307833713335528,0.9141873442256278,2.5489680333035043,0.759566665587613,-0.6437092479267349,-0.17006260820271163,0.877554551056845,0.0019033363963681092,-1.1302644238092006,-0.824625557272461,0.9487349051250555,2.0292875064575675,-1.5382731081432275,-2.4501120328033905,0.7452841613180118,0.5155301529066271,0.8909459611861156
96,7.403805217182611,-0.758162672286051,1.8137100046910186,0.03421191575730768,-0.6954138434307101,1.067315056558255,1.2948391593496282,-1.3939280364852262,1.4817202880938336,-1.5145292975161668,-0.7705136234242802,-0.023221384684029737,-0.6388716109020725,-1.0381346234259876,-0.03437908325466891,0.39892571765217805,0.9987924559514646,-1.6046475269723497,1.6948300653369914,0.33360541613138095,-1.298846053696438,-0.6973170500922766,-0.4437709428731547,-0.3098850116675007,-0.19875128880007475,1.096131842976108,0.7676090084867112,0.8237133551584304,-0.8413209941482803,0.2200946068519298
97,-0.5211397275148356,1.19531167033499,2.312260862089941,0.6689702929101798,1.8901344012181132,1.5396296533984626,2.4988799648902558,3.4257028722093916,1.5238277668795004,-0.2702808414529583,-1.9094555367092323,2.9206054327786,1.1057841887025792,-1.3562721374066,1.5051235232736209,-0.6446862055615316,-0.6918962494167596,0.32766409874098096,0.45915812885560015,0.8086276917321574,-1.0007205721332273,-1.2983875132841478,0.4812577594447572,0.5215825893765312,3.0561968676637448,0.5057980440451509,-0.46265270468587355,-1.936676748306598,0.4672374179283144,2.0085376690555963
98,4.0646254982199315,4.5670894399757405,-10.007217465693472,-1.898021780096591,5.289115431792208,-3.933335944201807,-1.6348215456557913,1.8912375294165893,-1.0590017322564877,4.966330700404282,-6.875943855998408,0.5674268864354094,-2.9388764132954384,-1.4938116077412915,2.304148614223243,-1.8068939614963508,3.2218984780959135,1.3449139350107207,-1.6609721484855766,2.5565530469365267,2.777596201834615,2.970663901734558,-0.9991587875892673,-0.4957964312239898,3.945027061322046,0.25221665398917403,-2.5945440465930103,0.4922521626104361,1.7906120933317797,1.5813435388579447
99,8.919742840131693,-4.020977674550811,2.113753574444905,0.6955540046560883,-0.9898988730753745,0.10881481460586083,-0.5219912210891547,-0.32790597362348645,-1.0067849334441554,-1.9959105980857101,0.20134786714109928,-2.2100703621415625,-1.5564083399689865,-0.6496733917500093,-0.2609624293626635,-0.6177196595698298,0.8585510512588315,-0.2666252904093534,0.23275933452089503,1.2314641824333028,-0.23448335586361657,-0.6559994313103181,-1.380875511952739,0.49295338028700214,0.6007228660078627,-0.7809761857589167,0.14764659792870657,0.03197113273796002,-2.7382068309569014,-1.0796638121097348
100,-8.510051099256911,-2.457944436913105,0.8545140177228795,3.1206768342640605,-1.9013590599983514,0.7406417417247793,2.7705638367969403,0.23856922299083164,0.22407603768508444,-1.753797319598675,-1.7494952461328144,0.1716100283153722,1.899243222554034,1.3940297680176577,-5.752737741378411,-0.5613512770237172,3.1710827899911647,-2.516515861166429,-0.04783443097181624,-1.139803059574296,-0.43219824068591395,-2.8990833856993437,-2.4853990728421462,-1.3572769784449195,-0.41576751276697244,-0.2891432332846962,-0.5129497725517309,0.41348366696910827,1.5651189076874443,-1.3779740857460685
101,-6.977637411852638,-0.4800231707174388,-2.3768390004047193,0.15992331263294193,-1.204123543849014,-2.226566821350327,2.4341934385299773,0.11479010571130664,1.5980504958193777,0.06751256138334491,-1.8742230600702974,2.0875808151330086,1.9367127416971002,2.630525658053995,3.1370707957853594,1.3441956300465205,-0.6090347228979588,-0.41168780520411563,-1.0506261027807502,-1.9700336050215406,-2.599029362783149,-2.7445051571306984,1.5893276832353715,-0.9768568741685822,-1.5241871907819278,-1.1722710602559088,0.7349745205139112,1.9260588981229123,-0.4672478967145688,-1.82666640543796
102,6.6135517824419905,-1.3953788838493244,2.076745590554077,-0.026295232146517203,0.9359853458686346,1.5601893351938438,-0.7427479248487243,-0.43462680978411505,0.8915535800532758,2.243891760427486,-1.1876602266779954,0.8760874659101339,0.027032690976330525,2.311891799047709,0.40425752320844305,-0.34406790100257467,1.555403363675531,-0.23828918983985298,0.8985014419684372,0.8368129608722059,-1.0592628943362914,2.535160146774715,1.1603547026147152,-0.4322623336917405,-1.0367580883566392,-0.799090220302182,0.5239105286494556,-0.8265889844444305,-0.4943303355819958,0.18739715986992475
103,-1.6075646495461031,-3.0091298140960867,0.22422328162350044,0.529337590895232,0.3538579230278326,-0.31531101080983964,-0.24609519762409263,1.288330311761358,0.5844234638094363,-1.2538401814248095,0.5396502814001484,2.352028637601091,-1.5359438454310799,0.08408908829296305,-1.0471363130760856,1.787937959843637,4.988572246016571,-0.45403536708062053,-1.2566295555557192,0.5150793182505097,1.7772264944137495,-0.20805375180770655,1.0092752289205242,0.6594280020828527,-0.8693351962621976,-0.4165169471815033,-2.7793172688093613,-1.1106217969884493,0.5292456221081693,0.1364296364458869
104,7.607287032179628,-1.157067401218566,1.9958464020148887,0.5383112729332005,0.11175428103781777,-0.16731543675619082,-0.3738715006349887,-0.5042957597216291,2.022098692305108,-1.5945152058919503,-0.10988725600737467,0.6970892477086845,2.8252813835936808,-0.4438238201503936,-0.9906189147801361,-0.12347124651522474,1.7073625177229785,-1.448756084275301,-0.005962374793481004,1.0670399647494264,0.10173608247386394,-1.2215124599444422,1.0279528459141622,-0.9821245717291873,-0.44807240536786647,-0.4486283415124585,-0.4305232710284128,0.11131331496799587,1.463098568991935,-0.6571028381011428
105,-8.943892082092427,0.031150610099937744,-0.8592875301079355,-3.534364371740835,-1.0871342466049996,2.5421080259271145,0.5561443165777813,0.47561350477677966,1.2275480628923594,1.9123890476846235,2.043194093552252,2.167861092314161,2.4223918727442317,-3.2066872647673796,0.32285739714476397,0.21548710774289845,-0.33619178644613346,-1.1830802905188957,-0.36679645260483823,1.6488496278986555,0.221086444245939,-0.07279007560309814,-1.5687577305105693,0.7569863812047419,0.013914203013688462,-3.181947944349361,2.4642557018308184,-0.8207105684220235,0.6472732941760914,-0.7746729398672518
106,5.519501812752228,-1.1501699433786476,-3.6381770468877446,-0.5784795411435115,1.6744869166661016,-2.131585617734666,3.9241132515064363,9.250223445027704,-4.904785662316902,-3.979600610470743,3.605277252641664,0.7780077968925938,-0.8353033890228911,-0.053865461626309896,3.9139479164158866,-1.0071262163304366,-1.8729023374423295,-1.192290181486794,1.7841522242896588,1.4435173964597259,0.7901249575832678,-0.41244222066705843,1.0474283408986422,-1.5337733359262737,-0.5513627039197737,-1.5114790692326783,-2.070186517218593,2.386131485266717,-3.958316675859803,-2.321829190266816
107,-0.8571248582143824,4.9752472766177265,3.477152942439168,-1.060249786688466,3.638439238647764,-1.8094448536688192,3.7793572277397645,-0.1209827441544862,1.1981517638848178,-0.7291768894409596,2.214710259596141,-1.6759735320557994,0.25964275874094755,1.441487620928754,-0.017130037472863416,-0.7465755036585542,-0.3893344544021342,1.269536595050857,-1.088462497618191,-0.7039093031059751,-1.854680846162917,-0.3580098702603662,0.712636901513532,1.7690204118176256,0.43434343455007424,1.2108592816708914,2.896226379679909,0.5372407871010957,0.206245865961333,1.220896408413933
108,5.841844890046299,1.016189542738945,1.653032082927858,0.027217305375750053,1.2737549877336634,0.3923269328371047,2.263350428738784,1.1673090193738618,2.5659391504475164,0.8262863901429691,1.055834650913308,0.08528627127174673,1.3992188430058756,-0.6400378786326678,-0.5098005931110243,0.5968660106621878,0.09333673677215415,0.41179283338920375,0.3876591236346156,1.1886539385502526,-1.7929849879210784,-0.4546528873878488,-0.4161191387104996,2.4179571607629575,-1.4283503667966226,0.9792808876852017,0.38748758838973624,-0.6746258090708546,2.6594612586643014,0.8055952324782605
109,-7.57652645818644,-0.5401454880186661,0.35657684051097555,2.946560592400673,0.8403747326452242,-1.9822766972522594,1.6959947959935862,-3.1996802171022716,0.6246530325123072,-1.4074030677092728,-2.56395481072236,2.304487923404101,0.7474619486173446,1.5126907674405978,-1.5599301846818514,2.7475076892167056,0.46615376327131103,1.5622373160602738,0.061281626914178454,2.2303420697947773,-2.6670261904333663,-1.4368096940625739,-2.379903642222109,0.6249535127183357,-0.2247855961980025,-0.9628819471855414,-1.8113473334505654,0.5078468392444262,0.38403752061300356,-2.2747505617836055
110,7.897246545241231,-0.24107101772304065,1.7492410370098845,0.04447012877137023,-0.24206658836799658,1.365957076049491,-0.452620199333957,-1.7088370655088148,1.9380665494356848,0.0959780087469651,0.7449729223251175,-0.21765767312925996,0.29522518741356046,-0.008001799255811978,-0.14415099757645197,0.7283106861394478,-1.8000923656005137,1.636080370391738,0.29586823681988794,0.9997756532392161,-2.1255545038112875,1.445235381956458,1.711299642735926,0.013831658064051537,-0.12358574327863309,-0.7118169361026058,-0.18306844664851127,0.7123593921410079,0.5620815798688457,-0.6180051409057081
111,9.318706746244134,-3.389158008846455,1.4333771411780778,-0.4734844687366938,0.6977469888578404,0.28769394919596264,0.4534592607201402,0.6649132366804044,2.7348337021464957,-0.6219517651592774,-0.37813629017054334,0.9781060343090442,0.8242871670084773,1.1940105054372951,0.9468415957124101,0.578429002109464,0.2426019578821891,0.29419157773548515,0.10580887864527752,0.2565443581533241,0.47573035441937545,-0.31658949305378586,1.1298993213388193,1.0783438372574394,-0.9162182465581445,-0.2462740233866711,0.2076981590523494,1.34487707147257,1.2892206804942636,-0.4480934306549995
112,6.664393388677353,-0.05647677353046353,2.326263971366208,-1.3142353606546462,0.9594779260664263,0.061844521910385246,0.6041647484265489,-0.7866025331103503,0.9766194192921521,1.460608782963888,-0.5699774834563709,-0.085194724573649,1.4324594563713413,0.9241892210318123,1.6067838182014889,0.8149185099685106,0.07206196828755414,0.743408291047977,-0.03988272863214345,-0.6281398941319132,0.36555631301841995,-0.45370448884212383,0.7287774616310142,-0.38333735410074804,-0.8435906082234357,-0.2004136996243566,-1.5746530402386936,0.08003800774916149,0.025757344621613963,-0.9483943381070284
113,7.684616186080877,12.939597276235272,-8.6941338137064,2.05883501745456,-4.687095199647664,-0.9473250868480161,-1.2997476867555597,-1.6317130486036118,2.2839551326878933,-2.225991307395857,0.9117660469672786,-1.4945663825911666,-0.3987172640434206,-1.0752983277530797,1.0800291309449632,0.4185271215076303,1.7906828891968896,-2.2674220936712324,2.180405937999601,1.218101647873474,1.233915754992557,-0.37436227658601146,0.5245743318736845,0.2685586889033355,-0.6717959844183675,-0.3296871724577886,1.6051843611304588,-2.2015478596220284,0.45755142551011707,0.22492897820831886
114,-8.944510584428773,-4.040914144668413,-0.2513412148155963,1.1349338673753337,-0.24198787523745208,0.27226972006366373,-1.6198431693987445,1.6857649940861836,1.0165791956425505,2.4601807180576984,-2.868659617278172,-0.4372475718948966,-4.079004442751426,-0.6523721556730651,-1.4318935542060327,-1.2666447461367603,0.07735788001809789,-3.815425787054936,1.864422559658669,1.5332987101980646,0.3799058100628403,-3.614113925821073,-1.309800799666185,-4.189543717095195,-0.31382780225460494,1.0403961283943703,-2.8759501357553896,-1.5091335808070874,-3.363288817629658,-0.6783458815335688
115,-7.388646241244747,3.31833898101608,1.0178506443976587,1.97337536200537,0.8591880987767504,0.6357896550753069,-0.6692721480056661,-0.2035761233901697,-1.7593349526770055,-2.148967547106282,0.10267473965376038,0.21796031140728925,0.3096065833625403,-1.0571930513983099,-0.41883039683582346,0.2640393898064629,0.05189931157383069,2.2820449341355684,3.1409645838813014,-0.4454874500377383,-2.4716037196771694,2.1212901061000458,3.636900442779252,-3.702429710867367,-1.1823317546243581,0.5517748891188193,-1.2152526390856573,3.6014927515538027,-0.7051999689939736,1.7542779306586167
116,-5.067302064384181,1.2582973079213255,0.5100151972631901,-1.7218323215354867,-0.3512409355652375,-0.08446247726752654,2.36256319594339,0.23556503253204764,0.8966125599255872,-0.7908143400918672,0.31202028096654894,-0.9236167408754383,0.7904646094090096,-0.7969503334424409,-0.13522977285176757,0.055868705734007866,0.004409200792938157,0.7574254055334579,-1.0530880892255234,-0.5627815553833642,-0.465613732621083,-1.428253301772333,0.23199378903963397,-0.3872640985770779,1.9073879413689396,0.08889047707314406,-1.5687291521335907,-1.3429493424446906,-1.955978266217284,-0.7494620512087433
117,-0.29766471922725546,1.56147810607687,-1.9997313655222966,2.0767989712478934,0.7413814799203384,-0.10474650307070853,1.7983713214239117,-3.8970688768245374,-4.702831965886015,-1.039690520860035,8.573132903831647,-3.2043269296245183,-0.22582805966304148,1.6255097394067761,-1.9456143478001227,-1.9507468375378025,0.4438014597571316,5.7619118350671155,-0.7203968945786394,5.682836788089028,-1.3915528516750886,0.26682827485480604,2.350527324056066,0.13287599950602416,0.8253286979923414,0.06684988738447487,3.4211796023942487,3.3789111759741175,-0.30183480321191863,1.1446568430558306
118,-3.345488280572158,-1.3892317062809245,-5.018255577491769,1.3200705587489712,0.1485714230927559,0.8554382130584909,-1.5851214349722795,-0.48576158394632557,-2.795215195060733,-2.152975269039647,2.511263464365439,6.97192407652955,4.94309026688365,-4.594574352855265,1.198999206874709,-2.1144986547746876,0.082310255465417,2.087556347528259,2.506989379994862,-0.09344706689361222,-2.8181496829215735,0.7287659497148027,-1.5118674806928165,-2.7347865408162884,-1.652589047595299,-0.1973611016538322,2.549264818886321,-1.8551877674199206,2.8587132063991216,-0.9865022859990188
119,7.1733523280893,-2.726907672082917,1.895579914078766,-0.5062066256632661,1.543886644505912,-0.3743990501208324,1.0641486041743682,-1.678195781208213,0.17007264899644503,-0.683427531881597,-0.8630397486338461,-0.3415782152596122,-0.34054430356930543,0.059864189167051336,0.3764310600021686,-1.3240449437370754,0.6292395555256359,2.1211635501097152,0.12998954675597163,-0.47751353993886536,-2.242585400356638,-1.2424811754544307,0.0898231418877219,-1.3962299907353743,4.371685302356773,0.39288809934799507,0.7749745167606051,-1.9117841932425015,-1.6112660570732935,0.13962809724183933
120,6.49351273681101,-3.147520479320949,-0.14839641919855232,-0.9036610983242028,3.305392652225865,0.1755418408962624,-0.3236260512984613,-1.5887505375376996,1.1760031901851715,-0.3424573913565785,-0.21658927352818325,1.9229915172014909,1.3585629029798623,0.16949599385910596,-2.602113432757379,-0.01715128965734958,-0.4201928421914769,1.470557737587608,1.1490161688080225,0.2020890527166127,-3.0073029300742466,-2.3467069268432734,-0.4383594603538356,1.3123882715281512,-3.102935170017736,1.1655019299116645,0.3436393875044196,-1.1636543646996729,1.0776456083656891,-0.9675438721063627
121,8.20555267839225,-3.0802609771055995,2.2226473449091646,0.09927327372465246,0.6722450130732868,0.09692024420223848,1.7926236826756057,-1.4170825519537624,-0.33331214219305055,1.4493396309812225,1.8492395080934685,-1.5715665833210049,0.9549201559573712,0.5105052828320734,-1.548209688543125,0.2133740686357227,-0.03295085703258669,-2.1579036915814536,1.6923226104192488,0.08434773903115908,-1.1208038744551891,-0.5692617124987971,-0.2691658055045441,0.0761486870606683,2.416115935881712,1.8101811982833975,-1.4419931040165939,-0.5845150593519182,-0.48765744797942967,-1.8595580612047613
122,-3.359077070486109,3.1844033421755698,2.4161047008735097,1.5770970182151018,0.9818936177483285,-0.11130642129770288,2.721372711234709,-1.981186896841497,0.07285268527130878,-1.4979342295303422,2.1371217215536222,1.571037489629147,0.7755464293376152,-1.9622235324420652,-1.7088384364563094,-0.24560156902016442,1.4771734550288054,0.702759753633759,-0.03560363138846363,0.04386713863491017,0.011742480345518754,-1.3674977317577515,-0.3978002520092115,-0.13587474108641293,0.9201295574336732,-0.06644620512609331,-0.9757734755048408,-0.4631561678695535,-1.023604990816809,0.9883889278093787
123,7.567244160485051,-3.97873951568058,1.3628151345341404,0.8736656534497738,0.20897860905326274,0.2513222229701019,-1.4897247904161486,-1.6955832398117967,-1.421741881191471,-1.3136008159620052,0.6381080621294746,0.061965985483825425,-2.224460434391658,1.1435876438703212,0.7269799492545335,-0.6924349601162277,-0.10744559722424403,1.2932940326684252,1.2451633239525228,1.105125648754213,1.534879002660701,-2.0584253526072613,0.11734444265467767,2.185649646242832,0.4893362781609232,0.9046041013832966,1.2455311961834155,0.34684425350173337,0.2988247090944532,-1.624661394902804
124,-5.099202710867429,-0.7743188489168953,1.253656681067957,2.4663243562923887,-0.25525887799524094,-1.4221010035458006,0.30312750420806783,1.0740219205882844,0.34726706534179563,-1.9402618523747643,0.14657717851478846,-0.4056757668210768,2.8658087802483374,-0.5959904406971868,0.6794008516259964,0.43849335182559834,-1.1551894098220734,1.3029553714789706,-0.2917381304934994,-0.990114112150066,0.8208709629434986,-0.487567258580978,-1.0881686574160674,1.0272178770644853,-1.9026868285453178,-0.47124077585350493,2.1913357005437955,-0.6461119609926871,-0.9783443130448991,2.435906149463763
125,-6.802309346272502,-1.831705032600844,-0.06777772293743674,0.01352742776817654,0.35293722006751904,-0.8065308668088041,-1.7683477201341475,-0.30774545867260944,1.3540952253375658,0.22184724872710015,-0.43269944657029796,-0.7678158053127208,-0.12440761524043269,-0.011960942762204175,-2.249606997865233,-0.5703921762965123,3.4477140216095874,2.0330918098596134,-2.5593680902999463,0.24631898812417843,0.5178714582582283,0.14888039916998544,-0.4707370017269174,-0.06678420466883608,-3.0251408892272313,-0.2623995107572087,-0.45899896219597924,1.6308370255960198,-1.4573281868864465,-0.3997354636414372
126,4.879634545283527,-0.41354047573956826,0.6646170547339592,-0.7329430674202694,0.2961676929355605,-1.036084909949725,1.8057307716899949,0.41878956474909834,0.6154806977937934,0.5636201395058068,0.9858747470871043,-2.642006246070397,0.416783115491745,0.13274350328076073,-0.13266200002414041,1.1485274283446814,1.576235487991511,-0.15952247450678758,1.4955709755039324,-1.2612720347821718,-0.13108671923065332,0.173397615095179,-0.531057805048487,-0.27040085347060866,1.2181342011959881,0.8010788709945089,-0.059515919644118634,0.14803860407129482,-0.7248049882891654,1.7634018246416414
127,4.631204217713422,-1.2713307970521324,-4.19277769992,1.6151632845200097,1.064361273453152,-1.5268168489509886,2.980649259915846,0.9260069111933722,-0.8162252146430775,0.7295239586935127,2.9938775778102205,0.5032644736519639,3.14718106457729,-0.1969470572428397,0.4975245111562908,3.6496524874329532,1.8251825591113593,-0.2712072194255398,2.439490795337033,-2.95312295833174,-1.2814486427637057,0.7398839820461831,-4.218293395119777,-1.3824313712351797,3.8039656198209513,3.178423137556442,-0.6691886188301289,1.0061284434479805,-0.8753688339618458,4.083197657732891
128,-4.36780854182061,1.0828160273499636,3.723468688823361,0.765432337048285,1.3621347387439253,1.3155349834251406,-1.2784375892291902,0.01791669266235598,-2.0678017893382705,-1.116139553914331,0.1634660511406149,-0.9717157103717119,-0.17249725294742788,1.5010778551005401,-1.1156053496754301,2.1629051882967354,-1.2507811616398494,-2.700675287898236,0.19744024559323034,0.010301108106217606,-1.0700370318795858,2.2212997898584916,-1.3791836847959706,-0.32332333755769094,1.545075618483956,0.40441966376958327,-1.2619768312881587,-1.0185207546884518,0.7657582612809478,0.6995250919776188
129,-4.721988027594871,2.8599022787556154,3.457382990441932,6.373552004762193,2.3938228241609867,-1.4218483865755676,1.3311713221698052,0.6411996365683585,0.6310209190687379,2.436140626332561,3.2258745998877614,-1.7787849758124046,0.9519744168559003,2.5135781049476393,-1.7723018362397978,-1.9971470057875809,2.390126392262349,1.3310122571570395,2.79084407417045,-2.4599660684765614,-1.1216068861018103,2.4377341925621594,-0.9775143708224425,1.8275413405671148,-0.5996145739476966,-1.9652096182281804,0.2117875242203528,-0.24249346442073744,0.7457858785133689,0.05873375780126152
130,-4.370471455870575,-0.932725202348075,-0.5801686523929065,-3.054048195018315,-1.7099911424149514,0.5210044354619787,0.8788174707731992,-0.2656323586978625,1.763297316022027,-1.481771858578828,-1.3583403911519278,-2.372209907313718,-2.777992864848509,0.7702052729531521,1.934618664578397,1.0248087324452226,-1.0080161043834877,0.19298073308170177,-1.0095828445633923,1.792117345578157,-0.5195877804037137,-5.329076979754017,0.3652605911806788,-0.6101427312465356,-3.456139144076553,-0.9986950362536963,0.35075102056007484,0.35139026203837753,-1.6716121125056493,3.351004867671596
131,-2.788888419882589,-5.366967232968483,-3.3597215940502547,2.202298714875477,-2.041823988920689,0.2756978620745837,0.4626394355173312,-1.1388155930529456,-1.0197342327344336,-1.6332199728920975,2.10261140393475,-1.755249161149872,-2.504940409539824,-5.042326157119121,3.268398733425428,-0.06425913813515245,4.148719579471197,-1.544935269737844,-1.054708028183942,-0.2534272821948161,6.59170922470063,3.0365762184363323,-0.6393766571808995,2.373856722142859,-0.5543537213413304,1.7118394332374374,-3.458807743307488,0.3822050411836906,1.110875182815651,-1.7647527251375246
132,2.7530426380946946,0.9041859152773596,-3.689141176508846,-0.3944103441723454,1.045021981609666,-1.2813442884074295,0.855905612361947,2.0830611089576054,-3.5149450152823083,3.2345979890570047,-3.435769994294811,2.800867459282158,-3.088033869724274,-0.39639962128341016,0.5775421269528543,1.328339454259805,3.907323674658595,-0.29424859641354206,-1.3654512756097181,-0.1750325156018961,2.239338901787166,0.7178216129536285,0.6057377965969845,3.727648236408772,1.7688766586487668,-0.019680736085546966,-0.48040748490639523,-0.10126183443230379,0.6285150805408661,0.6617675535623326
133,8.08893181439796,-3.9848666882361248,1.9377941354688888,-0.6113286551508167,-2.2769460148281366,0.5828359512744008,-0.7025160568397699,-0.6595171758444488,-1.3091594721746043,-0.7384945248032585,-1.4516234921989395,-0.39429887266750646,-0.09691553492323149,-1.3224707559567483,-0.26758228895850733,-0.17472513687772653,0.8409661191009591,-0.2984919128855029,-0.771123767257629,0.7201143243807876,0.8937377893757876,0.5057195900564629,0.5923169553918818,0.36463544192219666,0.14759237589324373,0.27651246401864316,-1.0530400290927016,0.0087830194684283,0.1718148564081914,-2.630150099115719
134,-3.6942512892715342,1.9358954583807069,0.4346420828364309,-2.133736722875281,0.34641379733479205,-0.6873757440125274,-0.911835928614344,0.7967050330529147,-0.15401079395189918,0.4826843807322298,-0.675955527359306,-0.21573165972031244,1.6839272388009756,0.08614314413303184,1.6483407534376078,2.4871597199179516,0.4723703000031169,1.1110406417151018,-0.5615229656716941,1.0199123756100656,-0.3419517252085396,0.640160643840828,-1.9577232388203787,0.5141397127938417,0.9558155463445067,0.26514720082817433,1.418767716725166,-2.3296528470932576,1.4659274737633028,0.7572066528483767
135,2.2115897083000364,-0.009967558295390245,0.9467866965418725,-1.0282005277096344,0.34835727034757513,1.9622444977732387,-1.1129452723454687,0.19585395234115766,-0.9751429505460705,0.5469227126182284,-1.9533265835427993,0.19861576708406975,0.30426631741154286,0.762404240140712,-0.4796852328089298,1.3119054177043827,0.4783138073371083,-0.9475145811938489,2.0880581277707555,-0.774590555746849,-0.18204712066030176,2.469642750475302,0.6495002654166391,-1.9586881365407647,-1.6446820264526207,-2.458442911810027,1.4584537655806358,-0.05490464385030371,0.7215789545976526,-2.173756431256832
136,-6.966677031841646,-5.884632848796337,-2.3389875092155132,-2.387178213492451,-2.4443743682320385,1.3767576163312858,0.597652478495081,1.208953054040259,-0.08460993228075862,-0.8751859032812479,-0.7086700005769067,0.35601255036104185,1.2408666622707414,2.581777788534693,-3.4704545190166223,4.927576185651168,-9.91102527265823,-1.6245452712167827,-1.184475814208429,-0.46558813831180557,1.3270927357026787,-0.3098759856000385,-3.1017043664772967,-2.632013623585904,2.070325161199313,3.081371023693948,0.8793740243747964,1.5321042272031293,0.9656072947066034,-3.39011491244737
137,-0.029332119069497505,-2.6884556238643507,1.6552962243140599,0.11663193640221506,-0.9934320430633213,-1.351310746875414,1.2254661757624088,-1.1829822183766556,0.4693501330410381,-1.5058604669766484,-1.6609792977313154,0.2709642339307954,0.31216179968151087,0.2448070911500659,0.5132116469418734,0.9343722626227908,0.7394544003931083,1.4724324631935097,1.121674118614871,-1.2272118818617643,-0.454038766884849,-0.8976712312143496,0.8594164551897532,-1.4068357675813241,-0.013279295866617526,-0.005120796336633548,0.8230561273554384,1.9061778534115306,0.013495232163530442,-0.10316343577866391
138,-7.022366452499473,1.883239352552243,1.3510054207008613,0.8174404934904539,-1.1236495429689768,-0.8418931525524249,0.764492189628267,0.556409225202418,2.1168805523378547,1.5349552172350784,1.049759069023102,-0.6175787214754773,-2.1678885356897633,-0.29814036969135704,0.2686162599615513,-2.617588786212162,-0.7145917172507185,-1.5820456122668443,-0.2671451636715022,-3.539996796498385,-2.831370968057647,0.6021862480051748,-3.3361135431143794,-0.7635607036915588,1.7888135279972726,-0.9773374515118431,0.5132947983098397,0.08787536422619768,2.135865976771218,-1.9400029733759259
139,4.0704657031285585,-0.7016013556772914,-2.278328704662655,1.469801263546677,1.523741433954441,-3.200564130484026,-1.5689576673591807,2.622974272083617,-0.8314087189698796,2.1441757419431626,-0.46245435672226404,1.7146820383429346,-0.6714269909932074,0.015398653149368596,1.7713602920608422,0.21299346737305566,-0.39863922061432033,1.5928227739809937,-0.018929628693794907,-0.2877995264305538,-0.3223431647495086,0.7516374452730051,0.45455796847423635,1.4407138835568647,0.40803363462588943,0.3716727267425164,0.2611953708838752,-0.5719853312770984,0.7120055043550446,-0.9463669399254873
140,-5.296373954662916,0.36241049244588724,1.8513156091863172,2.8780736601059123,-0.597353980402325,-1.9479484371695805,-1.2770951783749387,-1.0857815272627054,0.30514396082130846,0.3164282034060256,0.40959590199843543,-0.7463353889067863,0.7617976336411478,-1.9516185262998604,0.9594882712100075,-0.36871569286804584,0.28475135794273354,0.7941672756219492,1.1839387542281925,2.360290497882577,-2.2450209882969334,-0.7441062852154748,-1.0885454249167936,-0.7496617462831205,-1.1434195041205855,-0.17449661236407318,3.516304786589568,-0.5906418468099066,-1.2448185381021644,-2.5398388503776808
141,10.488905665387067,-5.145419012307076,1.2556569824471708,-0.4124886992907149,2.066577510547262,-0.48088985741146245,0.5428589252834066,1.3545301966160586,0.7191672618474002,0.6689403204074241,-1.660897225899917,-1.224380383432087,1.063904126852752,-0.29340775648614975,-0.6606381107608222,2.064706742759392,-0.42588941194423197,0.26102699236632,0.8680773253160641,-0.31325084126684843,0.21473744133877076,1.65032316061877,-0.38427130720625363,0.24431102664597132,-0.7517580366705893,2.3751323651992977,1.3025956890270647,1.440772305726671,1.2119645794722105,-0.868800308958571
142,3.219603571803314,6.265756103513794,-4.188789243183725,0.8186630651170155,-2.528046208028808,0.09280970616452328,-0.2464811917490816,1.1461441497851927,2.6186435236526493,-0.8557845317322909,0.3401324092281639,0.23064004327577248,0.9853297727978387,0.1729645948475445,2.7959286489170516,0.6916575305661641,1.2365504022862417,0.7910725420233404,2.515095089217142,-1.9027507090035858,1.7020870815038502,0.8769628056148842,-0.4558197895267095,-0.5468110457021935,-1.3482153199900744,-0.3101464435152341,-0.7298947475663059,1.0142424995439785,-0.9240294114448315,0.298748843487822
143,-5.080079753418949,0.9652655304534637,0.4456718596044362,8.457668928024159,2.741166222500053,-1.5111346574559583,-0.8958201246788058,-1.8589878200932428,-1.464674821342552,2.80773594947908,-2.0059141400062224,0.3813895159930518,0.07059595185693879,3.9563185915652137,5.312312284691613,-1.4578178926868,-3.505020227145639,1.2054496791348426,1.782790177840384,5.839701237245569,-0.39177211294179226,0.029156586771716078,-0.3542598406377426,0.7330786102164367,-1.7826598432792273,0.45385468974481585,2.506360592639185,0.6682057028257016,-2.4627816585746203,-1.3743863035074793
144,0.6502124750471205,-4.87247486015265,-4.221196241567991,0.9148368342641717,-0.2865768895362446,-0.44249942934986813,-1.702259894795855,4.788380301211958,-2.420199770170941,-1.8624935712208222,2.852400185927501,1.7707929165692349,-1.1889980670662055,-2.718438365781267,1.876629623225279,0.04883535533784663,-2.6984137622787077,-0.922831367159948,-1.0598512228407697,-1.1200373418439469,1.8084566916263811,-0.06653675314866657,-5.315606757099308,0.07874643129707333,-0.18344199215652915,1.2008855724626912,2.7214406724258087,1.9994327356919663,-0.5860664098338964,2.1692946376634863
145,-10.554288235805133,-1.9421154155887486,-1.0006525103988513,3.488210431323938,-2.0792786171307025,-0.5861442168440886,-1.3131064790863185,0.7404816127542505,-2.3006402289424877,-0.9116800900142409,0.6548406600414046,-1.217175966456213,-1.043182231338371,-0.9235066772666566,-1.4913249227942662,0.7475333818353744,2.337447873179726,0.7753442720612446,-2.0042027493753185,-3.2172400574646205,-0.5393552670852106,-1.9033624028281848,-1.073424193271958,-0.3450148026701995,-2.4367853622604585,1.7896354855042496,2.9617477021575502,-2.6325591702414917,-0.5485235500848913,0.10422249556171657
146,-5.663801617355305,0.9341935464450186,1.0831621868173458,1.5669334154995678,0.38375288498803206,0.5154941463473665,-0.3776982948773233,-0.6378224731571044,0.5685691842458303,1.5320423236268847,2.7111788431485406,-1.5475081104954498,0.9989122844479763,-3.5587552344440594,-0.2747642006371011,-1.3953710987752563,3.1328246502057215,0.019206469724217055,0.724202344625536,-2.129991282307531,0.7677389801645297,0.08054134111433828,-1.852803580930163,0.06246716303491825,0.4589672071172497,1.4509730827153806,2.6096062136016687,1.6317872583009252,0.13322920431754753,1.553504963729196
147,-2.7266725834773933,0.37367340347998523,0.7968374038998163,-2.9855662328624417,-1.090256258752815,0.5333542575187836,2.0857420424554562,0.1749128358269247,0.8852185002472868,0.15584332198956788,-0.012750800295319753,-0.7319662506235274,0.2823722427193562,1.8978646270824118,0.8378724921123063,-1.5493956593323215,0.80669363308927,-2.625825578891733,-0.5925498605026582,0.5083030056094048,-0.3907357853708622,-0.03584912623431961,0.6481090198739461,2.2792319828573366,-3.4843686724097473,0.8650394811351989,-3.4313793303735527,-0.9586589638577429,-0.2585163734861918,0.8033497937657077
148,3.066032160174813,-1.3883560027501942,4.676868664303862,0.16436325589456927,2.514085364026858,1.3518047360990326,-0.9747471977308051,0.9254361704292835,1.828922308959835,0.6346588531237577,-0.17236859954187114,0.8500113342014491,1.0255154922152974,0.49763942917972304,2.0835203221562475,2.463081079822211,0.06759875134661394,0.5447976576531847,0.059948151533519574,-0.8355771113253722,-1.0698774138337939,-0.48435878756362255,2.1711999307705256,-1.0269674033086427,2.0255196290724036,-1.059872662298286,-0.5129014807485464,0.8838580593377677,0.04447026074574996,2.3928595463110214
149,7.734187966944419,-10.90219791104928,-1.141164742408801,-0.668918291354443,1.3460142086711049,-1.8398382316929311,-3.9648580909933813,-3.8576514685822363,-1.368108508996849,-0.9476424584669455,0.9442576177232017,0.5672732632282667,-0.9001537998130306,2.339528375247509,-2.8419045997005563,-1.2548580334038777,1.1030465940112852,3.266488615171715,-0.31445150818071405,-1.3913203629732869,3.673459626383883,1.0254295896142136,0.3547444552446481,-2.64875444578952,-1.781369902524091,-2.6992943392762134,1.8357545336223997,0.10508799266284545,-0.5781286013658959,1.5519370821059848
150,-3.3537627848803013,2.5795431486422604,-0.29738696784446245,-0.5191384873340602,-1.6488698250012417,1.249950288296773,0.6614728579417302,0.870169926976482,0.9226520730378834,0.4350930601030802,-0.7305337475578335,-1.3169623530935946,-1.072255962064129,-0.042336745622769366,-0.2157353976147773,-0.7695791654911152,-0.357081143273002,0.5939207723273627,-0.3238739517360466,-3.0023402479712975,-1.1382673974698811,0.3796142530390769,-1.6706467464938313,0.6609975928307608,1.4227781424957502,0.38032003981968676,2.604313074405246,-2.0876599328655736,-0.9398859094122091,-3.0535096863762448
151,-0.43144046586254026,5.692803468261948,-1.0593168545853842,-2.946342057011145,1.4882743655272566,-0.44985562716553473,0.19905636762426757,-0.9610602561443516,0.2831632050060663,-0.37600929372696085,-2.2358576503171452,-0.5954208976247783,-0.832261665486054,0.3510779044652679,-0.022182395810732,0.3919957625617344,0.3029635158398609,-0.7992263299105438,-0.020104809485506088,-0.9972483833621026,-1.0487788810541396,-1.2028859955976121,-0.8788722399338367,-0.901257575556045,-0.48367231841958763,0.5396922771186151,0.34839281005897416,0.7911574097458484,-0.1431240622587532,0.5890674519294711
152,4.35923588619414,-1.0778772130178305,-3.7788383910425405,1.6160799121138942,-0.2813184249657053,0.8907174347407529,3.0719289047635825,7.564063250247244,-3.223161155051828,-6.071573850559576,3.3293937558930873,-2.346309942280634,-2.922479703491317,-3.912307601526264,1.8425577751786946,-0.5351942600267748,1.6153449724690412,-0.9051849545963666,-2.433111263930808,2.3718985691374206,-0.04248043041200138,-0.11578620923706044,-2.85023859009909,-0.625392389495543,1.422473524684218,-2.153807428805366,-0.011693045535885089,0.8638215849175783,-2.4269943846292277,0.5710733938754277
153,-6.4520028137395,-0.47118518509179463,-2.6482010887987117,-3.665808715119453,-0.6586974291242097,-0.5763447710966207,-0.9361072161575533,1.7164471061612683,-3.426494165038848,-0.9104491064933303,0.9756994703753795,2.9812110539296253,-0.4047866564880865,1.5725237145417912,-5.789634729369287,-1.739566424305866,-0.6333525191350701,-1.4087191159387167,0.07978210282898254,-2.699455396911164,-2.212383324248963,2.3073271638971735,-0.7658563646333363,1.2096836185459465,1.7969536314790422,-0.37019016070743566,0.3288144858993828,-2.28802754709368,-5.247770968505991,1.0048604528063436
154,-7.2816402506324,-1.819115169300683,0.03862602843719929,2.9933825883218064,0.38540773601255074,-0.29516819317726045,-0.8216756189291383,0.9782051828425659,1.4136091738106455,2.172037154972847,-0.874312892850527,0.2698680766436949,3.1713345114017764,-4.153566696399298,-1.4267523312730903,2.1803165259412207,-1.6336974300266762,2.489985614535292,-0.05638070123557868,2.058342976620197,3.519079021903869,0.4045408635258144,1.196539858673728,1.2541585154638286,-0.6906374813957724,-1.764073448049888,0.5214973097714982,0.6697550162057502,-0.77357405172929,-1.3278635175534748
155,-5.126264192853146,-0.9784228392273316,1.4369835828232267,-0.4077040500356078,-0.239474426034854,1.1906130811520954,0.8608611488476983,1.402459516456011,0.3107758199056635,1.069068129260826,0.386867668272566,0.2985476546308663,-0.8773682245125491,0.12361477611385406,-0.5312198836669018,-1.036632997977554,3.426383762700552,-1.050356822521799,0.6654501325577811,0.2610272124550361,-2.171858055837378,0.15646398631987307,-0.003536479747121513,0.587109854638675,2.2174984518473755,0.9525227540280455,-1.6811121490492555,0.9638657610742601,-1.465730711801775,0.30835448972648727
156,-9.06607578993732,-6.453791389248967,-3.350785159674767,-3.0512409889702106,-3.442091478939807,1.8124079631158974,-2.1548495253949898,0.8357923693642503,-3.1902593611907384,3.419661119827462,2.6202924060789803,2.589411767452894,-4.699106976237712,0.3788691645670885,0.22947266847070594,-0.1904335267087139,1.5710230546303265,-2.2122121727547155,4.4662432637881,0.9383609927808914,2.269425160867205,-4.301508828892103,-0.9829579860000409,1.336247251249898,-1.5498117044235782,-1.5401332873973907,2.335892904326714,-1.0463637523798082,0.1592607872731998,2.0417755753222937
157,-3.938083725028391,5.506134420388758,2.345691895489384,-0.18823827118042383,2.235592124369453,-2.119117501280716,4.499861232086476,-2.235780577578033,-1.9948205656188254,-1.8433576847443178,0.3396313271064048,-1.5695429584762906,-0.5966925684619608,1.6659928177379322,0.21464671338325955,-0.8698927712894733,-0.6095943446453499,-0.24955143362843263,-1.0704101509020716,-1.2045923135268672,-0.6065287772588354,-2.634559453774803,1.3929089311754923,1.2276923228001664,1.074975301065846,-2.2330269415983506,-0.8623110668153448,-1.0736721425264182,0.5030107472776916,-0.4596318500058275
158,9.569209061169085,-3.1819886295360074,1.0763559316700637,-0.55971226922874,2.000761207275204,-0.5662878824444147,-0.2086094403730492,-0.6440033480363616,1.3923566259831055,-0.21194211197676607,1.0405834647947894,-1.5469872674971799,-2.4541704340750687,-1.129182492226673,0.7107195888911901,1.0838082654302892,0.24321320761101203,0.3832610535481406,0.3093409641248147,-0.3694109542427645,-1.0647869269711334,1.0469651840414342,-0.7107103420269182,-0.31015579526672143,-0.696686805521984,0.4536251218359162,-1.286845436778314,-1.3651572772956668,1.1490727127525622,1.6953245082766988
159,8.71518028474087,-0.9964577623231993,0.7125544610189443,-0.07926244304398493,1.5766039627148423,0.3281450927505307,1.0308713543267403,-0.05728263078280156,-0.03836637063410759,-0.03810045375336938,-1.170930510919307,-3.3617301776217183,1.4582233923942811,-0.45941097669701814,-0.812386306628621,0.12879207610126542,-0.46838381937854695,1.206072763250078,-0.5513490214797945,-0.06861448711739113,0.654204302402916,0.21189018385151684,-1.6668759460754867,1.4028251018289606,-1.9332927422704442,-0.7481044103992824,-1.1840717555021034,1.1165029326786127,-1.3950524254227539,-0.555219576145447
160,7.250361495892389,-4.788825403224686,0.029559013687615487,0.5784093116619952,0.9382308907170173,1.274140524409743,-0.9255287516617049,-1.2118331024828093,1.4435253552544831,-1.4535531551311967,-0.6063992361553969,0.28492736387089806,4.0187916298126565,-1.2226080674296085,-3.1451964189895976,0.38422513098063843,2.087541921160992,-0.509459699885038,0.7206011387841619,-0.18838857183587301,2.1177342571668265,-0.4802820505828663,-0.6133786169632091,-2.1078221000599884,-0.6250591120739654,-0.9623152231841297,0.4133134415021487,-0.05936009130381154,-1.6877899994459546,0.2855039234313981
161,3.8107297188374107,0.03594174493506651,1.162102601401559,-1.7898161834006197,-0.13081935703704747,0.8409321121378434,0.3809252453046216,-0.24167996444707815,1.232869884082016,-0.29912644971736646,-0.7727593686716355,0.9029553011783593,-0.7946776165420691,0.21600595597503322,-0.4849717797787127,-0.7519885454514438,-0.49942058819941826,0.7500646066355546,-1.0812604028452815,-0.22831409937758135,0.867036522499089,-0.5052489896720741,0.6157994864517964,-0.6843630849592424,2.3488094938212845,0.2628955075824743,-0.014035396485483747,0.4204801927494214,-0.6057884308367938,0.43735138416413616
162,6.797746317804442,-5.438435167306137,1.7156970547136936,0.396016873406979,0.8047303626618255,0.7065358056446153,-0.5365044541257147,-0.689214180674301,-0.677534973601802,-1.9682395349390918,-0.2651864459754975,-1.293325124515258,0.18577395676904296,0.24597355133823723,-2.650691472540609,-0.5053797113461126,-0.12311948491708818,-2.9713046744428464,1.6268415429993355,0.5140934001206459,-0.3385383338880925,0.03837773012359935,0.9134462482048831,-1.5672474219867998,-0.4847497615968038,0.0619115098548716,0.2649362798298289,1.353582164056206,-0.11603467529295342,-2.2397607578701133
163,-4.719568912031709,-0.3898555997339277,2.2534262235071236,2.1144068429306735,-0.989894874746504,-0.3249425460258536,1.0325860548288575,-1.0542781234055285,1.7448402094409794,-0.16523340912538634,-0.45927945946174026,1.5069782098680582,-0.15662197894144364,-3.3343152781248904,-0.42300306929977793,1.2997003910623315,0.704529719673714,-0.20596958100343665,-0.5182106525309953,1.274763779231826,0.002687531529905942,1.031798371782667,-1.9089757818431772,-0.17899120445843442,-0.992767820849484,0.02980414458843893,-2.7975783595796333,1.9042423004914595,-0.3053261636523714,-1.3660000266620997
164,2.8755887161320017,-0.04045542810895742,1.3004455180540704,1.3148110679532632,-6.355608136285019,-0.33721765899824124,-0.002717572221010329,1.0478713526467185,-0.30525790863189933,2.562508212673083,0.5057917839704897,-2.060570236561479,0.8050813133908188,0.5063307901114729,1.3296385383090346,0.12698221254576078,-0.29341177112065686,0.6290518645787119,-1.680690895316269,-2.1251471880972983,1.2118595083494608,-2.926200948990495,-3.3302007488991108,0.27971391114462407,1.0500459851411712,1.316887513194139,-0.9893182366434319,2.897123513257557,-0.18859606385960354,1.3007016659578179
165,4.466274338566626,0.3108532126864955,2.5884013736117764,-1.3642149984092315,-0.7586315617601495,0.40079361811380765,0.17293173331257297,0.02411295918567208,-0.7359611931488319,-1.2481478396209953,-0.4020020151882287,0.4837204962219791,0.7173985870667551,-0.9329980353791816,0.9856507922747657,-0.6955321748410879,0.9329198121138457,-0.5007803948539192,-0.3732307528017045,0.5890086927136631,-0.6024859078106384,-0.8899026288720224,0.41329791043913766,-0.4073964967607698,-0.6890727998012182,-0.06478055972879902,-1.5949918591366636,-0.10886511874444285,-0.128550567542807,-0.25483448941968884
166,-1.1012186841137708,2.683956207444053,1.7527756369746696,-3.366338292656256,-2.8559681247521924,0.5930543345528972,-0.4594628804913097,0.13552268805002335,0.9134844696391085,2.198838137092103,2.7469034902717446,1.0487219670077301,-0.09218907176372297,-0.30919713180031005,-0.9127934580919262,-0.3034500439379254,-1.2213274083007046,1.671943589707615,-1.5452297312959826,0.27588352406994887,1.210812520110421,1.0282295722864583,0.17121682419777437,-0.08364670285405738,0.3542629777618698,-0.41151217753260116,-1.3350576984511042,1.495226531434904,0.6117361736193008,-0.7269454989516796
167,12.83795551083957,6.27194973714493,7.1306484668985215,0.7509756706561729,-10.057560980317742,2.8441339620655466,0.4872415680237701,0.39071431659882044,-2.6902192767868924,2.5396272662275687,0.8366933085977502,1.125145140094935,0.5108651721761576,1.035606129417302,0.34061970193062135,-1.387122102508097,-1.6149485630725569,0.8296025369264318,-0.8946358302403125,0.20044205238042115,-0.3700466525930482,-0.07394420411709016,0.4927690092899176,0.6876992847657432,-0.07475713854856295,0.6570452748820655,-0.24564501383924778,-0.48495326375298625,0.18854465589188135,-0.1315875395846126
168,7.9411523899973195,-5.643314582896933,0.9918080954380527,-0.0009912540850280898,0.6218297612832743,1.8614401482434537,-2.1441551520166904,-2.0635796760734593,-1.2288311548804929,-1.3400499521679532,0.05437746450295838,0.8263149544084092,-2.240963386178831,1.4778321710711015,4.073477470967593,-0.46967217980921677,-0.7921009653662603,-4.0061352530078524,0.533462996487647,1.1649234839069749,-0.041635198835668234,1.7752390295066305,-1.8954834361506951,2.3365722297174876,-1.571717971275795,-0.8850279343660395,1.3804703490149786,1.8197318202245294,1.1439063935944458,0.322855996441266
169,2.6704886498983855,-3.346398815567504,-1.1055502584588381,-1.85643900576303,1.1110637649285173,3.879026265870387,1.086115956763304,-2.4234934295403887,-1.5545421556375543,-2.2236464983173017,1.1676719703245104,4.658651392111741,-0.11233303000040909,0.5002117909080243,5.648804075251436,0.6730240693020249,0.33673727999400355,0.8230593161297597,1.5656028491526301,0.8190284331761244,1.2275452851123319,-1.176256980654592,0.09528336411241362,0.2882921410136887,-2.5587769851308217,1.061726394063145,-1.2335251484299383,-1.8535277062011974,-0.1887715086080797,-1.5339726636754119
170,-8.41392830181372,-7.076710197294478,-2.8032760979112443,-1.9851089907457693,-3.3369932678187717,2.237617535186442,-4.181624229330822,2.3126043015163646,-0.34535978102877923,1.1486908500396107,0.898805957818317,1.3383613215263919,0.4863617795814755,-0.23024758432710338,5.69999601348596,-1.0225309048794102,-0.28784418321305777,3.7445119027847564,5.738904587954451,3.017419353890804,-3.2124419791964516,-1.0357848338623787,-3.518589997807345,-1.2782531614166157,0.5674514218916109,-0.6069459660314794,1.1614684197112588,5.0453329282844415,3.933914813113365,-2.1330030946650274
171,-2.4041049332564848,1.905179237444406,2.2480800693208702,-1.899118183229765,-0.010280230552787222,-1.3892526689782292,1.4324888492152978,-0.6457010661767126,0.3853390607335899,-0.9549669681207259,-1.420497393006738,0.29933873725113225,1.110288607141355,-1.3260419297580464,2.2216493477666535,0.7459739071402273,2.546806004767449,1.5398477975179925,-0.24507369225041065,-0.5438309993936268,0.9629184116415329,-0.6956676994816139,0.013084904642975164,-0.5315296455047,-1.641580610688921,0.4494867028992645,0.8582282456371791,1.3024082892701057,0.28774786408940245,-0.43301822057732375
172,-0.4028734044601859,-0.962422232225045,1.0026625655683092,5.202205750000009,0.8185937592179369,-0.29261805702726124,2.3182287834889586,0.09154949233721736,1.5037771959845871,1.6189033483972854,-1.6828402794122128,-0.8134748197545577,2.565478461123612,-1.586034978418715,-1.6784269840802442,-1.7644275525614008,-1.123869883841492,-3.041426838763182,-0.09203717537087273,-0.7501751884210954,-0.3966773805957827,3.577688411420785,-1.8781548695508945,-2.1471667561996055,0.7234486646681274,0.37801076436784004,-3.3658988461839994,-0.5971590516478062,-0.3102327553282444,-0.6190697000346737
173,5.529125553469454,-0.4505115178025974,-1.9650967406274527,0.3308221440744073,0.9662628557931283,-1.7740833055330425,-0.37084051300034065,0.024740373551757944,1.1490571415981188,1.5112669899672833,-0.06357420381899881,1.432532890101537,-1.1519661986875889,0.21065014251022807,0.6130279972928772,-0.9869279412422475,-0.632064181107425,1.0294396712971665,-1.4196806539758169,-0.3503035851781712,-0.5790230876355934,1.7378334598808007,-2.0985003028053097,1.457220377376351,0.16812880594690358,1.2869277076796066,1.1903494201554816,-0.03167977775102189,1.3176526627138831,0.7546010979232093
174,-1.632786235335814,2.009509032145018,0.5589219761976474,-3.4973414104322305,0.5507483239568228,-0.3328312493000503,2.77670503415981,0.4536323588923805,2.6006760746642157,0.4826824012618644,-0.5628848238411669,1.4990208888763463,0.6117957371738478,0.40784933301286436,-0.6502245984559308,1.0351566634579548,-0.08129183931300418,2.1455811289642295,-0.6926174513830835,0.5049388840906086,-0.29731323550825517,-0.8462187114353812,0.7035781656625542,-0.3149411963559784,1.6606621959073535,-1.1291518126729436,0.25503122471060863,-0.8530229438833502,-0.7274756652823526,0.48931462110881224
175,-5.611075048192314,3.159363143535905,-0.3005569755921929,0.1810297617263142,1.3318025340729749,-1.6250306070330416,-1.475753676272177,-0.5686536168923301,1.3650635400600288,2.267545442522398,-1.5152755704910734,-1.4826547343108067,-3.3276579010044554,-1.7329048663890292,1.0102064215655815,-1.5467834618179475,-0.10864423228834597,0.5975270760458805,-2.931481859558332,0.6630736411017141,-3.281037862725559,0.75004517664421,-2.509834643687722,-0.686787819899483,1.4501327707005816,-0.2676476272673983,2.212270204762103,1.222178700256583,1.5775060304027644,-0.9036780445297734
176,-6.55624056358243,4.933091424267514,0.5499758719873269,-4.671178559698359,1.1349471101970132,0.2778694434947795,-1.0312543734051436,-0.30247468877679173,-0.4025889106137251,0.7008516808906127,-0.4860303691546493,-2.314808653110792,1.285686438001956,2.0948320870722767,0.12268954687831657,-2.4663565314562352,2.7176481468728437,-1.5763778980649272,-1.9129193217204477,-2.7861871409259,0.8346661797678016,1.371372024309433,-0.41441711322469993,-1.261513643879014,-0.5809836905517006,0.8385958885889501,0.9312948896241515,-0.7041977431446267,1.2881002704585702,-0.15961642609874985
177,-1.8780749445327505,0.9994000083762574,-2.004983196869944,0.2900318731948811,-3.8088328048427766,1.822365148810846,-0.16927685875695261,-1.3055100526854164,0.38905451889420184,2.112109496171459,-0.5443407354746869,0.12279094133446031,0.5792654496837949,-4.46567182955808,0.16366698041568334,2.7568865193947705,0.8557573753599359,-0.22332482273743265,-0.08240397464331627,0.4909261772388285,-0.0668491257515207,-0.7272122115320854,-1.376185747015539,-2.09800549753169,0.15008692175750996,-0.9134885927837354,-0.9830812646253292,-2.0723721454295196,0.08263385542517536,1.3385265870803202
178,7.061331807755999,4.4556537880165035,-5.018075948386274,3.8860947281965874,0.7957570830180931,-3.594768313209395,1.6113636314955757,2.6983868949880723,-3.0000480888246863,4.659459951701289,2.9020593095312956,4.3568733793117165,-3.7952926443854964,-2.9969887742232313,-3.861777908664898,2.285308095655171,2.668148609281064,4.103170503113634,-3.5353966106966213,1.891658226547336,-3.2223757479723414,-1.6459067832203522,-3.300520489174745,0.7920284268856191,-3.146938023249786,2.5012015710396005,2.792599304537186,-4.359092568457223,-0.2231483341142245,-1.6360346109866455
179,-5.320384090174971,-1.86785900466794,0.595020583244635,-1.4172826023099456,-1.5537382160095967,0.5637437591064106,0.7667675258059603,0.6620922699009145,0.9516299503519675,-1.6857272906184906,-0.3962942216333803,-1.4941456644969138,-1.0051372138566192,0.15290708151798513,1.4094616148780679,0.2371126982341206,0.5681969435692543,1.3184447267138324,-1.1648644065917717,-0.8139167176678027,2.3250018656380185,1.1773464249607795,0.12426415740845763,1.0309723213481903,-0.13743139993105755,-0.06109462583618129,1.2508420338348085,0.16656235011088397,-0.5235309600015757,3.0285431480103733
180,-8.71100404476324,-2.909444087499488,-0.94617890266555,-2.9438005433943233,-3.0814052598794652,0.47616079644492626,-0.5310817405667325,0.6393771612774769,0.0500927066816032,-0.2562166291716238,0.8404474726930079,-0.052063867101961446,-1.564677748931305,3.356809041518365,0.5133453302438348,-0.9217469698808916,5.189730598633863,-0.3965913013569774,-2.176934612885974,-1.784138431453415,0.8328254204568362,-1.3637048290277556,-0.25555340230004114,-1.2506819518144956,3.508656081605987,0.5351673169902791,-0.3999916737706549,3.8501734985147897,1.0765856885259455,0.3260788188504168
181,12.554318234698355,5.241366977791411,8.919240271908121,-0.019339392836580954,-9.565750601871386,2.0941780145511526,0.995144231434156,0.511368729629863,-4.515079902460608,2.8660844564668184,-0.503646512107455,1.1446131501261039,-0.17327923356493363,-0.08946054911741544,0.2745299184220253,-0.785441575479755,-0.5012599678665168,-0.8148012068814318,-1.454921412514137,-0.09821667253864773,-0.45640212726810747,-0.8121067350198646,0.23241944146304314,0.15330117208249183,-0.10818903214742799,1.8529446248490467,0.3640073630812825,-0.2644555244318021,-0.3527900260367719,0.5958051507879428
182,5.671713147523489,-2.130217127228469,0.5505563138689727,0.5064232128630424,1.8900415687567236,-0.5699752064069197,-0.1583084058869054,2.1314233944849716,0.9073719334395158,1.0383814459126994,1.2881444345752417,0.492027074785624,1.3657546248262171,1.7423281592771913,0.7811881514604456,2.623006386392347,-0.4073785341997324,0.08511504215333578,0.17939748064108155,1.3616647949380718,-1.2397244121593638,-1.8839393152818498,-0.036010864740743324,1.5754920881206396,0.9731488543941331,0.14172539521316677,-1.4175546274691657,0.2585732755487971,2.466288644659806,1.8376264508550961
183,1.7624631731859284,8.065213039921153,-4.545746656736886,-1.4135555883762716,2.8228976651036968,-4.265999680110989,0.4576228967107411,-3.2608439481528335,-2.109459516156248,2.0779769636994407,2.1560934869055246,1.9677221978784332,0.2018840930114229,-1.9953749939725112,0.6587098076830301,-1.4388138050234331,0.562392031333274,-3.1749251862860914,-1.719436411786781,0.0960401317773002,-0.0731360201082254,-0.4829054424105167,0.5419001852695579,-2.0709626359364512,-0.8693071178949342,-1.3487777862748187,2.2860197458906977,2.785407241636495,-1.0759978149047513,-0.08065858693330441
184,-3.7778753057283554,1.4079192548316133,2.0883657927384247,3.809204031410835,1.5112575923341578,-2.381943372967361,1.5538890588149126,-0.6237008346297164,1.0138057244807424,0.5867142084037602,-1.3381065265476675,0.6620883786280117,0.6604676678680613,0.07084747504073126,1.342098879552115,1.4669396988841221,-0.3856070518080131,0.6966703276526318,-0.9731704183636023,0.33974050105679243,0.45546577041862546,-0.81722358183865,-0.24705597959370126,-1.211429726397304,0.15979828835495752,-0.2448255826515208,-2.7354851780531346,-1.0486639049349264,-2.3305282597795496,0.37133690360678795
185,-7.1740064565242845,-3.8396687195876718,-1.0929268482533727,1.2061073438245615,-2.997268942848553,1.0096474280162775,-1.33795885012768,-2.3828936962396075,0.06202473030252779,2.7118293262342337,0.031978506749383975,3.017645296207751,-4.255278295671598,-2.455109966771181,0.01683866089675984,1.563683123393037,-2.3323127248717475,3.285896410063028,3.5989290550508573,-0.715073234344621,-2.7909843148001143,-2.221910142487949,1.565005120114396,-3.7263445570816773,-0.5173464254829824,0.01901823218007567,-0.8560679028261177,2.7212848061421884,-0.45458171429572386,5.030880036182213
186,-5.865528853442169,4.836936519256584,-1.0765882116904615,-0.9345304902316681,2.2692433617382504,0.8070863936224112,-4.761466496969562,0.21382850258384936,-2.0589941852784155,-0.5723864426319196,-0.26907985356565,-0.1609264285580137,-1.2794862350205578,-1.342731098537074,-1.7228354242713813,-0.5767577245593339,-1.1333958794735286,0.09662838211752656,-1.1176306814995929,1.4434850464013516,-0.23393328424511584,1.9359530808144398,-0.13931609669714953,0.6005477124098153,-3.5842079525457042,1.662774531941857,-1.0819808283754784,0.2178793610680502,-2.3317773689286594,-2.1436811624769416
187,-2.0553948903962476,7.054786778867949,1.1486391048081122,-6.180374270834857,4.804891597019101,3.3479435803321853,-1.3081591578220577,0.6113435601135758,-1.9026231828022109,-1.2064739013954622,-0.1571306937677265,-1.029243179755666,-1.8588301852255047,1.5652096448870936,-4.5872455674706325,-1.0833854472518532,-1.1691379375241944,-2.1412907058988524,2.298238257238413,-0.7430381040044668,0.8124611336412659,1.9454880805409096,-1.3435765062303464,-2.8827612093986685,0.000289818008373651,0.9496701804045058,1.35133284769308,0.0677319047631912,0.9656916719660159,-1.3301217970166022
188,-3.207025989523357,7.075015562250623,7.881400578254983,1.1042740974101237,6.498417304050195,4.702524808624815,-4.8851570980252434,1.8953374180368596,-0.8559385139159517,0.4101834988947032,-1.3647422252987922,0.29292779258573737,-0.7191764941309674,-1.0227952793122643,1.4489474014360568,0.30752927255295986,0.04355210438377858,1.3700069984679801,-0.001879151746449432,-0.7551578697977778,1.2761769735045232,-1.1045584466614344,0.28889432926430847,-0.68899687444226,-0.6650995963019855,1.1514927389947878,-0.338230275897496,0.7677629559039028,0.5508001866814306,-0.9502402796627434
189,-6.331200401236129,-3.7640453582170172,-1.0629358441288883,-3.641269382571293,-2.7171937670696855,0.6876632730451816,-0.01266548784431385,0.1402271934988084,-0.7134805507412483,-2.5902804609485566,1.1895847009154936,-2.393848167655407,2.8155491837502797,0.04793064551924056,3.20370373763664,0.33948789070781565,0.4343670932159018,-0.5210170624696095,-0.5645173037052532,-1.1400557763592332,0.1264797267502436,0.09693336226354557,-1.8930062611537,0.09213694519984346,1.0947109209152879,1.5753755241703271,0.23144866843868833,-1.2621527259833034,0.9250271991048126,0.7351556912025081
190,8.638554241154562,7.55291766927744,-7.55086106961248,3.147940076790531,-3.829738896356745,1.1535038287946648,-2.6093434108182763,0.5691075953044925,4.938839197127079,-0.15664139225392057,1.4646660041690331,0.5880051771032407,0.8992304363067625,-1.4587267623354994,0.8437006822225198,1.5566128048310846,2.645625610442932,0.8360932068680181,0.05360271634404162,1.4263346208041214,1.0251569202938844,-1.3423141662348221,-2.599367150756441,1.2431754675500573,0.9799281358705617,0.3475419704232119,-1.0831896916426356,0.12244784630069201,-1.7706893108343447,1.6931663209716497
191,-5.872351430543731,4.245538132230546,1.5836144149424602,1.5606797739072946,3.1644407891267736,2.0317456014996838,-4.810453055901165,2.0006363386078068,-1.9615475703349265,-0.191460491350031,0.1049876717941071,-0.9371831518294285,0.6419079446244556,1.1094640886072802,-2.653586768592784,0.5389507708638849,1.8905611282181947,0.8804556773914752,2.8401746830443884,0.5531780252596418,1.7363178499898677,-0.8616080225109926,-0.17547283978545472,-1.0498971606962861,2.0794452779876496,-1.0202326877262733,1.8326949311776464,-1.0855750371910682,1.0459884148805687,0.0362384947223613
192,5.306772298914763,7.084827891853043,-2.1939067136473023,1.5341346672212146,-5.417845637673254,1.4968127166215535,-1.0907590009582626,-0.41943721621507646,0.9936978764669221,-1.1051974863464247,-0.36075833905646637,0.9295585159175634,0.2426826217118548,-0.618054904182469,1.3157121773709666,-0.2988580735204949,0.10231072210954123,0.3521127174481869,0.5284754918212181,-0.07292314008146535,1.592190995010387,-0.06827071443929934,0.7460247497029319,0.392762683580771,1.0973936412318541,-0.03464226950504385,-0.18198798891885826,-0.13113384627027794,-0.9083590382134807,-0.8889802630375335
193,2.527412771653901,7.602273793734671,0.7273953279870843,-4.6888533585487115,1.5043559901566035,-2.985742290929028,2.043563661062573,-1.8130191312915909,-1.1827843743951751,0.5265775758902798,-0.7154456930825518,1.0569427423731967,0.640905443922908,0.8237220270539273,0.6573092333207331,-0.15774156544839846,-0.3454784159041876,-1.0187758726899758,-1.2672244383444102,-0.2808181934018572,0.7123633435328945,0.5468936342834236,0.6702553134335539,0.7562550332210334,0.28183259042087827,-0.5273221731208766,0.3459441175163002,-0.5305775388632489,-0.4760543293726013,-1.9857386745487737
194,-4.594879807667031,-2.1447965336192643,-1.8925375729288147,-2.2308836906326945,-1.1134131595135044,-0.13800334113002907,-0.9226168431587569,1.3513694351651608,0.04873960320800492,-2.458550893577647,-2.541074737927459,-1.4462514795353514,-1.5538805396623292,-2.2581277542243607,-1.5941688696398302,0.31623693786868645,-3.0043686151665994,-1.1584248127395034,1.0766715278652899,0.8395544843096585,-1.431552804295413,-0.7181720114403422,-0.12845774429226908,1.1847108082238034,-0.4306469263537172,-0.04787142643757302,0.2676955552144438,-1.3148388797218236,-2.5121406922063145,3.5055818026144037
195,0.6988156362694863,-0.9568596351558185,0.21140069867287667,-2.9691976207145334,0.2456907084016102,-1.321345350766255,0.30372899865055486,1.240039117453361,1.3332114547170486,1.0270672924698416,1.8909198941323915,0.4901635919842392,-0.8093835285773286,-0.28307453740058136,-0.10154110757915237,0.9107241827715993,-0.5242454203807151,1.3145748919405424,-1.1170227586189438,-0.5024029606754599,2.6270649104583685,1.3804154170690432,0.34992507429814185,2.4455178050826,1.0077054199609359,-2.1333736265976966,-1.6928342874738562,-0.2673692333622249,-1.6687014651279437,0.6083110537875993
196,-8.09939266076275,-0.8703656934157763,2.663779189660882,5.370645605552643,-0.24381191017450138,-1.2122648276025723,2.4285747704798846,-2.739987482607096,-0.5854558286239062,-1.6426129465945987,0.06026360817179372,-2.0993536440176737,-0.5629509279353212,0.7959630012253825,1.1825225329935174,0.9807162051306344,-3.118631099541863,0.39820455293050744,-2.742169253098574,-0.4578681863889606,-0.14430680008167746,-1.508459333882842,-0.5645216633397846,0.004162957346504531,-1.139676766247104,-0.3375071669883487,1.916100653100418,2.1811329620979922,0.2235042210957691,1.7235201440898795
197,6.56508421601139,-4.155780830169774,1.282528543866659,-0.8515772486899305,0.15026283238600877,-0.729238761968574,-1.2403767121377,-1.589491218541858,0.1400273668252674,-0.29785185729678637,-0.7812148774768064,-1.3644354040653703,0.14183634197376435,0.19603749929449027,0.03505547422203795,-0.4958376932066701,-1.541088430120975,-0.22545565568718068,0.0637009577119945,-0.27393925714449274,-0.06527445670140683,0.5102583363739746,1.2267850126961661,-1.6395874473176044,-0.7524294480711871,-0.03830072916432003,0.5797621231904622,2.424517832553141,1.1279660070827315,-2.00940132245715
198,5.315457117380398,5.108683467411271,2.6583344389533705,-0.10228513121642627,-5.496951529942407,0.6701149698029006,-0.5314210097660096,-0.7873198704704034,-1.7562813256429377,0.7809779811866343,-0.3653525844704764,0.35021251834415995,-0.2585882804715409,0.5896855414078481,0.37137232046158225,-0.026495465315794622,-0.32569745444090653,-0.34140555926032473,-0.5653319326939286,-0.410175938516408,0.6086956470016981,0.6129917629615506,0.02450859667591671,-0.29857669375494517,0.02238069773655037,0.07565864921302867,0.7747415765507288,-0.210007883097804,-0.49693644073820337,0.016814659567092657
199,3.990044604872945,-0.889642604189372,-3.541697313909594,1.1530930849141425,-0.16847550433929392,-1.5668174365127603,2.6158016935884083,8.736134312543646,-6.691228532538241,-5.476798807884194,2.2032963942205446,-1.8457876838696239,-1.7290284754501881,-2.3968506158859055,2.845840220190896,0.0853659266632086,-0.36136678504624226,1.1793036677475177,-1.0434230499673744,-0.3624007021803812,-1.0376063162500346,0.3737701961065114,-1.7668024617250209,-0.8380532979314832,-1.2545359658207667,-0.8407999941631732,1.7175315659740595,1.114369085002196,-2.431109332897112,0.43875496251532725
200,6.195318654566407,-5.3384680713817945,-0.9957514655685259,0.5711956372654264,2.5120966506477167,-0.2654528195954131,-1.551762349143891,1.4939318702867908,2.4679868658215764,0.02758558375248361,-0.43410567941138173,-1.9844481395875924,1.0669493709073423,-1.6918904152963574,0.1974551503395238,0.18321296697648165,-1.125151016656111,0.026733158946745248,-2.569388495773636,-5.814110688924967,2.698757467520451,0.09173587140297447,-3.4515298963027257,-1.647003161564041,2.5719053509736853,-2.845583141106239,1.758159613173589,2.63391968495199,-3.3762838283982664,1.9561541124626813
201,4.708330457672983,0.3295957361912758,0.23563375020284055,-0.32845123467593323,1.9812960456767486,-0.7214292339851646,0.9589547648465426,1.3319234209911508,3.211873128592463,1.8145280940103667,1.9973616568091417,-0.7316510414258995,1.8863215805343698,0.20390925398223597,0.50994742635814,-0.45532901164424255,-0.36357285327869787,-0.8048329574574531,1.1713235842605743,-0.8453421076265999,-0.7440714774056274,-1.2701896038230671,1.2854280906054938,0.8930443578984272,-1.1341008019901684,1.1505693882237304,-1.0715143357968826,0.2654025394732575,0.7094591401652383,-0.061333236069027824
202,-8.433495429906683,-3.708348452348027,-1.053624122523626,-1.5662288277475303,-1.7578989111684347,2.021821029469223,1.4833351734302846,0.2867428263918163,-0.6811799203704284,1.619306738155535,2.9333186092160437,3.9203568066753145,-1.5323120481735601,2.9422755161270517,-0.19295590042558633,-0.15575573409645715,-0.666957411597995,-0.5641712451357233,1.5636104307549354,1.6957320910949445,0.9229387023758047,-1.293517208706095,-0.4381375233535464,3.5593278939543835,0.8779905963794632,1.3291047051159588,-2.576560967767075,-1.9499272967628252,-2.627147043472212,-2.3780800654470684
203,6.7444606967835385,-1.6717658729611913,-5.159256149126305,1.4713160428346725,0.948678231449587,-4.234642112661655,-0.6192041910431599,6.447293797739475,-0.41807516197384953,1.7259669654683802,1.5532221167966143,0.334679036346486,1.5928979134998618,2.826418400038278,-3.0420667456059935,0.7902235157082088,-0.8026573545461275,0.890254312845496,0.1800884393215338,-0.058401992714858124,4.223286455907161,-3.4214949573647475,1.0894593306069171,1.6708719324521764,-0.4135866830151821,-3.2653741006770027,2.3346722576836596,0.7868970685273566,-0.5359328156002805,-0.8958754502436224
204,-9.248650033495098,-3.9934306992952675,-1.1409405549909812,-5.320149444057878,-4.617779928182093,-0.7308419941914898,0.21176940660936092,0.8120989382464153,0.5134460398071637,-1.2402401135345347,0.06830454230569254,0.5189621188048208,-0.5253875865483135,-1.7252097901499575,-2.710017742867456,0.2879967954378029,-0.6450351559256989,-1.959171770699835,-1.788669966407662,1.9951114254676332,1.0057149610845109,1.0041760176002135,0.20646745095580338,1.4282235903497027,1.6825552184177768,-0.10248314788724332,-0.175162533450148,0.8574044522310599,1.740574911166763,-2.3345713676271536
205,3.077392267655186,0.5601511840209163,-0.9175421628385855,-0.4510179804332951,1.6452684115760614,-2.0580137107178333,0.5235273610794458,1.1197758048014341,0.41717906079461875,0.5686050890931341,0.8959785053673504,-1.9081743458122267,-1.6978593298160651,0.380058963978026,0.34819777816595987,0.5355060048570781,1.2306453409911209,-0.20547874465060254,-1.6180870995250873,0.6750141970800546,-1.9676547300236005,0.29065172630709535,-0.31787403020923366,0.6732664238126242,2.4987579306816388,-0.42601458040149115,1.7221158491089499,0.39483259639610346,-0.622336135241465,-0.8560948980228522
206,-5.148619705135798,-1.6219086839764911,0.4919653172395865,-0.9322637329803722,-1.1352975025204963,-1.5294352525849502,1.1974815814455277,2.4129304160526233,0.46223337804805714,2.6928073949469535,-0.5573977532803904,2.8048563223532135,2.9442204140017543,-0.9743018834026678,-0.5934146760043295,1.0386022619289188,-1.2151956262150125,-1.4868232382809858,-0.5828999515263674,1.9553749977780448,-1.406478591077267,3.0990701923389627,1.6829012378985293,0.9091522971599502,2.266386222170554,1.6885115533531267,0.33860014288609547,1.7781209657283754,0.7534550329449641,-0.7717623983581268
207,-4.310883157770805,-3.9116557319942733,-1.6768981838325492,-2.7316779020055604,-0.3895683725834326,-0.8250169216671169,-0.3785813727593513,0.35787734140777155,0.29795829278774427,-0.2828878045239061,1.1445894194449826,1.866290704419934,0.1729232405367545,1.1777976662938736,-1.9018769458508011,-2.0923787727625944,-0.7222152892304052,-0.5312170320620663,-2.7133986581273493,0.6117804170158199,1.2599174004364702,-3.2810486976442976,0.8662250575002246,-2.3341780784011616,0.17002597219123292,0.4936751641747352,0.7853099988626818,-1.516110554666416,0.6260629250184923,1.4895689768863059
208,-2.772641560095313,1.783549332400741,3.1519488946114054,2.987079898557059,2.006857688677214,0.4863921894416274,1.5506217370324888,1.5180818597728827,-1.0354485749718287,2.031776804545966,0.3026288153563827,-0.7740937155060116,1.993634309025183,-1.002339058213995,0.7539015832292568,-1.9725886667041324,0.6919298798323574,2.309693777561894,1.2955194833610948,-0.1881605662128536,0.3169253912361921,0.36651260318961076,2.570265568399636,1.32724338259238,-0.8947612556388338,-0.20184059472991978,-0.7722856701789182,-0.1991479292379377,0.15072598554922118,1.4522263285702288
209,3.7241344050377707,-0.5944340396264658,0.7746192471813872,-1.6976429289423047,2.1992085490967543,-0.06834170446112035,-0.9750573454643199,-0.9595340079400347,2.989696232277078,2.0385004646483758,0.5145767128191663,0.3987388700797209,1.1574646686490808,-2.523712251531848,-1.8084015382942065,0.6847324774724923,1.6351182415164252,-2.574954730643701,-0.7942126509858207,0.6285909403495471,1.9961368172964093,1.144539104708954,0.7870327348989328,-2.9350479391789177,-1.2955254122555087,1.6092521212700046,-0.06440715056217498,-1.1854435701126111,1.0059688260251314,1.0644599100678072
210,-4.263249536673574,1.186258862688821,2.019986176167622,3.157179098578401,-0.008710982683929086,-1.1804711978871991,1.9539870195117286,-1.0631320521300343,-0.22812579734626548,-0.5381488038972839,1.3690361561741973,-1.3526030239007347,-3.5692245655153663,1.822525057279041,-1.3860744325403236,-0.2356771284922245,-3.935782904331288,-0.17887723410747336,0.40930329439383606,-4.612700912546255,2.291656572177727,2.2096440082949047,0.6655333062425043,2.8402907471298007,-0.2350094279439665,0.5394598154132945,0.527681526868552,-0.5690888226047489,-0.827749462575648,1.007597240534895
211,9.633387661190426,-7.184553097550156,1.1581334052658343,0.4909716989773523,-0.7429482100606823,-0.28294426102393144,-3.0346496371082132,-1.1059055143258234,-2.773855776734046,-2.603727168462301,-1.7418858527297567,0.6534594762413417,-0.35709546913245493,-0.6080630954537369,-0.15841156835182552,-2.4601757848806667,0.019327712083489244,-1.010617071663945,-0.12993437333683527,-2.317388430152701,3.162509305611454,0.4545365420567624,-0.5251883346931409,0.25673159528921635,0.34069774435613537,-2.5522958262324242,-0.07792814685560238,1.4579324895775585,0.8062967541168942,0.520731214271488
212,6.115145783269473,-0.9751001891756282,1.4094935358662095,0.18003573366794628,-0.0710218289879592,1.688540752781374,2.744994812009269,1.1454227170358944,0.795654821019463,-0.44949017405863634,-0.588745276900661,-0.4115593503860476,0.8479043514355706,-0.4399786532278028,-2.390411011254506,0.36638014237146665,0.9740731951767351,-0.30741940093439646,0.7778300161993985,1.4231140674848428,-2.265446213340598,0.8193855295928079,0.7047390565242454,0.2839857554588856,0.812079248642013,0.15525383882845384,0.24105018269149148,-1.4434377752418368,-0.5134724929291954,0.8170861583203479
213,2.7879673742994946,4.098632859547208,-3.1709001388516063,-0.6750766733195867,0.6080826347491414,-0.9416142912836655,-0.28824586277433684,-0.1401833219160208,1.6417540674196385,-0.38048085584619573,1.3407180986685776,1.4251872849255576,-0.7991175315892292,1.2861772062344878,-1.8456488280073358,-0.002634503340893063,1.692145842878534,-0.47924562143633603,-1.404467073440681,1.6283604102510227,-3.1111435951609203,-1.017590543831971,0.1762169376350039,-2.1395321341075153,0.7730039072067626,-2.7295673379512424,0.8211468928016651,-0.6618128811894743,-1.9219589902635912,0.1616566268251152
214,10.705484390852408,7.562091301503976,7.616565508315337,-1.306391796417299,-7.588231106626259,1.9720610824266485,0.10464530160011837,0.8021984981288476,-2.3864821626296453,2.908411238840188,-0.4680552492220999,-0.752273921154583,-0.20634802642607816,0.3478616115155285,0.8983176349402653,-0.5429942864130234,-1.025961945867938,0.6592801288012755,-0.06811040992340682,-0.59873576591466,-0.367013565721679,-0.7297450074907075,-0.8555659547676373,-0.07545126342060897,-0.09588331843962292,0.7625149915791877,-0.20335251686610656,-0.09081253550015592,-0.7751095911537974,0.7103289313914329
215,8.04019475634469,6.180667186777761,0.8289430114880668,1.3557949719887699,-5.20222026360843,1.4215699991803619,0.04467702921959096,0.2836230741264418,-1.4104547528473752,1.9299107384676673,-1.228202635693223,-0.10305033958656187,0.15146258486698405,1.1808228789739552,-0.36648293879272553,-0.015945440714584168,-1.273558628758188,0.3945439140208745,-1.2010231568407492,0.4933511450898733,0.8599461101479166,-0.6286408961680562,0.72150420412314,-1.222605301934514,0.11261367123628556,0.3516197268366541,-0.32715956019590964,-0.5586746970564775,0.7590618829476684,0.16558991432311274
216,-7.0289695112759825,-2.229304877658371,0.37264404771567083,-0.06065516738120942,-0.8636032293402889,2.112384710538519,-0.8128341487514243,1.2207570991646082,-0.047844297135887504,-3.31336732995172,-0.7477283730157814,3.957531511598127,1.918281314509861,-0.298320590856915,0.41431002829056945,-1.5663178544490752,0.869211394837674,1.0447568810461896,-2.2087207131052717,1.5077973238384899,-2.781328859467926,0.8596798235744296,0.5838251860944773,1.7112991330363967,-0.8605043932280801,2.2478089872508984,-1.0308354777702042,-1.9923922255938273,-2.3432109092649114,1.8646739958777214
217,-2.7038231477074337,1.1538809677454231,0.8281124643063862,-2.2815668531315203,1.2579689433907089,2.272230172730264,0.8710564681363268,0.8548849893544227,-0.23663716554096956,0.5531794931832944,0.17356938838650882,2.3329023393241175,-0.20890346212236632,-2.5829240124326254,-0.9042439799812344,0.22954126766037844,-0.21473758209180618,-0.04504220317827513,1.5956674651067233,2.820681833095002,-0.42373377258344375,1.1429304263794446,-2.1690200956954353,0.22615349607389715,-1.0149248449216803,-0.8027773286168609,1.7338504977515046,0.9808793233890196,-0.8362766339659917,1.7957819129786987
218,4.7673860507012495,6.795519626162182,-3.4266185699728298,0.8140293367641213,-1.8746967003677546,0.5853316194587698,-1.1940506230480143,-1.0107712105680051,2.291615989678849,-1.3562136509558158,0.11353803034443052,-2.3235819630142616,-1.849364765846471,-1.080933663756604,0.92729669344123,0.23105688203731473,-1.3848022898687242,-0.4356304228872194,0.8109270280772102,-0.02343922247574576,-1.5828144106837831,1.7373472365594071,-1.443729660024528,1.8728281725362281,1.5558099179877534,0.46636092264072254,2.4746780422321453,-0.3823757710936404,-0.12399070052442253,-1.0055746382743367
219,-4.336657669626494,-1.9580476015798793,-3.224706024748139,-2.85917312658499,-3.2311822443394806,2.5928490769104036,-3.0102048869773967,-0.3690042623777125,2.9289158068882677,0.8376570847070842,1.791476482684756,0.5709079295262363,-1.6761748343027119,-0.06411454189993543,3.0719315930016027,0.9407312228621233,0.9497959213849778,-1.2113142028910981,2.315116946147449,2.612028422934677,-1.8301305941433859,4.266680948506579,-1.4564913544720979,-0.004373927042956025,-1.659735552898739,-0.8398626674410921,-2.3310958037394762,0.7662115688094174,-5.17926057792302,2.594344660841164
220,-4.222763485042728,1.6608773766930323,2.9262860514727627,2.138544530983516,0.9717764765381023,1.3058530426455972,0.6598424117561381,-0.8437424848972586,0.8910064796748809,-0.25343292081399177,2.9535534136509063,1.1936017291985248,1.1365836713894106,-2.4169545845777294,-2.9906109318089773,0.9056521205595432,0.6636886758055667,-0.17468538580043316,-1.689418186017583,1.9472205928707036,1.8511695383115978,0.2585554402510861,1.5006309790375651,-0.453810005682896,1.4807158124064335,1.3001930925156102,-0.1959867454143066,0.5594966983809265,1.1297544767870509,-2.7583438440036954
221,8.628601681872569,-0.7306229441219652,1.66667025290856,0.8615758172637239,-0.26245084778164435,1.9462736431333856,0.07331615935195133,-0.804329665679257,1.078706214137072,-0.30133938682418565,0.3305818615042398,0.5119314453660976,1.541509751290667,-0.6223425769265208,0.707989688416032,1.5533770294554379,0.8281955037597044,0.7389032403320352,1.414883487165328,1.1252328418566613,-2.1648753987741327,-2.3177445139789037,0.5425212096530183,0.9418267944150858,0.631889003099959,-0.5288928460370111,-2.423656834188208,0.9508953595404784,-0.2143244354123634,-0.9108510876958198
222,-2.6537394363506444,4.078304373728341,-0.7237755529496662,-3.633668948044821,1.6615440624371764,-1.6907831767221717,2.105767388834491,-1.835176847508726,-1.0441789519532878,-0.0410838793021074,-2.477192305822502,1.3776779940613115,-1.254026954403227,0.6900456475085353,0.5215254111446549,1.2354332946653566,-0.7839661121966068,1.4053708687959898,0.12517278113820987,-0.2831475613102842,0.261795441744956,-0.5908214069486128,1.2489238375852125,-1.8889125905216795,-1.0220249443068732,-0.8319931386540617,1.39256055561583,-0.33019773293960214,-1.2427767251855524,-0.8709674547133351
223,-5.066183832138588,2.5587327058310114,1.3876986899479338,-4.291000569405652,2.512740323628131,1.269287729983808,-0.7968675096485549,1.0941209228505406,-0.9397586905883359,0.23404500001669298,-1.8517249697771156,-1.0321325392782834,-0.8686535518405027,-0.967586558845752,-2.192113513784308,0.6322751563733578,-0.16737238608735677,2.327807348051257,-1.5426901811368152,0.5003850276579579,1.870704924727008,-1.0161907704404551,0.1770749177940293,1.4406350677957058,2.0847169181106637,1.2940962599472545,1.8807520199388,-4.53644561797913,0.6512531964266325,-2.7629344946203775
224,-1.3273039581366401,-5.4927846367886195,0.7357345700099296,-3.034057831194364,-0.6806617970028914,0.31985168996747615,-1.3291193033945345,-1.9101616735339613,-0.8412808393534769,0.5012451598272331,0.6632508024203767,0.3299551339158916,-1.2741653909728154,-2.832043620426406,-1.0009336396096196,1.226534656463262,-1.3929961463680451,0.9221067743339791,-0.2763115294292312,1.9115280337241094,-0.8810456299408661,0.6130933590489781,-0.4741442230529768,0.08709762410775217,-0.4086961218950029,-3.4333749240047577,-2.111249444084104,-0.5403391748595209,-0.8616659566842829,0.038587660181910864
225,5.650372478577917,5.4742901544452085,0.22256303865671992,0.4529437335760396,-5.352728285387107,0.8553529068717687,-0.6210087957560316,-0.34594847730188427,0.12152487605973054,0.2387261674500783,-1.3333891957701662,0.17585623136735998,0.0711058994351266,-0.1067699846873737,0.5924218587292832,-0.32937524218818764,-0.4286645764905937,0.5034387904679289,0.18693338070553134,0.24257900313187333,-0.008230226128231944,-0.3487862751270384,-0.8213724516672007,0.2743045746291707,-0.3654475973027405,-0.09955032857425068,-0.38275455076929005,-0.4882111862240826,0.04079246558501279,-0.0956264989151872
226,-10.519886047787974,-6.365425482923959,-2.5746560354449772,-0.6672887242103462,-6.044503434663381,-0.39799317935800904,-0.859204957541613,3.4738836775677533,-1.0334698699515057,2.5494856780895954,0.6288319434884154,-0.706026574127652,-2.78908892697241,3.031612360739096,-0.30438872982146364,3.212043291068631,2.3381192876166526,-0.08153542896156703,3.292382042907545,1.95631569525163,-0.7392563583900296,2.48504954366345,2.649473254123366,-1.1732384865595362,2.224210635430848,0.9565486008588855,1.0773589408267317,-2.6411974037381176,0.3193346603090129,-2.5970505196010367
227,-3.6011233040696253,-1.6392697755600723,-0.9256624294637348,-4.606287551609556,1.0654056452137355,0.1092568403877776,-1.7165001527321462,-0.6463286462882185,4.283852054574879,-0.6474723673084873,-2.1148732788067677,0.7631809242541989,1.9908766328194096,-0.1798563009565824,-1.862400438715754,-3.431851712595623,-0.8335776072292624,-2.2484630683697127,-0.6100237062406324,1.0074597584240728,0.9709710992170251,0.613997518881215,2.9253385069629805,-1.3511256941146437,-2.498004927156847,1.3371104982824986,2.42017718278208,1.784264862851625,2.3289388983450947,2.8098569208744655
228,6.4533290513857,5.4018958670645985,2.499613131213442,-1.128065318265482,-3.559490841470112,1.720896041113596,-0.5389839905993722,0.47428611932847997,-0.4983925788573339,2.0413130538560886,-0.36906541422672956,1.1819182654964286,0.25297686251253626,-0.4393165688113088,-1.0435235246507044,0.7169387662517381,-0.17135616599699618,-0.16964567764033756,0.4692168866105937,-0.44746522373223613,0.5065497877552779,1.695923672744501,0.5521984771653066,-1.370799467710963,-0.8394356838366043,0.4483157113512573,0.15422621884685322,0.07231406398715846,-1.0441531272573008,0.9674363078427505
229,8.528051812380374,1.7401095969824665,-1.8211098419066407,0.5706499814302066,-1.0257175693182035,0.712018898443258,0.7055103763066632,-0.49441033897541586,0.09844198343111303,-1.863242084066638,-0.17370824481271932,-2.1497359795576036,-0.42562882752510217,-1.0553239182679048,-1.0056827669323007,0.5096018606848375,-0.20378986365454438,-1.0028029980337967,-0.4995820774583827,1.6235806665979924,0.03478166868683693,-0.48312856370759105,0.15007283230698862,0.272143559093232,-0.062218065616385244,-1.3826190566421306,0.04600175719951508,0.3120805950362599,1.8151717219905898,-0.8592050502475661
230,-5.048180601158085,0.287315882008124,1.3537567493479823,0.9067463605299012,2.1473025064558846,1.8737660529258402,-2.16166887720329,-0.08801541555578475,2.046647327986219,-0.8207960056272433,1.5346914155578824,2.6751230995747566,-0.6896191276206526,-0.569395986168354,-1.2897537248866064,-1.9037592860039698,-1.0272918701212597,-3.522545027459866,-0.09793772383175779,-0.7132589847998336,1.1655012082907306,-0.12214139156874024,2.7990046744274495,-0.25828898444215875,1.2418980932746624,0.37735489510728976,1.776685080400071,-0.7868060905651999,-1.2699483182083224,2.720540397006171
231,1.2920388863171626,3.222947242389886,-4.239796015113884,-1.861392850660957,0.6607366057505951,-3.1233780394567896,-1.4423979068330617,-1.143649151837626,-2.782527836382689,2.954130220514008,1.5943745733660886,0.6974856353134959,-0.3067472294399389,0.23664929581111563,0.9050010161183968,2.651524566758614,2.070500222901194,0.3151880647256773,2.169614483623988,1.820328686933775,-0.9341082533933054,2.650162702193083,-0.6154763330359535,-0.14291011921310517,0.456990708233213,0.2966641061513711,-0.8863217266652827,2.1868802998287413,-4.836337023767957,1.497447337455435
232,-1.7213711830035467,5.062071467945442,4.443887510300854,0.5024009396087081,5.203890873453645,2.974386997570466,-3.273228961640154,3.117197796510233,-0.3645445541120196,-2.026306827049587,-0.8576547937386347,-0.8471919897508586,1.1020289108249508,-1.4454662589711924,1.990916814909273,-0.7587167716706197,0.8437944540456485,-0.5863753681223516,-2.2270344957007318,0.7882199404341593,1.2842288337738441,0.1627010840433279,1.2455915628519207,-1.8992073635120033,-0.1738379593639077,2.68880621822868,-0.6786084010366248,-0.834215497633232,0.753595649657824,-0.922038450743207
233,-3.867373205255472,1.0952474417412752,1.067555549496027,1.7347076156980448,1.3954043044075644,-0.18538535303609743,1.3102096919936737,-0.1675558103881153,0.39225949913400676,-1.4919251058221659,-2.642860699440074,-0.1422366460234166,0.556533709733105,-0.7236906523037775,0.4376945086640536,0.5371900319418801,-1.1466215982857502,1.3854518903274462,-0.7616238066544858,-0.3126539596015506,1.5884518284158968,-1.8987757679096806,-2.538942883264923,-1.3474345536174042,3.32817493242752,2.1075563901687,1.9290067856535171,-2.2212134418965004,0.425611582291033,-1.6301173270891438
234,7.299066398333828,-4.5644586136868455,1.867053128227734,-0.45584377288628625,1.9140292996410853,-0.25158855625378757,0.2753093343787481,-0.7572533571653712,1.219746999455429,-0.15247989769243936,0.3882516569995181,-1.790565478449757,0.3687901494693638,2.1139797512167324,1.2661405294982147,-0.9737419161591774,-1.5791995206378,-0.58285597055383,-0.12956107784043705,-1.434851764614281,-2.681134998321331,0.5407836274786458,-0.056518574332455634,0.885890526247432,2.7177303456103257,-1.2677892293045467,1.4527192722601545,0.774099252386646,-0.909102510354682,0.03331446306589127
235,-5.820215797874871,1.7435633149097212,3.759627504169952,-3.3918429647380313,1.6107127309545004,3.514984159921683,-1.8018668426290692,3.2395613645699495,2.1041296578287167,-1.0811252597296757,0.9548155291295971,-0.6654831828482632,0.47754194455736504,2.5351264117937893,-0.9760175694685161,-3.560168637717093,0.8668535826490972,1.1313039949921249,-0.4484110576450594,-1.1107212113675728,-1.5481163730133969,2.4775506130344658,-1.9698113951504457,-1.1828617932047332,1.7045918685300614,0.6522606988216336,1.3612516008861608,0.3305902925688763,0.46151535770164914,-0.43111348876655414
236,-3.989994188252754,0.6366758922575423,0.08315116461247776,-3.4267809302823298,-0.4885739741645054,0.7130371910946259,1.6558592710480884,0.4156896828511667,-0.012858141090327091,-0.4296364177259204,-2.0349241867027956,-2.88934043500831,-1.8062455051348683,-2.7868815151359514,0.3845405731649885,-0.14082737666038792,0.07540952042585038,1.4046378253426663,-0.6700610994875292,0.9432115922430482,-0.8336342640185841,-1.3534496705057155,0.4916071884173921,-1.3986373842312043,0.4676206268177631,-1.3464613130126835,2.27745961386799,1.2366088247663036,2.2511528966806496,-0.881377500759179
237,-9.960394601297468,-3.687295263707263,-0.3029128410015722,-1.5680523063324578,-3.4341559693451638,1.2277820369777095,-3.1146325410189935,0.2329778529874454,0.026181205475585383,-0.7408859742682924,1.9237652435630757,1.8974193082681898,-0.2497824953776863,0.8164402031715808,1.8331487343429835,-5.044959183449785,-2.0236311934650604,0.5399051352051345,0.8831577315547743,-0.07544578601369048,-0.694205644266845,2.5836140507932694,3.0009042304185667,2.0389898060583764,-1.0419852324710508,-0.7885086336293606,0.28390921856781876,-0.18235767863926988,-1.7218698233058911,1.075334258133509
238,-6.599284127491326,-0.18854773834298302,-0.40676049517238566,-0.18281609732780296,-1.1570097318144172,-1.0970144386681442,-0.353639661605568,-1.4751368280387975,-0.9630176863052531,-0.5073437657094266,2.520657710408029,0.4719813535247167,1.7202560810851026,3.7499381008214363,-0.6113089703150284,-2.885901736320124,1.806116876698925,0.9720999429275977,-0.8059372013319521,0.21356273511759263,0.4664950076511499,2.4457547881319597,0.6496880539730695,-1.6509027071674742,-0.06204629381710415,1.5104401659197224,-0.23147715018844664,-0.8425424712611317,-0.8120851277718957,-1.7891358054891027
239,-4.914602329299157,1.6117515414476764,2.644716851569386,0.845930855138164,1.474283793300241,-0.23457719594724033,4.272474179604086,2.732104764202853,-0.4811117984541059,-2.5208404649258895,-1.6265284145368673,-1.398485482020272,-1.7017111989794542,-0.7376862040645779,1.788485438735706,-1.453099718158405,1.5019076465147605,-0.03911827669809902,0.49828920032593016,1.5541706326766753,1.4917995198526108,-0.7140307546110871,1.371859173479382,2.581171355947085,3.469450523488244,-1.0404725386866074,0.7983254270937796,-1.9547076154943652,2.480423963911079,0.6356648835181871
240,6.738684737050835,-1.9248295334177394,3.520366916330929,-0.6051869017469235,-2.273994559250522,1.0235242540476273,-0.20676784946300575,-1.0731020906111262,-0.8288400535154802,0.2486975272432715,-1.008856702821698,1.0084645929761311,-0.42556231608185513,0.6598604580838404,0.535731974554975,-1.3220298912311959,1.4122392252883142,-0.3264372204152946,0.0010311945323137296,-0.31583624617017586,0.1661299597784922,0.18083752339425155,-0.8036062488436772,0.5645928903634716,0.3979145998558183,1.25293731421222,-0.7347842857770693,1.1362595573059235,0.140759781782336,-0.9131621757494263
241,6.291761533217229,-3.5630165177600244,-0.1332696686444492,0.8380975591339569,2.0904837132846827,1.2853285606543694,0.1906294030953197,-3.321275911570419,1.691656641011174,2.8083409138394124,1.2889349793257174,-2.830713188523616,3.272888071620184,0.6760129950482663,1.338129593528389,1.0972737562032318,-3.827078107908941,1.7778713569290912,-0.8512533327663113,-0.8498867625469112,-0.8161519004951412,1.2642096527551407,-2.7072638857176736,-4.911533978034629,0.6809019867281451,-0.4343056768524784,-3.179302979041419,-1.2724150162144758,-0.09697719068408754,1.0763066722778445
242,10.766840851422048,2.3413514831393365,5.018012489698778,-0.1949223529669953,-6.038380407929551,1.0325949495441389,0.3344959862106002,-0.7046809227045512,-2.3031129891694633,1.4582472551669476,0.6654572039605707,1.4533857612103414,0.4484911739799803,0.037607230983255344,-0.41884124464200284,-0.4894706472813316,-0.9325928885563682,-0.22112691379917263,0.2826461520661254,-0.4080775754654808,1.0048415690828292,0.49062155259055823,0.445600931883929,0.7847524028598679,-1.1380555927636904,0.1331641498929571,-0.5888260219527203,-0.3833306101583638,-0.9045464006662093,0.41904316395153496
243,-6.977708356777281,-4.599804612335487,-2.8716451409005326,-3.9881445929726977,-3.343882793457835,0.3605072908403433,-1.691702953468315,-2.7427836361381126,1.2390877253128054,2.0937839595893526,-0.3288877996498602,-0.804453887229226,0.9663642357538791,0.5087215434911413,0.7955243778415041,3.388835262516486,-3.277639361301097,1.2143927907943892,-0.7562309615226377,1.3324723859431558,-3.07810348684028,1.2166747241136993,-3.259413588571248,3.027207486135464,0.6972842948471301,-3.0893319662940923,-2.7532793006960103,0.2301986564062562,2.3456374131500115,1.925487679081444
244,5.8983057639507885,-3.3055444242022682,2.6202354656207913,-0.061014600832052866,-0.13644319445728026,-0.8370599089565144,-0.08877751077397934,-0.1263598543240335,-0.7122017037395889,-0.13309826761295132,0.5964222291219926,0.27750696138190983,-0.386421120641452,-1.237557710416658,-0.6359308781596675,0.6712965669156337,0.3620347386711822,0.6483097813740981,0.9064035388015502,0.04786036750659895,0.925842327301806,-0.977276035093645,-0.523393153554511,0.8192330472034286,-1.738332686453439,-1.7484459665268177,-0.2869952600210335,-0.526006808083241,0.33119291095508446,-0.5493846696782954
245,9.017790548070053,-4.864841520084477,0.8906468128116839,-0.46486841347680297,0.862565065988088,-1.6653116750017527,-1.308834250203363,-0.8274335411587906,0.8975557891490459,-0.19970909739267073,2.0640709383944564,0.10483123436561485,0.46677200329454743,-0.19245500539338184,-1.6350397880080032,-1.029824187407733,1.4569591970726086,0.5985750059460022,-1.493828939101948,-1.0253034166227815,0.3755415397232524,0.47536783005622824,-0.688353068249784,0.19686759556685277,-0.5765257133272773,-0.843049956212913,-0.9924435725366451,-0.3155958772580397,0.5507230023702103,0.7617337525726767
246,-8.031216446130438,-1.7901387522781003,-2.412495504025934,-3.0189693280248013,-3.053689668145314,-1.5733742253180243,-1.1853905206747468,1.1264747205559753,-3.3718847015691287,-1.8395390474303326,-0.2821160921411028,-4.601031793253696,2.2055957492056733,-0.9913011170433971,0.10327735211096185,0.7842562403555324,-1.3953201000465292,-2.5907773985359115,0.20795419674815113,2.164332914864795,-0.8808872983255603,0.8647135006379869,1.9946084785279032,-1.2556777316110357,-3.554474930119611,3.107295075325787,-0.36695997085202475,0.052295520380465775,1.0874243502033547,0.21146435254038098
247,7.752186742907109,0.06061471282818651,-2.1998288608055487,1.6718995223810846,-2.0635561005244294,0.2906511025096824,-1.6758836892583515,-2.386228629289355,0.46452164588057643,-3.0220408691637095,-0.8032600785761396,-0.8188368831344709,-1.1063961089994852,2.207701012295315,-3.607836768757131,0.20654058084108917,0.8991627715903842,1.0239330961907958,1.266453571234356,0.004307597843711431,-1.3411069078569506,0.33000589281605197,-1.1873626271359627,-1.259489510254781,-0.6801756956164805,-2.814535826766076,0.07020058461649432,-1.361529447595601,0.7635249403117794,0.2522490019202154
248,-6.927545068705328,-0.30327704049905263,-1.003551856267208,0.027387056960049484,-1.70537901473328,-2.923980887753626,1.284114550278807,-1.361013889587903,-0.5280304992609718,0.698483013648547,-0.5934913013125062,-0.9286590262561384,3.8907334263582896,0.7244197768504381,1.051408967992159,-0.9296979560359689,-2.0484026515189773,-2.1545949542546503,1.1173555532332309,-0.7170383246051828,1.6212553149887314,0.2570109986343028,3.5350058181626514,-0.4210334939714564,1.4293156144249544,0.0015881261307882312,0.08909139327609152,2.253066858751467,0.6411682921936438,1.5412723352800926
249,-1.8900674854104056,0.8361811340918247,2.962519774363571,2.8111941197184342,1.137451938061001,-1.1835830548041542,0.4192201591211524,1.6217491127308041,0.23022977659350338,0.8645650365946163,-1.4781126199749748,0.7126630594221797,-0.7833918088775789,-0.2528317145166954,-0.6878761460509705,1.0606970202633639,-0.11761724155273541,2.5076719431505095,-1.1371381831375453,1.0574093414430459,1.7049601126515799,2.180696462222543,0.7559451429329959,2.678972620534179,0.13894845062648914,0.15693286436310672,1.0252203318980944,-0.26389366203806075,-1.0603518698130288,0.39572782219619596
250,-6.029545048277405,-2.517148955362721,0.46439328412822123,-1.6580632307078733,-1.4418519674666612,-1.0435832491091843,-1.7530203309043728,2.526799440996802,2.4251456816479857,0.2580871159760031,1.0169084586500243,-1.6544947340199625,1.811638147719636,1.7305770269562295,0.036322215638435226,0.5652603041671717,-0.09063097207032648,-2.1928034293052145,-1.3883818249711508,2.0831897958371526,1.1272123676713663,-0.07303653841753496,-1.816068104960005,-1.2476320620585466,-2.9844905717212256,0.9078945416842747,-3.176442377139159,-0.575208102309709,0.34505550205667584,-2.337058906333651
251,6.740397480624838,3.0512147103594924,-3.703331623645451,1.5887432131078116,2.337807547761926,-1.157812426878057,0.6752597262776858,4.32184160175652,1.891403099439965,4.283888151896951,0.7337314970708254,-2.940570023667233,3.3527325772998267,2.0024218718187226,0.2459922841140731,-0.14740754060327466,-0.6959557242775187,2.616440983446092,0.8464144345394756,-3.4950242656285258,0.9538410912377454,-2.3106864585531577,-0.47175120192217285,-0.5730875265925632,-1.6134190804372028,-0.7955432262618075,-0.7267753450647267,-1.135388256463245,-1.0006804628193426,0.414087342465927
252,-8.864565060249546,-0.21254569833524686,1.0043753078150042,5.4339068710847735,-0.5589159455789068,-0.10084888200476827,-0.21794798882522168,2.685104801582505,1.5531622498569824,2.045583397758982,-3.838473842754668,-0.5008972827859977,-2.21948478872983,-2.3224014025477224,-1.2708020946773773,-0.5851527325771542,-2.388363563258738,-3.523776626279502,-0.5600797661643798,-0.007958861047219313,-0.9496068283294992,0.8840428227078377,-3.8265468386500845,1.0090201957690756,1.3056417702912082,-4.570734586345333,1.759244113068702,3.8785145728734727,0.5438651528834229,-2.7765332553503144
253,-3.906439723127942,0.10789776769139198,1.745193429956826,-3.405723649334089,0.5466931775914677,2.0003707593599573,2.520075154557454,1.0224312514503093,-0.9418218215903723,-1.1578079047095837,1.7052793342832409,0.9957917871486947,-1.1825268418610586,1.9762388368375572,-0.13067606140643132,-0.7727081716038772,-1.1047712450333609,0.4973023801618307,0.3671819892748187,3.2251059294869022,-0.12107254784130145,-0.24077159099926793,-2.4274579831938667,2.0967382117172435,0.4224913781197681,0.5461075371629421,-0.4391482010621207,-1.859522244485269,2.6232684120613694,-1.8510863318585604
254,-1.6271269379609672,2.6809219421918886,-3.965158801758598,-0.018132144469861094,-2.2830543347151395,-0.8658328658956141,0.019635713122259816,-0.816093189076546,-0.08603085267564876,-0.6543502213867449,-2.0685616899656516,2.177315821141566,2.2856505371778937,0.6441315560428897,0.4430840354095447,-3.1935622653738025,2.9596284373973045,-0.1280379185516705,1.3536379322653729,3.0103607703010185,-2.9468995524191586,2.576363419990544,0.9567663904665039,-2.1602310252519623,-1.2663738499546082,1.123621863500293,-0.6395830606587752,-1.3236702770576183,0.27390966232517555,-1.0628222332532227
255,2.227905930271709,-3.488135645310837,0.6278197034593841,-1.8517252669700914,-1.2756850892754017,2.663535004926036,0.32240486257797685,0.4053558632840768,-0.2379565029828072,-1.5579895357126088,-1.412003477049447,0.5945996698555972,-1.1178071639380391,-3.238198588901992,-2.409921668948565,-2.7081341081509422,4.460933037284285,-0.698869456717089,0.7545192685759088,1.0875949587304288,1.2650707725511297,0.3854895482598841,0.7367040216865176,-0.9477751795555645,-2.7531748096023265,-1.200375464777508,-0.569130756660954,1.7853292416153017,1.912028566091852,-0.889616083800904
256,1.3570849155428437,4.583763745616694,0.7350409751928827,-1.729263564107908,7.443507361828609,2.7996052673419625,-6.15464011952953,2.7411835559194446,-0.26991754176903454,1.8123816083257995,1.5839862635942066,1.1342824076008866,1.8999719251857907,1.4555459082377775,-0.2782346268782203,-0.36902492506454476,-1.1086148690361028,1.846590804793075,2.571347495527206,-2.1379087877871075,0.594812171036758,-1.2744921486741025,-0.8293676084742821,-0.6676865402232585,-0.6812705689886515,1.9868738700146056,-2.5707437433334017,0.21811624311252975,0.36139734673091495,-1.9763530363270794
257,-6.042233515071784,1.03801779983897,1.6145688071402962,2.2140192581561995,1.821769474987871,3.0959505398631326,-1.7100314584644942,3.1406941507477715,-0.09285186035195853,-1.4443565402103482,-4.144118110349758,1.7335877791119714,-0.315947814193364,0.039493979102449485,2.9228811992049395,-0.47860520275777435,0.2707122580781436,-0.0621472581506613,-0.6563738701508594,3.2844145478537006,3.0108860821083474,-2.6669186153607773,1.6136156214998774,-0.3056535488976534,2.1406227321008644,2.3051687010403317,0.18705707555084575,1.2725642682276692,0.6750751557232347,1.431304274710822
258,-5.839511311457159,-2.065479232712559,0.5560153044386711,1.3880490098431726,-0.9600897638449823,1.3147917570253798,0.4982157377280438,3.1517899851415803,-0.6331379461741123,-1.3728898386723516,-3.351235076639258,-0.6724846897045405,3.897070336732942,-2.5448277317855146,1.899428043047188,2.1101282887497805,0.931481053271046,0.17526430352924338,3.4247093209445,2.2292765566240074,-3.215045208092051,-0.8242706438677795,2.7455268665401635,2.5210265382429826,1.7170982009431879,-1.089747956859456,0.983426123690104,-0.10052847073966671,1.7920602590633046,0.43138948518302545
259,4.155929029882422,5.394008853391216,-6.15371418628614,1.0568116761948558,2.281374173660276,-4.378201430644135,-0.24641781262500034,2.4318618768231484,-1.2024885986037241,3.3334725035096615,-2.618053404338555,-0.47527991057037283,-0.3614799212190733,2.6046480354718486,0.18727590116193774,-1.6641369563193917,0.5301642411387774,-0.8194482188085667,0.128705370396509,-2.4310026241175704,-2.3787746883598357,2.20705238435638,-0.5638097778706858,2.299739808866814,2.587988788086374,0.4093931560635735,0.2586879888149334,-0.646460229000558,0.11419708543966688,-0.35716912136580026
260,-1.5133651486566018,7.366790831267653,1.3924553309343575,-1.7673839080335183,3.3836442066246404,-0.7155574868597205,2.291972798775445,-1.1031454567167274,0.9149414873117586,0.977092853334,1.5450826868744105,-0.0622187217931914,-0.7018414088558544,-0.1694043046248517,-1.1517094022489414,0.18968639040361548,-1.0311368669046481,-1.5691947873268226,-2.140448370946521,-1.2073808613966353,-0.11294734977050677,3.4090213370967795,-0.2641821315387433,-2.570743184924755,-0.8280397735765617,-1.6141206778689006,-0.39061273498205235,-0.37204231465532783,1.7121297490465581,1.0324834511938028
261,8.759599971611763,-1.1829112597839162,-2.752438264050966,0.3805849841823451,1.6310162358490483,-0.0550243587758035,1.9403024405724731,1.7032169331133118,3.0499689271737576,3.4295855039350123,2.5044522160498475,-0.5091298420023321,-1.1472071594439563,-1.9065707881505598,-0.8212380291487282,2.9418973442866188,3.9079150231497737,-4.1101245330791985,1.9024983853009985,2.357471132395659,0.554030575067891,3.060803667217281,-0.6747916587589857,0.06525319828997321,-2.083336937177167,3.5708173278182698,2.724185148523603,-0.37367850325495006,-0.1006473933042727,2.455355184408519
262,-7.485602260886899,-2.8384187828701157,-0.8796011936676316,6.537880587729883,-0.12543016986808278,-4.109163253950661,-0.5804737546585103,-0.45715447901999223,-0.8780304634554139,0.575567763124223,-1.0284328350755378,-2.7893817881959753,0.21744215620070104,0.6698428202331483,-0.6696565510836824,-2.6402680288599107,-2.506325829233158,1.8119383294064995,2.061899699336985,0.5822515564412585,1.9139343200689123,-0.5464778926044463,-0.35822179159371376,0.8730857860889333,-0.5862915439450266,-1.3477399151558735,-2.649670105665412,-4.421569502148462,-1.2802374270488406,3.331342252101023
263,-3.2366654407572524,2.9863169984010307,3.1571395166556955,4.3235964057105924,1.3238414958867886,-0.44201025255055665,0.9594733102594627,-2.064000442863781,1.9216753596326306,-1.937461605053699,-0.6367971484988099,1.0074595331946488,0.17784837762982403,-3.260365053802279,0.42002356611713354,-1.3632908412177076,-1.5626710338287397,0.7259592999518202,-0.021601852998019314,-1.479774936372654,0.3305117758076006,1.5451350519909544,0.40718831783569054,1.318637772322103,-0.5461401136989482,1.4267365679284931,-0.5874524900382815,-1.3257295504483408,-0.22461407376147335,1.1842053097137517
264,-2.6412130498346893,7.943887872532088,4.742272941642715,-1.216423896918224,6.085111208757086,2.929125555408236,-3.118076637478951,2.7820486895252,0.628606705767103,-0.8823964134467314,-2.3936252618549303,0.5070183315172322,3.262619445416433,-0.6794334368374835,1.4457604628464618,1.4611809645204215,1.9130882335464792,-1.0458543167452155,0.5148885334635954,-0.6421998573763115,-0.2241782740549888,1.6713621227903293,0.9519043687438191,1.5771060024332397,0.017282535096935576,-1.4449546470928392,-0.0627745974887962,-0.2424016378664908,-0.06822658429885078,0.4542359342687413
265,9.394822659403731,-2.2095609155485727,1.2534571092084226,-1.2462132254673353,1.619288571182869,-0.41740368131975314,-0.6234848927684282,-0.2700483811121811,1.1317581112205175,-0.46871363994466464,-0.5379806242430896,0.4373398637900115,0.33722919815499797,-0.38724611597868297,-1.6748955086771595,0.08341491334470492,-0.5273982826947173,-0.08488972067502744,-0.06822303880375474,-0.3148045274678007,-1.5519985920760662,-3.141845705747038,1.8133188845365784,-0.9338529117191701,-1.1707217159512024,-0.4824479954573571,1.1791611731177754,-0.9337068738851254,0.41511018246811726,-0.18912478513394507
266,-3.1750357613233717,4.8753617337835555,0.7646630871796263,3.6629914598926554,5.7693592645788065,0.8022741972376594,-5.733490476881982,-1.1961836107690167,-1.965069448695037,-2.0551998587861964,-0.2670140262746682,-1.7031636632688176,1.603415956117433,1.6887822594326984,-2.6982971372800013,1.78534221468109,1.9036692014726497,-0.4566990927553902,-2.0250115224912864,-2.0274640432522952,0.13520450847704613,-2.543554902508039,-3.353292537723937,1.9945384628013882,-2.4304123259144523,-0.09677945851059352,-1.495728413738908,0.28606151778401595,2.6898164311535755,0.1410506010454349
267,-4.735875474887273,3.521736773021691,0.696153794866079,-0.9941960955052372,2.432252924198457,2.2038051184876672,-1.7918936874403597,-1.9903452930931116,-1.2686795986126338,4.450966343893461,4.272615929547449,-3.660645038296831,-2.500460758429971,-2.466297258478929,1.4477131917879096,-1.124003285668546,-0.6433550072236435,1.5640582202605937,1.3687953225727347,-3.554790839950903,-2.701711402304337,-1.3606572123214713,-0.7705387084670273,-0.9919553135753992,2.614670125821673,-2.8815306294778744,0.12963230926368743,-0.826672908005179,-0.9798516666178162,-3.3434507233461632
268,1.4075991948668587,4.267255089563189,6.231766024545424,1.1975829967533713,-2.2688411969352122,2.212479469555865,-0.9214225290244251,0.044923782264477775,-0.7117666880544631,2.2401154276713595,1.384260460173424,0.29406104835429653,-0.11632579879587358,-0.10391260366495624,-1.2136340064651143,-4.339145813840208,-2.4150102194572924,-0.037482140143751085,-1.789384704025454,0.8715869464537463,-0.19738016506851747,-1.144658673020363,1.1225702881427326,-1.0854739222509933,-0.9536381527125568,1.339940338908215,1.0003116662016238,-1.7879573973946237,-0.1529518441592256,1.0368722356869975
269,-2.0850059789828,2.42663887516955,2.531625928051351,0.2524332622935506,0.8322591271136635,0.12917730177831296,3.029196685731793,1.0333697836935323,0.0746370138140173,-0.9832703154141881,1.632013428681966,2.1181347523097798,-0.5319788743906729,-1.765982096127059,-0.3232256291671439,-0.10628327181556968,-0.32039193621248496,0.37341823625012804,-1.7642388451517035,1.5621369282966036,0.10520563652595648,-2.543760038517147,0.5969875563253273,0.24237912241937407,-1.970554613885768,-1.620009367315372,-1.0079751991774586,-0.9722431266160152,0.1095228777894495,-0.15182106379306864
270,2.699363904374119,-5.488373027739185,-2.1631661735516183,2.7922006190418682,1.6206988738006864,-0.17720661620048778,0.30149581141499715,-1.4522209751670576,3.040354593982295,-0.6333274293047207,-3.7931818548260936,1.7472232358710227,-1.1208355675117891,1.351971966231193,3.8939845183183324,3.836616493135169,0.26043718191180415,-2.5337674524165825,-1.0686808009799638,2.1762022604153213,-1.5214003819929456,-0.05047485552444961,-0.31086493821207306,-1.3089189923394662,0.6070963063029334,1.0859403612050271,3.9486957980537656,-2.1822614099735187,-2.3967260266167445,1.0730285767450052
271,-5.488003148250344,2.1718207279591115,-4.091094362631969,-5.070180349114109,-0.6555027105087844,-1.9320873452253626,3.167205343556426,-2.9724558864364363,-1.8862214567450422,0.8372962718341724,-0.704390259348865,-0.34732334692652606,3.8984494847043014,1.2106060983817857,1.0778179409549447,-0.09156809434356884,3.2406813499076272,1.6602311811501647,1.133228488141719,-1.0219631823708601,-1.1237070797291375,-0.980596214079196,2.2807021596001587,0.8158049323744602,-0.9634518176505588,-1.9551637295413404,-0.9544206096580911,2.281874815128374,-1.3609229819752973,-2.9434121284416914
272,5.509525781305525,1.640781971768215,-0.06997213089209904,-2.0157598428703065,1.6060722908561464,0.28371342284127343,1.6278853122770518,-0.17592172137331283,0.6075947631927018,-0.1054478139117927,1.2692753093532685,-2.384045076915696,-0.8366616203935278,-0.5768482670267671,0.05724137843405551,-0.1353628153429566,0.4108695549331259,-2.7037771008310676,0.8495665822420914,1.047847213027212,-0.18248729188200785,-0.23297016021003075,0.633699210857274,3.1559014436274424,-0.9855698286825518,-1.942082762961503,-0.14847812748871836,-0.15431775155320462,0.6204797462794038,0.31859779219576334
273,11.723928372004758,7.553109616926059,2.8268350225817804,0.3884026972304698,-7.9155405547509625,1.4874150933138537,0.5469318400442271,0.5159593102290436,-1.2611308230403862,2.328507843906344,0.25993580512551595,-0.36607944048323565,1.8967611916175595,0.3638974582986569,0.7709552252758859,-0.845015672900015,-0.8526344495286311,0.017055729913115478,-0.27703421829551633,-1.2046717685284523,0.32641902701223335,-0.4994322623296682,-0.4642334698775708,-0.7088587660825216,-0.3796735267930652,0.748471308656009,-0.07325715254794192,0.19379778518395946,-0.5009716720049401,0.2582207646637068
274,-5.5910268588153995,-2.0750697432460092,1.7857330298125622,0.7257481244022381,-2.185897990190892,-1.3872562459829172,0.9060312781824217,-0.13208006031275712,2.17561932098968,-0.33394934260178055,-0.04429990259696794,0.24062263554999752,-1.5786560982197058,0.5409157836849294,-1.434809622185596,1.8755571123626522,-0.5803242942308282,0.37103136319037533,-2.0246052158128514,0.7058497714090145,2.524271498614589,2.3878426197644456,2.5632079587082472,0.9824229415935307,1.2123699354846127,-1.395582647907635,-1.041710484750773,1.4096433982479417,-2.799485789818388,-0.5051741625384835
275,-3.0753026184773455,-1.847911909262258,0.4499173061476753,4.150274822151136,0.6112950094999086,0.722519509477193,2.8833110123402577,-0.84757282586493,0.729831976796055,2.035559757005113,4.688931779386334,0.0029116280665766672,0.5269950985995324,-1.7564430595366347,-1.1966196159815925,-0.9724196999408108,1.7238170494389293,-0.7718776841288977,1.98854939240911,-0.1461966737331516,-1.0592890957176633,-0.1032481456122881,2.612434075740198,6.3963718251007196,2.813899447891333,0.7028696958169981,0.7123027701914398,2.848666745701724,-0.7961937361746789,1.4239308563205813
276,9.778792350589798,-4.949296047561573,-0.7994755478968991,0.14470789979309231,1.7207916715879736,1.2905922756733557,1.5019768498074206,0.22316566437526422,1.4206991088404515,-1.4424799848620224,-0.7301109255476059,-3.3286117756458053,0.6466360387702486,0.699530322244089,0.07147958339436349,-5.0967003973602765,-0.5290151714907105,-2.381856172673564,-0.7245269419063024,2.208798422039122,-3.8635663218765233,0.6385604369422342,1.199353664519418,2.6889044948181593,4.969326460315562,1.4434166207035533,1.5436393636718586,1.8351662779720328,-2.679817955114966,-1.0451522580266142
277,5.652982555975437,-2.824493521360445,1.9895258494391224,-1.0317154272989992,1.0717248843695215,-1.1636100365046442,-0.24787738092871245,0.34439044250879325,-0.26686403294728195,0.6958796553141635,0.1557146326046306,0.38662858779326015,-1.0981125064737935,0.2466102336186191,-0.15736224822250383,0.4875677976199926,-0.8766084196297849,0.3761308824634708,-0.3665772364992195,0.23164303015604845,-0.8621152173478077,-0.0954940469152551,-0.541536697230093,0.40021833170072635,-0.39807401189352815,1.7442969253448264,-0.09249268272730427,0.30844463705376324,-0.8847090021596434,0.12636669251986346
278,5.647767542091001,-3.2916337695467823,1.690848952731466,-0.5806012032024697,0.3970789780284978,-1.5044303138672102,-0.453377449768721,-0.4630333197156773,-1.1956058486656365,0.7570160677262646,-2.2636541398735366,0.3215948341388951,-0.5835035620585414,-0.9450106134711955,-0.7421325454815894,0.02724563081095615,-0.2553420495193671,0.6380870793248592,0.358801437479906,0.08489551137608913,0.33784803218016435,1.6465279751463315,-0.6517508216586392,0.6138682276781756,1.168238027280553,0.7457639448714622,0.8618627020722631,-0.47778139409256853,0.4890857576862462,0.9327735022432548
279,-7.628861762067238,-3.490873772326866,-0.9948898284938006,-4.223247863671466,-2.016789397341476,-0.06158185837411012,-0.30091004370082564,2.1019669767251163,1.4320293683059535,-0.7491868994702187,-0.6297716945024808,0.5439132792079271,-1.088574375388131,0.9525887101508095,0.722247756061468,0.21957986056811724,-0.6357806386784218,-1.472166877397243,-1.2138435007343036,-0.9139587952081301,-2.51642960484959,2.1315625109042564,2.3867699893736116,-3.3768459158680657,-4.783354113790825,-0.529918222778251,-2.024453342443058,1.3916073823994057,1.749122062721591,0.6465002255285367
280,6.555297158688987,0.483917806471337,0.5034103929348352,-0.5735510452643807,1.3922021366874027,-0.9703424298130909,1.3586222467087556,-0.8712534464502687,1.5405899485565708,-0.857405709460306,-0.4816423003671635,0.5905507554521556,0.8148097174077039,-0.651358982992037,-0.01233573796814749,0.24761726254390465,-0.0026966147944409444,-0.6520541946562857,0.3546127848152511,1.0034119704345204,-1.9545531080103002,-1.07159758493052,1.1756191287861673,0.09920099414497797,0.4560883406413365,-0.7258060715126102,0.3418727164401551,-0.06082260540767341,-0.6876224941059204,-0.735241915316789
281,3.9080040934347933,2.2962447691923624,3.8734568082792595,0.03123195107303744,-7.335592112121688,1.0627046751030187,0.08980051554979887,1.7730482236756782,-1.124414518866172,2.273465484881271,0.03413906143044962,0.013245195529922022,-0.6138808312172099,1.0783918120985077,-0.055387514158455754,1.6947314550837433,-1.387842253055486,-2.5682069367162854,-0.634260619160561,1.1402318442577286,0.8019310302130037,-1.3325506136415248,0.5961235085411523,-0.1840016331918393,0.5312529030116562,-1.5419956698365422,2.0841932093152113,0.5419992511954532,0.5600751178901663,0.8036272159232106
282,-6.98241138169606,4.04503248475352,-2.111461479491969,-1.246287634889317,1.304500749575689,3.3847039814709055,-2.354118467998708,-0.3390343730386637,-3.0183634361962053,2.506185591963525,1.1447467710837504,-7.992509886943662,-1.631074776666168,-1.3029452799396568,-0.988726134956401,-1.9451210011533582,1.014853103902472,3.7445257160552754,0.5796085871374368,-1.0100623574293872,0.5822433593406579,0.1155867881114864,-1.1449727724747967,1.0123563443477406,-1.5735323901704765,0.11484246429445069,2.6254146300359125,-4.96987704891338,-0.9284167267047999,-1.1160743943059974
283,-5.712442798030779,1.072312079368769,1.6235647502678323,2.5855991635792,-0.7713493559863831,-1.1149705538762877,0.8861981066133241,-0.30201155027599147,0.021426219852628756,-0.5679805643132516,-1.1636354714634434,-1.4415155819876857,-0.5258901514702682,-1.1295504777004712,0.444152724233721,-1.2832701085955114,-0.9750619266117965,-0.8608386005117951,0.7143240842612449,0.13999379725958191,-0.5748803622901892,-0.08253395164788203,-0.6781390923235991,2.3026543963007358,-0.6943208953863171,-0.12153529004625419,-0.5337182345942982,-0.4257349077102528,-1.845375801934619,-0.4264264713550372
284,-6.322899472436163,-2.2456965248970473,-1.1226422689513487,-2.6620352730267514,-0.8951906858120273,-0.17257528205523145,-0.2709710205308666,1.554376803095696,0.7270093528299485,0.04585968567845977,-2.9688388145374356,-0.33041302485993934,3.402687975117646,0.8819527304651058,-2.374002079032149,-0.1614228564300032,3.1008156549730836,2.5443170345837167,-0.6676506716789914,-0.5190144345809217,2.038354362953009,0.15315126799490258,-0.12736095989860122,1.8766695755568974,3.686038423561536,-3.337251478795518,1.156555456514078,3.2164553909709652,0.5568884705998054,1.789656126469018
285,-6.9224868372791795,1.5196485746526687,0.5456246070165209,-4.438547962704712,1.5771852242418003,2.0635416089324035,2.0260796052943615,1.4036826841246193,0.478382991868116,1.8047908972193674,-1.0486259823330744,-1.622705345098432,-4.037499354625095,0.37670644724678876,1.922725185168451,1.429257042684887,-0.107275655513349,-0.5332205576430724,1.7034470584628623,0.9950538682056306,1.102343248088968,-3.5575604396195692,-0.37383244730045695,-1.5758802993300327,0.9148444959671146,-2.752753164951975,-0.7223638820584063,1.8957224341885186,0.2290176352490059,0.46792799702103255
286,-3.003545623989757,5.632905961299052,-1.8066164257785526,-4.304418313178478,0.6478371085966176,-1.6109788462121122,1.706473791260664,-4.731752753193697,-0.7647713252214902,0.42115049671083965,2.260052710127882,0.15009916938379889,-1.4884744974142976,-0.9254648471345137,-0.3584981536222268,-0.2861811101710692,0.4697174532006754,-0.7257942740642377,0.7024868330417141,-0.7106718266062387,-0.9862112640078667,1.592939397561683,-0.44316119569865037,0.9516607058182603,1.3871816632310128,-0.35322954973053916,-1.363912442046781,-1.3420440422074413,-0.08107255356698721,0.21034812641473033
287,-4.53094604805023,0.13328022944609236,1.1487012201499576,4.916128617368083,1.098716093310787,-0.9355570611204763,1.4154920876363646,0.33146271369590125,-2.01019601309642,-1.753798343836806,-1.1008999453555262,1.030467753562947,-1.9668717970264855,-0.844271754098898,0.5037840501731173,-0.6825447935362512,-1.012323211725209,0.7087435143014658,1.8831105295251351,1.0508079467482512,0.571280150629598,-0.574994746421193,-1.4789489909118079,0.2041364271079102,-0.21196341843236113,1.3646942488162572,0.16929789328422146,-0.730764136344674,2.190779337808046,-1.447971609407622
288,8.368287653517495,-5.783916543736084,-0.6266884155293512,-0.9256855086305168,0.33664860580909584,-0.19763946843838615,-2.526970222041907,-0.9900940134594444,0.3771301813722211,-1.723894118002571,-0.04465617665524209,-1.5256864588958239,-2.0922834783502045,0.2449835557784922,1.5425096140006935,-0.02881407106646711,-1.024545831469291,-0.19038426483605797,-1.7137227005052373,-1.0720422474283584,1.5757956653084826,-0.4251191678944006,0.6727091492392054,0.92860968347417,-0.8110735027197251,-0.8841438927628347,0.1484706551296345,-2.2234067057607225,1.0176213267139866,2.333107685395731
289,-1.7880668837272795,-5.097936334689241,-1.8881128208387066,-1.1943453788773035,-2.146505595021304,-1.8714191990662434,-1.7338679799057801,-1.2237809600819047,0.40822331925064576,0.6368542276940401,2.0427880209633322,0.14985524094601427,-2.0728512896105555,-1.2743038312558768,-0.7473485054195238,-2.908283316338154,-1.754363713394606,-0.6865521399161194,-0.06452967363828432,-4.286190176044847,1.3491408821536468,0.055433196667535635,-0.8924554115859815,4.304212202612754,0.8229385996884779,-1.3813009251129515,-0.07957030279820781,0.04111309854911083,1.9210423781304033,-4.399571367582527
290,-4.272467708010549,0.7274952049453459,-0.02679154556961276,-4.593495245919029,-0.10567610574645413,2.7618871063523502,-0.8670234426725726,-1.1979098640826145,1.7727879684679912,-1.0209553457593168,0.9863435627752729,-0.40799274859946594,-0.3451079862167781,1.5249941373931977,-0.4993994784505203,2.6387548856288325,-0.17697526987499948,0.09408313449612198,-1.0937945485038232,-2.1125496706302536,-1.0908135152490512,-0.01392102629167575,-2.5024765427268063,0.9099813165394922,-1.688119750197818,2.7150785329573512,-1.7259176031896197,-0.5660972542012529,-2.547955543096772,2.455507179164361
291,1.5056759246894689,0.722237272675804,3.0515043529270263,3.324172210763115,1.011011994208431,-0.4491936370657594,3.147140155819112,-1.4077145735216363,2.040650272570417,-0.4624047298244964,-2.1627200909001263,0.14188402363514485,-1.294544020562683,-0.9794282427063569,0.07662152884563535,-0.10635135772891174,0.862542311548716,-0.3088828943312891,-0.319937173786513,0.6550346222448221,1.9246226533346094,-1.652804874707674,1.186103497261449,-1.251898092997973,-0.6728238984285054,0.6595609917987056,1.4839642952420418,-1.9050484264830465,0.8906995559885832,0.7937666537076987
292,7.978879537946921,-0.32200540806649847,-0.27191786296400844,0.180233414663074,0.9029154200683046,0.33305154513316004,0.2643146525788757,-1.641365628079595,4.523960187563917,-0.6830002282212324,2.384419133485489,0.14900594954842616,1.058306852985738,0.13332578808300388,0.3132478382743013,1.7466845813627006,0.9443303621314826,-0.6879766063148445,0.9806855881041183,0.49442571848463124,-1.3614560132171325,-1.1068273370175787,1.4674654347741214,0.18044822488342968,-2.1614583749594143,-1.563119747711344,2.395671133796366,-1.684258970826066,-1.6298301246758125,1.4165488897345164
293,-3.5765177129752663,5.090775496825327,2.9212580900024894,5.9028547575682655,5.176418153534329,4.340508312023353,0.3612215292344033,-0.6681865216211234,0.030640800590819587,1.2250791915035766,-1.8626914839405913,5.017367988203291,-0.9891225242334555,0.3845059602274141,-0.49216777270630946,1.2158560075819353,-0.47623348752149675,-1.3351107507831557,-1.3826781211142338,-0.33765332187156494,0.24655156367153389,3.1319601508570414,1.5422906090523147,-1.8051513683447575,2.0702178703181087,-4.145575647156964,0.5859093546618145,0.16339748426504686,-2.8330799190823126,1.0092254584672935
294,-3.113955423212691,-1.8195309081785636,0.21854337237462546,-1.8024351080677556,0.5663834242134163,1.2692758699655209,2.1416943109095565,0.0041097495731642515,-0.1920218276883959,0.7065063652152574,2.898495806267931,0.8062564348224794,-0.012203050969959018,-0.5527724945979084,-0.4403039615857496,2.612817520214671,-0.17720377388464892,2.5754992573964968,3.321454440241153,1.864101228378922,3.3180597552645397,-0.019497790074690085,-0.8064860395600744,-2.6973291768155008,-2.638044207527594,2.694730575885448,-2.1648035534670704,-1.886151607799279,2.8831297987839344,0.05917458330124072
295,0.862669710181465,-0.3011097300872612,-1.120889909478846,-1.3565800745426508,1.4544988916298078,-1.732858869971828,-0.3790517580500691,-3.26555873269554,-3.58080564982197,-0.12856924214818458,-1.5721988635817286,0.8015617580712568,-1.0265924836969866,2.2048020645993165,2.290734414836265,-1.1197306368584132,0.8844593776550043,0.6223177475505668,-0.725969320146453,0.49111770321823145,-1.226358250579485,0.362160698293075,-0.7003182771803548,1.3517452402284524,2.008034594672316,0.7664962791551941,0.532214968220252,-1.6945613018303942,-2.1872095392966138,-2.3936986255866044
296,-7.542634969327905,-2.9483402612314684,-1.6421947661062892,-3.305958431733117,-3.162293323821358,1.8142691658608108,1.3156658634700287,-0.26433833515250726,0.7538133308021273,1.9661897560130825,0.7975652692405927,1.2342031087265315,-2.8001305243631713,1.504741388850559,-0.01626462642555919,2.410645774867896,-1.5545069999466954,-1.275524765177152,-0.4624455938359122,-0.20995646030794307,0.00448035457544019,-1.9587833098309992,2.7568511310665094,-1.2260848094980028,1.3329912343431067,0.14338519892377538,2.234882629534671,1.9980054364693998,-2.0958525934354757,-0.8082529296621848
297,4.79854892476131,-2.189489675259817,4.34543963525639,0.9305557184254913,1.0931045173473584,-0.036941026841153364,0.38496018404556404,1.3395546098855933,0.04365227665451562,-0.2477509287075245,-0.7039717939160516,-1.3851638943389193,-0.9966234212102681,-0.11727733818901993,0.006473822445742532,-0.42627895981891684,0.2021802091872953,-1.138597155181086,1.1001300672239875,2.3129536360943934,1.1396937043891162,-0.16174102408322885,1.0158093891308775,1.239782672535082,-1.5560193476480852,-2.539679558349279,0.9646503590967428,-0.2827136280046442,-0.014498005959958496,0.26772459621524475
298,7.327273549122505,-1.4058524829979493,-4.359498325297597,-2.7643785613030185,1.887818972537073,-3.4770048616134965,0.3449970791169914,-3.856408142672339,-0.32015236430843763,-0.008731517571794469,-1.5728724058191308,2.650876148830011,0.6670185379349288,0.37792428246854587,-0.44206320819439415,1.0524735631686184,0.3630486204316245,-0.5710831710227147,0.32286914039576514,1.04904843064729,1.0256519171808978,-0.365474416486732,-0.7464990157746489,0.42644086353526434,0.46418508352187543,1.175576926282472,0.19979858887237836,1.4943410015907257,-1.2430513037844664,0.04554805603248014
299,-5.983001127204386,4.581498166615388,0.32247172154612547,-4.734062844776831,1.927616621909125,2.53769625058351,0.18499364742047536,0.2887597623808594,1.4476062061122688,-2.512255212553467,2.114393741632995,-1.655225308137024,0.7087570887958201,0.47529639710855537,1.6216519986800566,-2.437831929839148,-0.996544835757995,1.963225373626073,1.8295253083153025,-3.327336953714379,2.0111997539102,1.2581831514183643,-0.4232270006270631,1.112465641492846,0.5521626328142095,-0.06700052631476727,2.478878270287291,1.5009504451177065,-1.7961229220108021,0.2971668923635885
300,3.1936162448391223,2.9692212176029082,1.684569029887489,-0.2798051117536169,-2.706543263745709,0.8912147701248819,0.36271181584557244,-0.0033250324224106355,-0.6512054025502192,1.2213912886722036,0.8925403755353882,-0.3294501249674603,0.5970578953146726,-0.37707858290459095,0.7014712504687595,0.4672923741345269,0.6005708318642472,0.0068831086377005675,0.5002768610009634,0.3781014783094685,-0.56644126360141,-0.703675997812407,-1.1302106876760045,1.206543481201116,0.48273629597672707,0.6908139594871882,0.6925338122375309,-0.14885681870019185,-0.632300562878198,1.0968028186771632
301,7.055372154846254,-2.9641601027482625,2.6775399884171116,0.002163024890027482,-0.6504177156343705,1.505806076384676,0.5388583080895616,0.4686836540866087,-2.11323419790225,-0.02528760431197858,-1.3267554105281771,1.7355349501600186,0.5914269502617298,-3.0738026221642847,-0.25999885278684454,0.16817883180532614,2.8762502201408964,2.1705836797217684,-2.1492615890479243,-0.13099348935890856,0.21135002767338695,-0.4164876015604657,-0.210708659200331,-0.4484580671940964,0.5370165795772562,0.38696534569538993,1.834726744346616,0.11091302514825424,-0.4881535940745844,0.13234727615431957
302,-2.1397626377355743,1.565495948976661,1.6074186572374154,4.787623687612356,-4.1541841412874865,0.4820189532345218,-0.4638949958880988,-0.01637410453430046,-0.8936917801447652,0.9819630705928837,-0.8934973933978553,0.6018011839849358,-1.7330659994668,1.932182160040182,0.2473209946293461,-0.08748632694784511,0.07653012044066365,0.991085114317354,-1.0414047177251233,-0.8982961918504794,-1.0200501848527104,-1.6670698129316914,0.17213076341091585,0.6712437370495883,0.541299493208337,1.8119938833182245,2.4079346523119183,1.0433330789864144,0.2975364662929059,-2.0441500823557512
303,4.194574762810889,1.294543852974056,-1.8817634852358702,2.919294201147599,-1.4756795246731134,-0.32679546019615124,3.438161410187907,5.211435757066265,-3.864478147507114,-3.4890625417497,1.326835702036023,1.7308439726199276,-2.1907560352271487,1.4613408326600594,1.0076141052732872,-1.8212173929039464,-1.5451143958284044,-0.4592189300226691,-0.6420897809375581,2.9934472598738955,1.0783134858939143,-0.03818219333127798,-3.4929089400474016,1.4039233916265104,-0.4011513346079973,-0.146921352997115,-0.7507579909948858,0.8282826012620979,0.587567754505331,-1.1345414519331132
304,7.069361354863069,-0.7643917036096334,1.4372344148735865,0.30022080295689135,0.03993520439989992,-0.9615580738168651,-0.10368483011105481,-0.9210014286558342,0.01398973531237325,-1.3114266527726115,1.8241964544251137,0.9938109108160501,-0.49049964757238057,-0.5678666443905432,0.4319958454900801,-0.03171343661788312,0.6420760085164144,1.4484876166832472,0.0037060076869575224,-0.2016840959785731,-0.49351080910041306,-0.6398409097940173,0.6338557376460066,-0.29500299451319345,-1.470684135602036,-1.853063429396409,-1.578406467594392,-1.4797465702711918,1.634245486193533,-1.8205102100536543
305,-3.162849314434483,3.6650513741330637,0.06226531739578236,-3.962646018928685,-0.01630791449580486,-0.37566618668706775,-1.03829818059839,0.5414207357242113,0.20132926768106874,-0.05129826525112442,-0.962812540919694,0.7868877957494114,1.2918144139712202,-0.4690662970170973,-0.6818961480810488,0.6155454763835584,-1.1432932807352447,0.9987238821130858,-1.068687996155485,-1.3007485339255271,-1.2621892576194753,0.7447900210545554,-1.346962633641508,0.6381875881079254,-0.7572440870244816,-1.0715449701254,-0.2831229769645054,-1.1660259175222532,-0.20883441314418233,-0.5733743419188297
306,-2.454946709721517,0.1583948765182829,-0.7644288508704523,-1.5467659315421713,0.44292642384882686,2.2121610135132475,-2.2687821449599976,0.7656623237337373,0.551596258513381,-1.2010824489947591,-1.2778420602734581,2.5393123301577245,0.1571655995379948,0.29852389073825425,-3.7512449180904013,1.0282083576388787,-0.5912403863565685,0.6521729409714795,-4.178010569359674,0.9118461670094737,-1.198596688354423,-2.8911835450871584,0.3527949925675534,0.0174844213379814,-1.9254656881425873,0.2530671668078101,0.06678380743171894,0.22503804930901258,0.8619816518447864,2.942024274027809
307,0.5725535793059028,5.00827238674558,-2.340655704840093,1.3568691318977246,1.8787467247148724,0.6138203272704272,-1.0411689608362047,-2.6326243150892905,-2.5628117898345213,0.7594295058929711,1.7407740502398636,1.8168305475939772,1.273432768329188,-2.020451821098583,-4.008347707806921,-0.4017905779201505,-0.2934450817008669,-1.7542260494318744,-3.9993617619676134,4.286390558752692,-2.2158827076336283,-4.820917772253189,1.8201305274918167,-0.2040521583106473,0.12045179678858853,-2.9899056530563866,-3.8404394468797047,3.950627222881094,4.697297093093736,0.16482695559533564
308,-5.845534763339248,-1.3504644601407692,-0.2630307798402189,-1.9359622420005904,-1.6998620880454538,0.4672478332099798,-0.16078077007009958,2.5901819111216215,1.2397469172523503,1.8056967958340262,-0.6390355630148313,-2.2273101406748514,-3.194577667583595,1.3095146448091948,1.2176762539375705,-0.11937101261433067,-0.27183234694351366,0.27362037368820064,0.7833355011636378,-2.268922314709773,-2.8276834985467123,-3.562574963634304,0.1713918771679293,-0.15741109683079468,0.021514899724794034,1.0945298144680173,0.18709572114051662,1.4602650733433324,-0.935156525819798,2.1698036916287156
309,-4.493361439817859,3.813932801156665,1.6082805236660036,-2.1690789877948427,0.9508299664337624,-2.1861114038518186,0.1482781578682204,-2.4985139856625174,-0.39949230836687294,1.2135477678077267,1.770893157043416,-0.8408975559649082,0.28383290636823666,-2.0754961207368967,-0.7747933862084968,-3.562808079071367,-1.2781662501305098,0.054699010392285655,-2.1594468767514163,1.5889738931738808,-0.30748749584528856,0.4958738628475286,0.5623475922179288,0.6632954440354036,-0.40699985099413033,3.1164437010016233,1.3428093344158412,-0.7661467791586263,-0.4144530046454595,-0.4360119864738504
310,4.095839649948565,4.250785911124805,-3.433764411225984,1.5937385615202542,-2.940282647676287,0.8514924053298008,-0.9512209644342129,-0.13035962790372987,1.4874465879378953,-2.2291989908184107,0.0465459362755105,1.3983626422193365,2.6999906983211983,0.6132977053951782,-2.1701802850416008,0.4353591677970327,-0.680990929899589,0.49592472781247665,1.2992484682121166,0.5345432885132129,-0.35232637506266856,-1.647211813363672,1.6408200525482708,0.39993260696978006,-0.4408196640100426,-1.1377673684750356,0.548911554406447,0.8919092805576281,0.049328169251551555,-1.378481347106352
311,-4.185989645983585,-2.409795996459924,0.9097489302024918,-0.36940632071988716,-0.3701947277316682,0.16710092175807495,1.6229645783993478,-0.14897091309879085,-0.08737125474749771,0.9631644449677141,0.6098900552949903,0.8780106798984159,-3.6616285722585675,0.9060449897072131,3.251746684290052,-0.13822534901522474,-0.19529083427399838,1.9533384704184675,3.683784058965146,-0.12469431106697709,1.3215372350980765,2.48576847014553,-1.5145278967438824,-2.8718799947778715,1.4183471921616353,1.1510851582681365,1.4677481592511938,3.226826892782731,1.013813972261031,-1.5446088329775685
312,6.11070610995226,-1.5769349499040781,1.2645316777017312,-0.0457259429075153,0.059066408464332976,-0.6906894689535995,0.25809010111064074,1.9670052141820829,0.6684901344755784,0.9933443669379831,-0.37711110187255803,2.258534205816558,0.42201124637605075,0.5295670499458331,-1.8390612651978653,-2.5709523471853895,-1.382749035299579,1.7749587576726666,-0.0068377243834699996,-0.45213659683887686,0.0027651477448482303,-2.6307373516616273,1.676693675085225,0.5774716371118999,0.47753119219828816,-0.35658305866852885,-0.0443059799189813,-0.5875671279261167,0.03888111287034515,-1.1928532757344406
313,8.018309169367715,6.966426333306863,-6.591447250017564,0.83061571526575,5.61762933885458,-0.6188150375435785,2.333277274676038,7.854419287157456,5.327330382380401,-0.8696184719178855,1.3393238874204403,-1.4279309438106038,2.649633525075764,1.8586326366081518,-1.6424476286612724,-2.6424905444440805,-4.851104760475904,0.9322150250799717,3.724662438655741,0.692292222111603,-1.4520314558220981,0.49901116294905595,5.521712404725042,-0.43063560452174493,1.708326739096516,2.413464958518112,0.5638528254422706,-0.371361654583567,3.106901063444941,-0.9976662338007763
314,-7.746593250328079,-1.647392508786196,-1.457071550478031,6.116391214692567,-0.7157171621476296,-2.0890007455394413,1.7793000074546736,-2.8242013680911873,-6.508779469590249,-4.839865224862655,-2.9128573264616966,-1.3122134724725636,4.022949689677653,1.8984998893396974,-1.8361613621946309,1.2230291075322155,-1.0372426003648711,4.062574069862881,4.858958265439102,-1.5252129648321746,0.7575877258152915,1.265848738627779,0.6688345357018154,2.4421726111385684,2.553573618119338,-0.10845843135645879,-2.8527681988956615,-2.529606765074627,3.215603752060281,4.153850252126306
315,4.726719056387916,-1.016537092461895,-1.258802696548138,-1.685604054297697,1.752079363952795,-2.689946370687608,0.005982136350021278,2.3671333168295137,1.631100583668708,1.0970525805635418,1.6156886420009695,-0.6960948045948285,1.1675796361415327,0.9193040452838198,-1.8624570433191128,-0.6261808374135138,0.3440440809339812,-0.5481817174503316,-0.712856799575564,-0.9954445845615244,1.0913331369042722,0.49738670284886555,1.0584820290141321,1.1339298084306388,-0.9287182725828302,-0.2039961813066392,-1.0059527849402274,0.835081118502203,1.63566531241392,-0.9678083858100907
316,9.633941411406218,-6.097658403330322,-1.009020947224881,0.624994505384668,0.39996023516525275,0.17643560561877622,-0.9007207221114816,-0.7737311057235392,0.7084105630694922,-1.469821132590228,-2.5185174286926175,0.42371885796835074,-0.2884402236621611,-0.8026703845458838,-1.0250504817801853,-0.5962125516232736,-0.4284615779732561,2.8895088624971628,-0.24898781111098986,-0.3267639430256189,-0.14866673817322712,1.916874956245652,-1.4956573479507758,-0.9084708968912752,0.1750725653173479,0.3323110504818112,-0.4541187933799563,-0.007371680351841414,-2.892513830907183,-0.9283399973199026
317,6.902880944681779,-4.67432827292238,0.2078916592845607,-0.9686532279247984,1.2783831436932316,1.3005189274650828,2.3694821985482872,1.997234472420378,-2.0565009563991477,1.1829729383441627,-3.0234895771536974,-4.476497106121873,1.1005546835529012,2.8143553932487073,0.08639973859413018,1.2027073071304504,-0.7499125967717243,-2.9272024098102625,-1.2860984774447084,1.4713893603559662,-3.2784515932132203,1.2124842771384636,-0.9606654741367205,0.03638250240816401,1.9206461200420264,-1.4032671026929164,-0.6864665295482226,-0.694461363562438,0.3350326496245278,-0.9080283240303404
318,1.645026859085047,0.9912262737772736,-6.89598851980318,-1.4364991729968293,0.6935622814297223,-4.617437635814095,0.43841773532769024,-2.249746764347242,-4.1786474195678345,2.6583479132245826,1.5909895148650879,0.5003318641567023,1.7256927919685223,-3.2177986891848205,0.20526146340557616,1.8431241985099203,-4.188937967090853,-4.611288814359137,0.3284156644045905,-1.5813032975825696,2.0314946744714724,0.5371069129863041,2.3028425300047033,-3.201979194854529,1.0501578198192196,3.4553070995546222,0.17495525384381982,-0.4257976024512178,-1.9162594115826894,-0.5008423506382653
319,5.7884430515061664,-3.2508423263213144,2.538875269960005,-0.8860132466058245,-1.8475901587558516,0.35550862980820747,-0.8326032543215889,-1.4330525302831925,-0.9639121752528838,-0.627265085655231,-0.15518869287017137,1.3130602752095197,0.2559767546270574,-0.3821833932796912,-1.2671496469714971,-2.982705539933774,-0.32944455931746575,1.1401233560359423,-0.8570834008978689,0.6456542532891357,0.9576693490595444,-0.44208295058808433,0.9836079399734975,-1.1744834697002284,1.0901802639484222,-0.6698697939832927,-0.619817600668346,0.5088535086597532,0.43758439378461883,-1.2547737540795822
320,0.3803315482874502,3.028485456151639,0.42753296398508556,2.122055054755664,3.1343004417024596,-2.4485760320650733,1.221162636659823,-0.724826247099019,-2.569526947318947,0.4800987779379545,2.2684326365000698,0.5474322139496092,1.9530724466887928,-1.8110092223277812,0.16649090791033988,-1.4965720365298736,1.272572532627994,2.4150925782708215,0.05721608247482473,-1.9205355809278206,0.02852025952627691,0.19625448858066977,1.661210490645049,-2.1120312947692037,0.8639861392902188,-1.8974512513565327,0.34597752006965204,0.4639159739390039,1.5138840330906196,-0.41702454143141654
321,2.277782146799527,2.332071457593339,-3.6114929361559156,1.7719788358230832,1.4741390062867508,-4.062169081347448,-2.658694764838984,0.39532990806589746,-0.02140535051383638,2.3271411948034237,-2.5707080080588036,0.8334815706045434,0.7876063777551093,1.5625229397139149,4.039921612738156,-0.5117460138273888,1.0282923077413646,-1.5184937108441798,-3.954874770449931,-1.205086525444121,0.32372960171749304,0.9470874719828296,0.6339244027431349,1.0000034474044892,-0.03167894327336666,-1.9666277855809633,-0.7229934668796442,1.2758359757872646,2.1431582942016147,-0.3952136874915016
322,-7.126552906926349,-0.6007054583489564,-1.6753653052235933,1.8203330108180353,0.10730627121858745,-0.08058689032526548,-2.807719487215496,1.8978068270936517,-0.313355674008199,1.6590229573995525,4.0987282063086194,1.6926839752963656,3.8437155947300066,1.2137683592522006,-1.4580022147954683,-4.693376846796065,0.5877321626001533,-2.326977364514875,1.7914295027698577,3.780047688248976,-0.34878280783609467,3.143220158766619,-4.0175885690271835,0.8947770078477383,3.6603418745787617,-3.2549053523946396,0.44030398578284646,-1.0419387106472795,0.4275550639196667,3.104205799987722
323,-8.283673951868924,-1.9009492023231485,-0.9793208429960183,-5.233927675394963,-3.717176560325888,-0.4273627717165401,0.1970384668162588,-0.5194515971546986,-0.7125345138442631,0.18271077835079114,2.0432074736840207,-0.6208374281352086,0.9109263043263414,0.9772808531233858,-1.1164310758619307,-3.160196938093735,1.058853961269991,2.7093629724119883,0.506322397312288,-0.33905279829206636,-0.12507363330711044,1.4921085294555625,1.0075086971582217,2.8144064559219246,-1.6608507018309917,-1.9071440909141528,0.38271078777605605,0.4341181730153037,-2.8534908954614044,-0.6282689603702079
324,-7.877224850315971,-1.8590800694231957,1.0811742494249996,0.3945204815196223,-0.7634856401798557,2.3004785047028675,0.6817787610515412,0.9744535651579738,3.6235001876928026,4.613711593619394,1.2753847451042502,0.3639984611859707,-1.2840462677013993,-7.6756682478728155,1.6389047828061007,-2.1645340287278567,-1.9113386471309863,-0.006413917378306836,-1.3991180021999365,-1.4472759596185547,3.4959433376036038,-1.3726919996819908,2.4626575608378443,-0.9618373998980315,3.180325049237081,2.452985985366469,-2.480622011678554,-5.283464188674463,-2.9313788264390057,-4.1724781605580015
325,4.198430991782022,-4.554752700944118,1.4708579108608368,2.0047458339654862,-0.41203368590258493,1.0997495546632323,-0.6854966919366903,-0.4847312433436096,-1.6034455093994775,-1.3879398082522527,1.708946550589088,-0.5157580410143849,1.124662736884632,3.0766570703064122,1.9389561035018057,-1.3704329189916098,0.4885574156174394,-3.4851346365471585,-0.5483938549714412,0.4881864748670398,-0.6545530673245827,-2.842022078413174,1.6801572101041464,-3.8346266721353115,-1.0492746579673802,1.483250627598195,0.1312302366925248,0.972535895580635,-0.20132697936435406,-1.1825912751351315
326,2.726995988313729,-1.4950202074406167,-4.42716307499079,1.4992228408791777,0.9760773565645215,-1.287114786015954,-1.1945981136031727,2.56276457602755,0.7115666639089469,1.1742157989602204,-3.1914596646687508,2.0048517263773578,-0.6090302825994899,-0.9320718357174648,-2.0319335827347142,1.5507715799879143,-4.121244031969323,2.414213600832894,0.6449342208125081,-5.671394373463097,2.176890709381374,1.1756580536311663,-1.013534370112008,2.3299181589711715,-0.9995360519574726,2.1097509203764777,-0.35094767867921933,0.5571805724919281,0.1402436458412043,-2.600909309861167
327,-4.092786323062865,3.9179610789663983,0.7387220588516206,-1.9236082562674595,2.9490836623361614,-1.978561567334627,0.3459777601394002,-0.170293993976145,-1.7945178243469073,0.3915925004474669,-0.2037896042935986,-1.2041572040507924,-1.950178323045009,3.197103226495107,-0.8268559029188193,-0.12221013470171894,1.764591403094428,-0.0295800940156774,0.011503138753371603,0.7889447663955637,-0.10270198726280823,-0.32881123200546314,-1.0862397814135318,1.0443416965497478,-0.3878630207140078,-0.9015977418182837,1.3219750893531834,-0.6709834913975421,1.8376226494154155,-1.3501411062785564
328,9.868669859139986,-5.634598521243819,-0.9071863787453914,-0.10417606281669174,0.4748570634798797,0.31313535302615325,-0.317635668148974,2.351287563696406,-2.4457561000746098,1.4470936555129994,-2.583857524902523,0.26921429237910155,1.895612205286222,-1.0643073535325542,-1.3104326629086003,-0.010420622353518316,0.3502338075705166,0.962797209912046,2.6782171911479473,-1.801654014082178,-0.490391557759418,1.3838395207754268,0.6639800460922936,0.13730923744606177,-3.087999359996187,1.6651004208124303,-0.3082118698834061,1.2406816939241887,0.6917130550355396,-1.720996705219853
329,-5.437495666027071,-1.3146759630647906,1.6493285435805423,5.088464002741218,-1.7912896299640904,0.8735139431501565,0.7741792371669842,0.2217054648407918,0.7096330512229891,-2.7232047522288565,0.0016509380388352924,1.7749307489859938,2.6318186693896486,-0.43202407752707706,1.7671175183851742,1.2926427920552197,2.9030888827806085,0.9164941042615286,-1.7719532100959516,1.526226240434184,3.60534252724432,0.8164374392053588,-0.10893110094494597,1.0154529147270506,-0.6281156915124625,1.7844582863472211,1.6320801234739393,0.7893229783462157,-2.5913538140427326,1.9243131786322907
330,6.095796594272586,-5.074743966516188,0.24086454456249062,0.5122906433353459,-1.1786064212366982,1.6706955849588616,-1.7883904876409913,-2.6772776172223915,-3.350164026658097,-0.4771162606052383,-1.7011619846342547,1.720140307430943,0.14407432508547952,-1.229840855944196,0.044139463676454015,0.2162382311327755,1.3973665271863864,1.59504459032118,1.4626904399279286,-0.46976300846097335,3.3577204795266513,0.34253052664300626,-0.2972467804553181,-0.7662101565931506,-2.1784232945810498,-1.5514023227687694,-2.136806629145222,-0.033901010176559596,-1.1056769141826808,-0.8670067751219241
331,-1.5476718788966777,-4.084484218961145,0.336108599323747,-0.9303414316803534,-0.11934812663369249,0.6161518933117156,-2.7571483125095018,-0.4792922906251347,-1.1678016501080337,-0.7331511365139255,1.132679780357811,-2.413371388331842,-0.7901038440337467,1.9285439402516367,-0.4714618772513523,-0.22655510842823756,2.795710582513221,1.25315124769957,-0.7577478401443948,1.5012592016028143,1.6874404305553126,-1.1198739971976228,-1.3298657057097514,1.1871077893839301,-1.103711717266573,3.4565357948012316,-0.9475959833101679,-1.0869075578984624,1.2472152881731835,-2.344348139327612
332,-1.964766823123019,3.3168795630571144,0.3109536945986091,-4.136896421455835,-0.3329313404452366,0.5896497546200057,0.9370167285531613,-1.3093930216172438,0.46469656197190196,-1.7161832350049582,-0.43956865728453515,-0.9170222302057387,2.352841753976375,1.2624033580761167,-1.1113077387754031,-0.5371595292401127,-0.2654993363807629,-0.6073078009385813,-0.3602855690922421,-0.9668739260772412,0.028134665752538625,-0.5533113695800426,-0.6421290775709966,2.478160794036625,0.9969805720768642,0.28958397356557763,-0.8450313212828907,-2.213446944634591,2.5549310715911,1.0122358417203983
333,-5.9382838357523235,-2.4503424019781717,-0.3064892995988481,5.455793536481291,-1.3556495077911577,-1.3674361204672802,-2.331476865529667,1.7934128917813408,0.2505629572057327,2.8003383641213064,-3.872941660142259,0.8771820413497783,-1.0571857916490666,-0.4904826201380485,-3.5138560244023163,-2.9495876591301666,-1.6088217510661211,-0.006263211082894558,1.907000818454183,-4.065275513389291,-1.6914791323231189,-3.223850440919125,-1.9177648309401998,3.8831689809975627,-3.6462543148264905,-2.31851919725675,-1.9420750729617946,3.929256127584274,-1.2651455544359236,0.7921160358487204
334,0.12477446858869978,-4.721309560033686,1.6280209561945285,6.236790585328213,1.817298145486596,-2.566157387754922,0.9210752289528774,-2.242562302311928,-0.44953175577696314,-2.3028957418942295,-1.3904479855602807,3.134663517345298,-0.960022551599473,0.41252996574767753,0.784058034315554,0.3236958264700898,-4.367662820191782,2.9333943548826524,2.12565699654388,-1.4010748796165733,1.9190735112466117,1.465758995809312,0.4358407096264479,-1.261158225665535,1.5812159629212423,0.02546338696096864,-0.2112146464695728,-2.3417419873438305,-3.052480631353944,2.1783263702291413
335,-9.37117407596445,-2.1964181704410253,0.5383174203958134,2.769933086925911,-2.2114264801623005,-2.6997409950911098,-1.7023453488300215,-0.31040317287318653,-0.6094658280643869,0.07750827712570521,-1.0071829062428028,-2.1737254777976642,-0.2793281125469062,2.111151912350398,-0.4980169499218035,1.014232402096476,1.5469984608486238,-1.863165332991684,-1.9889904901350417,-0.6218379430209126,-2.3391305048646776,0.6821528527539018,1.736699362789156,-0.5445626891644569,-2.326951557450375,1.5450516929392717,0.43490692174462653,-1.4054267574766663,-1.7028004569485053,-1.1373378689107463
336,6.5799522521580345,-2.008445776635438,0.43861141205303955,-0.2782332580736238,1.4921379914002453,1.3509647649576684,0.463514370964429,-0.9297016351975201,-0.38073655286161906,-0.34477026411497885,0.08268537090307093,-0.2615858626867398,1.1406644939752817,-2.216984875440502,0.26539103335253417,-0.33357393442833755,1.4678568992053511,-1.049458396091021,-0.46044750460081674,-1.7325345636207883,1.2802289816093815,-1.1036489175547177,0.866432951686995,1.5173290214935276,3.163830568475441,-0.09645124469522146,0.44806696822479786,-1.7016095456755305,-0.8906216557685626,-1.8629683025842694
337,5.97280196462709,-2.9321427780209266,-0.8402571175705117,0.29331222080559577,2.3392717348613212,-1.3222515026841064,-0.2827149475622655,-0.5593812165709774,3.3184689916947048,-0.6026580124025331,0.9998730676010834,-3.3126381349788816,-0.47131220682481606,0.1874296077886892,0.7992979089891475,-2.2250773541293265,0.8872247352477577,-2.9137748951623488,0.0068852021221784045,1.9577544970274248,-3.4697804645846273,-0.18644164528947876,0.502253775608411,-1.1998861611453135,2.0300828295280144,2.231555889402395,1.902687364682671,0.508291067260608,-1.187521533632234,-0.9533892463022108
338,-3.1233673108090905,5.53034616987808,0.8950599610263023,0.5944307617280374,1.9038858768585372,-3.375113028936805,0.5122759644743959,-1.4398572324812762,-2.8208177842170574,1.5277931866622514,1.6304188419766112,1.2815893006906647,2.261019421307093,-0.30611805706276324,-0.8353939376563356,1.3607590139996848,1.0120343440277582,-0.1689061392424457,1.7688823797716557,-1.706808030873905,0.34789658783279287,0.754325247493291,-0.44016114230207454,-1.0382602004511319,1.569394551341824,-0.298043374117251,0.35262457528721136,2.0492161394623403,0.2705104373962447,0.39210953313950814
339,-5.425990319287511,0.8145155988401382,-0.166670498273964,1.8072110631752742,-1.34073727823701,-1.5076888677899292,-0.7644417997582831,-2.7591818365445744,1.778502370930193,-2.5291449616931763,0.4782616771847188,0.45127884368619553,-0.3413966723901192,-1.8869491814323913,-0.5562375619654415,-1.797510514404797,-1.634942206341697,0.060167344497092,-0.05036953175031638,-0.7329418884849297,-1.8581161347789439,1.2363073519232377,0.7068352870011676,0.4339483997781551,-1.265940873469772,-1.3372758194921612,0.9076003055375713,-0.05488049373014199,-1.4383733563779426,-1.7038700086642686
340,5.955651363476934,9.20684472305084,0.9692536688929437,-0.6297128346590501,-3.246306293290298,1.6134439327521417,-1.9260699226024565,-1.0801275333243854,-1.1386809149215282,0.097814699039021,-1.8336518468958927,-1.6149765835554895,-0.47714438674966947,0.2981378907990512,0.2349927609723125,0.3012650707185313,-1.170422451862102,0.06960721479115113,-0.4331191642636939,0.19873049769460746,0.021381571588970843,0.4474103252178097,-0.057480080524753764,0.12110254571414825,1.2543577613520183,0.20019062785444025,0.1734214218542864,0.04423279090224931,1.7860932797003357,-0.12603282266961588
341,-3.832456859854414,2.553294293474664,-1.795366261798214,3.4184792050826065,-0.9718260669504803,-1.0950945131449175,-1.1789895104703445,-0.45083433054259114,-0.1224085645578046,0.3332049755439487,-1.114272410495989,-0.5646037935573421,1.055205083186256,0.08697938636562258,-0.8528008130172273,1.067102864232485,1.74159554279281,1.0806875429932288,-0.7569388328268903,1.549384827786708,0.016112803390383946,-0.7835729139660653,-3.3484131252790186,2.305026490413699,-2.0302819181489604,0.48947680298901125,-0.26459465760271594,1.7246134114833733,-0.6868382710739621,0.17422969979000946
342,2.602534723112308,10.930360807494486,-1.354393573544566,-5.602134544551163,2.40701646346379,-3.0685311219391496,1.8639916728711368,-3.0659269832305096,-3.553001042172162,-1.3149578785609193,-2.4484575932107666,-0.9664110021059765,0.8452983399804619,-0.34400221489507354,1.161646562914114,0.2400510055726608,0.7696334504037621,0.6229462971445445,0.8542162372773622,-0.5696777222362852,-0.40643530021459995,0.23657544773087588,-0.17950381641083557,-0.06471764268224305,-0.27159385267905967,-0.18586300846865014,1.3297733046133444,1.3319784721837922,0.5193555597690034,-1.3176148000091488
343,-6.617459609422154,1.6416362915616391,1.1662879709212215,1.748519431568862,0.001276440540576824,0.906900694242348,3.638705051299385,-1.845001979536172,2.3372020685045714,-0.7979519236771766,1.9383918430555707,-1.9967731235887292,0.7675455893893008,2.3696443703158967,-2.6458964961435854,-0.020532257206709356,-1.0192443244202123,0.9739276369259038,-2.232724300092614,-0.3789202254080513,2.516887745723269,-2.4756572807661175,-1.3568699559069035,1.574275805784357,-1.561506875143924,2.812351054483383,1.3777565149965543,0.7075886289408821,1.1513395286539123,2.666648104461366
344,1.2162575094666739,-2.3795232362498724,1.4506532815443967,3.544248330936118,1.3890093629047573,-1.3503527505564608,1.447212883595971,-2.5507885792736706,-1.4101891923437961,0.0618367114035421,-2.424531023656825,1.6718639436207494,2.16974493558835,1.2345749102403516,0.6627292374352306,-0.6254651463399895,-0.7079227029982761,-0.3021498992799276,-0.41725609249320456,0.8236485202530448,-1.1124955893689197,0.19474466538932203,0.24513195867140875,1.526221212649823,-1.1169121338939676,-2.2352242172704835,1.3962929142573177,-1.8645954675439962,0.8143752807881457,1.5597447452691398
345,-0.44356072928622114,-1.6576076670539743,1.2051075637345088,1.9300634164533426,1.5052296991952954,-1.7687422485579263,1.5774140058575092,-0.6909782239726289,1.1221882216857313,-0.707494461657138,-0.221936937167907,1.504031465664142,-1.315621667888604,1.0648519941649854,-0.3591090594108929,2.283140066600638,-0.1679715286232219,1.5098064053693199,-0.621261235204106,-1.09830160645862,4.148467216294259,2.27446767020149,-2.5681297465965587,-0.6989691443924442,-0.2560072292788208,-0.12811952936602505,2.1417075486285095,-1.3944140411306472,-0.008360844426460602,0.7748637064625636
346,3.398648589799914,4.872334474814021,-7.1474437705283655,3.652647770568548,-2.304249686615232,5.191216675208161,-1.2115354386596973,-2.9874415995731756,3.5483695418286887,0.21966197965473863,4.054901871335183,0.21869499838509449,-5.310691906403808,0.6042396348466793,-5.609409745091885,3.204112682727509,-6.381761544634824,8.47868285824398,-7.2773777383126,4.783010994140993,-3.575746717396179,4.311022162357379,1.7198036005131139,-2.5082225170414354,1.928048480178898,-1.9951143052282514,-1.4778769741327755,-0.9235571125155586,4.3952283115121995,-0.05646603990006969
347,-6.403592381366497,0.9026647297653319,0.9990481459553583,-0.5073021386342185,1.0033022209974796,1.199713951508166,0.16990799308684215,0.4954315253418248,-1.767331473624715,-0.5275199316760246,0.6924125504658347,-0.07541068404284366,-0.7937010675764011,0.14875598902410148,1.5305385933071396,2.396467617932865,2.744709924035279,1.610973895140756,1.2709664636229774,0.18950585667855774,1.424890353674705,-1.325150772062788,-1.369111133544926,-0.7818865804439687,-1.8578838577545596,-0.38669010146994615,0.8006175636521824,-0.64723247525106,-1.0774793487571597,-3.6831316845647883
348,6.739444471768752,0.9821163145917163,-3.225295378853221,1.6380482894898794,4.154744668272694,-2.4404248518459277,-0.7869581710221292,6.39922987444946,2.2319538899777567,3.072926218438885,-1.2765880798034386,0.4182682365289927,1.6753433909104667,1.0530643325430842,1.1874864669004368,0.1295805349321371,-1.0837873832806586,0.7984581631998803,-0.4185436240358057,-1.0673294758158616,-0.9908865088128889,-1.508741982969231,1.8187758318607417,1.2115204679715876,1.19129848539327,-0.679680470486613,-0.08305993986971612,-3.979930822528088,1.2651702913557408,2.5137226448513896
349,0.9858405490425921,9.935429298451991,-6.86676265640117,-5.078350813925503,2.099495998908746,-6.118382684563204,1.0951086327874622,-6.437152623297469,-4.481423206823462,0.6505793311026685,-4.040029245586713,-0.3466985781856194,1.6528178197298262,-1.2859937956029497,-0.46517352131613043,0.5603831793472723,-3.1063292736634445,-3.147224773640934,-1.1933873555335337,1.5556588679205559,0.9619034073094713,1.9921944114698782,3.555949263484429,-2.2029161819771845,0.31658818710149816,0.7040769077151667,-1.170273418944833,0.44059336544714905,-0.1767746254150617,-2.1771653545719882
350,11.448707057492964,2.65902938060794,6.159921605023715,-0.3175711879845208,-5.493583425837414,1.3745696380853505,1.1541711310707725,1.0487580208300322,-2.4840854650004642,2.8398964229061328,0.18893985833968002,0.2491699300165431,0.03342566973133976,0.24389498198748766,0.6863290510401061,-0.1429949197906075,-0.7205909510991975,0.6582573175668857,-0.29953061277937126,0.1483198136866098,0.01983810532702966,0.6217244137641117,1.34252343939154,0.06400889808330915,-0.5218574853551498,0.28479092571912124,0.19052431824532637,0.20683540973198825,-0.7580508141844435,0.8981078795634192
351,-2.5165849801277327,4.233832108932333,2.6972037040911077,1.7780624320422962,4.717155783245947,2.51683134591689,-1.214016871820279,2.8116956441282444,0.452847605040676,1.6011234560983272,-0.885070923081974,-1.6692533573878703,-0.2214191894805361,1.0940002526190795,-1.2807419456254363,3.286753414674214,0.7414942208323251,0.5399668855383948,0.07809926897966564,-1.2370896954717188,0.9638610364570959,1.648926157462755,0.6582143792675206,-3.70716722122857,-0.46491936822287444,-1.8823650510330838,3.3926807213781083,2.132966207361764,-0.812342961645445,1.0853940455556093
352,-2.4060552303818366,0.6315582126976987,1.8574179665379154,4.510598928181166,1.8487383197727516,-2.173258094372092,1.5856186638722465,-1.255595401450622,1.7569527401715386,1.548738932338565,0.6087473917672909,-1.5686374845537443,-0.7630612841435198,0.7686146088329862,-0.17736603615212385,2.6515594707871153,-0.32467538787546457,0.7102881754094057,-0.17560611234429796,2.540859242633523,0.04558691521335832,-0.31857195828116164,-0.9855773188877335,0.051288404996073456,-0.5253088571010788,-1.6145673659587498,-1.1425461662520813,1.2546399635392058,0.6649354281226004,-1.3083610418268292
353,-9.033740495682592,3.1288138827216554,-0.02814417565976794,-0.06488145175518284,0.23651819279212122,-1.9827786175646558,1.0083873267374714,-2.351641619089931,0.1732997616222652,1.5898335485349344,3.1067446682765723,-0.5005216765378908,-0.8277790421076348,0.06353167961039312,-0.2661301580908894,-3.223211085895775,0.2170925466466295,-1.2347825993864436,0.7804840975568883,0.5753018470710604,-0.6271045742485817,-2.212938102711392,-0.4455143128297882,0.35157539549377714,2.0097020572709643,-1.22068339553216,0.5911571407785345,0.5785688054655526,1.244217155305516,1.2628724876559518
354,2.6552480424095233,-1.1145991819491565,-0.3993570353881468,-1.8841815286278507,1.3369873765006715,-0.3305405580152432,0.7845760153914858,-0.353568655766307,-0.8935394371795519,1.467092924430319,-0.699815302548807,1.0753905096896432,-0.7929573350544383,-0.6408036208076416,0.19043110112871067,-0.0767511438390028,1.1864397573713645,1.9462892348160115,-1.376261260423775,1.2388871456365629,2.969648496192391,-0.08846291122891291,-1.3251980466722317,0.06261953208134577,2.992583843137794,-0.008063608058194206,-0.3842933634104943,0.529559513931231,-0.1724877593244989,0.80852241293522
355,-4.923011096601419,-0.869229852551817,-0.03466142559312154,4.420542905750866,-0.6419831262303559,-0.8952380323675982,2.220958441780128,-1.4078278287804313,-0.984129713119209,-3.2325174107451136,-0.11878984163067892,2.54958528889636,1.283378515931189,3.6012601471559784,1.68655942913267,-0.1735930140868266,-2.662003851528475,-1.9157972387935236,2.8467092089920674,1.6592810011498622,0.5102851778724078,-2.0264533044360666,-2.907170421351526,-1.4737170936966961,3.044991163836645,-2.92473111692852,0.06445281874604121,-1.6221752331153256,-4.129588459134282,1.439749348612873
356,-8.508658495034522,-1.7139469736010275,-1.8303447273016138,-0.3550073757200394,-2.536282263478661,-1.074045592113382,0.40088594570917385,-1.2867365299195714,0.32458996877470675,-0.40633357658335345,0.2373760444589523,-0.3700706554376765,-0.4508597567022669,-0.854514066311687,7.104101778120415,0.39290140726939254,0.3450432628243836,-0.4031788837206087,-2.1801342330472933,1.0963585315889364,0.5707187967161873,-0.9865588273672398,4.028377661840278,-1.477244067564227,4.493615826820399,2.382593272498722,-0.3635471758224579,-1.3560261863023404,2.2034243987384845,-0.10585969288925744
357,-3.2901861318590435,3.4309525440302924,-0.6078993728934423,-4.012418616677908,2.1975175371229168,-0.052477333372637804,3.1828445331596615,0.09008038827433278,-1.488734102085415,0.8130665874634724,0.4707001432440811,-1.5060902077988438,-1.3932244066326225,-2.2168830981045264,-0.8257346080603121,-0.40321118562259123,1.3192722849456238,0.2793185282418268,2.2340277667574724,3.1824419035664184,0.8297942169195827,-1.515784301500719,-2.5615870422136173,-1.0850304669652335,-0.14887784212973904,-0.8523731246417887,-0.29389480220526276,0.4458013232360456,-0.8386430818590114,2.4801629977913557
358,-5.733452419911828,-1.994352986205471,-1.2902891367925278,7.608789390661923,-0.9722182530956901,7.090148298108572,-0.42852819876119985,0.0770027675109117,-0.6635692996836446,6.058866773054385,1.425852852000775,-2.440394622472843,2.6271092704971055,-0.317878927063259,3.676583204632304,2.271066461187702,-0.6676771320227166,2.1100983312713635,-3.6850735026759316,0.02238370446181267,-3.021730389502971,8.016337748268821,1.360046922167358,-3.7007894508286316,-2.27164346577641,-4.549774118018815,-1.4520575123121302,0.2764982434107828,-2.3443074404822886,-2.8105572011840576
359,-3.0974095244896325,-0.04316707383035078,-0.47527421350113414,-2.418117240370316,-0.6375588871404216,-0.17920801611556364,0.4722492079221502,-0.2506247618396908,0.39561075933617623,-2.654164468955074,2.4831541314329253,1.145016255665758,0.03712198475443764,1.53721357923365,-0.1770932122667783,-0.8934229750435123,0.0017649767160309896,1.983303937992311,1.5988703484704885,1.0176021398139543,-0.10115238270218808,0.08021622632599826,1.1511057957088207,0.23169503043370815,-1.4459735829017342,0.1883015772949537,2.092879336404978,2.1929430787423145,0.826323187586339,-1.2243934756929822
360,-11.66733261496776,-8.480460241732782,-3.8606673346444813,1.0321932847272979,-4.451531638153275,-0.32346735009194466,-3.774747074560326,1.220734495562493,-3.022951306318715,-0.5615841719536345,-3.8658706311910125,-1.2797959548335223,1.8218010879726643,1.4536231129732855,0.014041960210870197,-2.0919099568920125,3.872909758955627,0.3411669780080559,1.044037502246678,-0.16059131884976802,0.22106636645709368,-2.9810744814805203,0.27266362170365716,-4.7152690103042545,1.7217022528220058,-2.9543854629303836,1.012123597032117,-4.077342409479993,1.7475778881741157,2.400412330682309
361,-0.29343754972200264,-4.3308168177191035,0.946688311803565,3.795182332431517,0.854554062308785,0.5116636171508628,-2.743315661227331,-1.407966867948081,-1.5729603110422785,-0.4821673364185481,5.162754296297548,2.441472679392442,-0.2180108654019654,0.3317704448641155,0.8152793653788675,4.521138290009827,0.583337928614062,-0.8258689683154683,-2.0951308325869893,-2.689201614880303,0.8971876256093196,0.9084041686728708,-0.8239938166427715,-3.0312458746264577,5.74803420066462,-2.051808582912354,-1.4358809345884722,-1.00066368611964,3.6877310370381604,1.1436582969155802
362,3.8345030287455892,11.363584500932266,-6.250350019018187,2.625522238304304,-3.3834430529167583,2.8187145367539714,-1.2230026869486965,-0.9677127156977109,3.5592789180850595,-4.368009480905701,0.48696101328141705,1.010054060456058,1.2743022353584748,-2.1176855463592754,-0.17175109129609997,-1.1966766334562293,1.2079711957971138,0.818682536842105,-1.2835473040502219,0.17532610772048726,1.3710250380860478,2.0028853300686587,-0.13008585114204596,0.26561404330478894,1.6670774639322994,1.001842531800925,-0.4711977009883718,-2.7434465304042512,1.3159083396420548,0.025390966590452313
363,-7.791123602636645,-0.40892421579271127,-0.56553064142476,1.0587453859614393,-1.4099251840478972,-4.289324988989337,-0.7236643461823884,-0.697047564336472,-0.023333247312452145,0.9163671594154786,0.7222363860761002,-2.9010599534776476,0.8836032658247066,2.824456851398596,2.3157800694924626,-0.07340342355540014,3.064927175851048,1.7218754887010779,-1.014284016657452,2.0569106975353058,-0.34358578223681346,0.8090176158072777,0.9588210280517029,1.6207696162442502,-1.990848420904713,3.2401127105427276,0.245122953718985,-1.4814516627548526,-1.2662764307237389,-2.917311096010919
364,9.084596414808132,13.601943035881515,-11.374243993414701,5.324215550690287,-7.265112019578989,4.225577919141579,-6.008815058005849,-0.326567025535085,5.301046578255211,-4.87387388687678,-1.4422909997559492,-0.7171317098124391,-1.825215728180064,2.390658549997077,-1.421982515651982,0.20420810827486416,-0.7988994407738483,1.9183732867969256,1.783694479502807,-0.9526204549814203,-1.3918921977067882,-0.24902022038786173,-0.734888526816723,-0.8609548834272711,1.329600585800998,1.3657843134719403,-2.2493509209954876,2.576499913038161,-1.8281072925507895,-1.4811413564714295
365,-10.556227211800508,-5.064741984229504,-2.594362642764145,2.6476309887927885,-4.412032872172926,0.4279370651077495,-0.9860768298173751,0.2432389508150269,1.2053139614773452,1.0166431128927458,2.384384806984641,-1.2892624937752795,-7.008372678586328,5.822369610818073,-4.477955687183718,0.1110180671345663,4.870405916480131,-2.140921649439508,0.507968258560555,-5.6346027519361686,-4.2614066574852565,1.132061095871457,3.3748294455628804,0.24764510129999834,-0.0552508897187722,2.293569978094857,-0.3029861388224978,3.639271613093867,0.2114520262221208,-0.9395436290021655
366,7.450584483526032,-2.9965268561815996,1.270617880438223,0.45050662257909474,0.27753881980597617,0.9162474510101112,0.605473365648764,-0.30211105316851145,-1.090604530558854,1.216790342871854,-0.9784824487623398,-1.8987232109158976,0.14704171823373335,0.8321282426377892,1.03680718836724,0.07575118275865073,-0.3234995295482455,-1.7205253642111336,0.30895113643393834,1.7498126992754814,-0.21181530232468712,1.4484354217855897,-2.101884760839279,-0.32355224315665054,-0.27188447942773974,-0.8551573758912833,-0.5020731720409196,0.38603602098834455,0.6067808209453674,0.04047598079702714
367,-3.17369671866035,1.6692051857591987,-0.02774893257364483,-4.322089270201255,3.741487271612559,2.0615553667573217,-2.048229633820716,0.5131273810772137,-0.9923246467655422,2.974263876799189,-0.49002153206746696,1.1295217183654067,0.9987279197375907,0.20194437420665878,-2.025876303255912,0.3442258785691946,-3.6435082024372245,2.0376643236699974,-0.05802551772222516,1.2092861483962276,0.7415187468330725,-0.6971576681033858,-0.7604282147554617,0.6918978986065433,2.098856823716026,3.155439112660244,-0.5852874092528726,1.4007138481429928,-0.5502189026848793,0.04840604150580927
368,5.4785596870644735,0.4371090998919762,-1.9190533412331328,0.5689229684790104,1.0860051790602558,-1.6324387678547188,3.289368924799548,7.53475201838252,-0.7850602746098523,-0.8312285169939917,2.9857249581386323,-1.5042731155946143,0.493996962630927,0.7960965500137082,0.10213584085025808,-0.9082057905291472,2.771558186975068,0.37594633739020333,-0.16591275797503133,-1.0342237058002908,-1.6244794705698804,0.022793019551538448,-0.0015207560759153377,-4.256001755269821,-2.83979052720454,-0.7463561940574381,0.3880154851974471,0.19566606467234637,0.0604118512425633,-0.7572494315634016
369,-6.199713921792596,3.6707431828084878,-1.0803134017970577,-4.76773525953518,3.8027203730239005,3.020339043230974,-0.24896048497366957,0.018220099271701214,-0.2655742261017168,-0.4115553710769553,0.524759921242586,0.427084316593212,1.086117294692481,2.702418307222323,1.2238497574485296,-1.4896824367015582,-1.6528464056920047,1.2472183211311092,4.106414739463086,0.6013187698430046,0.7400556250483538,-4.685600220072788,-1.1852411714710138,-1.7682080229532462,-2.1042681924954127,1.585747136667808,-0.7035470639138468,-1.6196810605734258,1.1803247956859426,1.5930125709963459
370,-3.116740184862681,2.1578187056957225,0.9574679195034038,-1.9109723388583533,0.4737494084823537,0.019109170830392545,1.5241933569000743,-1.0235246636887616,0.28059887882250273,-1.404444850315595,0.007766803824351768,1.765216419301062,-0.23405382980841738,2.6756662007301353,-0.4117147895825591,1.0379885230776327,-0.12073913004475419,-2.638670321667696,-0.20405073304334098,1.0114562495379622,-1.3550322492686324,0.06082202620800086,0.1015162070728754,-0.4221970460445326,-1.0430465406868588,0.4466606386030502,0.3111252984431769,0.8284177978884374,-0.8559035308691748,-0.44503126752811056
371,8.959215933798854,-0.7209311981966425,2.095452535653392,-1.1125037380330252,1.003690005720534,-0.729457123565198,1.8410183881857052,0.8591574233188494,0.6189814565402736,-0.6271756694614814,1.0643926346659665,-0.4279952657982027,0.5902765611027281,0.27220116132938327,0.42610956550874884,-0.6152667285028718,0.17690243154631607,0.8461720090887297,0.46892539755421647,0.5900558624094673,-1.9763633920832813,0.020058038719854187,-0.049646285808492854,1.5401307808754785,-0.9268935290994873,0.01759239419240648,0.4975492943901383,0.07157453563652671,0.8669969248598945,0.725897950331236
372,6.884823275830386,-2.855120504651327,0.9675634645768286,-1.1262777361968577,-0.20972676962984185,-0.79066133706915,-0.03985771714407587,1.513598598744411,2.1493293806793914,1.1335041114854618,-0.06287155559127573,0.9647785049054964,1.6334716382473282,-0.6138026117650375,-0.04245580565800359,0.8783104036092071,0.3989518808997847,1.2359126603215638,2.5973230396153326,-0.8006059816672193,0.5189900094529578,0.30280900959715557,1.9766828552111004,1.8937982427786901,-1.2228343302442226,-0.4288217201941379,0.7086906317082441,0.17128666979694282,2.0436594466925504,0.8297036444087664
373,8.043239019810315,-11.006778462602874,-2.2186363278661942,0.3782408592608382,4.152018687974619,0.7875805339728333,-3.058653026138179,-3.2247812844399943,1.2588808563299327,-1.7733584341693382,1.9274140966850757,3.8527468839896866,-1.104436178876628,-0.4348873964558363,1.2135684941985936,-2.438738054096921,-0.8572413804815576,-0.07121964195239067,-2.8915207326838606,-1.9692746499744382,3.0885316870562614,-1.420840816391714,2.8323513000885927,2.083170258591327,1.6710099177354432,0.004233587038766097,5.905668454105799,-1.7871181572231165,-2.8827142402036423,0.7704943261888363
374,0.843740711609671,4.744159565168987,-4.29769583765479,-0.3293912559303025,0.6619983759881997,-2.806096983924293,-0.01897779259177425,-2.532985520885238,-2.716966846306405,0.0063703691267687984,-1.744069978190686,-0.43374034572036935,1.0635656422604807,-0.1794843566926509,0.9101063800331365,1.4886206217314157,-1.7882441836780854,-0.35849818870466643,0.4967370829283874,-0.10768517700109466,-1.5017840329801861,0.5615193703504783,-1.591818000530763,1.1696777001367495,-0.27762785693799763,-0.17853039364727238,0.9020159099630047,0.9784223189000913,0.7349146503570565,-0.7253251672954306
375,-5.810439159214505,0.25242125179835523,0.05717750343703655,1.8145600969659883,-0.29849302137099487,-0.09092247244050954,-0.37866823388991966,3.045086087357331,0.5711693967982603,0.864081144134704,-1.9728866523570179,-2.0177439073560306,1.3693629746086746,-2.1061970324318056,-1.5228751947421555,-1.7707731705689824,-0.0960659124107378,-0.44688913400410823,-0.5348229264556442,-2.208185997104545,-3.6712821616980174,-1.9362974413549743,-2.8817761309782224,-2.0047772512159736,-0.8152072660591378,-0.4590336441887098,-1.8479790578374216,3.5604033539169966,0.04711920086648405,0.3420978663483241
376,-4.572918997535125,-1.3859029214911258,-2.0942711176728523,1.1222924664548684,0.37544078873657394,0.9652556985512593,-2.2054541059069135,2.774596343011497,-1.3243274042286002,-3.142429389109401,-2.663358035041262,-0.4264576389428267,3.0418311112073484,1.2584720316034634,-3.5107848436503604,0.21826694555430723,0.8214697963167584,-3.885095496906371,-2.4324109223466572,1.9121710425584677,0.6700586081763059,2.2272953461423635,-4.403977327780002,-1.3927871661514182,1.798327657838765,3.5879263140728677,-0.15003886148096757,-2.333567022362627,-0.5067254062903486,-1.190211408893649
377,-3.014418576570758,5.772912110262081,2.041824162970248,-3.152525919764718,3.393164832642391,0.4276093039258963,2.7981068590877403,0.10475522028068746,-1.0343482614882298,-1.5381439878337622,0.5140560812935276,-1.0416547687258166,1.6172467015137413,0.676468283087956,0.3753688567852726,-0.29879476403339883,-0.7510719184400864,-2.223355373356952,-0.07797123612679542,-0.3012522732210566,1.472019202781159,-3.5247334123490996,-0.7534030054673905,0.0955344768904679,1.2481326848465903,0.8167713545143507,1.5921793116545626,0.6472387578977045,1.0660379087651841,1.6868450238926767
378,-0.950665591320477,2.766362467385492,2.818167662289671,-1.5378244637747047,1.2552788225373044,1.266043113928403,1.775028893084441,0.5006584211352817,0.8917153425786595,-1.0972969547917828,0.9217442856742778,-2.033181134556941,-0.5882595241348514,-1.1991069138617008,0.16736222159544914,-1.5003281365871326,-0.9304698124706683,-1.793982439429042,0.00013656184787884352,-0.5017757995181334,-1.2332409457457691,0.15235347230277452,-0.34222911959740415,0.9303278510581462,-0.7405351632858825,-0.29740964285114185,-2.3088709086589665,-0.6621691698527357,-0.5916767417595113,-2.1794340715873743
379,-5.1357260595586975,-1.9245578505605299,0.07920516759978449,-1.3511310379707704,-2.4321261026360794,-1.5661746208616467,3.3315059447867816,1.3184730714365664,0.7768721910996874,-1.3395405566298764,-0.878142754551487,-0.14433454863326645,-0.259205030136848,0.029675699528735933,1.9215604513315825,1.0502190424300795,0.3605728346666287,0.21537067137815366,-3.3349058928923654,0.23078878379179577,3.2041055749062086,-0.30505340784781854,0.04690200540864183,-0.5398619429875283,1.2178562192690807,0.15804421543778785,0.31013737477942305,-1.045901033154462,2.866015172983226,-0.7574920979602895
380,6.366971298886659,-2.143707806515185,-1.6604802103890752,0.966846768708083,-0.9011772230310762,1.7574174278754646,-1.3923107852396037,-0.18651623050308713,1.2849303144552586,-1.6203150164345947,-0.8181915650437952,-0.01943249265654995,0.45408384900589926,-0.8333461690863443,-2.0829323784620866,-0.8498763977296289,0.16715801705529848,-0.38390841405126325,2.968838463817381,1.231406454026774,-0.7390945583933607,-3.4569863826761345,0.6240459736569204,1.0199152642756641,2.3234348463175625,-0.030548823147009588,-2.7100096804554985,3.4872199520063885,-0.8549793803631547,-0.8899564616862994
381,-4.919286130207699,-0.5875807710379041,0.058262782737524874,-3.587793845908834,-0.5519451647219821,4.6249353706989895,3.9717370130125786,0.8552956266370833,1.1695875599679324,1.4186575585952637,-2.2227911272690632,2.5879044944412697,-1.697589481477992,-1.8347818496551094,-1.8533711286988837,-1.2925218796723636,-2.9667289491595112,0.2862837151507021,2.6965348305916637,-0.8078166412280966,0.25163983700768855,-0.7989989677034589,-0.7340488089334375,-3.440810071506414,-0.6876117655884013,-3.0972321324636165,2.8708022418243764,-2.2541675551418994,-0.06193274862628771,-0.4151271879106239
382,7.722649511420175,-7.355294393458222,-0.12159001222554819,-0.509383674730028,1.900909241348532,-1.2699352429949449,-3.288623052807183,-2.0272228386577824,-1.1419709477188131,-0.09545115265302195,0.660604173216116,0.16848913892368364,-2.401128052866467,0.7904716631777563,-0.16407992094587365,-0.4018157670739525,0.06485656231937602,-1.0735105045957327,-1.310611684027171,1.933682746130701,1.2136317010228108,0.0684294067669192,0.11015680392731704,-0.9858053529995171,-0.4692175790539669,-1.2699208871696526,1.8081230858073156,-1.3380858632876815,4.28638435217841,2.81020203512362
383,-7.189400189095899,0.42223569398332844,-0.7245899653363621,2.1012705297941983,-0.7566137065716678,1.8143725287983858,3.048876622543999,0.38147087918026545,1.5368713990376073,-1.482508533229327,-5.752925048945628,-4.471349137752889,-2.868192200775711,0.5023094348152277,1.1600694583283429,2.8342372003360876,-3.1218358371549737,1.7025026392279152,1.7471303133962488,0.5744378765513507,3.136841986234737,-2.0552076531398584,0.8763338785037049,-0.21741084672113709,-2.9420471170591003,0.30311448672519603,-1.2775644385757712,2.028360527732622,0.3186816795173533,-0.22920815714379197
384,7.7682379278758695,-1.1790882595207068,2.0617738432609003,0.20227943607719262,0.09831141964198792,0.48489122863054396,1.0698329285012587,-0.7792228538129432,-0.955020094355033,-2.0743866241725324,-0.6931290341113099,-1.5025715830580173,-0.3537925719811552,-0.37016720747741044,0.5381987258347144,-0.7327408445494803,1.3288152905932924,0.7221060596024018,0.6359474867226372,1.624037081762594,-1.2904339841784562,0.24000728039687177,-0.2723114465639018,0.5023465915498805,-0.6657335272866588,1.3915815402036105,1.6873031466399278,-1.898052551296147,0.1146579748776042,-1.4170618338734675
385,6.237643996523352,-3.802701633433564,-0.16088691047236034,-1.305170627546041,2.2994172705442693,0.44160262656778915,-0.054598947006824605,-1.1324520920499386,1.9296299593211468,-2.058989344326465,2.00169465417567,1.9297378534991365,0.34203577186366846,1.5373804881369222,-0.48928112562236414,-3.240189665064226,-0.3580619425052872,1.0055843314223523,-2.1140945167316016,-0.7575159573344058,1.0133548075180088,-0.7975470187274426,0.5592038361371863,-1.776901122780623,1.2135827626721742,-2.493740333926072,0.5599382795265261,-0.13542506554524147,0.7089013558991221,-1.8403774358612277
386,-3.831639046523491,-3.324747168327788,0.8586997021255227,-0.2544583932265599,-0.17051447036665263,1.425420226442199,-0.5214503359966621,1.2467531855972815,0.8730043004223705,2.868688823437912,-0.5808755104809363,2.4991908003077175,-2.0930276182165573,0.7257844256774107,3.502902494061335,-1.9205379210276394,1.489734958284145,1.5173017343597055,0.8226815069043167,0.7110619154693232,-0.7280111023415061,2.1154022404947375,-0.7400992754656398,2.2413671918681723,-1.3129055971324426,-0.16309933279258668,0.6404034168227974,-0.26009701202080093,1.0136864216249983,-2.748444557774407
387,3.644159003083897,4.941344871984457,-2.648198206773403,1.3164156659910373,-2.874300125773798,-0.18928965031437575,-1.0544042177678923,-0.12964392452169182,1.1853004926010597,0.40724788737327833,0.17217383635977573,-0.4219581599176306,0.4221812231167591,-0.7060955307422258,1.2048450176469396,1.5759583168453724,-0.21568406463556486,-0.266193293651473,-0.012090282642746477,-0.9900850339552857,0.5269400382312746,1.7764754897229573,-1.0201225747129938,-0.60806291555198,-0.6726605055602917,-0.9572545574719904,-0.14647866888031932,0.3562107013568937,-0.04384962987085095,-0.9683347778861848
388,8.28056486456259,-3.6053920206324395,-0.15177626886194992,1.01176125061141,-0.4671607264377329,-0.9570261428852629,0.14354361072329935,-0.4382542510728299,-0.47409139379393833,-1.454349805531517,3.313659096230708,0.42712060373120503,1.44297900427445,0.819575761077317,-0.8263351048331568,0.45579217021978496,-0.09591937262088705,-1.9906888833620457,1.9776552365603872,-1.705705201601559,2.2440670416366677,1.393952313444751,-2.8793232851643307,0.08099512130328487,-0.09971461086202138,-1.120617049238997,-2.042295619099847,-0.5417902671599449,0.03461154726698963,-0.8327366579115574
389,7.060790508848476,-2.6931827585763397,0.3818565596442296,-0.33957062070636074,-0.0929643458225767,-0.5905077090723486,0.8814640813070875,1.3710357139713718,0.3880461661704428,1.1342511910595263,0.5252111939472897,-2.375484524862698,2.1019899616909914,1.0346930336991995,0.5285003859973886,1.0947274317719322,0.2848100196086804,-0.5552739276130542,0.3454267789025018,0.4476210739527859,0.4441239935916463,-1.3160234271259985,0.259069334153051,-1.519560512053874,-2.3521639844191125,-1.052058689539851,0.34693401225425524,0.6218453859801348,-2.026669865777477,0.03842976199147777
390,9.258294735248969,-5.976710064613288,1.4584848100455683,0.1572464778910839,1.8414361336742742,0.35922444882074916,-2.351742100741089,-2.671528711531026,0.9439791422235044,-4.249739838696289,0.28606289089527476,-2.3509880119659163,-0.6682261234944492,-1.4847409957347084,-0.5211871047360462,-1.7628627186736578,0.7665185086655696,-1.4664930569042605,-0.13776183488513793,0.21672121981520662,-0.2794680035124813,-1.1045817650336185,1.0250652442911175,1.5186520570771347,-0.8593619871300846,-2.3816185895870445,-0.37409551561973625,-2.6205799526618163,2.617319103750836,1.3351562783236794
391,-5.580048456341297,-0.06410014389568212,0.40590940873662873,3.1454009522228996,-1.9563318206951688,-1.3762960687285122,0.603502634392081,1.172365324793043,1.4772637294917361,-0.919908287582675,-0.7188981944967399,-0.7908595275775949,2.5501225294373713,-0.42337260608897775,-1.2589904423708747,0.6243413969293932,-1.070762593508912,-1.8907229945186603,-0.5424698609845973,1.4758090295929636,1.3050132106003163,1.0203484629375266,0.5735839353111416,0.7242676621393663,-0.7786962234638187,-1.5211624622168054,0.1651088815941193,-0.716279552573096,1.5274351867234932,2.532419237502911
392,6.192390262338783,-4.01210450137445,1.8171716754299927,-0.44920388989636667,0.2567276914672874,-1.2277503723302345,-1.685686265688928,0.8747161483444161,0.3895316574647443,1.0589112659608924,-1.3990377960395342,0.16796526369123463,-0.4165240731479862,1.0218343370042817,0.7853144366550378,0.641467412888425,1.051818916093898,1.4095266076587452,-1.8888983614070733,-0.24279238454417165,-0.704655768829628,1.7643421401521886,-0.0801336299275092,-0.7461520683994948,-0.5988249106653677,-0.8766487860040382,0.4320915382936383,0.22950116648248065,-0.03521958674695494,-1.1555711255103547
393,-4.268339876760252,4.038656295376438,-0.24482587453275928,-0.39340524435818736,3.085493889438612,2.911340265266958,-7.901481211353305,-0.2353285306875571,-2.9761925302120424,0.28234879669820134,-2.779310991435732,-3.2059265899449763,-1.0184688070510697,-2.834217856024836,-1.4434746688416922,-0.5256094043221169,-0.11610242918024775,-1.7360179597702445,-1.1308292123444577,-2.111754470418924,-0.14043367635783577,-1.9549609686020184,1.8799547583084384,1.5966609704692845,-2.5767830229609325,1.9940991543611586,-1.130560170074332,-0.14844979928843122,-0.35302653031893255,-0.3733568607201875
394,7.461810819094846,-1.719244323274817,1.7188327348193704,-1.3252936572496634,1.1699816748783252,0.2810029172069004,-1.039238521360913,-0.20094192818452503,-0.758220085563102,-0.6651397380293573,1.7714562248027632,-0.052939322271860455,0.3740879937175135,0.23996319075600236,-1.6113645349028916,-0.20890771413774276,0.4632832183374993,0.13234078451975023,0.6602061804075131,1.5124896181436767,-0.8319668787529879,0.4035388176849119,-0.02143155434297299,0.4152630706538465,-0.4338851055626724,-1.759986200047846,-1.2677021237601374,0.191509446163011,-1.0280618712449214,-0.7355525746848932
395,-5.010365598356916,-0.6921070982350703,0.02329115329475216,-3.9962640661805335,0.39321494203616886,0.14123236266544487,-0.1660899360998399,-0.37730885860764257,-0.7094719108551317,-1.4627721207355693,1.090215268493098,2.3500566184959166,-0.10870825512596749,-1.153429037993614,-2.1139299953508153,2.2895923358184063,-0.7977613066830362,-1.103867420821631,-1.8314225717845174,1.2707243027133457,2.4881212972197932,1.000111950306223,0.34329359869495973,-0.42353955152503736,-0.9696675511359794,3.7065782370231557,-0.2942209706632802,0.11173420420912447,0.46280371625805694,0.993653892224348
396,-4.617003655574452,-3.536612415881957,0.082247087557671,2.703156944714645,-1.0775960726012648,-1.054417787190659,-0.6695596404378471,-1.777861434201888,-1.7134082524272476,-1.5725021313793244,1.2461595690487428,-1.354742867675941,1.070027865908227,1.6669556429200072,1.4662359304763826,-0.6524757681398642,-0.07478312926523323,1.3367057449213753,1.1091084052145013,-1.3504213601899286,0.3979358507098923,-1.5155662040363025,0.4000136403659616,-0.8349076761785709,3.8121559332112644,-0.6133665486253445,-0.1455784631331156,1.4300512756824413,-0.15045179398274172,0.5221600170598913
397,-6.481280319957967,1.658278874166505,2.76500540113173,0.11475236820755502,-0.5855989990428356,-0.2266385624470234,-0.0956998073563305,-0.06811137407563042,0.2645223541155549,-0.44793066413626786,-0.4570937504601527,0.7107434458391779,2.3255168248266394,0.48894069428690634,-1.3166660796836238,0.22337453223275183,-0.22739722764663728,-1.0460149917922246,-3.0526802368060997,0.19437239381757238,0.051243216348183324,0.7244310033685323,-1.1983799320377164,-0.6584341219571259,-1.29435534722992,0.5354694957279602,0.6789375901811516,-1.0481645477963755,-0.328795164798025,-1.4944646445922272
398,5.557101076864792,-2.8031941030045617,0.712373968851715,-0.7376620476315262,0.4342563890270584,-1.0440994109251864,-1.1453037884586146,-0.8099790225501492,-0.7285909436140708,-0.5482689973946624,0.6190381992456802,0.6776838839907019,0.7334505757268722,1.5298080399632497,-0.9636904709260437,0.23301043823754677,1.6445866177284503,-0.6822039351416913,0.3747622077306492,0.9009663186898024,0.04551644153385443,-0.6484048169606998,-0.45402456842183603,-2.4390089360136638,-0.7794347044218097,-2.778838437758228,0.9109997559898232,-0.10044158489404163,-2.074760730630123,1.0899332905320012
399,4.010913424585457,-0.3164135094744924,-0.011372552281159576,1.8467646600821168,-3.371879141249902,1.120625140269621,-1.6441731832545632,2.0748463387908846,-0.47599946592153325,1.4671610743221575,-1.0770459872111144,-0.5113151016652606,0.7966376167206637,1.059941372554777,-1.2049393500208248,-3.4208322242098723,-2.183927945315655,0.2545843472033602,-0.932072488835892,1.367576208437192,-0.14104318547835687,-0.03441452426611882,2.11084596076503,1.2262092114284247,1.3965032599839171,1.6318577077123786,-0.973319432206804,1.7634580484469022,-2.563490525761908,1.7268867197630329
400,-4.323292542526069,1.377364394421724,-1.0867946770293482,-3.6833207288512186,-0.81825538839959,-3.064508536112059,-0.9173195047590973,-3.278457309013686,-0.5680113850664918,0.07007623164452585,-0.1959744493785964,1.18120452670412,-0.12749315070068853,1.6435309983757482,-0.4503055392754271,-1.8441002328597809,0.7217964951017537,1.137077693047421,-0.24494305634293176,1.320745814600285,0.4300835046170845,2.0626555477554764,-1.1463027577499638,-0.8591047278371734,-1.4320612838173143,2.6831982844259943,-0.4287022936806623,-2.406303017174185,-1.00250371366938,1.346754533800907
401,2.838457943492479,-1.0360140553873856,-3.518888650321476,1.0379881821402241,-0.11303032487436865,-1.210728088417551,0.8113248199874015,7.884806207016772,-5.596721704585408,-7.525381627838044,2.4050776338032676,-1.0839733452136577,0.589242019404245,-2.6129303347936217,0.8816151392036097,-2.199159866082702,0.0541234614555936,-0.9591427343754703,-1.0765697489050194,-0.870491368197756,-0.8376589643971134,0.37869588227882517,1.0679822526804674,-6.798928865826151,1.122528432494755,-1.9384633669424585,-2.572036706907288,-0.4021218699252835,-1.428745676853467,-2.255958716800169
402,2.1645310732102847,-0.7938495871657907,0.2611329553015219,-3.252452889455159,0.7610888108798282,0.6341242441165504,0.5783120733901714,-1.2147765705048008,0.03982104608371802,-0.2558719283694288,-1.1871464061221004,3.36388336393888,2.3674896241086687,1.976026388679596,1.0690987967626386,1.0136084606231015,0.4109212109798936,-2.6226409384017684,-0.7541177690047748,-1.4546656730913803,-1.3870700421126572,0.16402798479787742,0.29999177472093785,0.8605434938449612,1.1962978463957012,1.3636656786432007,1.8187235406188471,2.5148849859368765,0.5513512441382749,-0.0662156568978939
403,3.3504582245434835,-2.1550021412621088,-2.828779948309413,0.07878284594578289,-0.14442966880540095,-1.9433416710486828,3.351044192753152,4.366167879960511,-4.743568349524044,-3.287359978984825,2.144498113577225,0.5127151364079003,-2.9611744779534184,-3.290198086757299,1.3492598455109688,0.6484522451558221,-1.8195385610410968,-0.4439869204526578,-1.7151123555618406,-0.2211619449337847,-0.053613940801576776,2.627895039252204,0.7025561880506874,-0.5793259940526349,-1.4010374728378208,0.6527554882621944,-3.0200324500415383,1.398977905788107,1.9448182522137687,0.9570018243707997
404,1.583336930403802,-2.883411956923971,0.9968065961340913,2.6523793506249875,2.4694129759509758,-0.7535654461695562,0.3641720311762416,-2.610057197214943,0.0047681673211087214,-0.6791412012305972,-3.9810617980257668,-1.1495428192801505,-1.2842601332438381,1.1881913703466294,-1.2380866787173683,2.0477657578934285,0.23899633654128222,1.1657580767101114,-0.834701533859154,0.06688112433791293,3.2615208555417996,-0.21208520350544185,-2.3313772388412612,-0.11755337084510604,2.1893612790963837,0.5767193330738988,-0.23273450575668841,0.25678457611049266,-0.6474841821936705,0.4334514006946412
405,6.22393745392145,-1.1679184883532963,-1.831012327183137,-1.5515021850140702,2.714595718756533,-2.443069624084165,3.0986487551258652,2.3824849782537414,-0.8289093799127434,2.5696305877541046,-1.5234332874540624,3.0378389076165733,-1.4145604763083828,0.9684181241206322,0.9819723717783636,0.7203010670344985,0.32805871966881883,-2.0555011081026224,-0.3175980941378394,-0.838844439256322,1.6432617452619969,0.3714765311136745,2.2723371660350367,-0.11048469545851945,-2.684870546178028,-1.335666603102394,1.758244438068796,-1.5663570646858411,-1.8762512769622777,0.29813753118311387
406,-4.554329111339129,2.9694574479577702,0.40777090463056653,-5.568290711960794,0.34932262608533127,0.5688973139172353,1.2500761426554454,-0.9323417858632183,-1.3650498643371192,-0.518468028046319,0.1445000001487126,-0.35771765329320265,-0.34960075880696373,0.7641159484683456,-1.5349389344691688,1.0428801231913656,-1.1106616416921464,-0.2677198805847051,0.08230879213557306,0.2566724449537183,1.0316899957150805,-0.41968607167362565,-0.21889553865757963,-0.9765131943570237,1.179556707703357,1.0990284986746244,-1.3208023233097688,1.4609701007858544,-1.878695542423926,3.063435125070097
407,6.917481231504126,-2.2408006055320255,-1.4837195019564657,-1.608390667931688,2.7672717616478497,-2.167746409549505,-0.320940835900822,-1.3173695934628107,2.4122799844514367,1.5813682429316644,-0.20167778153393265,-0.35546671939027463,-0.5306825693131217,-1.676049099307241,0.9696368814271373,1.2539155017016888,0.22491415617694926,0.7955056886147698,0.31923668675463085,-0.30607900529520615,0.388857631564295,0.08707814283161923,1.049408347012637,-1.5376856807064534,3.1556285292814548,0.30044395008723424,-1.0232888186074498,-2.018621624137487,-0.34084227548559654,-0.5415086673644091
408,-8.219416974982774,-4.6165126828313365,-0.6692378500045985,6.600386252107583,-2.9749710856136424,-3.463316645711674,0.9433070963603523,-2.3039531584168507,0.24815909919572043,1.1664715301634154,-1.4638801776088002,0.9269846867049897,0.8277563329024481,-0.74761746156068,-0.7305803762552735,0.4839511679158289,-1.6447456838114802,-2.801727279840958,1.1460051449194972,-0.8748490619211001,-1.761764783042286,0.9044435097961324,-3.3827155764527936,0.7684246379408431,0.09986468549452275,2.5754069694463277,-2.2827575890329057,-0.6501453493358685,1.9469510943033845,-4.7490982941872275
409,-2.0562678955546354,-4.424421834118945,-1.8845278682810949,-3.8387918602749913,-1.7359761103199447,-0.12837093833618285,-0.043420344423416975,-0.22057814963095615,1.1272640433720023,1.03046232243315,-1.015526902870485,3.3818902798264667,2.6814857860620727,-2.9437012552112956,-1.6721390040815785,-1.0600510932418714,1.0178686737852067,-1.1091607442484468,0.07412446735837289,-1.6246866272137606,0.1901033987669706,-2.1645882003802033,-2.3056781912877073,1.408458049773548,1.9948534169224614,-0.9770074096196546,-1.6814470077771828,3.6001291908997506,1.782687247345451,-0.4007515037322419
410,3.3728410691007173,4.49718976392346,-3.179367526665261,1.2860116683844534,-2.7095382593577466,0.13594526803895102,-0.2690695057533771,-1.0665117741241636,1.149555307085053,-0.41484065885889915,-0.9246863050792529,0.3712489418092347,-1.3212442046126798,-0.244088132767055,-0.8246491316055946,-1.6412750496957096,1.3117534355201663,-1.1945408985332822,1.695775031456824,2.5315768549790234,0.7876759167997723,-0.1247451479266034,-0.6692818605893325,-0.7913171208952988,0.13947179186991332,1.277676553558014,-0.2997018565892849,-1.7005105062657782,0.6775838018173282,1.168929639630619
411,-4.373507067735263,1.513349914554381,-0.24911623985725026,-2.4498569533387022,1.5382205080205589,0.07662247480842431,1.4389391383011263,0.4338931528747837,0.43693712137716867,0.715020995989099,-2.2460953008761098,1.5898028639398294,-1.220199167009106,-0.9185082556688243,-0.07421730028731092,2.96343767780651,1.219759184847859,0.4947453096527178,1.8010931121066707,0.3202243764914565,-0.558811979767864,-0.7531164948444631,-0.9166622512902243,-0.6889293811932735,0.7112101333440729,2.5864733368020008,1.0567180537714644,0.36113122150635113,1.1091320524886576,1.728956862713894
412,-7.582431784152068,-3.379332115821086,0.5770868114127413,3.075235162366593,-1.0842609800472987,-1.9729823631915377,-0.8675335759392191,-0.49229128189839166,0.4334845830501023,0.7808041520006314,4.456224947981798,-0.35997364891610917,0.1717469827959353,1.2947316212538627,2.5073727191175594,3.6632631498458488,0.5823103335377967,0.12666942945723184,0.17325446642838918,-1.941345341807982,-0.8729631162874817,-4.5402037544096725,2.1788428621990996,-1.9371336315857364,-2.14652289430987,-0.8242413529578043,-0.8681214937382781,0.8591341691761082,-2.7463007764150604,-0.8902699387936913
413,-0.6021653697766164,4.257522638803418,-0.32745457336433664,-1.034112852034747,0.9245475126972839,0.6354658632702384,1.063174936825165,-2.509747121056961,-1.3770135212635748,-0.1380156765241198,1.0162927311117484,0.9981637509057241,0.39952583697224453,0.6900769064699964,0.4938630540664899,1.2655133397782954,1.299979399431504,0.24715561873395558,-0.30062987161011084,1.5965596965250426,0.4624762693244958,2.0708188140317363,0.8614635746491436,-0.7037484877398911,-1.202207198848308,0.36799066942958947,2.002314100521642,0.23276831333827894,-1.4493011988503353,1.8241774212132176
414,5.76097832969515,0.019517047663142748,-0.47976428682240424,-0.8206420764912583,1.039858785022519,-1.0025516862034323,0.5202310300885378,-1.3429744131379757,1.46557344554925,0.009691866548074418,1.6011084880275372,0.5818212781802631,-1.1406062788324753,0.07818716733307081,-0.37553500463842854,-0.5070414702796211,0.831758950642366,-1.2100249596842894,-0.6161427896102836,0.020523215134074634,-1.3314076116722176,-0.35666777837233365,-0.9519952092626194,-0.5660278610179315,-0.9457028293757148,-1.6009641310187024,-0.07415615394702539,0.08806568855283821,-1.129778008661369,0.3311909770837
415,-0.49643612224418954,0.07298492196979253,2.532757433386427,-0.24135784221351106,0.395930275733736,-0.2082205751577572,0.4042395348982089,-0.1036944892772967,0.36738540751336896,-1.191045603686671,-0.2541264039451802,-2.1036365405781705,-2.1221670344600048,1.5297034069860649,-0.1385037102885932,2.003864808218762,0.9110844068781907,-0.21059548893072788,1.7495098313418684,1.0544366796487115,1.7371718001401182,-0.8667303203687277,1.2881658447995505,-0.3203525476793757,-1.263409649232027,1.538548305184182,-1.1521021542755714,0.1596328373708323,0.8950910411365105,-1.7159737169572504
416,-7.318739014770362,-0.7355865333983036,0.7795539328667084,4.28612712745295,-0.5335403909267721,-0.8205426768431842,-2.749315705533169,-1.3821542325139617,2.0429528169874103,2.032620371035708,-0.16366110702802422,-1.580464791335507,0.392265849701332,-7.170876347975379,4.449404775753783,-2.7946079625652174,-1.2222268826499822,-0.1465939166173867,-1.3750369964449012,-2.2106633897577566,-0.5745528097390618,-1.9708776318457928,-0.4113492972137202,-0.8825218788383795,2.3895891186387845,-0.009938070104234769,-1.982784444923021,-0.7739126040753371,2.204581317306727,-0.5714107929581337
417,-4.842258039145688,-0.6950474995268727,2.777311518946174,5.2655986099680785,0.9320462978035934,-1.259504782910249,2.846587511253138,-0.8198109353239793,-1.1709532802726024,-1.8074932866916726,-1.64100841752437,0.568421963383636,2.4421392097129084,-1.9656466595635569,-1.4847129211130148,1.3237797970639114,1.1815015352210214,0.782747818908954,-2.0049897371062055,0.7334498444544594,0.9120118678572284,2.13557911209061,1.9515152997744143,2.103511922488355,0.8028944118757338,0.529696542795162,-0.2895136466149698,-0.34681313589258583,-0.6962799447696661,-1.1736934947499542
418,-5.4986629951386545,-1.389675569955835,1.7593236170693025,4.932253704204267,-1.8503616495594484,0.3150258134221564,-0.9159716412123827,0.38502318729250135,0.6069273752717651,-3.0874378631988537,-1.0282965044750714,0.4910453815235642,0.16227737107240098,1.3956049037449045,-0.4849943192172133,-0.3979369223119335,0.7254038589018655,-0.5307725924058518,-1.5135474797322712,-2.623305514279748,-0.20499405344342844,2.0078868191107007,0.29092703212672844,-1.201152748796139,-0.19306898442358028,0.4491667011378488,0.8307790742784689,-0.8095968124366953,2.0701620306248265,1.230955727877246
419,-7.920949000288819,-4.903855575594905,-0.5919846123278742,2.2130457856248396,-1.1674724171211601,-1.917069231356258,-4.220513804923295,-3.0623843572755827,-0.8407810721662498,0.10364466093206934,2.78240109154463,-3.341244053625915,0.76535151087817,-2.937872923842946,-1.937069368077171,-1.2470291328703955,-1.4212649850333239,-2.0224292849045544,1.6391435814524653,2.318145985191504,-0.05177540543750174,4.023875947994691,4.533147206675284,2.7322027004901015,-1.537937701503474,2.3007010470381544,-6.07366699367944,2.3797227208464915,-3.257630738716018,2.6335147638953584
420,6.341507090666089,-2.1587350853561076,0.6719852561087178,-0.6550647344347893,1.6642158136587029,-0.48010091376394304,-0.9809504255281991,-1.3622569645142832,-0.8095648861248108,0.6739281416601445,0.4053908262956418,-1.493359810924001,-0.3380425862961259,0.0295257896467039,1.7936132774197384,1.550395004228818,1.094135794115121,1.6238816684441235,0.1899866718864566,-0.5979005870352844,-1.1239991597396475,1.4167518976809599,0.134059993601956,1.769261387615259,-0.8625972114173566,-0.714145889899428,0.7385144279928167,-0.33466749647584776,0.91176347519347,-2.2120101886478807
421,-5.0194640565131925,2.8110974844728096,3.11897791613637,-1.2807495393610815,3.0299284131893827,3.8973115666358287,-1.969115627066295,2.477319512543694,0.6918569220331435,1.0617795661442717,2.461206269951234,-0.41918062956059343,-0.16785405612703302,-0.8678331798438554,1.5068513667285508,-2.6877869658629496,-2.806176445344401,-1.0676655504571135,0.40175679510060613,1.2210660753035372,0.0838822401477431,0.9479901597028677,0.5085803258082146,0.4845867153029993,-0.6968485025442607,-1.5506162193061088,0.7555134964400049,-0.907537935614838,0.16298991083439412,0.9987395423123665
422,-8.95839644347916,-1.4813620543712682,-0.6271851509035268,2.6181351753682915,-1.1025873604459229,-0.9975253896936462,1.4387840359919573,1.3917609121613375,0.4921910719030373,-0.5149343980614575,-2.448065665554926,-2.1337814323246627,0.8227262971943614,-2.899730295528791,-3.8922206224759766,-3.7510449976081364,0.49266573644243583,-0.12725729295629504,2.8824260173477523,1.4338694606136124,2.123324020182854,-0.7675522400696339,0.9650955455378466,2.7569305854033392,-0.8462366039692168,-0.10442202846212217,-0.25695703472933956,0.9140380909949681,-2.0409567598462055,0.5884715769762102
423,-5.670580284430864,-1.5361994761506657,0.6220296822248437,0.6051873213419691,-1.6196846007134467,1.2555480544824236,1.3773600483776711,-0.5843013114985646,1.9032587566777228,0.4088983901477226,-2.067896612729864,-0.10193402240750833,0.7685703815944667,-2.961851652859402,-1.6901837912468927,-0.5842141234448757,2.014388281694836,3.6763639460506603,1.7715194177399685,3.5990938778899193,2.378030232686738,0.7015877290548417,-0.8489308850277721,-0.7088601721731493,-0.6809119839111047,1.381416482617161,2.7259028717028944,2.038092198016576,0.7397378233598899,-1.6554083915926514
424,-6.429400165391421,2.873472361092443,1.4609632181557897,0.4911421338973578,-0.09246157462875942,-2.656688023740246,-0.564708025550348,0.627238319068439,1.5418498147986441,0.5608639200340017,-0.5265342492751023,-0.05408040474819775,-0.667201291708927,2.3473958561271338,-0.31930720864154916,0.5234891718036357,1.5940537730244648,-0.8133554878901728,1.6598533184006827,-0.526052039204183,0.021885823372299114,2.7962696210843347,0.8454612437580363,-0.2034563489808034,-1.1864489143477595,1.454787902223304,-1.5676110523951052,-0.4820189097090037,0.6493162251286847,0.9307434806293229
425,7.9235148179826,-2.0344018915741486,3.541867891304537,-0.6530768112033373,-0.5303966890326691,1.1038517027115138,1.3036815396439398,-1.1663756551228215,0.29948613528685214,1.0261311692183173,-1.4662400686167945,0.41011943324131933,-0.19414725479804265,-0.14804076778260528,0.9332164454334286,-1.3142232987904974,1.3854308493629965,-0.2552444599217102,0.7740568798377132,1.4007512222197587,-1.1688603151901922,1.1743718367602793,0.16838630265061985,1.7167257185661295,0.2779924776795196,-0.12399828844558781,0.9918820689582469,1.6868044798445825,1.86090191595254,-0.5837918003373497
426,-5.117670395226815,-1.108321694781753,-1.2458928701790009,-1.928005649767464,-0.9119953054751576,-0.9543181995665019,-0.8015878748519388,-1.5429649385172528,1.8965082893097494,2.530947953046362,-0.822198862963617,-0.15322391983537997,-2.9324971366991033,1.969159212697693,1.7349859169088762,-1.2578635683296058,1.7898688482349394,-1.0636158736603718,1.3020409697325634,1.058399781081095,-0.8018567537268445,0.06375338354754123,0.3425756562945199,0.8654982824592229,-0.39617656765049974,1.4599731335542003,-1.8080858213518185,1.950189194562769,0.2425526042440978,0.05048931707223376
427,-3.2345440674514956,1.4571282862541393,1.7850734345140644,1.3066998613321017,-0.8994725197563189,0.9758958235652282,0.6299680379732875,1.5859886800087635,2.523041470196459,-0.8400510147506259,-0.06396373639233716,1.3169248884586118,1.576627426584938,1.0067361727145823,1.7054190549894117,0.38315419155250274,1.649458183177537,-0.32115301570644045,-0.45923392121128614,0.4237146928345235,0.8690042663304135,2.4050443000353825,-0.7038985554204763,-1.274665099782857,0.26902258312433686,0.6515759170727093,1.3812533041704058,-0.969225152105451,-0.9949705156847413,-1.0015939167154737
428,7.344488828125146,-2.764989441962902,1.8261276323727393,-0.09113255847726341,0.5493265500766251,-0.8351387481567775,-0.41967129303119316,0.024501828811888438,-0.070679508635274,0.12091485322204583,0.5084587223710809,-0.4365752808902387,-0.8341128131687263,1.3293218269063611,0.3943546305645215,0.47146272476133344,-0.3299453246048362,-1.0513125948190807,1.0315464040780216,-0.5380673694173241,0.1947052716471067,-0.42021049053972476,-2.2383547614666965,1.350126326328067,-1.4530482267633764,0.5926721034166748,0.2351682307582786,0.11168603893994818,0.8461928759232739,0.5020357573213596
429,0.3579988050795027,1.6657033660520495,3.3209183228255563,3.5887939475791235,6.095859206136103,3.1284970434593196,-3.7369061522208398,-0.166913675657947,-1.9709175207410032,-2.3844475359255988,1.769497637815093,3.7261402836246176,0.28012719085681065,1.8992729815674345,1.4641449479985278,2.0492414407847894,-1.7787560356009786,-0.8240763589848532,1.123705758677752,1.7330769623856326,-1.6401621754492899,-0.8674046568033751,2.57445035844718,-1.433197543649492,-0.452718702626585,1.940537594533293,1.037414906856137,1.3684898259667992,-2.1240791387758695,-0.7624634803129278
430,5.45765693704045,-2.7116318495176293,-0.7617617711252918,-0.3187763754189551,0.7913492765337337,3.9482279905469517,0.42108078759032114,-0.7901326277764258,2.4172117271309,-2.6096940345528767,-0.739047108968928,-1.6112305556670394,-0.8147204631759964,-0.8999939349415852,1.6242459646133485,-0.7729096617071135,1.1286395727950613,1.1575865735410469,-0.2893162976530648,1.0104097144265713,-1.0427145978700034,0.10514029249445309,-2.405965382396128,0.7715444154579791,-1.8877296815739129,1.8695838792640036,-1.715571018298502,-0.40421877321128563,1.0886398241732531,0.8369286893265679
431,5.403254250005541,9.102457373426256,-10.509711536385316,2.006822005792642,-2.884543118688087,2.0990669376740017,-0.263462147387869,-0.005913911698162647,3.6450984837045497,-4.115341806365893,0.09751166892580608,0.893788824001089,1.0164846013503028,-0.23889123756375688,0.8847037500234481,1.0997140314149263,0.6521106486772024,-3.8035263024187635,1.8752060105464996,-0.6715116923917757,4.532833672425574,1.197117183936521,-1.945865788078593,-0.8931921097695177,0.4414555612806213,1.0944149248161956,2.9682148461578244,0.549928674721873,-0.6191627821985767,-0.2909715097078703
432,-3.983431982901354,0.024605431344058327,1.5500071707184087,7.322888413580429,0.5138280768319956,-1.0076476038225766,-0.44985172201385243,-0.8011866954720811,-1.7777414529797197,-1.108264616993456,-0.2172631889701145,-0.4398253443346863,-1.2319406807784434,3.49122096544239,2.2020183434529543,2.0336421263673103,1.2571609507443997,-2.2176674835565806,-2.9431801571170064,-0.18002952303800984,0.7767280368491424,-0.6834762585209069,1.0980537205791046,1.1466084116020043,-0.9302904793763442,0.6588309476667976,-0.49552721481762285,1.5489694899206299,-0.23485866104071465,-0.08233982436905385
433,-8.945776532235678,0.8011072151819989,3.280633274574609,1.9823143906263088,0.1416772625910328,0.41378471976523523,-1.338892504727946,1.2577113998975586,0.7319117806804083,-0.09705899202196755,0.29806822966012375,-1.2024357995089174,-0.8483313560392491,-1.9670356858366427,-1.8808406529850787,0.24274340118650764,2.612528358711006,2.4163778713600736,0.03944935854746344,0.6811698248606612,-0.26785657534104634,1.0690145494610765,0.26170224644427914,0.48512032901837204,1.820082581747279,-0.9485281777092706,0.46870007085799675,0.22288168990259183,-1.0277727107881722,0.9377523368044569
434,10.249638492910755,5.2951576575800585,6.4977362992783965,0.3181189258343464,-7.363577116805304,1.9822106822228363,0.5515385820222726,-0.11787105920128327,-3.2406595037367807,2.5786967702151165,-0.4166881113086201,-0.4523206720574435,0.7679045928889432,0.29795473950496076,0.744535227874415,-0.44954689783952506,-0.3914769807031797,0.3475637586499813,-0.9216154727585494,-0.4939030400369898,0.39622108898024083,0.6091112481308268,-0.4746671688758498,-0.6847905269442822,-0.38361047938522824,0.41062415359593496,-0.18702313318447664,-0.42244530288782867,0.24264298058192593,0.6614808716492954
435,-5.950902614364171,1.3557722451815264,5.408324011273724,2.098474968663219,0.9747071862180982,-1.226385230483719,3.120701058217392,-1.6498746370936506,1.1578022540448354,0.6830149896601768,1.2356660636406445,-1.3714834490877819,0.4934129087236377,0.7774485357359264,-0.9121103582717212,-1.0490620940532218,-0.3664603456290466,-1.5625044279312958,-1.0630374211493463,1.6832605527497577,0.025618794369923464,2.3975996218934807,-1.5179386556988717,0.10669768978979016,-1.8698633359403571,-0.15957897795478984,0.9817499467938526,-0.8273824838897281,2.1972199549907097,0.628735388521882
436,-5.342589376676824,-3.421927855090768,-1.772136635627735,-3.8663454659510617,-0.5714800162985314,-0.6874242047358086,-1.7980884530599026,1.8432940182000443,0.7074430476578731,0.6998738679836216,-0.020190596172504703,1.6695513348224973,1.0606790079438178,-2.808241714455889,-1.4494296206313735,4.41827439994472,-1.9984636015803627,0.5837403712430114,-1.9613568573762235,0.18097319476498516,1.6804089181946928,4.199257126863369,1.2586047293720344,2.4540479590160555,-0.5131280819325114,2.1651625999153037,-0.9394566196720193,0.28655182492534376,-0.17133140101155817,0.7982911137066085
437,6.713277775751802,-3.196844436886601,2.5520922954820473,-0.4166366158849317,0.2926313956855698,1.054105166507394,-0.565209901541421,-1.4594667395822352,0.12785323565528942,-1.070499102090581,-1.8205530576844644,-0.2584221844308904,0.8071774238125206,0.0629667199777188,0.14992788765964352,-0.42527492933354166,-0.8237387811507665,0.7448330974958765,0.6961357753598078,-0.3943760614150483,-0.23467836796957267,-0.4133498553275579,1.160055712635458,-0.975387681925565,0.6167852444754118,0.9864091510503112,-0.7554717127123188,0.6311143607708792,-1.063865962289981,0.13307817945580558
438,8.652114179899796,6.901963255037796,0.17091772232740846,1.7875574695182994,-5.636914319943418,2.4134585406904088,-0.868828202116942,-0.6482588599956635,0.2341576599485788,-1.5056496670793686,-0.6547817186394366,0.6375533999997164,0.109012167544487,1.126925631896111,-1.4368130097203968,-1.5415973509950522,-0.39225864725618664,0.41098894163281047,-0.9175901542540076,0.23084643013279346,-1.1874785514050077,-1.4692669607639368,0.07446453878676378,0.1519213515001951,0.8732639681630341,0.7008391865473277,-0.2730279894478612,-1.052053169712971,0.042579666600866754,0.8572705032123903
439,5.913992618674474,-2.0978312652207807,0.9885067360839741,1.6323208893326095,-0.738490163918671,-0.6116974803359235,0.46459486859000865,-1.4581599452100305,1.1427223751867406,-0.9752336939409871,-2.3670235992505058,-2.223315447927271,-1.192155885334423,-0.0522703685014296,-1.3394309780879055,-1.7398396308088289,0.530650717996625,-0.25349857967037603,0.6055264497783117,0.5930512013761325,-0.4207415797818924,-1.7270410753168708,1.3090655777962596,-0.3756189699817892,1.4104247458141987,1.793225302910282,-0.8355524078009485,-0.484522138906653,0.12931352242337757,-1.4414570903622888
440,-3.4087105955044352,1.2637272780303264,-1.6680964264139082,-2.662876572562106,-0.4652714045696624,0.2684771424237519,1.0587310157053371,1.0151777339548334,-1.1210194551382824,0.010752331734993369,-2.4234103955800395,-0.39406143795514126,1.6835112091010012,0.9273412345600738,-0.9300301605506442,1.629377240743193,0.846452410374849,1.5784452362974173,0.9488551508837564,1.372122719714054,-2.9540126885943643,1.3829691646530724,-1.3890644131725194,0.94667385616035,-2.0277111241198957,0.45370013157448946,-0.3997322606649358,1.5683910934350553,3.075429914126539,0.010465525297194122
441,-4.232761118158974,1.5683831814968907,2.5800614485910085,-0.9833889004331722,-0.3393582407190285,0.47812660192576734,1.8822538934143076,-0.38877524233480404,2.2390382065146484,-0.9499249665994557,-1.0660124112410196,0.7026496697065747,-3.0018078652414655,-1.4961295569387987,0.2518650986279687,0.5220576519709887,-0.08645131397444188,-2.788452699524003,-1.131652065155519,-1.0053023212264935,0.2924522117724737,-0.3645733881839561,-0.2733114594588991,-0.23903121603839375,-1.228380324691102,-3.0275658720200487,-0.25660954871094177,1.1314572141422183,2.9306786150411246,2.0045226609839646
442,0.9383783343929079,3.9005045756537275,-0.7734835997218292,-3.3891400510622356,1.747148721943675,-1.2672172625428741,1.4824558272083281,0.4734111433230629,-0.03171741492678697,-0.1426552942348275,0.08968774948246556,0.20626058788611565,-0.4275014422311977,-0.013376660735684954,0.48498711350509294,-0.14846250382182738,-0.3384495714994496,-2.0041884864980086,-0.19155062658808283,0.9989215346938647,0.36818725568649,1.4957885558866528,0.7833263715454567,0.15538823731445217,-2.424953193781942,1.1938857326548151,0.3338493570850454,-0.41149469978445197,-0.1767996938183195,2.322757829608833
443,5.3496691484959715,0.8468523433600271,-0.4917624278867828,0.7319027729112638,2.014303326892242,1.3146971490147723,1.9224900386758947,-0.2815659126639223,0.16287917349017583,1.1523040207859079,2.982835014788154,2.402153010893156,-2.1818258795438137,-1.8992512019801207,-0.9430134553370786,2.265450027404897,1.7515771483867038,-2.942256703979483,2.784103077637825,-0.8000520053643133,-2.0941581448463698,-2.690818399722018,0.2549576677366666,0.5800608159878469,0.8158854519649994,1.2070662032983335,-1.5078304840783974,-0.7244420128215047,0.11051742777299293,-0.22225923636426576
444,-4.8405773392886084,3.211048184485138,3.187132045620703,2.4645082429308887,1.8342631991076084,-0.11363039849377876,1.992660393481738,-0.6452115990934347,0.1355597361578772,-1.6843311474139187,0.8643293006587723,0.20195312973824375,-0.4707817760070402,0.4392006501252879,-0.5781581500253729,-0.45721799317183137,0.5249911783920317,0.7561197247974307,1.1446013237171129,0.02887657822287555,1.8811303367232386,2.291647097613763,-1.6696800296110077,-0.9647166211035876,0.15929809948728074,0.18204526009238417,-1.5643226140808546,-1.7982602879227778,2.83194393458494,-0.5820175210368971
445,-7.401026705667242,0.444216068967605,1.624288344791269,2.0350807226628804,1.5007082560491827,-0.17401293605325552,-1.1406351338075742,-0.3664016412674326,0.8430762593820671,2.5205701210457563,2.4985394047404155,-1.8388512747718158,-1.355901358014503,-2.1749070616972284,-0.7898599554874592,-1.388234435139214,-3.6433948201795503,-1.447166777056693,1.3602984911632483,1.1912811861209123,1.9652730304225206,-3.410015544632131,-0.30743325781851677,-3.197096214687308,-2.5995066616892184,3.70730743864254,0.025131133171735733,-2.4733153651549964,0.21544554925171852,-3.16777326951106
446,4.18459880278524,-2.9044371051841327,-0.13805213356275756,-1.6186566664492645,1.4151935787646843,1.9266974980864067,1.5614020208639456,1.290782115786847,0.24430363413896605,0.6624214231138826,-3.4060906709067202,-0.7458516984648917,1.2739018364929766,0.44090496568562715,-0.3914944731416628,0.5832216633251331,-1.3487798011059045,2.1324849094362888,2.7679778321648367,4.14735982825018,0.5179638689652886,0.5570528832083199,0.7460545579434327,2.078908485568523,-0.11768146518400151,-0.475789330979123,-0.2791366749947676,-0.45699074018505,-0.06262874547091331,-2.726423660715258
447,-2.131392480274209,0.7460795744518649,-0.7952256476677461,3.227375866427845,0.8356096305356395,0.335065798271098,2.7564770760162616,2.293882812821671,-0.40822328089802956,-2.986826317893306,0.8376651047459259,-1.6103014026539095,-3.2929319281069716,-2.283112284977052,-0.9102203051323197,1.160643184513266,-0.518013356108637,-3.0674708029969757,-0.2661843961742626,-2.2678355459141812,-2.0636136222792416,0.48014542167413204,-0.7457312039593545,0.15934908672396908,1.5492594389701217,-2.4879968837696382,-1.04595947455021,0.4340177790917918,0.8871858185959014,-4.903473545362112
448,-8.337221633138476,-2.6298015161942714,-2.057095131414414,4.608127821163188,-1.5141732965942838,-1.956111684692486,-1.969244754934996,-1.3098280168747714,0.2655972834283947,1.7890527675452774,0.39387146275161067,-1.4605773445143757,-0.41621574365129616,-4.021034993560738,-3.746918421055896,1.2880203574289621,-1.2037459121542669,-4.670720522069277,-1.3710117376194337,1.0547466877361777,2.131957039842465,-3.216381985341556,0.49107898231776403,2.9217481648587214,1.3363887807079151,-0.30684486826421103,3.084139859354988,0.33182110550227106,-1.0199798564479068,0.1293132059993019
449,3.943248541221999,1.0656150282545855,-4.106683915222092,-1.6682240013839256,2.806836854094245,-3.5774607354230863,-0.00869540664548973,-1.7524575856690956,-1.9894310107504745,1.1587470189686973,-0.37651646118343063,-1.802538026334813,-0.07583725334671457,-1.4822312164131914,-0.2899394968388135,0.6019663429548641,0.9834376409285123,-2.133467484533945,1.21959002776209,2.535978622459404,-0.7870263994547214,0.7148970747164084,-0.4724866664421937,2.841523229333805,0.8361695140545142,-1.8752363594909347,0.6331546058354054,-0.633214266172876,-2.940372183312913,1.398311161622082
450,6.603271931100737,-2.7694003769349806,2.4823751906035425,0.18541896570762964,-1.5214335305473905,0.45367119741342343,-0.8676262671754925,-0.593583500474084,-1.8680368794481166,1.5539080906061735,-1.1371180380499202,0.34871196099399476,1.8801179543798079,0.5657759251069273,0.20088086421119022,-1.38337430344108,1.227924053660019,-0.732716851614473,-0.9100353322320041,0.2244503060822829,1.458306332956334,-0.17692337914053738,-0.24182243075145454,-0.42409987419034634,0.7685900944717374,-0.9244058548383851,-0.4909480813513237,2.5661824151799486,1.9474820259975063,1.129623044686541
451,-3.964206590903765,3.335427151603142,3.6176483826985537,1.4175099998998955,1.7634686699973596,1.6520652071416253,-2.603835485817497,-0.06532432695191046,-1.8759565270369754,-1.9825051839179848,0.05300300997144092,3.6230474224707,0.210973396746212,0.47657565109900535,-1.2389389991190853,4.264610719916217,1.5223777741822995,-0.622584435762017,-0.9711464004293747,-1.4530961177241823,-3.667655101211369,-1.3761135832212206,2.1305628189297616,2.068172599784485,-0.7672058501033138,0.6919023078947175,-2.805865221063766,-1.0982468886203829,0.1135737354290428,0.7254419979196435
452,8.504252125185532,16.482934352330194,-14.548908881254919,3.2885897586612463,-6.324186800180217,0.3660378221808963,-3.1144650478742104,-2.528776043511362,4.68943511881268,-7.430178044473847,-0.7677655754985461,-1.3216839840833852,-1.506137110488553,0.778640609227945,-0.15531424003350044,1.1365804250001346,-0.37304119446883205,0.10231447042941258,5.483556807233996,0.8736959397430012,2.5308161394802644,-1.417999663166972,2.0777385243519397,0.9967916248935033,0.6445344265716999,-2.7994376938840633,-0.11490325762613149,0.4807857327982055,0.1474252185288748,-1.9864847498287437
453,5.982066237119274,6.708820428687359,-0.6359409214731591,0.9997604377083605,-4.807689990348805,0.5956850150863802,0.2553682515561383,-0.2982112876208734,-0.9997250809263549,0.11318144966200308,1.9606450441149397,0.3325061232104215,-0.4103778432414184,0.9739277454925506,-0.9126967456915904,0.6273592043346345,-0.6982280084192499,-1.0465624106698035,-0.2813341220285578,-0.7313065728072644,1.9689204264594165,0.3948354501481213,-0.6050333280934412,-0.16551062697188512,0.6559576290062216,-0.3287227680413752,1.588761675863793,0.784928302521292,-0.28748378132346064,1.226232412876848
454,1.0558137735072803,0.768630323663405,3.2620558176890713,-0.2460584028455648,3.038998295705008,-0.2911603440814302,1.1719363553319835,-0.8721313901660916,2.937358449576272,0.0897618394172936,-1.2302962469611856,0.861033423152451,-2.1363420055967848,-1.992776862856703,-0.8423764792792422,0.702186435422051,0.38331568879746025,-1.0912347688842956,0.30549074753980676,0.3996601362200878,-1.1798478882032204,-0.5260061746660873,-0.9688480695475559,1.2450356681409287,-0.577919957467257,-1.072693489031747,1.3373551895557343,1.30042824311415,-0.3666997480461793,0.5627867925395074
455,-6.154116121059916,-5.282948162821262,-0.3354942449538001,-2.771807528411857,-2.1939961318339227,-1.7719046262741096,-0.6076999414207166,3.8531767580832366,0.6401273408458379,0.9708494435165398,-0.4187211189236274,-1.5689990323669603,1.9005831900405292,-2.182069957752901,0.3640816192557502,1.3120687947541747,-1.991067640504427,1.0079515309325222,-0.33860922060964255,1.26175624361547,-0.8016481528216886,-0.620062190202733,2.770900015056499,-0.1530581525236717,0.9458724450816971,2.5868660241353454,-2.7964475209769764,-1.127344119352629,-1.464503819975652,0.9507988254115014
456,6.072878280856475,-3.6612667639838654,0.4023853651452002,0.2743316159234818,1.2738410949436643,0.3929595809691498,-0.3758237113347843,-0.35862085525358384,1.4284312641807162,0.5067696342540894,0.6948753662931488,-0.12399257651908308,1.542329461059114,2.3757992317457237,-0.6347098566708065,-1.5385939653885088,-0.36931484417732746,-3.06595022381384,0.837603529281526,-1.5523375561699808,-1.057554487392094,1.0409871528301076,1.1270926716541765,0.3835040611324863,0.9517020552568569,1.481560880176685,0.22003921789094924,0.5544609944932755,3.050096245451231,-0.21602476758974873
457,-4.343137477332888,-0.7842370175665105,1.4750601800886145,5.424105081775101,0.6879619127764934,-2.849058135882779,2.5865920399516873,0.8548425990742368,-1.2297109791902705,-1.3746579912789103,1.4094656663175569,1.817164588130362,-2.2025217221181355,0.48166111587609123,-0.6264039393582683,0.7645949155791286,1.4891853214752653,2.122532153394328,2.926250686832127,0.35345363224184106,1.964711984862702,-2.6479466854129146,1.4213287239193857,0.10816272546126818,-1.3829873259983914,1.9414643415210522,-3.5804579088222988,-1.0779180268827162,-1.3302804714544985,1.4896828271206808
458,-4.939253126771718,-1.266203303428479,1.470834692019344,0.8636538225178477,-0.532142817378903,-1.3254415215041222,0.6314124692581558,-0.9143347666176641,1.9787432603376596,2.1597495712054346,2.093423886315189,-1.2837652928684342,2.779916195896266,0.617315932400535,3.742156203625033,0.031819457346360124,-0.9238565313825606,-0.38081625936167207,-0.14966115083965317,2.7034230222979985,1.9135300136582238,-1.5485833090436933,-1.9896029224853493,-2.6849573431832856,-0.3866034124310024,-0.030570476403326805,-3.2279527605728116,-1.887263025278872,-0.2860725523304564,-1.116109122826801
459,-3.38482610243803,2.197666511989629,0.23245176015988278,-1.926080205805442,0.8200486900228231,0.18411856760726028,3.38739417990436,0.8215375547599827,1.1824224083532686,0.8158291906462323,0.31867913023105643,-0.12504594930617663,3.5907142279165454,1.3169103457495017,0.40522151889403957,-3.3610631294042177,0.6915717540462789,2.552806459700489,0.7946765749676645,-0.9755366286289794,2.753520413745628,0.4365337304236263,-1.0004888574656632,-0.6456714059478608,-0.646630498954328,-0.06366885957380372,-2.184923557752988,0.8473372191845516,-1.3381205358473134,0.004984166742816759
460,-5.763455001791219,1.1744858688778552,2.6333463734427016,-2.8609446634406575,0.33431994998677966,-0.1532503055731541,2.3319505553230093,0.8268972923745062,1.100080707474169,-0.7075223959467597,0.6775844542644747,2.9295294886015197,0.7321494547950813,1.0275145365858873,-0.5543862688886637,-0.20906461167309023,0.5929920142543214,-1.3055272326400693,-0.08827427029968667,-0.9771009953034248,1.4369167862576941,0.01206838981829154,-0.9007763305551948,0.7997382423140792,0.13043010848190875,-0.9886475971086466,-0.2733487399672493,-0.6163584201563481,-0.8834933529416955,-1.9260181082263919
461,8.797117997404541,-3.542367238768129,-0.5792545640955286,-0.8140632793072694,0.20788323799725053,-1.490416330698915,-0.5515213661180078,-1.7896798940451302,-0.45296695201855725,0.6121857715767836,0.3090315621013709,1.0677927733200063,-1.4478308382581697,0.47859712994006415,-0.4089469396091163,-0.41881956790758357,0.4749655912025986,0.4694794570825032,0.6849263810289696,0.3396673867262567,-1.6852955083822536,-0.08693222333549142,0.6133921622248091,0.07994553969094391,-1.678917029052942,0.18606728639363082,-0.877117793083485,0.7951243490764536,1.3160476543957116,-0.0030473897450050955
462,-6.967484907274254,-3.8349398272950794,0.046694905859648264,-6.042682731321021,-1.335242372173992,3.2204410270957107,1.3174172200196208,0.3539620912026086,-1.6630778110670459,0.6123736677107423,-0.7791237784855969,-0.37366227875928176,-0.9165029674242039,-0.4305263939238036,-1.0675925521071026,6.268887341944624,-0.9811189796991666,-1.667421468227838,2.1261136996788954,1.4654462145390916,0.8854676521451933,0.5164176607759174,-2.7412675776919717,2.6209751321986587,-0.17628616039910808,0.262538776638476,0.8069157045762768,0.38384091240075996,-1.3405044214120831,-2.2947786020953282
463,10.121526469803996,7.77712322053616,1.0557942211004057,0.4558418628060924,-7.054325325980758,1.5201698226109275,-0.7469626653110167,-0.5717430205117828,-0.2886114620823205,0.9170437838988065,-0.4234073093267212,-0.5448986173137452,0.31411017364452865,-0.6068479061927261,-0.18553420383685665,0.4416446194609671,0.30602286288314284,-0.27951473559933687,0.8081857400556564,0.37517909528015647,0.3225788563142542,-1.0968422558110253,-0.10104649931598282,-0.6742122813643605,-0.21646176033944547,-0.5433988600764964,1.4906200145422794,-1.0662296752883236,-0.3439682668016725,-0.2929259830954644
464,-2.8248644989136436,1.8338559387590836,0.6114489704539894,-2.782509545117552,0.5879711002392619,-0.161796117508669,2.740177351418614,-0.5594938692272422,-0.36229350872998367,-0.5973111045655211,0.37210517631936074,0.011235116455361115,-0.7184901091695345,1.5648376799085284,1.009361034428552,0.9880615384464742,1.2228243986444525,0.8495123190060122,-0.9639201733411613,0.3771635348296598,2.5913655744187754,-0.313518501254376,-0.22771925904665935,-0.5716070966455136,0.9601578269314596,1.0274142107130033,-2.664712456743973,1.9235816794783875,-1.889174980109852,0.4003722468093917
465,-4.53294346435042,3.4396404285586235,2.3896144922715226,1.6366681253109479,0.36424657618278033,-1.249576098616947,3.3685385962081327,-2.0868092398278124,2.4386935958260545,-0.230977344235725,-1.1069714198205265,1.0685470656879479,-0.49388669743824765,2.179293569658335,-0.05659861157342285,0.2355366293206942,-1.127790801826918,1.704440057074744,-2.4487346802542844,-1.71442587701604,0.5870781487826743,1.4878262992068099,1.6034733620147723,1.28573240045692,-1.3446924279135197,-0.5943830452913138,-0.6581507196879137,2.723237616902737,-0.4372088684249563,0.4011931587837005
466,-8.99707888791945,0.16227352051924615,2.8795816460455517,0.03758707142529073,-0.1399855362979167,0.8249676056492717,-1.7031966728116392,2.030322640618452,0.6496513333703227,-0.47053529553219575,-2.170783162508002,0.06600362593017238,-4.24390488981499,1.9483406977322957,-1.0282892998448157,-1.545196929701738,0.5847447383154554,0.3451027414737078,0.07700846512780932,-0.707881500507117,-0.28030366211799945,-0.30794717981643505,-1.1757313449037956,-1.6693491358580566,1.333116136767202,-1.5995284913978987,-1.2959561786165155,0.10133814504128905,1.5719447890568452,2.2823727688158404
467,-5.355464756551359,-0.9016726624265514,-2.356475654967994,-3.3968893375954394,-1.78028019982261,1.2993763146639554,0.21793972133061584,0.3853559010694101,0.06002560660973817,-0.3713672553780347,-2.2510045144723554,-0.7749413299024748,1.4250313813833593,2.5991876332651547,3.0172132938497986,-1.235425237881017,-1.3296433968710937,0.34379393934604113,-1.857481072825795,-3.0481763223836977,-0.13689744432148962,-0.691573943173122,-0.8089592655187796,0.973681343361118,1.928908679835106,-0.3160074288103011,-3.3760145970438,-2.6628451994291185,-2.703400358219088,1.0187419969655251
468,-7.995026177987547,-2.670282626930147,-2.8731345130844956,-4.187601772895646,-1.7539116518045288,0.6566787907063215,-2.0227286478605495,-0.6761891140050427,1.2642347070728652,1.3074226033510437,1.4742075848537588,2.793615330578782,0.30332626194557977,-3.6560579103716004,-0.23716498553402862,-1.0093357051811345,-1.7727690365799602,-3.6025233747193486,2.5204925398555393,-0.95849421825808,0.06639392221688924,0.1715110751093415,-3.104653667844672,-0.21636738315340184,-2.535214211367402,-1.0510528639436147,-1.2967956389992825,-0.8899409653032913,-0.6472692456180815,2.574604957366269
469,-3.2162529009147502,5.5181947777098985,4.847897382885356,3.630582719368544,6.434781300445603,2.302667736481146,-4.741511901047669,2.443968724673225,-2.569314446568731,-0.04154682532232616,0.33853585349380544,-1.01600183122308,-3.1551806397389104,-0.5012941046324811,1.8908676775264972,1.262114368462781,-0.5676273924709291,-2.3492126902693644,0.6919906861007437,0.8125411654645811,1.3899737530053597,0.13943965928498758,0.7208151629978347,-0.11477493548648227,0.8102868910870866,-0.8873370569035264,-0.37447255777657684,0.5907603329875499,0.6281984073737853,-0.15218870809515045
470,0.6584368485322077,-2.1337410217458945,2.285984664832053,-0.34708695303644443,0.25198291205715895,0.40979856316983815,1.647940359816158,1.2001629972407015,0.6746951569211738,-0.5735033993256898,0.5168509384825034,-2.214764287271921,0.35671261735343357,-0.6584949785107304,0.5987812924667806,-1.0683865399674233,2.5750895131439835,-0.34858601794753025,-0.34125391928141185,-1.2319620037382248,-0.5572775870058435,-0.4788102066821939,2.51982769211639,-0.08148898921379112,2.2118160046411375,-0.5361631251479716,-0.6742102101435499,-0.7707760292950513,1.0984514340995908,0.5158542078978318
471,2.217034972435046,0.17601882765438617,3.486241945644124,3.9624086801765994,0.5788894238365243,0.07992552603482707,1.4177814204125467,1.7177960476427738,1.5070215179625694,1.8134299280798092,1.3191893164464272,0.3815396522291929,0.9498483078569647,-1.3147566424940471,-1.0597362347651043,1.981891252664858,-0.8738061017213984,-3.374278025264383,-1.0843138661412792,0.9426657102094451,1.0237265269278926,-0.41096377192962497,1.1426353141542107,-0.42564600219266685,0.11566112447617231,0.7349821047728914,-0.9544117309515239,1.345776945460164,1.6007578971944336,3.342577557775437
472,8.92884494316899,6.403459650787419,-1.8699509732275987,1.2599857260566507,-6.059366071817041,0.877277260689957,-1.0701327552314823,0.6685852019374432,1.6280219689836932,0.1236615216045251,1.4831872938006008,0.7836041004599027,0.28458329283749245,0.12627763351976778,0.45707508089789245,1.3024586315943445,-0.4617473188633758,-1.0948980154995736,0.5411197118163525,1.3837701110909841,1.6655336170698165,0.6702323556088611,-0.4281002549223894,0.40792813991493626,-0.12751585526255563,0.5450452197308707,0.9464014292430608,0.057246075469543564,-0.26845694354146826,0.3779522178785949
473,5.905976405301664,-4.162257748316274,-0.6632139100136447,-0.6070144259680662,0.7860407564641156,0.5687686888535212,-0.7919200564939028,-0.3446520738570289,0.2765788617095922,-0.5674542982232046,0.013831952902083961,0.2946814092193587,-2.775743900688028,-0.061595132846806205,-0.382240738380304,0.9474476030934715,-2.6240020290570225,0.6763951939910543,1.226601707496142,0.16086660726264815,0.10121939987670858,0.12604276982710297,-0.5567483261142936,0.9652663862117841,-0.5358233428111913,2.2166325094890884,0.2978370631285502,-0.24864635596521412,0.26826641970015574,2.164058433901342
474,0.08690263559709986,-3.212939826247371,0.5439032130141594,-3.305432171250567,0.28581485853922317,-0.9527067552301944,-0.24975311511454162,-0.12896491388374423,0.30396884815902514,1.1565040679620384,1.6831609877664384,-1.390411676043625,0.526717684454845,-2.232344587194217,-0.9622494168432854,0.665364432058146,0.4289380577863834,1.5060127901428204,1.5494871859397046,-1.7522021710318814,0.3644358629948499,2.1619918572440917,1.7830228840873097,-1.2598243123511088,-1.006937341983027,-0.1659664046349941,1.7797481733053782,-0.4952834071033631,-0.2902615928949538,0.08806216876224861
475,-3.6073907242459966,0.35716303316889847,-2.5876155152657434,-5.037787977620217,-0.8639915372952605,-1.077265185598767,-2.271648951142561,0.26960971943367984,-1.0124602693793896,-1.967182931113042,0.23625631434210065,1.742668487680927,0.38956212464935047,1.8037192761931053,-3.663232051819321,-1.4404748974244692,0.2080279623254567,-2.318626439934065,0.1623259199601633,1.3054262489790525,-1.8739072495983078,0.21151342182621147,1.1082235913646599,-1.3329269219381863,-2.837511225452851,-2.0642582066677897,0.010582093043820127,-2.9300157856975337,-1.4209138339139027,-0.7913480458463776
476,-0.9977090789738056,-4.967585904487811,0.2549684388046783,1.1399336653325947,0.23207457343046792,0.7923834016649887,-1.2727507335657697,-0.6350917042053723,-0.4827183071941319,-2.721500185470117,-3.4121114972226185,2.4198219644097745,-1.4125761416413123,-2.4500818145506895,0.6563030622530621,-0.03926004693068008,-0.10370172381521142,-0.5769308687917133,-0.29258353242747037,-0.47225364849407,-2.963285288543137,-0.2162924929062011,-0.0716331935842721,-0.6103577815187288,-1.9250777235543992,-1.2184292060833202,-0.8778840336800598,-1.3806640567532762,-1.9247265830305904,1.3695082428994483
477,-2.3905081731426256,-0.06365231133051555,-0.045625418053775776,0.9214681318943162,0.18148770697281855,0.18548541165921706,0.7225968330817857,2.3337408246773133,-0.011183449090332852,-1.0509073464232492,-0.4910890856713674,-2.147458119408958,-1.2103283445971411,-2.004238579697785,1.2425598556040893,-1.6179434816034302,-4.159568681312589,1.8813328528327475,-1.2170987410782186,0.6996696360787867,-2.173913314609751,-0.24610686643376462,-0.6255345341120542,2.0926887769952223,1.1494190887726587,0.5537172783354701,3.4511870902842134,-1.2247830862749667,0.3633722342751228,-0.44367243500388237
478,7.556440451187736,-6.269760219857262,0.7617387871072402,-0.36359280042066283,1.6871098752529963,-1.7651660434437135,-0.49841543594618715,-0.6229055229641728,-0.5618000500295461,0.4190382704379487,-1.4800148300295968,1.083492362498015,0.14388410827527323,1.6160024444861263,0.22609505242251324,-0.12423128443724284,0.8198065034196379,0.08967472002687744,1.1981269418252536,-0.3642223154741451,-1.3210705360941717,2.123249831394626,-0.9458277795366923,-1.084846761355831,-1.3656739931845747,0.434224272168929,0.8611255932738434,-0.9242480108412015,-0.5974445831188616,0.509791387507695
479,7.445764413949973,-3.810708917029036,0.7114027873771486,0.009606355899668066,-0.37226955791953437,0.7293436359448346,-0.5189696710266529,-2.4783203799663314,0.868792684144682,-1.1407205907399744,-1.3769378088966941,0.7497041945379169,-0.8806747279256764,-0.7507181563680778,0.43319709203112816,-0.845671311214223,-0.7502630876104871,0.38552492343760764,1.716856166034724,1.079721821221711,-1.3938666560588404,-0.4591807269903255,1.0995740817628261,0.15587229453182325,0.16074181578514973,-1.5296794298241398,0.23939358157614657,-0.9754943079748789,0.9205305135107191,-2.2417593900624944
480,-5.287537425452587,-0.7100537319536353,-0.009432123967174454,-2.7563092430554943,-2.44854930469043,1.4251190023626215,0.01430174272883449,-0.9759777813765665,-0.9466115270348626,-3.3049991691683958,1.328338283785689,0.17477831213984066,-0.9128782574332979,1.5612058415487045,1.6695083652621097,0.016326741800168427,-3.78555292867923,-0.48659548163310046,-2.365044769758319,-0.4102297273010659,-0.3320091916928948,1.4968744927537805,1.8470886373365194,3.5128561254195967,-0.29674463302860965,-0.18572967501845417,0.2363982484047988,0.4767056659099271,2.687737943308845,1.5076839797571753
481,-5.52140070992577,5.474885266534268,3.5108819067177164,-1.7779375031046012,1.3224652061816384,0.9807211785263996,0.032962053561393694,-1.316998782675876,1.1943084648352413,-0.937449021436385,0.9172536537837237,-1.0548812688637152,1.3354809097253244,-0.8341788546298913,2.273462760809615,0.7764642377528009,-1.027912419885381,-0.7621163516025335,0.9862634496776645,-0.9325900974617707,0.9043296367118406,-1.4336240318017317,-1.3484643064235824,-1.059059847285897,-1.7375941055072635,-1.8796136603471467,-1.3411613689383513,-1.2329798968002834,1.0577656251346603,-0.17145056006299214
482,-3.9193375991050123,0.35345265671517756,1.9019294078369349,0.3785612711939357,1.7612707607154137,1.7887035624186651,2.0671960109877334,1.9787120422189128,-2.1184617643843238,-1.3514028892540673,1.514169447846629,0.7301777508035231,-0.556519295803182,-1.0043131391900693,0.6614444996667022,1.6034572434246963,0.010686902607332507,0.7526895430594353,1.9980506319291051,0.11738176540215581,-2.315117778211137,0.7496994287741222,4.288518028988685,-1.7469105943418275,-0.7972911490335401,0.574196870774332,-1.9965959877733328,1.5129318384818942,-0.9405444310050999,1.6184420477008803
483,6.64821238798256,-3.416242101479332,-0.6385800674229617,-0.9979286000235937,2.860026186518552,0.2681300613081013,-1.4672978637569078,-0.32838921458044745,3.7092770879698835,1.1852501503745683,2.086491650365647,-2.6636005468601325,1.5245604897347917,1.6976580941218389,-0.4192707326863842,2.112117701460124,-0.2557913726002677,1.5978913824915313,0.02895259108117661,3.3015927408995815,1.2630666917740325,0.09901294423509847,-2.815388581781096,-1.9284591191498661,0.284405701283456,0.3781481834794576,-2.7610673305918803,0.053273258395756126,-1.2658592701422893,0.12417764751989739
484,8.301159891362119,-2.8378163745230682,-0.20341986524333894,0.5661959723699896,2.8136404732647806,0.176300162053609,-0.8330016641564935,0.08892378650768541,-1.368796846794682,-0.09006501145322764,2.6550287656397464,-1.780496472072779,0.11534427198891758,0.3245385081464072,0.15391809198858786,0.33645568576251234,0.24204911821131428,-1.046073212916868,0.5873411245527825,2.4386335637829886,-2.035451955979264,-1.2439797673472381,-1.073187419727406,0.4763483672909037,-0.8727032437804191,2.1562922394050847,0.7455834731277621,-0.09592716807603217,0.9446939817040666,1.1806615548154173
485,-7.576849912601533,-5.038144236270798,-1.197520433069194,0.7048669408786948,-3.9877508414438037,-1.710870412937746,-2.2139350279818264,-0.7377506733322192,2.510646851903425,1.391581112836957,-1.1734999084462827,0.5984191093127084,2.253184579103978,-1.3537743460613343,2.4307978340991485,0.7403542773858833,-2.3904451105298357,1.3619603048472,0.45195276041876487,0.7284822314494973,0.2712472398049871,-2.417427793504103,-2.1467185840446965,-2.4888329685276434,-2.4954019316942913,-1.3852451272339104,2.4802681424440802,-0.10144495561783733,3.3160109124200847,-2.4671448998630985
486,-5.966209702601619,-0.3026415456053427,0.29769128783594356,-2.595275174648024,-0.6565031872777033,-2.35443714338096,1.0330638181432323,0.6401149613312361,0.6545696876644437,0.36177412412959914,2.159034775827427,-0.6992819229910647,0.7502079390267975,0.6023714515745375,1.0820805303072931,-0.9543443606190439,1.4483579489421274,-0.2274330902776019,-1.7632524362750233,-0.6484110219066394,-1.387075737416512,-0.5925793501953138,0.27417103095763906,1.0475423442314906,0.2042438732124211,-2.570207166092299,-0.9220249852276546,-1.513190135206026,-1.9928185123502498,2.78041803010276
487,2.8861700540178274,0.005784505066884674,-5.692175046720045,-0.05120031053694271,-0.21169294021886595,-3.189853061415874,-2.400655623148231,1.230047809035177,-3.375380750252473,-1.0722693814763253,-4.707753610600566,1.5246188140146308,1.6855589161614724,2.3102823370783474,0.3282566634537331,-1.2532245870731338,1.3102709551998606,0.5311659407087512,-3.655655404496799,-1.5449865665704936,1.5829330897251734,-0.9449497384734766,3.4529246533918223,-1.4394247528138464,0.7576906178760431,-1.3567926712335536,-0.5995967393458996,1.8501689619054105,1.1253489529319265,0.22417169787316876
488,9.505835654950237,8.335345522867552,-2.4460424596340165,2.2371272208992248,-6.073672043404793,0.08375039000544174,-1.0434289002953414,1.6530912092712196,0.5344055872209535,0.44283435148732125,0.6396588555946384,0.42914346665048897,-1.822777997055413,0.050283406469449995,1.3625985363258168,1.5787083443563006,0.13743535318019579,-0.675905967285725,0.13223818849377733,-0.8891814447432779,0.8433230717772373,0.8517136676907792,0.33628108652128214,0.3569160896083311,0.6667943038957538,-0.4265145169035967,0.5688235299464717,0.4250570753365089,-0.8320267260748702,2.007930737333517
489,5.746388844992012,-5.010573093489758,-0.6243780862452911,-0.458657874840625,2.3545974386683928,1.3702998701887086,-3.5176505043830404,-1.1688915363730807,0.8858187391326596,-1.8976548541934497,-1.7268036089085717,-1.950088451765093,-0.9418535738835421,0.6058259730476987,-1.3617132529595666,-1.8214504100335542,-0.6066622513165977,1.3576932486141569,0.605641629829579,-0.8239095042685863,-0.6565128521354281,-1.8854149529770494,-2.1874419400882124,-1.116750166695521,1.3073422674232138,0.940245494325716,-1.3103835892736282,0.19248351117398696,-3.1282296904775286,-0.10560111709238876
490,8.010729758493268,-0.49851712448421165,-0.1540730965306565,-0.964771824577317,0.01686672795517677,-1.3875701954438995,0.3652025410929066,0.741190984687857,1.0216616956305031,-0.2317719195582607,-1.5267767362794318,-0.5164852347053606,0.32648458017547827,-0.3229217134222431,-0.7138239774789205,-1.2436246095721064,-0.2798446853770402,0.06529025486046752,0.9062120393528942,0.573348843112755,-0.5852849234623559,0.5833402935549846,0.8627569367028547,-0.942244044780621,-1.0184734076295017,-0.45284567020267014,-0.22232927924547444,-0.05832773036940276,-1.382572621972758,0.05535796813284866
491,6.829097433510389,4.763498236331272,1.6195539774405223,1.0168039916391738,-5.602118010676559,1.035609808545294,-0.45248949123715226,0.452314461248522,-0.7469263868731916,-0.5028217860079672,0.36007940578174175,0.239124707360377,0.05943336031761519,-0.1455694665361972,-0.3631210680696252,0.14785838368030443,0.07430453832121187,-0.31346351993501975,0.4761518035150754,-0.6563078740685551,0.7796977370564919,-0.13541939035730424,1.109086356523122,-0.026508727823829816,-0.5301374098601224,0.46466132830008744,-0.5168177848959553,-0.5998324590494031,0.20177923774963363,0.7159067639159674
492,3.9508717007591083,-2.866219322247256,2.5121389063580386,-1.5882139927051706,0.09996136348357061,-0.17237458481817197,0.3715331445659442,-0.32033919995345,1.4266098946150034,-0.11753021559831686,0.4821037829279957,-0.10170665136663673,0.5470888022647096,0.48188097946494857,0.782967667554221,1.4181506063752252,1.2114110452804392,0.654178358419802,-1.4306046659838951,-1.1043448061609555,0.3415505882743822,0.6764192032478654,-1.2467611495151945,0.038061959920035845,-0.9013380409528328,0.04168436827547562,0.6756744123602634,-0.3528873927130992,0.8448755377287619,0.7403425256112758
493,-2.1313381989399733,8.377090515474638,3.613010041041299,1.7725953194714097,3.5539263138713304,3.6441341472263202,-2.4601482129327206,1.1894005938854992,-0.3298111547278844,-2.7963019620383167,0.18893243823861341,2.0018127067315232,-1.9477863828266015,-1.081216640012715,-2.8466490837465295,2.3189638684646625,0.6788103707112285,-0.10786363219918431,-0.14194177083656132,-2.7455016310264386,-2.9424713170143293,1.6297998767375914,0.8883085098588066,-0.10756436202972774,1.4085889268169591,0.7047683963972853,-1.7299549769545457,0.05856462178900262,1.04574244199828,0.24564609908607063
494,-2.1714211843948976,2.9544049323881287,1.408129393766546,-2.3585100895006406,2.2681759881695536,-1.7418527418031018,1.189973346726765,-0.47705925457868326,1.2642922608629548,-0.7855717008586093,0.14570746120256944,2.7649101634712547,0.8118666962731539,0.7846807905441899,1.0389411930185783,1.5529654778325277,0.5187325329257754,-1.6597894766165664,-1.5394140209126415,-0.7537970761064161,0.17742857292597505,1.5768611960644938,-1.8156593739485165,0.49308334942634396,-1.1497006441538713,0.6174059637074498,1.6249592116157963,0.03087524812032437,-0.6602839479645887,-0.19704582951286106
495,-6.289274293326169,-2.0823171902606252,1.4600245021682814,3.932253408362174,0.22943952281955984,-2.389525689727795,-0.8314209347682129,0.5320938415586582,-1.8321833795454325,0.22121124260171363,-1.9132776888151304,-2.3566514824468308,0.6084913703730441,-0.10200678544332144,-1.311062857597865,2.1434921091288244,-2.3826094587468862,-1.0885944368011151,0.43058813807706126,0.6701720620489655,4.02259320922483,-1.0115133503693745,1.7828466023584066,2.1292231527597276,-0.5428489820786677,-2.2171340240566852,-0.5255337821747519,-0.20472541823943596,-2.566412583865975,-2.0038373971718153
496,1.0101230839487911,10.508744967688727,-4.603136866262172,-1.508468763000736,6.005219284309455,-2.783174338313942,-0.4306023225649918,-3.2981429436372474,-2.605655864899833,3.280213003890483,2.872467619873112,-0.2942045845172921,-0.7273662562346529,-3.566854112069714,0.017296675976911667,-2.877580662861512,-0.9282740945472581,-0.28643683824701066,-4.302016816157036,3.0571935854044425,0.4097796550749318,-3.6913915389508083,-1.2632810897594982,2.3191436910339966,-0.8186359787731629,-4.4299276484462355,1.2155613071036806,2.4358782927448117,-0.8145759317664542,-0.044859773862855674
497,6.414490606831966,5.136790539382172,2.923664238819906,0.28269352584533136,-5.842093410519639,2.3627530768145704,-0.48628597884916275,-0.11762441621085502,-1.159516232357745,0.3760976696459726,-0.2000060162602926,0.30266578174014086,-0.43673817943153304,0.13856916695712748,0.03859761216098687,0.00910469512083526,-0.35825086977598475,-0.9977321685585964,0.012668552186627243,-0.0046168584417001605,0.45391889327108337,-0.9008399689705874,-0.16301820783043025,0.724422723744297,0.17692024030916176,1.288842855871551,0.08757165348418776,-0.17949597385318697,0.5537829577890019,0.6187834008336006
498,2.1494890798203974,3.8862692027838603,-5.237842404916781,2.8884107086295345,2.0720156159051553,-1.1742623695083214,-2.5447290090726056,-0.6145348851045327,-0.0745672077162502,4.037138464864356,-1.4014911738756157,2.3064203276343656,-2.2836380244779084,1.456366059898093,3.6105477908826216,0.07812422204814709,-2.7375846030667814,0.15578807839589598,1.0287098675693283,-2.254336173591465,1.8982589578077718,0.023245086739275875,-1.9440570867006841,-1.6081392955570017,-1.1201183509377348,-1.9706985254945681,-2.2515041212388702,-2.933201700298197,2.1853651860504697,2.7050970865614565
499,-5.746933454836778,-3.5403131280050393,-1.882087844794094,-2.6797830330688357,-2.2227420229691854,-0.4052280342016535,0.3045869154151666,-1.4129509849714061,-0.8960945536328083,-0.24411188867768763,0.4050493102717813,-1.1862021747932245,0.791537129731353,3.3634222157076805,-1.1262423290222785,-2.3276626469254897,-4.328224645023642,-3.3198214929095595,1.516916167675225,1.1247170558660693,3.3026027387750068,3.4730818344559764,0.5909616772721005,-0.034942440202682716,-0.7689617220787256,0.007203621601378067,-0.4111127924470892,0.47408660853815343,3.8859557917297507,-0.9942123284865126
500,-4.414011136225882,4.138895001672089,3.8140722098466866,3.218110416223168,3.2469389425111976,2.8504589509033567,-0.6051469793779765,0.5993823312187107,-1.5165296171610776,-0.7490462940499583,0.40049995534132365,0.6631623354994889,-2.0872296448641423,2.2847901158002863,-0.4339875644166851,4.032858333323905,0.21496281962863878,-2.1892403449749134,2.5468926807012644,-1.467931501100668,-0.22282654595063428,0.9575972720957887,0.9615456060804092,0.9040225302756597,-1.3650112319148744,-1.5229668118575228,-2.817020593140447,-0.2718453164633613,-0.11295832410989824,-0.7208782266262106
501,7.303660143125193,-2.1317622739760274,2.979531424520585,-0.991550207516137,1.1108412616023102,0.4136288255565204,1.834019973876324,0.2126160023344386,2.453966700716522,-0.3638538691207764,-0.6620677389118049,0.0561665725414597,0.03042965863676928,1.5414182491196398,0.2273755507233257,0.7050067875186677,-0.21557413951024207,0.7264160787534819,2.067050944029954,0.51792326636305,-2.460920151103242,-0.22266676361898538,0.34337052647013006,1.346355941910268,0.31929764178096354,0.9812313843000188,-1.0723832625909508,-0.5076320269810989,-0.48582379745629,-2.271103920260595
502,-4.08821683452734,2.756157692739784,1.8521819717086008,2.6208236897357837,3.730977323862905,2.811596266347258,-4.728148457721143,2.764253669041892,-1.2748224348237644,0.5194636819841929,-2.8143739698538135,-0.14405852712500117,-1.4455755951258484,1.8730611602547673,1.2395054639401912,-1.19893033212448,-2.0045457436251075,0.5942245808241904,-2.734140124120467,2.5470562876210994,2.038072561253504,-2.949005611951702,0.16514467829389723,2.00948626461966,-0.7435906804513317,0.8685232259855659,-0.5421103359633405,1.0956644190021423,-2.504698987311057,0.0858082739391043
503,-5.433591257282047,0.04304024347341768,0.9597881485124021,1.2062186304362323,-0.7662190229130332,-1.7397269352663047,-0.6871016424534784,-1.2595682852648908,0.26257689013790014,-1.330930633475552,-1.538635375854458,-1.786461960419201,-0.46593635595885663,-0.9599917202643183,-0.32285139159823895,1.0731766535075578,0.32323166906625506,2.617056709272755,-1.1808673918286605,-2.044874495173646,0.5378865845212301,0.21259440911055832,-0.3969794647031765,2.4979766057860653,-1.2790692750448922,0.9315609855654677,2.981846388680733,2.806304163926382,-1.004993901583464,-1.2400094905202779
504,3.106487251745746,3.1387998960871633,1.026619009400846,-0.08237718043333997,-2.0866363197508715,0.4624470000729362,0.09052881383782767,0.15107797178897026,-0.672375311601766,1.2647076088512215,0.22523710393830312,0.38324646053405154,0.13788312371548953,0.7096591531396134,-1.9165193742331832,-0.8051952833446102,0.36139245077389404,-0.33110168570294646,-1.5034370898606562,-0.3175260434244587,-0.33030263360619944,0.10711170314193996,1.2330564327831453,0.9981488581665948,-0.13693769997658545,-0.7111511990224636,-0.781012464219829,-0.6410868388830221,0.39575364137526287,0.6287840848753723
505,4.843153931864525,-1.1752811349423204,0.5345214621400919,0.10057054357040641,-0.5833394640992753,-0.5648081707359288,1.2831324718375705,-0.7016483554529358,0.5228138929687414,-1.6036728577231796,0.6312295669130856,0.3737415498703939,-0.7998988267401259,-0.6366873369203705,-1.1021650690509524,2.7543464744451507,0.33091804142898407,-0.6072387975229521,0.45314317192900894,-0.6187737870810499,0.2030882726064421,-0.6210924424104339,0.07048444700863514,-1.150975648889217,0.30168091111329576,1.157321546409111,0.22812860280861108,0.3581735044653105,-0.2774353878887043,-0.24977258682768533
506,-4.935806953532714,0.860703223144171,3.0834694798965323,5.652138754688533,4.473327520825529,1.3412681976744556,-6.949566815400745,0.20983759929975251,-2.426800291188952,-0.41520583161327546,1.3248567482761338,2.6363317777966957,0.8774323034714798,1.879212665222686,2.364089813861308,1.0849300788469398,2.862140948303873,-1.2548173326329113,1.0014348449879376,0.577912240344247,-1.4844893379814972,0.6625139762271823,3.4475105439009996,1.7297603667707677,-0.18567957923120357,-0.46876630269063335,1.9145921575225868,-1.4077389837690135,-0.31024161868940897,-0.9129770414855618
507,1.6462682180565957,4.843752424089687,-6.723438945719433,-0.45468163464165945,0.5658740152306332,-5.588947592741663,0.19240627346640665,-1.5917933526910968,-1.2521807092766475,0.8668588047727757,-3.5705914040775983,0.8397238482276475,-0.8098262006183569,-0.17344213245859488,3.2549156437402096,1.1320970732651447,-0.03162389516046086,0.4338182357672372,-0.0854987096919455,-0.86242578317887,-1.7047152968549855,0.2666024772084113,0.22439390815116364,-1.582800562144783,1.0039378845821938,-0.6387632382221244,-0.4426596868508424,2.3563818158432444,-0.2100942751552239,-1.2536872101382979
508,-4.518702754403309,-1.9555688993876519,1.8488295987255954,1.4671589646798509,-1.5694093897005381,-1.0948420229635427,0.42054714547545874,-0.32354949257702365,-0.4296936105087367,2.2236174298390403,-0.21972682313466294,-0.7452002768885863,-2.3990105116403573,1.7194955475553628,-0.45423945243189634,-2.0038405000832915,-2.309922529275224,-2.8243990830140007,3.1467592934746524,-0.6257660737207087,0.6303534447339422,-2.012939208693062,0.24880566711922186,-2.6032393416732127,-0.3104548574982092,-2.2580497297003346,2.858419328973526,-3.0729614066377553,2.3976860808701774,2.072712809329255
509,9.511612803999745,0.011802511639556663,0.47135885476890227,-0.39361668304499625,-0.9230877941881535,-1.0596416309821655,0.11385184518370478,1.4403315349844281,-1.0825565080870416,1.1093175240893558,-0.5976828353206178,-1.7337816337741943,0.3803005501320074,0.11192426359915053,-1.0102983398121461,0.02970359906402141,-1.1944886886328692,-0.40706894219271467,-2.092712349935087,-0.7477579510552875,1.3453680722575838,0.8054639338209333,1.2286128374300427,-0.8841089952199869,-2.024683938283325,0.7323832854218916,-0.3459795204743411,0.43922031381942445,1.7900480580134774,1.2532806234567275
510,6.020104042557452,3.230065569191597,-5.743199258057481,-1.2067622725164073,2.2738465511149766,-3.790361340838464,-0.25262618183263386,-3.00393384083135,-2.682672377572631,3.1816347831958876,-1.271103558429781,0.6687116960533351,-1.4012796742280085,-0.8737833188492424,0.08753391303656591,0.3460577533223903,0.9002742779275705,-1.5026193945348736,0.04312093200206386,-2.2726964949058153,-0.10221090292374685,-2.7711936617178634,0.5494178990850518,-0.9523894162641382,-0.4515234171719228,1.5063832183782169,-1.5620597056989123,2.1417393119343635,0.4105190432929755,-0.9844140314556304
511,6.960722053304205,-3.9029146468092093,-0.9132173085154164,1.0472771416880082,2.52799920422478,-1.1977595791379751,-0.5001435920041319,1.0767597632070431,4.336348807726515,-0.41520870071111815,-1.8672474958207166,-1.0657995167363457,0.5079163473841894,-1.7311072632683473,-1.0143657404012814,0.43717332329012804,-0.7172823693204797,1.5828499883691896,-0.14700825832008912,1.373565638250464,-1.1576996279885081,-1.0412461847806451,-0.2392644058318713,0.4146557342563215,0.9644578330328497,1.1398570156057863,-1.6759974059473997,0.9261774513671407,-2.9238652972831276,-1.0823216979229004
512,-3.9180736102549623,2.2185210931888664,-0.2185952541439295,-1.9674039945366644,-0.31960401071375666,-1.2034965288018464,2.0383869498965317,-3.370657981370516,-0.2357564480197613,-0.8900739258044145,0.9287843130387164,1.1736899415071036,1.3267633786483917,1.0088171256535303,2.096382658421721,0.007042679462934665,0.46324917244685815,0.9462931272663944,4.028007384292316,-2.7296837767268936,1.5770593003722875,-0.6657184304526875,-0.3063779420560468,0.7716333891359155,1.105674249635079,0.22970249355757885,1.6767641377222027,2.673615742063996,1.925928160902327,-0.9156046683367582
513,-6.337676505845271,-3.7833642809139327,-1.5233994958095118,-0.6473277826392443,-1.990486864169814,-1.4015822449261817,-2.6045452245377185,0.5451083548532258,0.235173037497772,-0.3803059160726136,0.8089848890865069,-0.5704013913426746,1.3017395721130667,-1.5785390141508346,-0.3888497397919055,-0.15118084780761182,0.6087288474772119,0.38005570974581554,-1.2042339066593504,3.4736283835009822,-1.6762877158098384,2.3375431256788413,-1.0717435035833134,0.30088190544337473,-2.1221075354893655,-2.402040400664967,3.851830164956105,1.3210112665490954,2.3908779423225233,0.12171391782847721
514,-4.279428236662278,2.9285743267849953,-0.3595461907273416,-4.850895552046306,-1.4132786165387592,0.21020858149973243,1.210215952766834,-0.32276394498661937,-1.184953675028368,-1.1620909561881816,-1.5710995244905415,-0.08584240502591364,0.9002954997830022,-1.383201094731426,0.9759389477901376,-0.2522439310370481,0.5299217229205794,0.8938710617014343,-0.7573087883849219,-0.9674925012006632,-1.0553399759080373,1.137852828619792,-0.20423868675511944,1.7078853993426781,1.6587606004152136,-1.2020339275765526,0.2040849013342344,-2.9918405941439166,-0.9194533856793162,0.3007690339930103
515,-3.966147092817279,2.4150903248350297,1.18816403550617,4.9945457981910995,0.23044885401703327,-2.037229617022318,2.5592424915673786,-2.7745995603853504,0.14601518417037695,-0.9100951529002402,-0.7268193608347507,0.9643484457753068,0.9579125199146418,0.8851418587978866,0.016112232469873027,-1.2652750848655847,0.48695266211112015,0.2678883632222447,1.9507480626772018,0.25460314523796657,-0.2550606440055729,-1.5116109681156342,-1.4921586707646939,-1.2155838569650688,1.8209901172126857,-2.0930081120907857,1.7279579486346952,-1.1573132900259626,0.04111603682056044,1.4705432260130464
516,-5.367250634594562,2.299890308622065,0.026269766581465008,-0.10402736321276052,-1.0660312248585455,-1.4956378432209696,-2.9612990675100397,0.662241718200698,0.9327968024961095,-0.7489515601206272,0.45050028726295593,-0.8464961551555844,2.5459007602118042,-0.45144375469924086,2.2665798175782785,-2.8068303335240916,1.0867910544930799,-0.6371046694580725,-1.5160698995733006,0.004005933918749936,-1.829366485984029,2.1916810311076507,-0.7065661323925803,0.6248737210518491,-0.014168216016094694,1.224228116960168,-1.9548105868186718,-1.1918018611573478,-0.7460680974874113,0.36961059948566904
517,-4.233017109712533,0.5459314681012403,1.0461944774760314,-4.321018578642047,-0.4963129316070128,1.1583301334564797,2.6932439038204894,1.6238898530778403,0.1744665813743747,0.5016902475703807,-1.233748790256963,4.629146109186112,1.1606494842705193,1.441081292371976,0.6796168376185445,-0.6031443036333715,-1.0781214048427628,-1.8400282134922363,2.41403741824873,0.47443402577645233,-1.8762065279758915,-1.2196206170668704,-1.0539993988880576,2.089861330688884,1.3998714398966166,-2.592026000176839,-1.567771196391652,-0.24860347698591892,-2.296204108658174,-3.2477968043575984
518,-5.907353943166972,0.8648344699905283,0.04928328366275782,7.004214692761018,-0.576801839955852,-1.5889974055632552,0.8101130892343765,-0.4689396636678584,-1.819940516039294,0.3314571526584824,-0.21209788983326736,2.125698653383057,0.27988290055689724,2.26536631561233,-1.1009423258436375,1.6564065080298607,-1.7143645858750882,1.8261493773281101,0.8884664904739481,-0.08790376117941207,-0.2983170551135162,2.966393790391698,-0.7297141750231901,0.27651283894877365,1.1057961988495366,0.02828185756844824,1.0895768329448825,-1.3280385819483211,-0.7509843734644298,-0.31664556281123535
519,0.2546074225318299,-5.95811125452522,0.13501122270143703,-3.5394916552635607,-3.6155438215066615,0.4222030073195789,-0.18339473722415348,0.11926940871072786,-0.7522605943955998,-3.1065161334608296,-0.12961710745996938,-0.09396477439464675,0.2873702416713284,-3.1268106913207623,0.4817940438954348,0.7610660182679252,-0.6806555510357217,3.108766637204358,-1.6160148178288856,-2.7857771529664244,0.48455329096596983,0.5763715295882101,0.037858721091793196,-0.09139858221605988,-0.7234478522937806,-0.9186965697000087,1.194752958105856,1.803144612429418,1.6380927177054891,-1.5579863700299037
520,-1.4921146303159993,7.12850097733727,-0.009439900810186844,-1.9392862212215343,2.756875195717491,-2.042461757890952,0.41858869953387495,-0.2643277058501563,0.6780078141527075,-0.2604462404346257,2.2902382619026027,-0.7498983639321088,2.164311086114047,2.852265507807833,-1.485751355121557,0.09544389641681833,0.2668721110173928,0.28144336296162814,-0.7846806812429564,-0.023108261440756464,0.20267116631201362,0.05528184456630321,0.25790685741246394,0.2594559904899261,1.590099833692986,0.049149580250501215,1.2327121619054418,-1.8430135290811307,-0.08764433035908747,-0.4540160447400202
521,-4.751435141625303,3.4905789321445364,3.0527927493762053,-1.5790336890391452,2.1160495862674833,2.215208107157515,-0.099059117022798,1.6676136611779806,0.5455755306482463,0.31746061585952823,0.19555189899940095,1.5914456017923109,0.5232030722122195,1.1292127850715579,-1.6882018554438496,-0.8768300649037426,0.23132248606041356,1.3532925873469273,1.039376689588587,0.7942338521727931,-0.159390993311759,-1.17471787956793,-1.0887878909022624,0.6455266837579992,1.1807488456980506,0.05660379702500426,-0.720412671797229,1.1368401458146973,0.47498207417745386,1.9356411370442725
522,1.1608172839919808,8.749935933011821,-2.9810298311890806,-2.3675126519945264,3.9235300821801258,-1.6881168800599917,-0.13211427146323196,-2.572689260880878,-4.311073990143574,-0.5481084059319399,-0.26014515870892396,-2.0192949940798743,0.1604216851578496,-2.5527281273776183,2.21835626002545,2.440502920462715,-0.10657654996012123,0.3072815833343874,-0.15482869466423674,0.5940041327529839,-0.8359354296477866,0.6496461717377695,-1.2619929934027536,0.9271327368876502,-1.7070420525501993,0.2863626469051285,1.3146525391881063,0.7094902289901631,0.6085412858334813,1.1804594329230353
523,-0.707347303481035,-1.5168451751651757,0.11874964220271322,-1.7406778774414506,1.579124036558042,-0.31639162101395824,0.912914716890727,0.25552471179976893,1.906354216273827,0.016646462360452238,-0.03737672474876359,1.1395873003632018,-0.09087720885712665,0.08452522316064383,2.555634696593997,-1.3028317847640105,-4.796366374465613,1.673542080667994,1.6262123137929303,-1.0270453171661023,0.841603146058445,0.7760680882057887,1.7498816339466061,1.2532820577620294,0.17655030971824076,-1.2288983322061773,2.408815656766005,-0.2180290763865381,1.402710168746155,-1.3664309316709775
524,-2.225259316901697,-0.6660028739752771,0.16270801402460724,1.2624728408449981,-0.4614573863188371,-1.044459041383053,-1.1143076099253033,1.9598486896442975,0.13322462136956936,1.3910296162536793,-1.638150958575267,-0.5371223239584044,0.18259285204291992,2.3318028981371297,-0.8815266441768465,-1.6498663117330647,-0.07486535554321173,-3.9719135625889694,-0.807488733977637,-0.5116664039523389,1.0495867252639752,1.2207052269261967,-1.2766212220082591,0.874533177331852,-1.6358796111252256,-1.9132149923475137,-0.16948824219981545,-0.3440471011281468,1.274669556850065,-1.6600488563482672
525,-6.889069350946177,4.411189449242251,1.2718159726307061,1.4937695129222106,3.1233187559099904,0.12730108105822838,-3.0959107660412344,-1.3652680188053918,-1.3060609071120823,0.21279208757035492,2.0363524563135775,-2.27649870259042,-1.346645274475544,2.03788137819562,2.6242055427737214,1.4261028683385681,0.8147476487279237,0.23918631133004037,0.6775773091095438,-0.11986980958266409,-1.9991418925818112,-2.380993040520968,-0.25823370012888897,0.044421055600486474,-1.6797293997794698,2.3483500988821016,1.9131698707335494,2.244595701461152,0.8400210627264963,-0.0014578239283598259
526,7.000019761659674,-2.111290670158563,2.822506246498389,-0.5844505751744267,-0.6749302616541498,0.5038090801852091,-0.09581020607134541,0.2821068417826483,-1.400937508864605,2.5012723845319553,-0.5121981404057073,-0.8186232005135937,0.0409003649322342,-0.7261862638129507,0.5400962155066884,0.10117279578176808,-0.15613821447314935,0.9517784368942453,1.4317696050669977,1.4477144758382692,0.19924009747127552,-0.2534161401578439,0.1312845801312517,-0.3324100913762561,-0.07637929484360893,0.4370031963063144,-0.08560141076754618,0.08012482500910283,0.2561142687158673,0.4857476742743564
527,-2.2294508579118753,9.303985372349596,0.9600779250497427,-4.915504522450452,2.716953706439616,0.08584759819935188,-0.8496048688362484,-1.0503587775717713,-0.5610862688929714,-0.1773227626412708,-0.8214311943701885,-0.1759979376566257,0.35175283464644236,-2.6279526218301306,1.1459153641221727,-0.831172362439281,0.6255013692174981,1.2080913655172973,0.4065368919193056,-1.5452702818041029,0.01080813293991326,-0.26107437412658213,-0.7416716525707174,-0.7251848141176976,1.382887724135464,0.7019474439532188,-0.15386779546013027,-0.197888555730563,-1.5728560875902138,0.5950910524594452
528,-2.544966868701546,-2.7849699587881616,0.06501669553528668,-3.7431838215990263,-2.153336462475421,-1.0131816617778167,1.072637471774163,2.049290241017976,1.6423068133874328,1.500024284406986,1.5619257805645403,-3.012946026014553,2.370654031151136,-1.6546127932628312,1.4937234924198761,1.7102845350669669,-2.9622688720053287,1.645233163687761,0.09165434828404041,-1.32233430118665,-2.048961771583628,-1.0693472613543096,0.414986193349348,3.59750901882533,-1.529810894859582,-3.227177268589311,-0.055903158024298225,-1.0479992341195918,-2.8850648110397263,1.6573757399761313
529,9.153303815246064,-6.885362816958609,0.9874587547928744,-0.18840987903651019,1.4661737773543921,0.3783036935019497,-1.6687519375386257,-3.3922342854073277,0.5850087482133475,-1.4194378764190303,-0.3047358800537799,-1.7724303563557744,-1.6622752837519323,0.1877978176211706,0.6558821037937683,-0.18618266750461468,0.11225220101319915,-0.8934914198637939,2.245315947065825,-1.3332219439411686,-0.5800084156057581,1.7868658081140947,1.1118505055535906,-0.7165406380567113,0.6826526398320047,2.5212140006161485,0.9824513618171463,-0.0887370971579747,0.5419058074583374,-1.5258758800998624
530,-8.745036135299873,-5.2188728279295935,-7.074886576635155,-4.4763899390669195,-3.0124962342470623,-0.8533804667561645,-3.7855019472272566,0.4146229521179519,-5.878116218519087,1.6169281202494061,0.8936222213020024,-3.366212028046332,3.400911809235805,1.4501296420551197,-4.396809620904816,7.873688882496204,-1.0596369773828958,0.6543282199293119,2.6388376222013354,-0.30175784587501925,-2.9743097808688495,-2.472138395622358,-0.1493201472710351,0.21409993758600324,3.8053064943924544,3.7072907829392707,3.66405853800521,-3.520616761963386,2.371204494408791,2.072641811181759
531,4.804108017108943,-1.7928975120680313,1.2191297473309588,-1.1180649126342939,2.2394210909235372,1.2737788907328351,-1.446450653978224,-1.0877963665219856,-1.2875516996632217,0.7326696326387936,-1.0338649795497044,0.21490310665411907,1.9834067503764559,0.3000797728085826,-3.1817828208153265,-1.20076499914113,-2.637807566620953,-0.20820158707047412,-0.7732417066005026,1.4012628848275406,1.583414652943883,-1.9349310415956718,-0.9922320607691487,0.2781158079096447,3.0814939795840814,0.022999534931640826,-0.5698208301212392,0.45630170130805053,0.07005465439789207,-0.6289502235630917
532,-7.727995857499062,-3.4516947944254794,0.31202239585376734,-0.19527291092904062,-2.5066345642713976,-0.5368337354806408,2.865700404953449,2.4222140172110778,-0.9792875953075811,-0.28623257612462727,-3.433904777641926,0.10489147439050073,0.9777083102967502,-2.130923172663843,-3.2880011494721413,-1.6989230230271637,1.3699457594714237,2.0050701636351707,2.336567399783238,-0.7041781984991976,-2.501185400060364,3.849540931241791,3.8568245133718646,-0.8711600236905288,0.904629103902163,0.01816983790643821,2.741665993313146,-0.8271881640327537,-0.7126263659517985,3.4794012614174195
