from,to,weight
306,10,0.08445300030127505
306,26,0.09015313329787282
306,35,0.08684815729756727
306,125,0.08518095300438631
306,130,0.08026099758234487
306,151,0.08397550499633435
306,153,0.08161181273815123
306,174,0.08285165930223448
306,194,0.09848919669056683
306,207,0.09648786197876227
306,213,0.08354498461955742
306,216,0.09109817930723625
306,217,0.08279631783332288
306,227,0.07831696172868932
306,230,0.08166816857634417
306,290,0.07853720446409486
306,305,0.08965032675436561
306,367,0.07911624146335475
306,370,0.0881865916721757
306,393,0.0681262967070971
306,395,0.09675393479575169
306,413,0.08481867806507973
306,451,0.07086187091631528
306,475,0.08191856358009982
306,476,0.08584277616688796
306,504,0.08430545264520954
396,5,0.06546727769746477
396,7,0.0814579271150665
396,18,0.06702242105336997
396,28,0.08128593601745733
396,46,0.08433941959960696
396,72,0.07466937570997507
396,74,0.08332609404524895
396,81,0.08281594183279534
396,124,0.10619850502437603
396,137,0.10008182969853432
396,146,0.08240870612616889
396,179,0.09469323654333467
396,185,0.0690858499174564
396,189,0.07993476270456233
396,238,0.08223168202404481
396,248,0.08379451000848666
396,275,0.06928439079539787
396,283,0.08201934042269389
396,289,0.0887862901347635
396,296,0.07265644664148506
396,302,0.08729739401215103
396,311,0.0755128629864236
396,314,0.05333744410750705
396,329,0.0773834113041415
396,344,0.08123809240704233
396,355,0.08398587272870851
396,360,0.057545151460223196
396,412,0.0721013484904589
396,415,0.08219520103458275
396,418,0.08033912079338264
396,458,0.07364639419137453
396,464,0.08245920895435617
396,470,0.08600893655544009
396,495,0.08129574618529029
396,499,0.07802945435528985
19,10,0.13198991465944837
19,16,0.10919930715927764
19,21,0.15529900176611694
19,34,0.13100917398670284
19,44,0.1569032193263058
19,53,0.11755074145504148
19,55,0.11477325339055201
19,59,0.1393290428695418
19,69,0.11786342346804467
19,83,0.1264269057979999
19,87,0.16205996148929877
19,112,0.13773930274642732
19,126,0.12822333629635144
19,139,0.13877108147863065
19,159,0.11383481316438354
19,182,0.12573154038137513
19,203,0.09846532303204054
19,244,0.16645561127208078
19,261,0.10503854059936935
19,277,0.1756872853447376
19,278,0.1695839190630736
19,297,0.115870164298101
19,301,0.11772807285364617
19,317,0.10675251884241763
19,326,0.10862000876081394
19,328,0.10665536722009457
19,354,0.13060535117337319
19,372,0.14142026486657297
19,389,0.1352446997765392
19,392,0.13142013955451576
19,394,0.13485303785431724
19,398,0.1359520234615642
19,403,0.09067375562373085
19,405,0.1187811021928869
19,407,0.12385707437330663
19,420,0.14044249216690868
19,428,0.14161090450747987
19,446,0.09719423288429743
19,473,0.1501891163146105
19,474,0.10818721968498655
19,478,0.1260118473748192
19,484,0.12402401534587597
19,490,0.14060880894763317
19,505,0.1355712147045002
19,509,0.11972137846900219
19,511,0.14402163304519547
19,526,0.1625900608366246
342,12,0.06693560798419687
342,31,0.07359806034474227
342,89,0.06286807675729182
342,151,0.06879296196386793
342,183,0.07811780243180083
342,193,0.0988897700532316
342,222,0.07254566870944179
342,231,0.0636518955149566
342,260,0.06574907599487047
342,286,0.0637007593786241
342,338,0.06297526278979301
342,340,0.0692768564043552
342,349,0.09503339566589694
342,374,0.07532372944112382
342,377,0.06345925800882826
342,496,0.07236313218202423
342,507,0.07234292066511212
342,520,0.06360840859440366
342,522,0.10081114252223991
342,527,0.08541206528972542
464,15,0.09427057102264737
464,18,0.0684773956839955
464,26,0.09702620781909342
464,32,0.08662250272742031
464,49,0.08297118724948266
464,57,0.08193571566970627
464,66,0.09241282148525154
464,74,0.09066789489215939
464,77,0.06861021516475234
464,86,0.08966560054797575
464,93,0.08459932071302
464,116,0.08616530254539385
464,122,0.08631986838411465
464,130,0.08539836677802727
464,147,0.09021554453184444
464,151,0.093071581953098
464,155,0.08675258751189358
464,157,0.07824126614778978
464,166,0.09732444938295132
464,171,0.09486808970742475
464,174,0.10824082125054785
464,179,0.09485593952189517
464,180,0.07062690066051092
464,184,0.08480076772380434
464,208,0.07364163759952896
464,217,0.08547013148736853
464,222,0.09592799209343995
464,253,0.08371874246918468
464,271,0.07390678320783584
464,274,0.08099875721781391
464,284,0.0747272067140843
464,285,0.07541259866689382
464,299,0.0933597367050196
464,311,0.07541363683245438
464,327,0.08364330221346757
464,338,0.0806151097790731
464,347,0.08372819374092685
464,354,0.09207868430453878
464,357,0.09444411441811768
464,369,0.0795054421629384
464,370,0.09309485134671971
464,377,0.07948962785714372
464,379,0.09504134203424686
464,395,0.08773597734035038
464,396,0.08245920895435617
464,406,0.10203619874046482
464,413,0.10225526961904344
464,415,0.10078404923765132
464,459,0.07474327314262524
464,460,0.09791533612983283
464,465,0.08038586380155781
464,482,0.07536742492947637
464,486,0.09537954379861352
464,494,0.08924829749346169
464,512,0.07335156443327762
464,514,0.08842309978289309
100,1,0.011292765456101037
100,3,0.08238974219512377
100,25,0.07490816039691772
100,62,0.07150070215615836
100,81,0.07139738724359238
100,109,0.07552744119663785
100,114,0.07262506387138311
100,116,0.06945602354145011
100,124,0.06913959532668451
100,125,0.07431507609695347
100,145,0.07061464865339093
100,155,0.07219993903827761
100,163,0.0717199204142089
100,250,0.07196197259977366
100,360,0.057914723463561996
100,375,0.07349669367418785
100,397,0.07445065469976136
100,422,0.07358813509621022
100,448,0.06951393130060352
100,460,0.0709514626493494
100,466,0.07031246135488635
100,515,0.06987097981405303
432,25,0.08490796958842967
432,68,0.08064723313214599
432,90,0.07727884923081489
432,124,0.08058699480146236
432,143,0.056612402160870816
432,184,0.08589917370129699
432,196,0.08800087866230948
432,210,0.07174435307229578
432,274,0.07571248425118486
432,302,0.0858264997183328
432,329,0.07819810945961199
432,335,0.07505598086168391
432,341,0.07838700810111325
432,352,0.08542191799318312
432,358,0.05597028200261458
432,412,0.07738257047931257
432,417,0.07507527541542446
432,418,0.07795531445679978
432,427,0.07546571578395578
432,457,0.06838721725407598
432,465,0.07576262253369742
432,495,0.08057442314854701
432,500,0.07387186257093992
432,502,0.0692574158764976
432,503,0.0747842777783647
432,506,0.06808987563771403
432,518,0.07755346317402592
432,525,0.071148876716564
462,20,0.07831006593545299
462,43,0.06866699660415128
462,136,0.0663978361143848
462,189,0.07004713994953009
462,194,0.07007296942659365
462,202,0.06748025007978245
462,204,0.07966151114923782
462,217,0.06776432554240884
462,219,0.0685206979829855
462,224,0.07185515189952937
462,236,0.0689721406410086
462,243,0.07502465521088061
462,250,0.07024658648274686
462,253,0.07240702800204679
462,274,0.06764022922225572
462,290,0.06951686824603356
462,296,0.07715504798683075
462,347,0.07261213524656648
462,395,0.07472449917339795
462,406,0.0730871150520712
462,436,0.0740208482286947
462,440,0.06926399442215918
462,530,0.0631723993589762
517,4,0.07112809800907734
517,23,0.08333078487173806
517,24,0.08053209431954494
517,38,0.08384208645154922
517,57,0.0825470156076373
517,62,0.07387361679627036
517,66,0.083188915228752
517,71,0.0738858285047413
517,73,0.0808041620746066
517,93,0.08784203044170825
517,105,0.07598063330414842
517,147,0.08665937812820616
517,155,0.07998258548605587
517,166,0.08349560898878651
517,174,0.09040389588491342
517,202,0.07258526126871447
517,206,0.07425755644579213
517,253,0.08653215164619649
517,269,0.08371831793499533
517,271,0.0718635403432169
517,305,0.0947896375847464
517,355,0.07279123257327003
517,370,0.09606269452170217
517,378,0.08248215681999645
517,381,0.07028654969389456
517,409,0.08268465802911235
517,460,0.10916639537528368
517,467,0.07753463439032868
517,475,0.07987842593884978
517,494,0.08051403823380968
517,514,0.08734430924241687
17,8,0.10848924312464184
17,34,0.10936375357343647
17,50,0.10770885388935354
17,87,0.1081684581899527
17,158,0.11459356727330278
17,168,0.12405797180346441
17,197,0.10865602238297666
17,240,0.10979821756784015
17,245,0.11158166546885767
17,288,0.11352071138212223
17,366,0.1320358693003212
17,382,0.11872560442735287
17,385,0.11498375095973783
17,425,0.11418689203981398
17,428,0.1095658058237271
17,450,0.10760277680145622
17,456,0.11041451150349413
17,461,0.11400224238438465
17,473,0.1092594613625186
17,478,0.10760319536520348
20,1,0.011339697851875151
20,15,0.07082066158241702
20,43,0.08015241638328928
20,62,0.07645866650165664
20,105,0.0725467253589387
20,114,0.0690143495448256
20,125,0.07510677008819656
20,155,0.07658867975030911
20,156,0.06969526769772294
20,179,0.07610574202499767
20,180,0.07607358187343634
20,202,0.06909999467985527
20,204,0.09137903760658699
20,226,0.05945537225961748
20,236,0.0743865578861285
20,250,0.07299415365671248
20,274,0.0728562400681046
20,284,0.07245636062182488
20,285,0.07309448231512161
20,296,0.08532105038015615
20,308,0.0721750884709366
20,324,0.0577330358179706
20,347,0.07179214778403137
20,379,0.07233878599755367
20,426,0.07028006049151624
20,462,0.07831006593545299
175,2,0.07821667724687752
175,41,0.08527350324324554
175,86,0.07518430105375806
175,89,0.0765820215679943
175,125,0.07326192099016135
175,138,0.08689386163549655
175,140,0.07468758298362396
175,176,0.07298181198687151
175,236,0.08538742697869374
175,252,0.05937783511035104
175,305,0.07501485875717102
175,308,0.07341386738858456
175,309,0.07937694433329213
175,339,0.07248741842574784
175,341,0.07551752475889709
175,353,0.07906707312980221
175,375,0.07526315844184231
175,426,0.07386372444314636
175,503,0.07442648523127711
175,516,0.07659465385621958
175,525,0.07475092968744651
305,2,0.10388544830712021
305,12,0.09251793261216161
305,24,0.07956732749343089
305,27,0.06628892150417293
305,29,0.08141549429822174
305,30,0.08419272732373433
305,31,0.06989408860066215
305,38,0.08577402476196126
305,43,0.08202892326570167
305,52,0.07453932990905122
305,57,0.10371932610225434
305,66,0.09525636228631876
305,71,0.06612473395582799
305,84,0.07910398852859256
305,85,0.07407672206937913
305,89,0.08880901235425606
305,105,0.08391628848016347
305,116,0.08750528735213733
305,128,0.07532584215088697
305,134,0.09408160400203062
305,147,0.09224519952753273
305,151,0.10107341141338186
305,153,0.09188604340973439
305,166,0.10423145538652599
305,171,0.08866140250610398
305,174,0.10834918719043041
305,175,0.07501485875717102
305,176,0.09173617613001667
305,177,0.0854559714623763
305,186,0.0936808118030058
305,187,0.06960683129471819
305,193,0.08057138912002451
305,194,0.08733031849856292
305,217,0.08416126039467531
305,222,0.10596072017282077
305,223,0.09636176829895249
305,227,0.07634135221545603
305,236,0.0899495261858034
305,243,0.06732765325959864
305,260,0.09018293419782858
305,264,0.07096211795435266
305,266,0.07181280188829067
305,269,0.08938972431833943
305,271,0.07487338717665756
305,282,0.07132483205389348
305,284,0.07483294377245846
305,286,0.07975628397982526
305,290,0.08437348058763133
305,299,0.09225803062175077
305,306,0.08965032675436561
305,309,0.08074883473115518
305,327,0.08641331207667592
305,332,0.11298126737271047
305,339,0.09502239578177127
305,341,0.08732285965556807
305,359,0.0820787137528625
305,367,0.08173346575821114
305,369,0.08453292173914617
305,370,0.1030853045934007
305,377,0.07831469012680331
305,378,0.08798119771058226
305,381,0.0666101300700165
305,393,0.0701072765429653
305,395,0.08370140885316667
305,397,0.09268379949322961
305,400,0.08432881651747587
305,406,0.09111385802611509
305,413,0.09376167838304054
305,421,0.07652186510793102
305,440,0.09828719677646988
305,441,0.08285695414506826
305,451,0.0688688914516347
305,460,0.095015306651013
305,467,0.08658635473888412
305,468,0.07629596535514807
305,475,0.09368281823188866
305,480,0.07849951566826635
305,481,0.10053375172976464
305,486,0.0893231996329719
305,494,0.10658905738967439
305,514,0.14069307502420617
305,516,0.08721169086076011
305,517,0.0947896375847464
305,520,0.08816780607628522
305,521,0.08746492207671319
305,527,0.08696788586786293
305,528,0.07539943894724507
413,7,0.10613389236103335
413,12,0.07974945726589934
413,26,0.13732205464423575
413,66,0.09143707624168333
413,79,0.14262370562198645
413,80,0.08787663204946017
413,103,0.09580219059683961
413,117,0.0636633672557389
413,118,0.07579852043807614
413,132,0.1158950117219029
413,135,0.12163620791777884
413,142,0.11304144523733714
413,150,0.11360826451781102
413,151,0.1609053529103659
413,161,0.12328535855339375
413,165,0.1172561244562411
413,166,0.09464182314721574
413,174,0.10524135272348088
413,177,0.08876224419063675
413,183,0.10094280391194836
413,193,0.07898167156321907
413,198,0.1343584936144994
413,205,0.12143382317336014
413,213,0.13360774125411257
413,217,0.08764720614218552
413,219,0.07731660484006721
413,222,0.09653471482712721
413,228,0.10666442668417715
413,231,0.11714621017205136
413,249,0.09399720200525082
413,254,0.09207141760581984
413,260,0.08411780718326647
413,268,0.07413733699063117
413,281,0.0797876477413822
413,291,0.10381992265866202
413,294,0.07601275574156953
413,295,0.10305739001890718
413,300,0.1384111489074242
413,302,0.08424004683515313
413,305,0.09376167838304054
413,306,0.08481867806507973
413,307,0.09723454137844517
413,310,0.10086442592547282
413,318,0.08278006333130769
413,320,0.09104645908565313
413,321,0.10679867696942452
413,332,0.09102673636494928
413,338,0.07763307958215895
413,341,0.08395179268473953
413,345,0.09874614227658883
413,346,0.09591946443287887
413,349,0.06949361116525397
413,354,0.12031725139685193
413,370,0.0927845701545105
413,374,0.12107698396888125
413,387,0.1282564623979901
413,402,0.09577075209834843
413,410,0.1267324092125025
413,415,0.10686333382452233
413,427,0.09187243525614193
413,429,0.07451753096945161
413,442,0.17152823556258595
413,454,0.1003416360621045
413,464,0.10225526961904344
413,493,0.07904134262812307
413,494,0.09103064178702112
413,496,0.07388890964738033
413,498,0.09859068002703841
413,504,0.1514055540078825
413,505,0.12017845547146941
413,507,0.08447415887530894
413,522,0.08741941688440062
52,10,0.07517778451231322
52,135,0.07525855105439726
52,153,0.07382004854551724
52,174,0.07317511710111117
52,177,0.07487083022150655
52,194,0.08197705061094485
52,207,0.07447460341207321
52,223,0.07335539594473899
52,224,0.07701768831644724
52,236,0.0752222082109872
52,254,0.07283189790636771
52,305,0.07453932990905122
52,357,0.07293291856267248
52,381,0.07182437823246125
52,406,0.07264310991491833
52,467,0.07587152087419494
52,470,0.07355040207420793
52,474,0.07511802353120169
52,499,0.07503899501798736
52,504,0.07276095002897548
52,508,0.07051026211020862
52,514,0.08391125576767955
52,530,0.05458502945937937
52,532,0.06111699274027205
353,5,0.07608892194326786
353,41,0.08645710106221666
353,43,0.0806104427122287
353,47,0.07904780163081536
353,86,0.07954385224339415
353,116,0.07781644777657594
353,122,0.08201671240142419
353,138,0.09270988007552905
353,155,0.07861560008343925
353,157,0.0823012580624051
353,175,0.07906707312980221
353,238,0.07862776335964444
353,248,0.08009628314035759
353,267,0.06728664350927266
353,282,0.06779632307790923
353,283,0.08241823091701904
353,286,0.07417712634176223
353,309,0.07873387061890925
353,322,0.06796336605840515
353,339,0.07759752323432158
353,356,0.06406123843879663
353,460,0.0780220352624574
353,481,0.07870308024192439
353,486,0.09130488236772306
353,508,0.06775638979429337
353,515,0.08406168302554393
353,516,0.07768841190345134
353,525,0.07236454401715227
505,10,0.1260311331865772
505,16,0.10739012150860386
505,19,0.1355712147045002
505,21,0.14319812337749313
505,26,0.1301170805416001
505,51,0.10149864901381203
505,65,0.07369113473357683
505,70,0.07927996488975994
505,76,0.10869989949702487
505,87,0.15060398598921834
505,91,0.12124050546405972
505,96,0.15437381926941812
505,103,0.09696164842992411
505,112,0.1333015309853387
505,126,0.1334336180256012
505,127,0.11511961109963875
505,135,0.11136352786227535
505,137,0.11345806315515625
505,144,0.07547555929784196
505,151,0.1119866410802956
505,152,0.08389885019958081
505,161,0.14860263926344564
505,164,0.07592423327459351
505,165,0.1504507204188167
505,169,0.08629575833487159
505,172,0.08325526909986682
505,205,0.13242033792925728
505,209,0.10716638678138543
505,212,0.12597546426607667
505,229,0.12244199838624806
505,240,0.13251618995921596
505,244,0.1421189351417639
505,255,0.09149673121427206
505,270,0.09411600505882588
505,277,0.14706355113086575
505,280,0.14690750545389145
505,291,0.10838777217719488
505,300,0.11462985535698135
505,303,0.08465236529369949
505,304,0.13436370493158425
505,315,0.13980556671140698
505,325,0.08789221063565932
505,326,0.10872091678437995
505,345,0.09241879885360567
505,354,0.1325157397380878
505,361,0.07407539820326689
505,380,0.1195215564520408
505,398,0.14093579984540178
505,401,0.07650048914412284
505,402,0.09677523918426606
505,403,0.09935048008084855
505,404,0.09923283282064077
505,413,0.12017845547146941
505,415,0.10567426249168257
505,428,0.1347162758639391
505,430,0.11437761280553249
505,439,0.12077636059049633
505,442,0.13369709740697733
505,443,0.12445413504540757
505,447,0.08545766086136468
505,454,0.10062609692788221
505,470,0.10601496593950513
505,471,0.08672187666534133
505,473,0.1432971767675645
505,492,0.1313217087157504
505,519,0.08673750768464629
57,26,0.08174011499148799
57,46,0.08133114058557563
57,66,0.08383034385549432
57,71,0.06708997101208129
57,93,0.08737173735579186
57,130,0.080325429073787
57,134,0.08390446175729846
57,147,0.08890738086549338
57,174,0.09434342885449729
57,179,0.0835352400157528
57,222,0.09346153998827807
57,269,0.08124877291976722
57,290,0.09113873272295843
57,305,0.10371932610225434
57,332,0.1007978705623283
57,370,0.09509392370927881
57,393,0.06640508015477849
57,411,0.07633806086623664
57,451,0.06980201470102024
57,460,0.08964847506277428
57,464,0.08193571566970627
57,467,0.08075696345102043
57,477,0.07516951040123154
57,480,0.07764049672430814
57,481,0.08137165846827385
57,494,0.10311209492720062
57,514,0.08850968206485865
57,517,0.0825470156076373
95,42,0.10589881909206192
95,78,0.12840325363347072
95,88,0.10032384056539416
95,99,0.10619413872963085
95,112,0.11083816488783707
95,126,0.11269605542429832
95,158,0.13309792576266793
95,159,0.10603270061592285
95,221,0.10652023636087025
95,229,0.10770016102108596
95,261,0.11000254368971817
95,272,0.11117478992195155
95,350,0.10049121733370102
95,371,0.11411971181037757
95,389,0.10839773591531741
95,414,0.10773468738083068
95,428,0.11479571826731773
95,483,0.11195662243229049
95,484,0.11853004120400155
95,490,0.10730339728375411
95,509,0.10759457145190959
95,511,0.10603836793086022
147,18,0.06711828551661592
147,26,0.09070167171002043
147,33,0.06976762659971288
147,57,0.08890738086549338
147,66,0.0901721647004598
147,71,0.06511955450502752
147,93,0.08685506087123146
147,116,0.08334361171863204
147,130,0.08337436758685478
147,155,0.09047331982112705
147,202,0.06790923823723659
147,219,0.0848352230014957
147,250,0.09672988624450614
147,253,0.07676752492595747
147,269,0.08378679551050315
147,279,0.0865552845772711
147,290,0.08456911763865764
147,305,0.09224519952753273
147,308,0.08016924755992273
147,332,0.09165718454675706
147,369,0.07946467261929573
147,370,0.10073234928792106
147,378,0.1040904242209785
147,415,0.09049159278537078
147,424,0.08743316820192243
147,426,0.09338436882076578
147,440,0.08737329384104547
147,441,0.07918383368859355
147,458,0.07674570066246905
147,459,0.07927718031237029
147,460,0.08781164741110715
147,464,0.09021554453184444
147,467,0.08374629429442743
147,468,0.07356097417504467
147,475,0.08704255160373356
147,480,0.07660242871553438
147,486,0.09510164628934004
147,499,0.07654314254194754
147,516,0.08730552782061733
147,517,0.08665937812820616
147,524,0.09108793372522381
147,528,0.07266293082469179
284,20,0.07245636062182488
284,74,0.081521909138702
284,77,0.07373561919030472
284,124,0.07968828861898897
284,125,0.08706504217407794
284,137,0.07585330818037395
284,154,0.0746909371333605
284,155,0.07700334348254
284,174,0.07601171213907526
284,179,0.09054888841094005
284,180,0.07669461472425608
284,236,0.07473605300544424
284,274,0.0807135600796087
284,305,0.07483294377245846
284,323,0.07367899934811724
284,360,0.05744201371182189
284,409,0.08434823735062043
284,422,0.07248091711208056
284,433,0.07590950652069285
284,440,0.07682262227883216
284,460,0.07468581252520838
284,464,0.0747272067140843
284,486,0.08011195273209713
284,503,0.08459749794196234
284,514,0.07749100959268498
284,532,0.06437944444927436
338,31,0.07468129599569603
338,41,0.0789284579282654
338,66,0.07933108532526387
338,86,0.08217005339598321
338,89,0.07915041645777049
338,115,0.07755504384880998
338,122,0.08423339192821418
338,129,0.06822921791661057
338,183,0.07908761882612819
338,184,0.07893358421573478
338,222,0.08116699596962251
338,231,0.08227680713355169
338,248,0.07616698086508367
338,260,0.08380006650818994
338,267,0.060783518691008405
338,271,0.07172424512696077
338,286,0.07429150237920638
338,320,0.10116147118711505
338,327,0.07772752235187702
338,342,0.06297526278979301
338,374,0.07948612982176459
338,413,0.07763307958215895
338,424,0.07833937100089464
338,464,0.0806151097790731
338,494,0.08200004036314544
338,512,0.07644842917155398
338,515,0.0788264373971999
338,520,0.07513038437371597
338,527,0.08232366008706707
233,3,0.08244794266799886
233,32,0.08287371595109047
233,38,0.08850929733618276
233,66,0.08780174274845323
233,97,0.08226719881521465
233,124,0.0868810800372603
233,134,0.08574285254850408
233,140,0.0812076603521145
233,174,0.08407053647728219
233,179,0.08192576148530785
233,184,0.08071109794581928
233,220,0.08131139774818809
233,236,0.08133995532187711
233,239,0.0668959897266904
233,257,0.07691853210014125
233,287,0.08840002612141068
233,302,0.08076807989870681
233,341,0.08274249861701163
233,376,0.07029411436736281
233,379,0.08582955920185015
233,383,0.07452399543398623
233,427,0.08779771092030235
233,444,0.08739355947596934
233,445,0.06349267989447886
233,477,0.08212028978753093
437,8,0.13642103265013067
437,21,0.16026695058908413
437,28,0.1289329437133536
437,34,0.15383706575186085
437,44,0.1219208282811785
437,48,0.15945442061576404
437,50,0.11741137087523457
437,61,0.14829361223000218
437,76,0.10521785825593392
437,91,0.11912443616707567
437,96,0.13670530810152196
437,104,0.11932178933710329
437,110,0.148202717718823
437,111,0.15233291531354795
437,119,0.12386551274086093
437,120,0.13104754707832336
437,121,0.10811204580367596
437,123,0.12527671487884015
437,133,0.15179946454835436
437,148,0.09988481849710948
437,160,0.1360730854915169
437,161,0.1345919159540488
437,162,0.14403191627020306
437,197,0.16985768971215187
437,234,0.13627325616809122
437,240,0.14552569825136774
437,241,0.11261000348867314
437,265,0.12888324404052015
437,270,0.09532744674311507
437,276,0.08970272210429853
437,277,0.14885933830982653
437,316,0.13200820104696256
437,319,0.15617141219431027
437,325,0.09241057326032688
437,334,0.08048940984886566
437,336,0.1331000812054506
437,337,0.12803152169737683
437,380,0.12062908672509617
437,384,0.12722685165997943
437,385,0.1332438686819334
437,390,0.10558312215406229
437,404,0.09723103431245024
437,407,0.12080231373391422
437,425,0.14126452194685568
437,428,0.1445058088120249
437,430,0.1269533783418931
437,439,0.12850268603532872
437,446,0.09563484385292953
437,456,0.15181624785263664
437,473,0.1530760283602408
437,479,0.14717532849207135
437,489,0.15152410802514774
437,501,0.13027627147917017
437,511,0.15400716668893633
437,526,0.15292781074055903
437,529,0.12193617507577514
437,531,0.1186227721347565
97,38,0.08497900290927021
97,73,0.08255652135289367
97,93,0.08431272012194524
97,108,0.08365284229107184
97,124,0.08225238437554577
97,148,0.08522998079822319
97,161,0.08503243938255346
97,165,0.08343444679248045
97,174,0.0998538427029007
97,230,0.07722162471795593
97,232,0.07487516104335683
97,233,0.08226719881521465
97,239,0.07445027324333497
97,249,0.09032864367930885
97,257,0.06821211078804774
97,258,0.07773145547544645
97,268,0.07368784954420643
97,269,0.08690112963656278
97,291,0.09080235170305288
97,300,0.09002849560226449
97,354,0.08365520317490623
97,411,0.07569578135532534
97,427,0.09131911694594408
97,454,0.0838679496117896
97,470,0.08651039221940734
97,504,0.08344123021056168
97,523,0.08585374468916314
217,86,0.08836182776676663
217,93,0.08541085079782111
217,118,0.07275619845901131
217,155,0.08460254015648112
217,163,0.08330168702299971
217,166,0.08509308840086995
217,174,0.08695602855352831
217,186,0.0777939507431637
217,194,0.0877854843482475
217,219,0.08323750097642563
217,249,0.0836339255870857
217,253,0.08650011624686206
217,300,0.09011210621696714
217,305,0.08416126039467531
217,306,0.08279631783332288
217,311,0.07061996319569587
217,322,0.06548095817545886
217,357,0.10159450042959364
217,367,0.07390130180599953
217,381,0.06937164733608614
217,386,0.08800369102486078
217,395,0.08752890857531911
217,411,0.0808348945396426
217,413,0.08764720614218552
217,421,0.07298586274066629
217,423,0.07560127884906911
217,436,0.07278986276090949
217,440,0.08618575900997433
217,454,0.08666834041131015
217,462,0.06776432554240884
217,464,0.08547013148736853
217,468,0.07604029421002916
217,494,0.08302644330674686
217,513,0.07563224944252467
246,29,0.07012232544776484
246,41,0.07283225696845881
246,46,0.07117286776082478
246,84,0.07212361500798721
246,179,0.07154513206375263
246,189,0.0836127247951677
246,194,0.07958594774704711
246,204,0.07525939174730481
246,236,0.07082880176716706
246,248,0.07651818974285518
246,250,0.0773734000347085
246,279,0.07875178110400537
246,335,0.07724289451246646
246,419,0.06655991373251843
246,440,0.07345731724889998
246,455,0.07597588302244215
246,475,0.07349411429671783
246,480,0.07002528055608283
246,499,0.07902903866249213
246,513,0.07249878014364224
246,516,0.07184493955091185
246,530,0.0610448406791786
351,2,0.09019743689768935
351,12,0.07722604568856485
351,29,0.07448249526165504
351,86,0.07246258041875218
351,89,0.08416746966293663
351,90,0.07657128800173459
351,184,0.07215808315786067
351,188,0.07297251904252
351,191,0.07555938141646287
351,232,0.07540947933714384
351,249,0.074093406789012
351,260,0.07542632357108026
351,264,0.07404996515579364
351,293,0.07344569347132954
351,347,0.07201319193412849
351,427,0.07592466273998238
351,444,0.07260728306853283
351,469,0.07588299372729375
351,500,0.0718659235258994
351,521,0.077782762147345
400,47,0.07870361667015656
400,49,0.0816972649732956
400,66,0.08404830630998697
400,125,0.07843991736213582
400,134,0.08077814669027628
400,176,0.07979902996593648
400,222,0.08730280606718831
400,238,0.08502041784197605
400,286,0.07715638481167687
400,305,0.08432881651747587
400,309,0.08214507693416107
400,332,0.08142398526467028
400,363,0.07783240848790819
400,367,0.07403313841242905
400,369,0.07984218531427978
400,370,0.0788061436133499
400,395,0.08509995727697255
400,397,0.08047179908766032
400,424,0.08460018044652562
400,440,0.07863891052914627
400,475,0.07901194216417069
400,494,0.08044840128626266
400,514,0.08017126951015378
493,12,0.07380780513366719
493,27,0.08986306268262263
493,31,0.07060325082158932
493,89,0.08990974684782686
493,150,0.07483743588452561
493,151,0.08236527126296439
493,188,0.07158576607930896
493,191,0.06840589690005897
493,232,0.08094869242468485
493,260,0.07354004669296754
493,263,0.07795203684068237
493,264,0.07492973430808277
493,266,0.07813626009229227
493,293,0.0722558969043929
493,307,0.07393357786710679
493,378,0.07209561011006843
493,413,0.07904134262812307
493,429,0.06970308219134494
493,442,0.07246422725768692
493,444,0.07508228671072444
493,451,0.08375039598490766
493,454,0.0746069322967605
493,469,0.0675832608760114
493,500,0.07807210367812073
493,504,0.0750344909717952
513,3,0.07978676624060513
513,13,0.07861652719088867
513,63,0.058591190925289034
513,77,0.07102771375958543
513,81,0.07835155105874321
513,84,0.08320762785395538
513,105,0.0770225381636047
513,125,0.08606830730330164
513,140,0.07922455316150892
513,170,0.0679661728168148
513,194,0.07877877333124625
513,204,0.07640594048399399
513,217,0.07563224944252467
513,219,0.07503416312976383
513,246,0.07249878014364224
513,250,0.07937156854524391
513,279,0.0768954129259648
513,322,0.06448117820037688
513,339,0.07756988185685441
513,359,0.08262172294308691
513,386,0.07693894217038377
513,397,0.07529877259200607
513,423,0.07807675233353868
513,485,0.07988006761045272
513,503,0.08232751560267189
32,15,0.08413032774987224
32,37,0.06963476657464598
32,47,0.08771477696775982
32,49,0.08334118007911138
32,90,0.08965771682607326
32,101,0.0768972233601261
32,125,0.08562413841498989
32,137,0.08550485337585298
32,174,0.10651548615310621
32,179,0.08467028300129202
32,222,0.09107194588122212
32,233,0.08287371595109047
32,236,0.08669956872190608
32,249,0.08925736036110488
32,269,0.08362565413867239
32,302,0.08979034068515121
32,308,0.08037270506244783
32,343,0.08265883993462016
32,345,0.08388034770644104
32,370,0.08999367282612679
32,379,0.08538575707576401
32,381,0.06820130886048731
32,383,0.07984404014857684
32,427,0.09072305551752217
32,464,0.08662250272742031
32,465,0.0929345885213579
32,521,0.08329571828757647
120,21,0.12997423870344485
120,28,0.11859809611302509
120,91,0.1320337393448174
120,110,0.12306157040909606
120,119,0.11074488605706892
120,121,0.10679156799614796
120,244,0.1233144698182098
120,265,0.14858849311887645
120,277,0.1380891120689978
120,280,0.1328818719372788
120,304,0.12744651092065015
120,312,0.12052923083715165
120,394,0.1335437027966161
120,398,0.12536611071341514
120,428,0.13221960178123943
120,437,0.13104754707832336
120,461,0.13125498405903166
120,473,0.12644870395610563
120,479,0.13350145660715712
120,484,0.12161451116481248
120,490,0.12247257746948334
120,501,0.12970942550508113
120,511,0.12339472806707706
120,531,0.11157613767395437
259,6,0.10948062049617355
259,64,0.10931703774818093
259,79,0.12004433487054751
259,80,0.08608554997643689
259,98,0.10474573418758434
259,132,0.11547239199263534
259,139,0.11993336268446148
259,173,0.11158569573727412
259,178,0.06473837852006942
259,183,0.09737809012463265
259,205,0.11280917080523999
259,213,0.11780460527609807
259,231,0.09918557069309511
259,251,0.1073772365696871
259,313,0.0936932182044394
259,321,0.12938314664398973
259,348,0.11602762593613876
259,349,0.06814527649261762
259,374,0.11126496120773867
259,387,0.10944793779033393
259,442,0.10651162409776875
259,449,0.11469474183119945
259,487,0.10523070074495654
259,496,0.0728102107758695
259,498,0.10477529408427406
259,504,0.11643174494353108
259,507,0.09904032444441034
259,510,0.1107521209353052
499,30,0.08762520872467378
499,46,0.07646245770792162
499,52,0.07503899501798736
499,60,0.076378489788062
499,136,0.06253499268887168
499,147,0.07654314254194754
499,179,0.08111681593593299
499,204,0.07935562541004233
499,227,0.08073773752348223
499,237,0.0726006294231736
499,238,0.08859985886233676
499,246,0.07902903866249213
499,248,0.08580128426150756
499,250,0.08403461562594641
499,279,0.07706744561594271
499,289,0.07884748693266565
499,339,0.07658005311729087
499,370,0.08037768108342026
499,396,0.07802945435528985
499,426,0.07708408448520544
499,468,0.07394414029137124
499,475,0.0765579486195352
499,508,0.06540660384571373
499,523,0.07874180471628099
499,524,0.08321359464877504
170,3,0.059387075672350076
170,38,0.06295048566231781
170,46,0.06477777347435155
170,81,0.06124617317370752
170,93,0.061394930344460676
170,118,0.06069794617418607
170,156,0.06436849488021976
170,179,0.05943712656696219
170,189,0.06445769427768695
170,219,0.06242859933492325
170,258,0.061473929109729444
170,308,0.05951819332908001
170,311,0.0635694537621173
170,359,0.0626337585619719
170,386,0.06867074920044876
170,423,0.06039322517707678
170,426,0.05961274885995209
170,468,0.06376028211605321
170,485,0.06619426251694875
170,513,0.0679661728168148
197,8,0.1651805421852167
197,17,0.10865602238297666
197,21,0.14298917516314416
197,28,0.1369283222394581
197,34,0.13532452593987815
197,44,0.12589978712919628
197,48,0.12458591636975186
197,50,0.1263265180805216
197,55,0.10277530159849844
197,56,0.11801728512807418
197,61,0.14101670083170306
197,69,0.11845590505228036
197,87,0.1545216538518883
197,99,0.13994389280495081
197,123,0.13033680295407415
197,133,0.16862519018436156
197,141,0.12412753698195673
197,149,0.10138688431029226
197,158,0.13362715650187926
197,159,0.11504214559595836
197,160,0.1316293350773173
197,162,0.1582806378641773
197,168,0.11764313063231419
197,200,0.10156951147576895
197,211,0.11426940042285698
197,234,0.12426891301941259
197,241,0.10579331475125081
197,244,0.15218016112513433
197,245,0.14098219632023384
197,277,0.15207888119568536
197,278,0.1407770312563113
197,288,0.13750609439813635
197,298,0.11373318487080768
197,316,0.13604196006764216
197,319,0.14600440618190738
197,325,0.09392338057404002
197,328,0.10212523595805399
197,330,0.11591912957170199
197,337,0.1292840608709394
197,366,0.13442177271914976
197,373,0.09688098704278054
197,382,0.12345066702365348
197,385,0.13932193575569365
197,389,0.13335064451164227
197,390,0.10284385170948517
197,392,0.14576855616239173
197,398,0.14761376565969495
197,420,0.14917903730380164
197,428,0.16256185945138565
197,437,0.16985768971215187
197,450,0.12946294774847436
197,456,0.1530276047737986
197,461,0.1487558781442148
197,473,0.1617733269573766
197,478,0.13551094344837236
197,483,0.13155730602954802
197,489,0.14046645259176146
197,490,0.14258577455176985
197,492,0.12826771670622036
197,509,0.11543074915768427
197,519,0.08681958204864856
197,526,0.14272236754915935
197,529,0.12324028967423364
428,8,0.15768908971684772
428,10,0.12208798768069863
428,11,0.11128917732818895
428,16,0.10663074729967095
428,17,0.1095658058237271
428,19,0.14161090450747987
428,22,0.12428951182635133
428,28,0.12482461074500015
428,42,0.13885521986632676
428,44,0.12056780417600015
428,50,0.1199014264905834
428,55,0.09654826855846253
428,56,0.11645073392199808
428,61,0.13884250897975792
428,70,0.07793501146332786
428,78,0.12591816569616868
428,83,0.1133018264205288
428,87,0.14821798075927478
428,92,0.11340527685834606
428,95,0.11479571826731773
428,99,0.14610009756001072
428,102,0.13014425257235243
428,111,0.14135917727699765
428,112,0.15572603710270935
428,120,0.13221960178123943
428,121,0.11308018202268122
428,123,0.1443029467513129
428,127,0.10081668631078906
428,141,0.11818059303184589
428,158,0.16096224223824004
428,159,0.1179411647600159
428,162,0.1344165848701698
428,168,0.12582193635716918
428,173,0.13013003176935284
428,182,0.15061780604225994
428,197,0.16256185945138565
428,203,0.09409909974016555
428,234,0.14062064391029702
428,240,0.15404298867863284
428,241,0.11359305438889478
428,244,0.1784461666739437
428,245,0.15564864387440736
428,247,0.11304329547240885
428,265,0.13519723372176837
428,270,0.09321620058055045
428,272,0.11553210041245332
428,277,0.19702788109707015
428,278,0.14312965683283496
428,288,0.14369552372211192
428,297,0.11958980501712567
428,298,0.11370471180350883
428,304,0.15187071162251795
428,312,0.12921362835233005
428,315,0.1477714397259935
428,317,0.11578050277917458
428,325,0.08840990603158397
428,337,0.12936055216474743
428,366,0.16857179607206202
428,371,0.14755776400011944
428,372,0.14090253460086724
428,380,0.12291712147737284
428,382,0.1275255983170978
428,385,0.1325303958557895
428,388,0.1404254360999993
428,389,0.14684375510501874
428,390,0.10907955473359046
428,392,0.1445205293239952
428,394,0.15876960369111504
428,398,0.16888237224732966
428,414,0.14229408365845353
428,420,0.15028651909804108
428,425,0.15240448114484104
428,430,0.11585758159248429
428,437,0.1445058088120249
428,450,0.13727852126099746
428,456,0.15381290387607144
428,461,0.17871995669669516
428,473,0.16826479845329848
428,478,0.13313683381564778
428,479,0.14191457649021966
428,483,0.15103302176130562
428,484,0.15386409776259183
428,489,0.1476568855437486
428,490,0.14331179695710783
428,492,0.13560001026196758
428,501,0.1394675465142426
428,505,0.1347162758639391
428,511,0.14244053924894798
428,526,0.1682730224899194
428,529,0.10826715520073121
428,531,0.1086275230683589
482,15,0.07370617820825136
482,29,0.07994176853840754
482,30,0.07394626080798766
482,41,0.07758442144599992
482,115,0.1022820546713246
482,155,0.08306729410462277
482,171,0.07339786618386754
482,208,0.0771928617501992
482,269,0.07853724338158587
482,275,0.06760493029461306
482,347,0.07612173679730642
482,359,0.07611291276688734
482,370,0.07920942899654018
482,378,0.07674645116846933
482,415,0.07321155733299349
482,440,0.07383523729623408
482,447,0.07335388126387724
482,451,0.07510741503006091
482,464,0.07536742492947637
482,470,0.07305118707130738
482,521,0.07554622578164574
482,532,0.06352625685818145
27,2,0.06664702488120182
27,12,0.06608031134660222
27,31,0.07456407627003725
27,89,0.07510707805822486
27,151,0.06682240520903186
27,188,0.07035398715717588
27,232,0.07766698890313375
27,264,0.09109933591329479
27,266,0.08367765897184841
27,305,0.06628892150417293
27,307,0.06700494481820095
27,377,0.06647008217048167
27,393,0.06966336994888146
27,451,0.08583942963320221
27,481,0.0749308801526207
27,493,0.08986306268262263
27,494,0.0663237781861422
27,500,0.07153869977416003
27,522,0.06719824494319905
27,527,0.07133800923896857
80,6,0.10714134822125909
80,26,0.09186677378798286
80,45,0.09040155323755313
80,79,0.08795126307967746
80,117,0.058759433014205595
80,132,0.09625619104016653
80,139,0.08726276902037373
80,151,0.08767243508105085
80,161,0.09471009767555728
80,173,0.08776839133311834
80,205,0.08730506427263132
80,213,0.09761633273839389
80,254,0.08016326098430017
80,259,0.08608554997643689
80,312,0.08592780466837426
80,321,0.08633687524890948
80,399,0.08723729288576298
80,410,0.09281923891804195
80,413,0.08787663204946017
80,442,0.08923206407880482
80,487,0.08994569801917236
80,504,0.09614212322565628
285,2,0.07902034342404601
285,15,0.08405454844068148
285,20,0.07309448231512161
285,43,0.07944058745889197
285,89,0.07306442138533818
285,93,0.0723566891152062
285,236,0.08783003676802215
285,296,0.07499371043069694
285,308,0.07865522607458854
285,347,0.08030050576925225
285,357,0.0787911142285808
285,369,0.07510051154753616
285,370,0.07165126550025722
285,383,0.07264698367367496
285,406,0.07743416381338751
285,441,0.07954956171814379
285,464,0.07541259866689382
285,466,0.07485975136721944
285,481,0.07979107420876373
285,521,0.07318978545469611
487,26,0.1087733219561517
487,79,0.10829912310900748
487,80,0.08994569801917236
487,98,0.0920472308259867
487,132,0.12634341455413242
487,139,0.11350845084169194
487,151,0.10126980612454298
487,161,0.1042134961780563
487,165,0.10167057669378338
487,199,0.07024008228281349
487,203,0.0938919757551891
487,254,0.08031079648239031
487,259,0.10523070074495654
487,295,0.09552818424599438
487,298,0.09979074147528244
487,315,0.10684974643776901
487,318,0.0816676942455681
487,321,0.12548216089293465
487,326,0.11134943429505154
487,354,0.10477243025058815
487,398,0.10132955288017835
487,401,0.08214212052061197
487,410,0.10102828419346063
487,442,0.10975625032557854
487,449,0.09893850060724346
487,490,0.09986522874110121
487,504,0.11003469613361136
487,507,0.0855103329010982
487,510,0.09969093478154989
25,3,0.08827661384227022
25,39,0.07343765402090086
25,41,0.08687547096705402
25,68,0.08047107336719168
25,86,0.08390987867829713
25,90,0.08471044443591084
25,100,0.07490816039691772
25,122,0.08808628537421925
25,124,0.08303381319633642
25,140,0.08259547630747853
25,163,0.08546236566170201
25,184,0.08151049458107006
25,196,0.0836652084048082
25,220,0.07663109659760574
25,248,0.0764709166421335
25,252,0.058757438465733815
25,283,0.08375702432601387
25,287,0.08389580904388093
25,291,0.08653322530888277
25,302,0.08187130983128872
25,329,0.07933043011471905
25,339,0.08231089559987198
25,352,0.10057691664407399
25,370,0.08115460829868625
25,391,0.07761109418989151
25,408,0.07164675030316785
25,415,0.0831958779238809
25,417,0.08072491874080141
25,432,0.08490796958842967
25,448,0.07442819932645409
25,457,0.06953022365499979
25,495,0.07968480485393238
25,515,0.08812581087048256
68,25,0.08047107336719168
68,30,0.08312244093155068
68,33,0.06989685676802411
68,37,0.06979083320656829
68,41,0.08831255893355146
68,72,0.08334307060146806
68,86,0.08010556363047103
68,125,0.08019040300341843
68,129,0.071659322669126
68,140,0.07736096651412666
68,143,0.055740209590902416
68,163,0.07804070979247509
68,238,0.08810866672872307
68,252,0.06045811822202042
68,283,0.07878519499999036
68,335,0.07947293251992553
68,352,0.08297037955378965
68,363,0.07703300152525168
68,397,0.07896098299062664
68,408,0.07513066934839525
68,424,0.09980876267768478
68,427,0.08465212792674373
68,432,0.08064723313214599
68,435,0.0786557221149119
68,444,0.09245244579708341
68,524,0.07871719741512041
293,86,0.06928940610422822
293,89,0.07505113728595972
293,90,0.07979066437150269
293,184,0.07228128937770681
293,230,0.06866094135537273
293,249,0.06977518023698548
293,260,0.06785688310702331
293,263,0.07271564522087869
293,264,0.06564985263543417
293,351,0.07344569347132954
293,427,0.0693880625079753
293,429,0.06663022547024804
293,444,0.0674549490134091
293,465,0.06824411012766246
293,469,0.0706309683209948
293,493,0.0722558969043929
293,500,0.07233750762138708
293,515,0.06580539619741806
293,518,0.0692572377429406
293,521,0.06699058969403723
491,14,0.13716315267001608
491,67,0.10004415161016261
491,79,0.1410872253376664
491,94,0.15519565890385023
491,113,0.09955456110370446
491,142,0.14098179196741817
491,167,0.09794534104539858
491,181,0.12760539557784858
491,190,0.11010926242729213
491,192,0.15132047780660357
491,198,0.15980717670453715
491,214,0.09486817911950088
491,215,0.13253834800364542
491,218,0.12455308989389267
491,225,0.1410596166129265
491,228,0.12159603069663395
491,242,0.1117226498515496
491,273,0.10189475006365407
491,281,0.07940520674437937
491,310,0.12163149445218399
491,313,0.09818039585699022
491,340,0.10239901485365073
491,346,0.1037129059568604
491,362,0.07831774309826588
491,364,0.07335113190067606
491,387,0.13624239289654536
491,410,0.12502959962269605
491,431,0.10447971464579724
491,434,0.13126853695255628
491,438,0.12637921468307217
491,452,0.07026650567775229
491,453,0.14354481629193647
491,463,0.11939076851550037
491,472,0.1317742050730998
491,488,0.11624857652944537
491,497,0.1915548307066704
491,504,0.12271561047562854
48,21,0.13141678143514823
48,78,0.12157506199523413
48,96,0.13944148549218435
48,110,0.1367745786383513
48,111,0.1356441660644963
48,112,0.13880272334947724
48,119,0.11110781944820852
48,148,0.10586412644169305
48,161,0.12391509796221543
48,197,0.12458591636975186
48,201,0.13994339965926966
48,209,0.10693798835090883
48,234,0.1270656972328067
48,241,0.11303380883340894
48,270,0.09571041968798735
48,276,0.09007747519035521
48,277,0.13153835541885647
48,280,0.12726579101456945
48,325,0.08895852220040312
48,337,0.14397698051549437
48,371,0.12368431878813994
48,407,0.12329334166974006
48,425,0.1341358850406286
48,430,0.11518999324471381
48,437,0.15945442061576404
48,446,0.09526377314140769
48,456,0.13304688464849718
48,483,0.1251711245344473
48,490,0.13799093563981296
48,511,0.13178534682456416
48,526,0.1336972117225794
135,10,0.12629041169449817
135,21,0.10838285780504833
135,23,0.1012427499683595
135,26,0.11963338200749035
135,35,0.09364220026748395
135,40,0.08533389503894487
135,52,0.07525855105439726
135,79,0.10754463606962984
135,102,0.11243911743802029
135,112,0.10762891628088517
135,137,0.1052384139126021
135,150,0.0991838344976493
135,151,0.11302074120976559
135,161,0.11180214649621215
135,165,0.11842741697041899
135,172,0.08522443204380041
135,205,0.1053295917459418
135,209,0.10570086159121195
135,219,0.07889551103753413
135,244,0.10571284790665521
135,255,0.0938363336566784
135,398,0.12185437840535764
135,402,0.1009814126782445
135,413,0.12163620791777884
135,415,0.10503964711329844
135,420,0.11228952932059263
135,429,0.06994647214861119
135,442,0.1166057873419395
135,474,0.10243995140796062
135,476,0.08794535752242742
135,492,0.10911109242150105
135,504,0.11660427223569984
135,505,0.11136352786227535
135,524,0.09457893411204475
381,1,0.011293121904927652
381,15,0.06811333955861373
381,32,0.06820130886048731
381,38,0.0714569492014855
381,52,0.07182437823246125
381,105,0.06797559451714692
381,138,0.06694529198294963
381,153,0.06660707814153101
381,174,0.07299434402372396
381,217,0.06937164733608614
381,222,0.06658254718852144
381,236,0.07236878683337698
381,296,0.06646986918586575
381,305,0.0666101300700165
381,357,0.06758873570831239
381,369,0.068192856023866
381,460,0.06920843449428227
381,468,0.06662117757691381
381,508,0.06564599263570806
381,514,0.06590212741957358
381,517,0.07028654969389456
381,521,0.06857368915491195
442,6,0.11996663957140438
442,7,0.10923445121004552
442,26,0.1528709402622115
442,53,0.11405033874933239
442,70,0.08206447809193387
442,79,0.17182315622714556
442,80,0.08923206407880482
442,82,0.07478541410697338
442,98,0.08332206547873128
442,106,0.07691975052450352
442,112,0.12756228614591397
442,132,0.12364307709408026
442,135,0.1166057873419395
442,139,0.13067718172144865
442,142,0.11570038231600942
442,150,0.11813807426278355
442,151,0.17956912256359794
442,152,0.07991935233606991
442,161,0.13757604310912358
442,165,0.1508881083405833
442,173,0.12149857897986714
442,183,0.0971865019691969
442,193,0.07730888733177635
442,198,0.13579277785958893
442,199,0.07104391915256472
442,205,0.13993534354858927
442,213,0.13509533462030632
442,228,0.10950059857613627
442,229,0.1188701766628513
442,231,0.10383222223413266
442,254,0.0839421203308623
442,259,0.10651162409776875
442,272,0.12362033543031666
442,280,0.13411223043054457
442,281,0.07888463879274764
442,300,0.12383676222528847
442,303,0.08917029764220498
442,307,0.09343074666384056
442,310,0.09997007055576779
442,315,0.15700012445212227
442,318,0.08243068187747933
442,321,0.11716730756910573
442,326,0.1105011004578289
442,349,0.0675770667147094
442,354,0.1254211053345262
442,374,0.111193180098011
442,387,0.13375191961229235
442,401,0.07829742953616621
442,403,0.09667470940756648
442,405,0.10870041876754277
442,410,0.1343738284080757
442,413,0.17152823556258595
442,414,0.12987762068727854
442,415,0.10018403514815764
442,449,0.12162335020982336
442,454,0.10119819057093078
442,487,0.10975625032557854
442,490,0.1274531120549909
442,493,0.07246422725768692
442,498,0.09826518702473515
442,504,0.17638058215387645
442,505,0.13369709740697733
442,510,0.0995661761388239
442,522,0.07748505932545965
6,7,0.10996561121756164
6,10,0.10924563801850092
6,26,0.1182807831051508
6,45,0.1370696646738162
6,64,0.09621706365128527
6,70,0.07902374055746142
6,79,0.11603665278138421
6,80,0.10714134822125909
6,98,0.09423578554615178
6,103,0.09214250194514415
6,132,0.13778124488530746
6,139,0.12330639152657955
6,173,0.12454895441434664
6,178,0.06704729326410394
6,205,0.11943336736421771
6,213,0.12119471395333582
6,231,0.10101411653288338
6,251,0.09733703405791394
6,259,0.10948062049617355
6,315,0.10725665166380097
6,321,0.11077390137707163
6,354,0.11361159620914092
6,410,0.11757568213331161
6,414,0.11419512009729843
6,442,0.11996663957140438
6,449,0.11394329148790468
6,498,0.10220064047609446
6,504,0.12118860738345678
6,510,0.1099161529542552
169,40,0.0811218607581291
169,59,0.08805491837248285
169,87,0.09138717681369037
169,91,0.08917945820977571
169,112,0.08513332193943933
169,118,0.07275810584340701
169,165,0.09467190093461518
169,168,0.08451599536793258
169,224,0.084963735947617
169,240,0.08598931598186493
169,244,0.08488337121274525
169,295,0.08550992251000225
169,304,0.0891374145388139
169,330,0.08477897054082795
169,354,0.08589541902891269
169,385,0.08513132365350934
169,420,0.08473075231903193
169,430,0.09512174671092559
169,473,0.08993777414516586
169,479,0.0916825415483205
169,492,0.0859866625681872
169,505,0.08629575833487159
322,13,0.06318275587789263
322,73,0.0631189927129649
322,81,0.0645130715411605
322,124,0.06276803561944422
322,146,0.06404470009105973
322,155,0.06629218594036329
322,216,0.06118806156432347
322,217,0.06548095817545886
322,219,0.06169834662604642
322,230,0.061745247102367055
322,238,0.06513353633933842
322,253,0.061058695860044025
322,353,0.06796336605840515
322,355,0.062235285749959894
322,376,0.061694178364430204
322,391,0.0628994632239167
322,486,0.06709694273361727
322,513,0.06448117820037688
322,516,0.06597358741840895
322,524,0.06599338859562087
461,8,0.13455616101233417
461,17,0.11400224238438465
461,22,0.11555852142039474
461,28,0.1237706371283069
461,56,0.11313394916229798
461,83,0.11220751863244224
461,87,0.14269238866625922
461,102,0.12790378916920295
461,120,0.13125498405903166
461,123,0.13103922555892217
461,133,0.14598573790540562
461,149,0.09804165253443761
461,158,0.1481191156632104
461,168,0.11506724264269598
461,197,0.1487558781442148
461,229,0.115865967440874
461,240,0.13712869543769932
461,245,0.15966040538310453
461,247,0.11216309111588747
461,261,0.1045788857161671
461,265,0.13458276006808173
461,277,0.14930399199717279
461,288,0.12747681992093954
461,298,0.1299079718884854
461,304,0.15682065079756885
461,315,0.1376156019218775
461,316,0.1259506079283307
461,328,0.10824452134075817
461,330,0.11557008610946233
461,366,0.14342447353356153
461,372,0.13750176442412856
461,373,0.0933561842526465
461,380,0.11884916852705844
461,382,0.13241164401691202
461,388,0.1347232935401274
461,390,0.10122564519034045
461,392,0.1324712649547442
461,394,0.145152561821156
461,398,0.14129259072173364
461,420,0.1351797760409591
461,425,0.14083501139134288
461,428,0.17871995669669516
461,450,0.12309390542805375
461,473,0.14346741564034354
461,478,0.13322242086536087
461,479,0.14419698819676582
461,484,0.13291661198373705
461,489,0.12630704777897014
461,490,0.1437101839758498
461,526,0.14249218304744388
461,529,0.11259607535702647
16,19,0.10919930715927764
16,75,0.10230898419086613
16,79,0.1196949128902365
16,126,0.10874907899441674
16,127,0.11449822115334302
16,139,0.12131441333540785
16,178,0.059418633015250986
16,182,0.11209869089424787
16,201,0.11087900329788496
16,203,0.10612397769996994
16,205,0.10485127739376054
16,244,0.10465355466238702
16,256,0.07057521190418588
16,277,0.11373275723329847
16,312,0.10334564718925403
16,315,0.10811063211694244
16,318,0.08110662336605173
16,354,0.10341838155998469
16,361,0.07283488501282266
16,394,0.10475658896150432
16,398,0.10912959747014188
16,428,0.10663074729967095
16,471,0.08249125888190073
16,504,0.11220157035608327
16,505,0.10739012150860386
101,24,0.07831273114262237
101,32,0.0768972233601261
101,41,0.0855582101875056
101,58,0.07160369817127324
101,62,0.07326038526057851
101,93,0.07951193972623456
101,109,0.08169198061009937
101,116,0.07688858042050535
101,171,0.08420954402147218
101,184,0.0764240918452655
101,222,0.07735884200912195
101,248,0.07830346159489497
101,271,0.07842876170616085
101,279,0.07620924777354182
101,339,0.07775222598635786
101,347,0.0780989483843381
101,355,0.07002144358516554
101,356,0.06663237321105198
101,359,0.07999919968538845
101,370,0.0882028681699084
101,397,0.07661061719404
101,412,0.07449717417722863
101,427,0.07646557264027191
101,440,0.07631901157495016
101,485,0.07870669666069958
101,512,0.07549441175482635
216,9,0.053540260033867214
216,24,0.08722199149389744
216,46,0.09114633515629807
216,58,0.06763621227103214
216,73,0.09124700098419745
216,81,0.0902805873751502
216,118,0.07375766518475631
216,124,0.0897430182309885
216,125,0.08694861395338349
216,153,0.08011884625261637
216,155,0.08556110886396841
216,179,0.0823250640162505
216,194,0.0863228636095326
216,202,0.07029966504930764
216,207,0.08251502800576371
216,230,0.07880715811181305
216,237,0.06978172887191735
216,258,0.07205557375493656
216,306,0.09109817930723625
216,322,0.06118806156432347
216,329,0.07882891897711924
216,339,0.08120764221603058
216,360,0.057503622218033415
216,376,0.06862807426523956
216,395,0.08547429490024894
216,397,0.08490345164088008
216,427,0.08104863478690015
216,436,0.07327381419160804
216,451,0.06889967470578565
216,455,0.07423516081116742
216,476,0.08134258316151102
216,480,0.08002634178604497
216,486,0.07924910805713847
216,516,0.08441478052945103
216,532,0.0626160617803714
418,3,0.08694954465040654
418,5,0.06683643524428604
418,33,0.06666527927795078
418,37,0.07318548646597348
418,41,0.08564756186978868
418,46,0.08740167949558202
418,81,0.08301637276486121
418,103,0.07895100948301238
418,124,0.0941769974072514
418,125,0.07882949614642691
418,145,0.07607091748830118
418,179,0.0896409715531022
418,196,0.08332677633445654
418,263,0.0790319152602852
418,302,0.08751750414449834
418,314,0.05264439217979386
418,329,0.07507320099968819
418,335,0.08152512566760688
418,339,0.08300873929841691
418,345,0.07867282411991232
418,365,0.05950836532806901
418,376,0.07048278950696335
418,396,0.08033912079338264
418,417,0.08079224319741413
418,427,0.09056166253166183
418,432,0.07795531445679978
418,444,0.08112301342959763
418,466,0.08471345212181501
466,5,0.0653710014282925
466,15,0.09040482388891911
466,33,0.075528671216395
466,41,0.09484319042653873
466,43,0.08387641874334865
466,46,0.09195395252439464
466,100,0.07031246135488635
466,114,0.08147060944216758
466,124,0.08036573127243514
466,125,0.08853067929480087
466,128,0.07851268189661167
466,138,0.08626933969830088
466,155,0.0905382860118386
466,156,0.062207987700667135
466,179,0.09211449162874612
466,180,0.07630856853223765
466,185,0.07131652083423672
466,191,0.06829880152431748
466,210,0.07098429814282302
466,230,0.0786855037134598
466,235,0.08035607203834566
466,237,0.06526795641805662
466,257,0.0713130602755672
466,279,0.07668757083354986
466,285,0.07485975136721944
466,308,0.0933629017954813
466,333,0.057613338103490036
466,360,0.05858130483009841
466,365,0.059620638442641115
466,375,0.07770772729318752
466,383,0.07439915603850716
466,418,0.08471345212181501
466,421,0.07183398500315198
466,424,0.09092170839275886
466,426,0.08128613857032499
466,427,0.08035716918956239
466,433,0.0922239592016026
466,441,0.08625860137834925
466,444,0.0823022622048717
466,508,0.06721693501268666
466,521,0.08101003819589413
508,30,0.06393768933623892
508,52,0.07051026211020862
508,86,0.06478404812015424
508,114,0.06564331536470362
508,124,0.06489858626183641
508,138,0.06727483190594301
508,140,0.06796764288799766
508,185,0.06660785565642217
508,196,0.06486764280699502
508,207,0.07165783218024818
508,230,0.06851566925874625
508,248,0.06687023407942434
508,353,0.06775638979429337
508,355,0.0645148333179823
508,360,0.05757902196134761
508,381,0.06564599263570806
508,441,0.0657716475427701
508,466,0.06721693501268666
508,499,0.06540660384571373
508,515,0.07218573388331284
508,524,0.06559896682447026
200,21,0.09537754290808058
200,28,0.0973166438777385
200,42,0.09815198108240553
200,56,0.09555544849528472
200,61,0.09571168521825933
200,87,0.09545817267184468
200,92,0.09898118929542275
200,144,0.0768898197866218
200,197,0.10156951147576895
200,234,0.10198981577269908
200,245,0.09671547731168058
200,277,0.09492126853631437
200,278,0.1020587443087137
200,336,0.09911404498594732
200,385,0.10121339389838872
200,389,0.09506946054437489
200,392,0.09545391087600945
200,450,0.11064488328277734
200,456,0.10182460495880394
200,492,0.10271938541560872
200,511,0.09497287632043393
369,2,0.08488819801304937
369,66,0.09400696505594286
369,73,0.07968504880622254
369,85,0.08295302086910543
369,147,0.07946467261929573
369,174,0.07917862526910004
369,187,0.07314126489222741
369,222,0.08339730713129233
369,235,0.07134540497320739
369,256,0.07076190985030746
369,285,0.07510051154753616
369,294,0.07690562965905841
369,299,0.08627835976475844
369,305,0.08453292173914617
369,332,0.0844332780698839
369,347,0.08054229224640815
369,357,0.08053550661288937
369,367,0.07815985653953944
369,370,0.08385415030412324
369,377,0.08020177109670092
369,381,0.068192856023866
369,400,0.07984218531427978
369,406,0.08478480137112156
369,421,0.07299710384625109
369,464,0.0795054421629384
369,481,0.09400389536848273
369,521,0.09518173828890851
369,527,0.08023705109824984
203,16,0.10612397769996994
203,19,0.09846532303204054
203,64,0.11250869448691667
203,75,0.09574465761030676
203,79,0.1038080490240817
203,88,0.09382462694888921
203,106,0.08108752273107078
203,139,0.11086006899992776
203,199,0.07059573942700886
203,251,0.10791504915056492
203,312,0.11136743025814631
203,315,0.10301326871706319
203,348,0.10591851517825313
203,354,0.0936914354706749
203,368,0.08971638095548588
203,389,0.10781336863504482
203,398,0.09858950707627151
203,405,0.10128670092456074
203,428,0.09409909974016555
203,487,0.0938919757551891
203,490,0.09695041417408473
203,504,0.09674535618905794
203,509,0.09917678647756141
375,3,0.0801631282890803
375,41,0.08545524299793898
375,72,0.07968473017539496
375,81,0.0822825103741558
375,100,0.07349669367418785
375,114,0.06906833907892602
375,124,0.07834179871815057
375,125,0.07721770572489735
375,138,0.09058684401283837
375,146,0.08108763897966398
375,155,0.08367022803007444
375,163,0.07457441734595792
375,175,0.07526315844184231
375,194,0.07638009624062574
375,250,0.0746995182321612
375,252,0.06493117028579806
375,283,0.07662336020127417
375,308,0.08629725573834707
375,333,0.06246550974761984
375,341,0.07794384783695645
375,376,0.07035272501840044
375,416,0.0688140218642648
375,440,0.07694219169122679
375,466,0.07770772729318752
375,516,0.07700167611646604
375,524,0.07500803776252311
441,2,0.07973757471875165
441,15,0.08205631253488876
441,41,0.08967164970295713
441,43,0.0852372203372812
441,86,0.08461187937976135
441,90,0.10620007188150346
441,93,0.0802973160451507
441,147,0.07918383368859355
441,163,0.08687720243820382
441,194,0.08124544761049159
441,236,0.08392598122716777
441,269,0.0816895677591083
441,279,0.07921168657831623
441,285,0.07954956171814379
441,305,0.08285695414506826
441,370,0.08946404549787287
441,391,0.0790326591958611
441,406,0.07913823027694754
441,435,0.0720443880612542
441,454,0.08471619577949974
441,466,0.08625860137834925
441,481,0.08733144143125966
441,508,0.0657716475427701
445,30,0.06437967938435744
445,38,0.06435165624000316
445,39,0.0652361355916116
445,114,0.06781144854932414
445,140,0.07232851879874402
445,163,0.06359819690349701
445,196,0.06510443591451391
445,220,0.06684320407403059
445,233,0.06349267989447886
445,250,0.06356716939108628
445,268,0.0676898548492321
445,269,0.06449011290655851
445,294,0.06862864258460584
445,309,0.06719118040707114
445,324,0.061891865102294025
445,347,0.0644304123826619
445,397,0.06616352368710436
445,421,0.06430221488759923
445,444,0.06501382053795932
445,448,0.0643325821574682
445,458,0.06625194764488627
452,113,0.12572040495457645
452,142,0.06927084148920307
452,190,0.08173869702584965
452,192,0.08486865031439579
452,215,0.07162309895573807
452,218,0.06790305773356843
452,225,0.07530500496410149
452,273,0.07184725658213534
452,310,0.06710955058090658
452,340,0.07361802538140613
452,362,0.0875815127532028
452,364,0.13337113086608057
452,431,0.09151362173373385
452,438,0.08628498859481747
452,453,0.07116097527227064
452,463,0.09025995782540594
452,472,0.07717295921196474
452,488,0.08359138628084613
452,491,0.07026650567775229
452,497,0.07041144757971775
108,11,0.1179748714649756
108,75,0.14478213455113445
108,91,0.11776570248750834
108,96,0.1300155912432233
108,97,0.08365284229107184
108,110,0.12940671172257598
108,112,0.1334819919329585
108,126,0.12671751822467633
108,165,0.12405592278883945
108,182,0.14010950427392327
108,201,0.1614240396274632
108,212,0.14909264648362178
108,221,0.12373610471082261
108,229,0.12090323466892834
108,261,0.1142785985826887
108,272,0.13109926166736924
108,280,0.15708201600171084
108,291,0.09591890680533606
108,292,0.1264937247188631
108,300,0.12274927269425431
108,313,0.09198813183364882
108,371,0.1588745419782946
108,372,0.1314891303482371
108,414,0.12536660771706082
108,443,0.11117993509245742
108,446,0.09742438616288134
108,454,0.10511358587675318
108,471,0.09067991926454763
108,483,0.126586734008973
108,490,0.12977735054925293
108,501,0.12719070090035664
242,14,0.11538059765501728
242,64,0.09841216055896486
242,75,0.11044814232569201
242,79,0.11404394491015686
242,88,0.12655531962333286
242,94,0.12215345583152357
242,112,0.11442775305161217
242,167,0.0943381904266305
242,181,0.12393555160908304
242,201,0.10869918700209602
242,214,0.08366257229259308
242,228,0.11053312210641908
242,273,0.0909376306253592
242,315,0.1160868533966681
242,350,0.13343575363713203
242,388,0.10761580342509297
242,394,0.1115279142074182
242,414,0.11012710026109739
242,434,0.11613169542788865
242,456,0.10935921413405479
242,483,0.10850523735790807
242,490,0.1177665869025347
242,491,0.1117226498515496
242,509,0.1164899963559643
250,20,0.07299415365671248
250,30,0.0865453957130348
250,36,0.07868255444987764
250,58,0.06819657132764413
250,60,0.07160572563723765
250,63,0.05600221241361086
250,81,0.08795574595339521
250,100,0.07196197259977366
250,105,0.07357893037772358
250,114,0.08047277632139933
250,125,0.09106142119510124
250,128,0.07611938203587423
250,136,0.06147370670407463
250,147,0.09672988624450614
250,155,0.08482244056765174
250,166,0.0844577319734416
250,189,0.08589249199002509
250,202,0.0684995237520387
250,204,0.08344083600066046
250,206,0.07749606978498684
250,207,0.08482057197683338
250,219,0.07772392791294737
250,226,0.05308037909819784
250,243,0.06681404206057946
250,246,0.0773734000347085
250,274,0.08552826325976541
250,279,0.08985504792467112
250,331,0.08606946490347057
250,335,0.07767039634861485
250,363,0.07832041149804442
250,370,0.08820044103351676
250,375,0.0746995182321612
250,376,0.07814964376169767
250,379,0.0864150753976318
250,391,0.08100723037300411
250,397,0.0928447132659145
250,419,0.06487173511070607
250,427,0.08811884617622094
250,436,0.07400167566646272
250,445,0.06356716939108628
250,455,0.08273814350816407
250,458,0.09914635142723797
250,462,0.07024658648274686
250,467,0.07698045759892382
250,475,0.07876306338597072
250,485,0.08182118557273611
250,486,0.08648017025565632
250,499,0.08403461562594641
250,513,0.07937156854524391
250,516,0.0865559406510131
250,524,0.09320068804868505
112,11,0.12563617206858563
112,19,0.13773930274642732
112,21,0.14490260377529
112,22,0.11300759971332053
112,26,0.12683214024486456
112,48,0.13880272334947724
112,51,0.09511243816836668
112,59,0.14345669339697703
112,61,0.13699540654810494
112,75,0.14014848161594695
112,78,0.1267191935217057
112,88,0.09419572566715181
112,95,0.11083816488783707
112,96,0.13711549408702067
112,102,0.13392785795289597
112,108,0.1334819919329585
112,110,0.144709634922213
112,111,0.14577171590642082
112,126,0.13522010402159282
112,135,0.10762891628088517
112,139,0.12749460044881283
112,148,0.10650409801400779
112,159,0.14152097737567818
112,161,0.13685581667742822
112,165,0.14745879394187084
112,169,0.08513332193943933
112,182,0.1349707418486196
112,201,0.17824603766022062
112,209,0.10843603075773244
112,221,0.139941541520945
112,229,0.1150708662275241
112,241,0.11187565653193048
112,242,0.11442775305161217
112,244,0.14461160630686704
112,251,0.10421739927485668
112,265,0.13742909019516208
112,272,0.11990023870251193
112,277,0.15645189922866076
112,280,0.1653057191757301
112,292,0.13214074339839205
112,297,0.11168296401151424
112,298,0.11816905559032458
112,304,0.14926302723565613
112,315,0.14070479863457824
112,336,0.13541034954908981
112,348,0.10236012061081083
112,350,0.10058909355469832
112,366,0.13610384633532543
112,371,0.14388671708719042
112,372,0.14277529397599453
112,389,0.15767853800428083
112,392,0.13152752632381662
112,394,0.14610787307665205
112,398,0.1445981534193965
112,402,0.09893106836955316
112,405,0.12032066336315506
112,407,0.12873048652617325
112,414,0.15376790828917827
112,420,0.16477360549061346
112,425,0.14127582360533358
112,428,0.15572603710270935
112,442,0.12756228614591397
112,446,0.09507255626828834
112,450,0.12367574859264119
112,483,0.16289430566918484
112,490,0.1636765092653285
112,492,0.1369574019858424
112,501,0.13154171703431916
112,505,0.1333015309853387
112,509,0.11793883103168222
112,511,0.14009765323046203
112,526,0.1493299616865185
137,10,0.10535608294685468
137,21,0.10531543600286648
137,26,0.1116736506030416
137,28,0.1147130184802155
137,30,0.08408504206592604
137,32,0.08550485337585298
137,40,0.08975342534654256
137,54,0.07220006028594006
137,62,0.075466737033137
137,74,0.08894190774352184
137,90,0.08627756769494775
137,103,0.09908147908596214
137,118,0.07233663703414508
137,124,0.1007381822968098
137,130,0.07868965094634997
137,131,0.07406614208606355
137,135,0.1052384139126021
137,148,0.09655204099555355
137,161,0.11456678684478688
137,165,0.10800923622674603
137,171,0.09430276036245304
137,179,0.08998949925472996
137,185,0.07068863676912904
137,207,0.08106087757105605
137,224,0.10258256649493283
137,227,0.07675450967979461
137,236,0.08537824221673777
137,244,0.10436722814048963
137,270,0.09322760483300903
137,284,0.07585330818037395
137,289,0.09182768164125563
137,291,0.1054979155063375
137,294,0.07717740174016398
137,302,0.08854003502187661
137,311,0.07592179062330459
137,319,0.10334134357923012
137,331,0.09109019915937584
137,334,0.08890240929890525
137,339,0.09047505326662661
137,344,0.10325997078747938
137,345,0.10535922686786041
137,354,0.10920363350654791
137,355,0.07029651752489001
137,359,0.08902593459645042
137,361,0.07349374793790958
137,396,0.10008182969853432
137,398,0.1046009257366707
137,402,0.09721188136564426
137,404,0.10235444522093651
137,409,0.08948330452002295
137,415,0.10766069682168793
137,423,0.07429852835472187
137,454,0.09886336940359143
137,470,0.11374113744526382
137,474,0.10933853157090292
137,476,0.10073133593288658
137,485,0.07396077671203306
137,492,0.11810498327085371
137,503,0.08576746171695994
137,505,0.11345806315515625
137,512,0.07402283881353852
137,519,0.10325920748867368
137,523,0.08786761875196199
335,3,0.08594365366569688
335,41,0.08579997815998743
335,46,0.08175511261120327
335,63,0.05843380382526431
335,68,0.07947293251992553
335,72,0.07974077961633913
335,81,0.07782912598300076
335,84,0.07655382375222482
335,125,0.08282568598682316
335,145,0.08617326014619779
335,155,0.0782736019601909
335,226,0.05727591302169052
335,238,0.0795891786930739
335,246,0.07724289451246646
335,250,0.07767039634861485
335,283,0.08390424129694614
335,339,0.07796683614125109
335,360,0.05928864512212783
335,363,0.08380745001986084
335,365,0.07698650052240155
335,397,0.07870925795619364
335,408,0.07739006063724992
335,412,0.07256805242794115
335,418,0.08152512566760688
335,419,0.06788386625586058
335,424,0.08007778409631616
335,426,0.07849088241771691
335,432,0.07505598086168391
335,503,0.07866227820980844
335,516,0.08036016092696525
335,530,0.05520110344402486
335,532,0.061389351932391374
352,25,0.10057691664407399
352,30,0.08303080783297934
352,68,0.08297037955378965
352,86,0.0846071753598836
352,90,0.0862067067214018
352,124,0.0856329675847785
352,129,0.06912200300947834
352,140,0.09094247275492043
352,143,0.06191412357710175
352,154,0.07778840881685242
352,163,0.082364741819473
352,184,0.09496782762565936
352,196,0.07960501156149935
352,220,0.08034333461878322
352,249,0.08710735599184243
352,275,0.07306565547075713
352,302,0.08344826352690471
352,341,0.09244233565847505
352,344,0.08599591477078927
352,391,0.07847154725441367
352,415,0.08695537328346627
352,417,0.07881531335627044
352,427,0.08256422749015727
352,432,0.08542191799318312
352,435,0.08229962720154002
352,444,0.08399401738693951
352,454,0.08698672740758233
352,458,0.07763426895374573
352,465,0.082886920910208
352,495,0.08131772633523515
26,6,0.1182807831051508
26,7,0.10786371625081852
26,10,0.14612641666886136
26,23,0.10916608930023879
26,30,0.08383735120349455
26,35,0.11824183388011907
26,51,0.09487411136195725
26,53,0.10860410951491031
26,57,0.08174011499148799
26,65,0.0754468406299135
26,76,0.1010712628014069
26,79,0.13107748423875676
26,80,0.09186677378798286
26,82,0.08701252838552889
26,103,0.09735496944251289
26,112,0.12683214024486456
26,130,0.08010813891544653
26,131,0.07487424406375508
26,132,0.11240238801672371
26,135,0.11963338200749035
26,137,0.1116736506030416
26,139,0.12189594384285883
26,144,0.07942771476793008
26,147,0.09070167171002043
26,150,0.11010857888300449
26,151,0.13992841932418335
26,161,0.1551344849777429
26,164,0.07976608046187916
26,165,0.13482386444776262
26,166,0.09264281593431956
26,172,0.0865258062176408
26,173,0.12325988659833641
26,195,0.10505260601506894
26,201,0.12341976209111728
26,205,0.13710597914489686
26,207,0.08109143373294973
26,209,0.1138936295907095
26,213,0.1185719000571776
26,222,0.08896448308331753
26,224,0.10052513616360348
26,227,0.07627560532802279
26,249,0.08918411994899929
26,256,0.07270630543724135
26,268,0.07758492108003076
26,277,0.12839962034050845
26,289,0.09467434517218444
26,291,0.10079855013658626
26,295,0.11200216533134497
26,300,0.11605115914202742
26,306,0.09015313329787282
26,307,0.0858241342562851
26,318,0.0851156822945612
26,320,0.0847639035031737
26,321,0.11646306612787133
26,325,0.09034576537790175
26,326,0.11922414808047976
26,331,0.09505509137686464
26,344,0.09022179860513291
26,345,0.10351903456216745
26,354,0.143832592103296
26,374,0.10411592243985454
26,378,0.08486734268834865
26,398,0.13100706623514397
26,399,0.0946926086241436
26,402,0.11056737771389842
26,404,0.09902253542705924
26,409,0.0862012145614361
26,413,0.13732205464423575
26,414,0.13520648269584698
26,415,0.10879869895784497
26,429,0.0712852905003316
26,442,0.1528709402622115
26,447,0.08386933354035156
26,454,0.09806883762712566
26,464,0.09702620781909342
26,470,0.10533519409539166
26,473,0.1263737547099346
26,474,0.1044347778197943
26,476,0.09282111623408297
26,487,0.1087733219561517
26,492,0.13389770658170225
26,498,0.09569565228536803
26,504,0.1481587309706262
26,505,0.1301170805416001
26,519,0.08579628538504004
26,523,0.08304353124581111
26,524,0.095280357866021
54,76,0.07704462305314094
54,86,0.07772965508401018
54,89,0.07279304931539807
54,90,0.07985506775049903
54,107,0.07554977231903345
54,129,0.07212653710966357
54,137,0.07220006028594006
54,163,0.07266126069997071
54,171,0.07660833141395788
54,249,0.07497653068926603
54,263,0.08740229996026759
54,269,0.0756999882796149
54,291,0.07321954549281158
54,320,0.0740775967951347
54,341,0.07452992508544327
54,345,0.07637086383600405
54,378,0.07519434660926896
54,415,0.07174164471033143
54,444,0.08549224114906263
54,454,0.07577716422110245
401,7,0.07559248847417126
401,51,0.0743432628251592
401,70,0.08955785803264424
401,106,0.10890237632002278
401,139,0.07606587077373951
401,152,0.11312246128143612
401,165,0.07988179817771737
401,199,0.11726561896837498
401,205,0.07645634779722955
401,229,0.0747956962543779
401,303,0.09130511791993452
401,304,0.07682630595961581
401,315,0.0788913706571905
401,368,0.09806593146252171
401,403,0.10955102920403087
401,442,0.07829742953616621
401,447,0.07612882835961167
401,470,0.07588114142306672
401,487,0.08214212052061197
401,505,0.07650048914412284
449,6,0.11394329148790468
449,7,0.10536023882337847
449,23,0.10398181068167328
449,53,0.1457774298695358
449,79,0.11423372588332488
449,98,0.08936304844535511
449,117,0.059020837331812584
449,132,0.11758029447510553
449,139,0.11741536804686795
449,173,0.1150135109267076
449,183,0.09680571864387336
449,193,0.07806442200836151
449,195,0.0944279830961625
449,205,0.11969618904468499
449,213,0.11401809367913365
449,231,0.11543890648644067
449,259,0.11469474183119945
449,272,0.13211008586721648
449,278,0.11099618038894275
449,295,0.1029583891382542
449,298,0.11657179942357869
449,318,0.08988397115031356
449,321,0.10980373807771511
449,349,0.07178855228016148
449,354,0.11085059221694128
449,374,0.11705741798338766
449,414,0.12215630996618691
449,442,0.12162335020982336
449,487,0.09893850060724346
449,490,0.11441384793129122
449,496,0.0772119950256043
449,504,0.1222995049994604
449,507,0.08749248958207287
449,510,0.1106466751950797
449,522,0.07871055931859672
168,8,0.12998562544392436
168,17,0.12405797180346441
168,22,0.11413596091075769
168,50,0.10898595698978912
168,87,0.10903439101766595
168,92,0.11228505994772593
168,123,0.11349144035213006
168,158,0.11223578582898452
168,169,0.08451599536793258
168,197,0.11764313063231419
168,211,0.10969380136505322
168,245,0.10874516847431143
168,288,0.13468540174626537
168,366,0.1203704614269985
168,373,0.10062058947058783
168,382,0.1363675120920251
168,390,0.103653137853127
168,425,0.11170025288675865
168,428,0.12582193635716918
168,461,0.11506724264269598
168,473,0.11295502729593478
168,479,0.11607592024140456
168,529,0.10995351374618585
224,10,0.11061130373982414
224,23,0.09919781737587827
224,26,0.10052513616360348
224,28,0.10050570782174209
224,40,0.10030202393979609
224,52,0.07701768831644724
224,82,0.07809193020724005
224,87,0.10182493794262636
224,131,0.07917193548571702
224,137,0.10258256649493283
224,165,0.09938753660073624
224,169,0.084963735947617
224,177,0.0851307879388085
224,185,0.07009374598013314
224,194,0.0853197882109789
224,195,0.09433120488900987
224,219,0.08598668854518349
224,243,0.06815558372958311
224,244,0.1075042158820472
224,255,0.0927804772674367
224,277,0.10010833733506538
224,289,0.1044958826807242
224,319,0.10042095674031687
224,331,0.09456534264335763
224,354,0.10477847530367229
224,361,0.07311108840649287
224,398,0.09914275186894297
224,409,0.09943483826855803
224,462,0.07185515189952937
224,473,0.10084904188411027
224,474,0.1049354329764207
224,476,0.09836413844508166
224,492,0.10378436701395059
224,519,0.10405816711835579
224,528,0.07123767097814385
238,4,0.07123014407309126
238,30,0.08499802794249055
238,33,0.06734564871296107
238,47,0.09951924379561353
238,60,0.07074022855615471
238,63,0.05749669390484964
238,68,0.08810866672872307
238,81,0.0875827116170906
238,125,0.08759149168640416
238,153,0.08329054390643792
238,176,0.08412569143740446
238,180,0.07330317003584405
238,202,0.06790855626754279
238,235,0.07440354224560222
238,237,0.07352719867718915
238,248,0.07955109737453278
238,271,0.07502566962801946
238,322,0.06513353633933842
238,323,0.08453401959282417
238,335,0.0795891786930739
238,339,0.08582545257425526
238,353,0.07862776335964444
238,359,0.083997187806415
238,363,0.08720691939441623
238,365,0.05782403340708955
238,370,0.08423504595093532
238,376,0.06918149411506137
238,396,0.08223168202404481
238,397,0.09012164325663856
238,400,0.08502041784197605
238,424,0.08650396350382356
238,427,0.08731865139826585
238,459,0.07430081517796296
238,460,0.0871505556810616
238,475,0.08295674552279698
238,499,0.08859985886233676
238,516,0.09006781913127608
412,3,0.07126927490499257
412,18,0.06744586738805843
412,58,0.071255727214871
412,63,0.06259738425325449
412,73,0.07213528541197683
412,81,0.07372870063921301
412,84,0.07325348798860029
412,101,0.07449717417722863
412,116,0.07191312029175453
412,124,0.0753002182242878
412,125,0.07291390726903699
412,155,0.07341634487385697
412,163,0.07300803970323799
412,184,0.0752397958749113
412,196,0.07504316461957518
412,302,0.07370915611829967
412,335,0.07256805242794115
412,347,0.08217825845391605
412,396,0.0721013484904589
412,432,0.07738257047931257
412,457,0.07187840118522068
412,458,0.07354900439880857
412,486,0.07700729212639493
103,6,0.09214250194514415
103,7,0.09493613280179171
103,10,0.0983843709139892
103,18,0.0677190366405496
103,26,0.09735496944251289
103,33,0.0668301993737047
103,38,0.08511801086192448
103,40,0.0859760727451426
103,62,0.07462123868721612
103,74,0.08701246562404662
103,87,0.09237637759687939
103,125,0.09099958581608994
103,131,0.0920402217393341
103,132,0.1008688163717025
103,137,0.09908147908596214
103,161,0.09403981775143261
103,165,0.10070451507171203
103,177,0.08187974592922548
103,205,0.09429245657149901
103,244,0.09369012744749008
103,255,0.09184718307305051
103,275,0.06665246423811434
103,294,0.07853478471393562
103,331,0.09805547040488154
103,345,0.09167488973754108
103,354,0.09605014419263001
103,413,0.09580219059683961
103,415,0.10138131989437203
103,418,0.07895100948301238
103,470,0.1089857506639524
103,476,0.09265762880854934
103,492,0.10176091016029518
103,504,0.09926794288683653
103,505,0.09696164842992411
103,524,0.08464540499922328
323,24,0.08149984605570873
323,43,0.0733364253492182
323,46,0.07897991407364453
323,47,0.0729682302440644
323,71,0.06580910908968461
323,81,0.07391559509586201
323,84,0.07329309921951235
323,125,0.08101805406709302
323,153,0.08056179890330423
323,156,0.0659275282516976
323,166,0.07356788152703901
323,179,0.07913507395146756
323,202,0.07112204088908952
323,204,0.08674667051110105
323,237,0.0819634672510801
323,238,0.08453401959282417
323,271,0.0740413836994293
323,283,0.07358129697755231
323,284,0.07367899934811724
323,460,0.0761088572189716
323,475,0.07751374290510057
323,486,0.09148418444640144
323,514,0.07519096414579396
447,7,0.08334652840290863
447,26,0.08386933354035156
447,39,0.07584272311354073
447,90,0.08391025492394161
447,150,0.09178235252697756
447,151,0.08341329414431331
447,152,0.0802826849106833
447,172,0.0869037307571529
447,199,0.07273720149871016
447,205,0.08712118301993886
447,269,0.08305363555462514
447,287,0.0821009577792301
447,302,0.08635192066913944
447,339,0.08401137528744584
447,378,0.09587071414319216
447,387,0.08335740668839743
447,401,0.07612882835961167
447,403,0.08539022993090556
447,415,0.08531480407239356
447,454,0.0820950331260102
447,470,0.08610594000404174
447,477,0.07509227788404849
447,482,0.07335388126387724
447,500,0.0731443055615078
447,504,0.0862736629381837
447,505,0.08545766086136468
447,524,0.082894682152261
477,29,0.07780272579883755
477,38,0.08695419350992871
477,57,0.07516951040123154
477,124,0.0835574551046501
477,134,0.07461167924018566
477,140,0.0776644547869969
477,150,0.07710988788580223
477,179,0.08375870479249901
477,194,0.07548326597968069
477,205,0.07479033250908115
477,233,0.08212028978753093
477,236,0.08571374262536051
477,249,0.07526362847123898
477,283,0.07856903905679496
477,287,0.07720754381801424
477,302,0.07705060166833164
477,308,0.07748541089017234
477,339,0.07483265383464643
477,447,0.07509227788404849
477,523,0.08402490565295491
132,6,0.13778124488530746
132,7,0.11479268564724134
132,26,0.11240238801672371
132,45,0.11600938928177586
132,65,0.07347855404906985
132,79,0.12375863321065672
132,80,0.09625619104016653
132,83,0.11107379690656208
132,98,0.11318431941385534
132,103,0.1008688163717025
132,139,0.13952598356680157
132,150,0.10026215627725348
132,161,0.11419845441693795
132,173,0.12289903613979523
132,178,0.061818485295714015
132,199,0.0711016812991978
132,205,0.1299644598218718
132,213,0.11165362153244575
132,231,0.10388382270235538
132,259,0.11547239199263534
132,295,0.09847844443514332
132,303,0.08376093095830918
132,318,0.08087636721475455
132,321,0.1262645375505729
132,326,0.11672433539045629
132,354,0.13578710934181953
132,403,0.09051782323372332
132,405,0.11023162367870516
132,413,0.1158950117219029
132,442,0.12364307709408026
132,449,0.11758029447510553
132,487,0.12634341455413242
132,498,0.10588306214210787
132,504,0.1317893823448187
132,507,0.08419423750516693
132,510,0.10618606721728678
171,29,0.08162118573196192
171,41,0.1030618052144171
171,49,0.08885949086204438
171,54,0.07660833141395788
171,77,0.0706216672761133
171,86,0.08701534694041553
171,93,0.09269905147588792
171,101,0.08420954402147218
171,109,0.0723921520960944
171,116,0.08637387548838614
171,125,0.08948052362791821
171,134,0.08503556057743693
171,137,0.09430276036245304
171,163,0.08839791545475502
171,174,0.09577540872025495
171,184,0.0865254489897625
171,208,0.07233669985196904
171,222,0.10484033008771573
171,236,0.09019118544284042
171,269,0.08402060765568256
171,271,0.08130225236705534
171,305,0.08866140250610398
171,320,0.08394978638444993
171,347,0.09969963817781101
171,359,0.08476146961344154
171,363,0.07575012355725184
171,370,0.08750176210167399
171,411,0.07623223575147582
171,423,0.08142883608586629
171,427,0.0915893036911243
171,440,0.09344637196689402
171,459,0.08142789459166137
171,464,0.09486808970742475
171,482,0.07339786618386754
171,494,0.1008630137799527
171,503,0.09047604033064596
171,512,0.08653831495493046
193,31,0.07575428897719128
193,107,0.07296197039798238
193,151,0.0837263141206672
193,174,0.0804661239311178
193,183,0.0999049126621478
193,213,0.07810559050403637
193,222,0.09315926129934256
193,260,0.08759733068691865
193,286,0.0749363091028385
193,305,0.08057138912002451
193,332,0.07936349455676292
193,342,0.0988897700532316
193,349,0.0981596407492277
193,374,0.08731443761604395
193,413,0.07898167156321907
193,442,0.07730888733177635
193,449,0.07806442200836151
193,494,0.08424059113404733
193,496,0.08461306166955518
193,507,0.07872943332622628
193,520,0.09341069090718485
193,522,0.08843685128887893
193,527,0.08931091878463654
423,3,0.08051834623452529
423,29,0.07322208181124036
423,77,0.07261559915062725
423,125,0.08646672916913604
423,137,0.07429852835472187
423,140,0.07873253609561912
423,154,0.07989383547142406
423,163,0.08587972190248462
423,170,0.06039322517707678
423,171,0.08142883608586629
423,179,0.07303355222214698
423,217,0.07560127884906911
423,236,0.07802265062127456
423,341,0.07593799388686022
423,347,0.07675152220265369
423,359,0.07426704009515805
423,422,0.07648869029642749
423,427,0.07345098622396645
423,433,0.07571457158469835
423,440,0.07645475953376799
423,503,0.08155741499216095
423,513,0.07807675233353868
450,17,0.10760277680145622
450,28,0.1313453727098673
450,34,0.12233199397297513
450,56,0.11577553234535418
450,61,0.13678314014571885
450,74,0.08666689431626906
450,87,0.12645925588349297
450,112,0.12367574859264119
450,160,0.1412907251181564
450,197,0.12946294774847436
450,200,0.11064488328277734
450,211,0.10558878667415933
450,240,0.1269696465270224
450,244,0.12617062192285378
450,245,0.12288404791705482
450,278,0.12361324509344579
450,366,0.13559136285331486
450,372,0.13589000763456202
450,380,0.11958172375972591
450,388,0.11957320331260565
450,389,0.14186722791465659
450,398,0.15327249493730138
450,428,0.13727852126099746
450,456,0.13900707323005662
450,461,0.12309390542805375
450,483,0.13115991937214042
450,489,0.12240907720517348
465,32,0.0929345885213579
465,41,0.08552320311082943
465,89,0.08674241575384462
465,90,0.09802384032458533
465,107,0.07475618399683685
465,124,0.0802867245140306
465,174,0.08221707142616104
465,184,0.0920447394786274
465,196,0.07989277672795002
465,210,0.07925373687248657
465,222,0.08025487679174595
465,263,0.08343001333299509
465,283,0.07938242963991325
465,293,0.06824411012766246
465,339,0.08362491784102075
465,343,0.08277917507230248
465,352,0.082886920910208
465,370,0.08635302178640786
465,417,0.07827782684979867
465,424,0.07981934236223845
465,427,0.08155469609962718
465,432,0.07576262253369742
465,435,0.07215113699777262
465,444,0.08074007038209773
465,464,0.08038586380155781
465,494,0.08687338076813166
524,10,0.08572940348227039
524,23,0.0864675699260157
524,26,0.095280357866021
524,30,0.10227025731012454
524,33,0.06906449253401993
524,68,0.07871719741512041
524,72,0.07481526939722488
524,103,0.08464540499922328
524,114,0.06958928152997598
524,124,0.0929756990862005
524,125,0.08517253143408562
524,135,0.09457893411204475
524,138,0.08460156720987605
524,147,0.09108793372522381
524,150,0.08421355479795789
524,155,0.08430869200154877
524,172,0.08991972243088166
524,250,0.09320068804868505
524,252,0.06132444214187146
524,281,0.07955955704876022
524,283,0.08617615380725044
524,289,0.08425544649168504
524,322,0.06599338859562087
524,327,0.08169831911920078
524,375,0.07500803776252311
524,376,0.07897129922156898
524,386,0.07965193286220887
524,415,0.08933641674557893
524,426,0.08172451806533058
524,427,0.08927410066081844
524,447,0.082894682152261
524,460,0.08790507389217449
524,495,0.0815494121848592
524,499,0.08321359464877504
524,504,0.09116202946546466
524,508,0.06559896682447026
84,3,0.0849782394700184
84,36,0.07673578550140715
84,41,0.07763583772831527
84,46,0.08666049459693996
84,58,0.06956899147357505
84,63,0.0569033209265262
84,81,0.08079780416594226
84,105,0.07547828424451317
84,116,0.07781235671297403
84,125,0.07984701705892167
84,140,0.07985572351087114
84,145,0.07325700529265487
84,194,0.07764583336284421
84,237,0.06418727251041396
84,243,0.07219001936187427
84,246,0.07212361500798721
84,258,0.07166914692569076
84,305,0.07910398852859256
84,323,0.07329309921951235
84,335,0.07655382375222482
84,339,0.08539054203773488
84,360,0.06648296847359092
84,397,0.07839321846088129
84,412,0.07325348798860029
84,467,0.07652378419957785
84,475,0.07644359717630604
84,485,0.07613228418633489
84,486,0.08288751505487435
84,513,0.08320762785395538
84,514,0.0796434964347188
84,516,0.0828702244982625
84,530,0.055976211442368126
282,2,0.08294883149581989
282,12,0.0797256572816944
282,29,0.07401842743549623
282,47,0.07276208662896136
282,116,0.06966866010788911
282,146,0.06772834523463361
282,176,0.06792355168751901
282,186,0.07805501825913091
282,223,0.08045417813249804
282,236,0.07277588319696751
282,267,0.07265612389395636
282,299,0.07272853535168404
282,305,0.07132483205389348
282,327,0.07395056110991263
282,347,0.07321835603272418
282,353,0.06779632307790923
282,357,0.07037872889981951
282,393,0.06957895280110676
282,433,0.07071815635001673
282,514,0.0725330273746341
3,13,0.07926513629052656
3,25,0.08827661384227022
3,37,0.0696597807780237
3,38,0.0851511587014813
3,41,0.0883760796654136
3,47,0.07905729564078998
3,63,0.06411015806535698
3,72,0.07529206943474354
3,84,0.0849782394700184
3,100,0.08238974219512377
3,109,0.07457501458479839
3,124,0.09884590839436162
3,125,0.09126127563595562
3,138,0.0881040174768793
3,140,0.11533421856948178
3,145,0.0934888216870721
3,146,0.08524401661825821
3,154,0.07927591083145652
3,170,0.059387075672350076
3,179,0.08433203861670291
3,196,0.08430731491592339
3,233,0.08244794266799886
3,252,0.0681717234416793
3,258,0.07883917020714803
3,283,0.088926128943856
3,302,0.103571731494437
3,329,0.08014448989245399
3,335,0.08594365366569688
3,339,0.09327889822609908
3,341,0.08931465730005626
3,358,0.056167379108433994
3,360,0.06085103962496571
3,363,0.07608070568929474
3,365,0.056902973701808156
3,375,0.0801631282890803
3,376,0.06854604407597834
3,397,0.09058086786512942
3,408,0.07861090663727817
3,412,0.07126927490499257
3,416,0.06810893333096318
3,418,0.08694954465040654
3,422,0.07322777073864874
3,423,0.08051834623452529
3,427,0.09204476839323204
3,433,0.08092289180831679
3,448,0.07751747772244809
3,485,0.08080881784271822
3,495,0.07375002655450714
3,503,0.09350925267780451
3,513,0.07978676624060513
3,515,0.07991324796269053
3,518,0.07990533661979728
181,14,0.1533719514832328
181,75,0.10053583561751356
181,79,0.1006809026598001
181,88,0.10072673941425368
181,94,0.1395651740390545
181,167,0.1405608371992349
181,190,0.09795624701519288
181,198,0.10102693444173762
181,214,0.11742611195647465
181,215,0.11977630005194928
181,228,0.1005411619426001
181,242,0.12393555160908304
181,273,0.12909185594670175
181,313,0.09274638567173529
181,350,0.12284908213423407
181,434,0.14306693906424137
181,453,0.10212726387044248
181,463,0.11666416202192867
181,472,0.1242834417359768
181,488,0.10743479081839212
181,491,0.12760539557784858
181,497,0.11666596565780242
183,79,0.09498811129075885
183,98,0.080753043719421
183,151,0.10290069785305511
183,193,0.0999049126621478
183,198,0.09477521278634003
183,213,0.10936474010326934
183,231,0.10699250789720953
183,259,0.09737809012463265
183,260,0.0857485734124759
183,307,0.09036761293002976
183,318,0.09021988527938088
183,320,0.09063524613551392
183,321,0.09401560563219735
183,338,0.07908761882612819
183,342,0.07811780243180083
183,349,0.09394332913677135
183,374,0.11284869093269731
183,387,0.09853488141527218
183,413,0.10094280391194836
183,442,0.0971865019691969
183,449,0.09680571864387336
183,453,0.09099405289211676
183,496,0.11561457918603121
183,504,0.09392656853664672
183,507,0.11031293159423847
183,510,0.10083067265366435
183,522,0.09775867557196348
183,527,0.08047050248536845
426,13,0.08551687148311607
426,15,0.08290085248764323
426,18,0.07155691600417
426,20,0.07028006049151624
426,30,0.08335250497811604
426,33,0.07913368229204078
426,41,0.0910254732619978
426,46,0.0996530979947725
426,66,0.08139647411494545
426,73,0.08840261091562256
426,93,0.08798615077464594
426,114,0.07565708865768687
426,125,0.09032086229493044
426,147,0.09338436882076578
426,155,0.10003256225273195
426,156,0.06924054522522287
426,170,0.05961274885995209
426,175,0.07386372444314636
426,179,0.08714955762559896
426,180,0.07292136889816417
426,185,0.07022025456170579
426,202,0.07077969798783088
426,219,0.08389894983919781
426,226,0.053619160393131984
426,227,0.07686084100455322
426,237,0.06559055439459976
426,279,0.0779012599892474
426,296,0.07966333973911341
426,302,0.08129003891484184
426,308,0.09854001366974324
426,311,0.07194031177535448
426,335,0.07849088241771691
426,356,0.06476313090451796
426,363,0.07881538615991437
426,365,0.06208673223504513
426,370,0.09253376241773631
426,386,0.08511621912118283
426,411,0.08119018513534186
426,415,0.08661777530919472
426,424,0.09020132710833412
426,466,0.08128613857032499
426,468,0.07547546601834093
426,499,0.07708408448520544
426,512,0.07359815879769281
426,524,0.08172451806533058
473,8,0.1456377261719321
473,10,0.13959002517960084
473,17,0.1092594613625186
473,19,0.1501891163146105
473,21,0.14330036336141572
473,22,0.1262524980010233
473,26,0.1263737547099346
473,28,0.12769026236173917
473,34,0.14268194194783673
473,44,0.1303979788278871
473,50,0.12628672513700978
473,55,0.11353106859581319
473,70,0.07761038951056293
473,82,0.08457514183402029
473,87,0.15319762589397096
473,91,0.118610218507239
473,92,0.11390524236766737
473,120,0.12644870395610563
473,123,0.1292475458626884
473,139,0.1302288786161782
473,144,0.07912577783145697
473,158,0.14065619360024914
473,161,0.13623962392295222
473,162,0.1276799151271417
473,168,0.11295502729593478
473,169,0.08993777414516586
473,173,0.13584368308167488
473,197,0.1617733269573766
473,224,0.10084904188411027
473,241,0.11268776477211191
473,244,0.15073549788677137
473,247,0.1092846386820392
473,270,0.10063621653674004
473,277,0.1906371112220122
473,278,0.15944518226506849
473,288,0.14825936251775168
473,298,0.11636003455578842
473,315,0.135632414351029
473,316,0.13024066370788095
473,326,0.12309793759231738
473,330,0.113681599997207
473,334,0.08417706244851765
473,366,0.13124937407616175
473,373,0.09417497950274292
473,382,0.11730341169712155
473,385,0.12773158792129166
473,399,0.09127678994310384
473,403,0.09072190409475132
473,428,0.16826479845329848
473,430,0.12328524146093475
473,437,0.1530760283602408
473,456,0.14138009439425459
473,461,0.14346741564034354
473,476,0.09155680701290538
473,478,0.12714645800363777
473,479,0.1350095147409277
473,484,0.12853602720158716
473,489,0.15003399361327882
473,505,0.1432971767675645
473,509,0.11499713094551234
473,511,0.14064507071931265
473,519,0.08491623610612835
473,526,0.14323814265577334
473,529,0.10763291280013967
520,12,0.07642415524219973
520,30,0.07711859894875572
520,31,0.07033848147910149
520,66,0.07700439807403058
520,89,0.08611664915122393
520,107,0.09256774261257392
520,134,0.07751548543991009
520,151,0.07493271274745264
520,174,0.07868545549828804
520,176,0.08232721714655106
520,193,0.09341069090718485
520,213,0.07860818976973381
520,222,0.0778672915641925
520,260,0.08224453502944921
520,305,0.08816780607628522
520,327,0.08102980746038052
520,332,0.08389970573834057
520,338,0.07513038437371597
520,342,0.06360840859440366
520,370,0.07958359863234868
520,377,0.08013964847237219
520,494,0.08725973069892015
4,9,0.05417757841696647
4,24,0.07121466191370635
4,155,0.07048056055856514
4,166,0.07280733211553168
4,179,0.07121457513610477
4,202,0.07404007408126904
4,220,0.07097849435240872
4,235,0.07449141565310001
4,238,0.07123014407309126
4,253,0.07920826197787711
4,257,0.06682608575042676
4,274,0.07169565691992127
4,299,0.071464959448091
4,311,0.07041139015562399
4,347,0.07265598215492307
4,370,0.07252125092179687
4,386,0.07241425091665744
4,427,0.07974755939247137
4,444,0.07461433679460136
4,460,0.07690441698390285
4,517,0.07112809800907734
4,521,0.07648085733016904
384,21,0.128646455767897
384,59,0.1262167443397553
384,76,0.0996359826346204
384,87,0.12314434360798449
384,91,0.121073245540368
384,96,0.13832209716412064
384,99,0.14079938657993477
384,110,0.12856148657787048
384,119,0.11797863102338765
384,133,0.12813393897023112
384,158,0.1235648287929349
384,247,0.10687880028146368
384,276,0.09599676134149468
384,280,0.12601298988263773
384,336,0.12332135400581852
384,337,0.1340714245144944
384,371,0.12841973815937224
384,394,0.12360323028346215
384,420,0.13780510872275606
384,425,0.14493774065086393
384,430,0.1231152719258832
384,437,0.12722685165997943
384,439,0.12564183818229188
384,446,0.09695266801078832
384,479,0.13137543804598664
384,490,0.13573581481729324
384,511,0.13390025269342423
492,10,0.12859015004761512
492,21,0.13194878238002408
492,26,0.13389770658170225
492,28,0.12179922685474605
492,35,0.11099764558728596
492,40,0.0840040570224844
492,42,0.12865780393702778
492,51,0.09426839772464042
492,59,0.13600430354908055
492,74,0.0862389882801386
492,76,0.10640313647937508
492,82,0.08484025063652734
492,87,0.13529069596427418
492,103,0.10176091016029518
492,112,0.1369574019858424
492,126,0.12624979953898127
492,127,0.10066415610822328
492,131,0.07473410330269407
492,135,0.10911109242150105
492,137,0.11810498327085371
492,144,0.07578214142283078
492,148,0.1054901366867907
492,161,0.1272343224184363
492,164,0.07887481320714967
492,169,0.0859866625681872
492,182,0.13381427843403582
492,195,0.10175480999355352
492,197,0.12826771670622036
492,200,0.10271938541560872
492,209,0.10922554229956395
492,224,0.10378436701395059
492,244,0.140592337967597
492,270,0.10492071481710753
492,277,0.14998125816794905
492,278,0.1299151271603673
492,289,0.0893031235144149
492,297,0.10956948739861161
492,331,0.0952615620803825
492,344,0.09174525668186936
492,345,0.10918764224835077
492,354,0.1303353060893923
492,361,0.07661776071805318
492,392,0.13288542069322787
492,398,0.13613156913822436
492,402,0.11538289908648672
492,404,0.09850035872900685
492,409,0.08737668535827407
492,414,0.13477564609525763
492,428,0.13560001026196758
492,430,0.11528463311551018
492,454,0.10265371411678692
492,470,0.11430039283080884
492,474,0.11274948929955818
492,476,0.09144546007414733
492,483,0.14098140670404577
492,505,0.1313217087157504
492,519,0.09100784805646159
492,523,0.08315873872241196
8,17,0.10848924312464184
8,22,0.11646869198299567
8,50,0.11743533531880074
8,55,0.098913008169534
8,110,0.12638342105191502
8,123,0.13695010811320682
8,133,0.12825301069159592
8,158,0.12823102268073228
8,168,0.12998562544392436
8,197,0.1651805421852167
8,211,0.10291190273024736
8,234,0.12031115438537064
8,241,0.10966181367248798
8,244,0.13050999605620142
8,247,0.10485901197377413
8,277,0.12521777941491577
8,288,0.14665463818327867
8,304,0.1397307776236891
8,366,0.13571661546426655
8,373,0.09619467036914882
8,382,0.12760779185808518
8,390,0.1182369700161875
8,420,0.1316570834699707
8,428,0.15768908971684772
8,437,0.13642103265013067
8,461,0.13455616101233417
8,473,0.1456377261719321
8,479,0.1472528286235841
8,526,0.13688296886866766
8,529,0.12969061522082329
235,2,0.08316798633288623
235,4,0.07449141565310001
235,85,0.07352023351321832
235,138,0.07455713684501115
235,146,0.07158454242139665
235,155,0.07556843554759932
235,166,0.07156154196141669
235,176,0.08539739848994661
235,179,0.07228146647291708
235,238,0.07440354224560222
235,299,0.08798170408580175
235,369,0.07134540497320739
235,397,0.07515716742943267
235,421,0.07700645861526963
235,427,0.0770616245097843
235,444,0.07210187878224147
235,460,0.07483087055215853
235,466,0.08035607203834566
235,516,0.07339972085779119
235,521,0.09282265846875608
387,67,0.10444356343266285
387,79,0.15717014173096563
387,94,0.12411397536893375
387,142,0.17796899909284575
387,150,0.11816785072780452
387,151,0.1332913062711453
387,164,0.07612110825758174
387,177,0.08896472441574703
387,183,0.09853488141527218
387,190,0.09973192463928986
387,192,0.14018249381574785
387,198,0.18638129561425307
387,213,0.12443282757215206
387,215,0.117077051308406
387,218,0.13622493490788748
387,225,0.17140975731142466
387,228,0.119004263870646
387,254,0.08581102069697598
387,259,0.10944793779033393
387,281,0.08192480201200285
387,300,0.12173756832547038
387,307,0.08961398728406071
387,310,0.11976012163069341
387,321,0.11852210567088715
387,340,0.11325263202623954
387,346,0.11407401119834008
387,374,0.1220610196493412
387,410,0.14489560616887256
387,413,0.1282564623979901
387,431,0.11142907067744932
387,434,0.11502086432625606
387,442,0.13375191961229235
387,447,0.08335740668839743
387,453,0.12612991075974614
387,491,0.13624239289654536
387,497,0.13364608696105792
387,498,0.1082426526075119
387,504,0.13962472373766457
387,507,0.08852971834462042
474,10,0.10826052080978926
474,19,0.10818721968498655
474,21,0.10290222842883097
474,26,0.1044347778197943
474,28,0.1000606058369866
474,30,0.08734827447859228
474,35,0.10226548913885909
474,38,0.08552817911116042
474,52,0.07511802353120169
474,74,0.08743182606450152
474,117,0.05855571933608838
474,126,0.10651058202117968
474,135,0.10243995140796062
474,137,0.10933853157090292
474,161,0.10374879228037451
474,166,0.08897811226786846
474,177,0.08221259053924955
474,195,0.0970311195117651
474,201,0.09816230574749123
474,205,0.09912401703643865
474,224,0.1049354329764207
474,244,0.10193282884249893
474,277,0.10313667031339337
474,278,0.10480975751272698
474,289,0.09742642682126691
474,294,0.08086610730511903
474,354,0.10667281441758318
474,372,0.10126266503528895
474,436,0.07473502421409214
474,455,0.07497253639788591
474,470,0.10431421043971502
474,492,0.11274948929955818
474,519,0.09483659292344897
474,523,0.08789952498938108
474,528,0.07716987477192573
474,530,0.054490575822836944
515,3,0.07991324796269053
515,5,0.06753088110254289
515,25,0.08812581087048256
515,37,0.07826049265506937
515,41,0.0802238078699586
515,86,0.0904922843117933
515,90,0.07955743388492598
515,100,0.06987097981405303
515,109,0.07521407478062735
515,122,0.0898733957789774
515,124,0.08837551952097294
515,129,0.07333602675120528
515,140,0.08411120858552636
515,157,0.07837993077001101
515,184,0.08539497639362068
515,196,0.08002324485676784
515,262,0.06453285419782813
515,263,0.08382989746733356
515,287,0.08689496747005823
515,291,0.0796219308106648
515,293,0.06580539619741806
515,302,0.0796340381805266
515,314,0.05587494294695595
515,320,0.08088293022291697
515,338,0.0788264373971999
515,339,0.08321042480105949
515,353,0.08406168302554393
515,355,0.09273162891606951
515,508,0.07218573388331284
515,518,0.08926150640560705
38,3,0.0851511587014813
38,30,0.08850801621919577
38,66,0.08788070897416592
38,93,0.08497410702290062
38,97,0.08497900290927021
38,103,0.08511801086192448
38,105,0.07301662040136381
38,124,0.0873947530262211
38,134,0.08856798183298169
38,138,0.0874066149490734
38,140,0.09687816383802256
38,150,0.08563438129838659
38,170,0.06295048566231781
38,174,0.09388556861064738
38,177,0.08145298182685057
38,179,0.08598851546913541
38,206,0.0744779567999654
38,233,0.08850929733618276
38,258,0.07032636432456739
38,269,0.08648979297112779
38,289,0.08511712942912611
38,294,0.08644292055205242
38,305,0.08577402476196126
38,308,0.08080405081740574
38,381,0.0714569492014855
38,386,0.0832464860758572
38,411,0.079021723274074
38,427,0.09316176935251491
38,445,0.06435165624000316
38,468,0.07561756807854285
38,474,0.08552817911116042
38,477,0.08695419350992871
38,517,0.08384208645154922
38,523,0.1011741926047221
38,528,0.07416244866236078
141,21,0.12099227174728698
141,42,0.1213759419533907
141,88,0.09208727736996936
141,92,0.12322467098755935
141,111,0.1425705154813704
141,133,0.12839909229924137
141,158,0.1274665786060296
141,197,0.12412753698195673
141,265,0.12032585185766137
141,276,0.08952677836955447
141,277,0.12215884274598185
141,278,0.12206772562277182
141,316,0.12612966781444918
141,317,0.10757312309857445
141,328,0.12365816056439728
141,389,0.12248231526777356
141,425,0.12644582137692517
141,428,0.11818059303184589
141,456,0.12088540899910083
141,478,0.1397722498851082
141,483,0.11982678470194809
141,490,0.12102310798526403
141,509,0.11336072127484668
141,511,0.12896993029921114
281,79,0.09361803548408622
281,150,0.07796934424640131
281,166,0.07945971412510039
281,174,0.08083328731734551
281,195,0.07939883854944216
281,198,0.08430659070532867
281,205,0.08000304798639417
281,213,0.08094481872323349
281,300,0.08854603490682555
281,310,0.07870739150285103
281,387,0.08192480201200285
281,413,0.0797876477413822
281,415,0.07899269192926979
281,442,0.07888463879274764
281,453,0.08235260957129635
281,471,0.07857654333716435
281,491,0.07940520674437937
281,497,0.08291693596306121
281,504,0.08694566983093316
281,524,0.07955955704876022
343,5,0.06463541081775838
343,32,0.08265883993462016
343,43,0.07497892709161103
343,47,0.08278869624765788
343,49,0.09193192191680452
343,107,0.07473597186768924
343,122,0.07358227157339044
343,124,0.07680022978404522
343,125,0.07967193896606624
343,179,0.07639411787940321
343,196,0.0900310458262418
343,210,0.07689401049669932
343,290,0.0755866023054808
343,341,0.07704639723881121
343,370,0.07591089871106735
343,397,0.07857844987045033
343,435,0.07698491566841613
343,444,0.0795569067747245
343,465,0.08277917507230248
343,503,0.07618862444690022
343,521,0.07834389810974617
50,8,0.11743533531880074
50,17,0.10770885388935354
50,34,0.11671478453662334
50,42,0.1193919670443595
50,44,0.12182085528997204
50,56,0.1193137884061574
50,87,0.1203267997913189
50,123,0.11812698259398009
50,149,0.10590162597890643
50,168,0.10898595698978912
50,197,0.1263265180805216
50,211,0.10791151070052335
50,241,0.10702036600129515
50,245,0.11637592780043089
50,277,0.11914045437332493
50,278,0.12031483039060388
50,288,0.12413600238039488
50,325,0.08822512154985411
50,361,0.07253461677332569
50,373,0.10538712826683157
50,382,0.11591773355058185
50,385,0.11613968989413727
50,428,0.1199014264905834
50,437,0.11741137087523457
50,456,0.12127061985187872
50,473,0.12628672513700978
50,478,0.12073344730079308
50,529,0.12655505615585194
166,4,0.07280733211553168
166,15,0.08606633493034475
166,26,0.09264281593431956
166,35,0.09011456696384137
166,43,0.08167710169791509
166,60,0.07280683665354686
166,74,0.09035366346415381
166,79,0.08983676246713769
166,85,0.08715602757678655
166,105,0.07645104248235692
166,146,0.07873907177425345
166,150,0.08928828458514668
166,151,0.09151304787272545
166,153,0.08285158420062828
166,161,0.0895892825100539
166,174,0.10605094261797125
166,177,0.08241047914956517
166,186,0.0797126110519057
166,195,0.10420184695272464
166,206,0.07552680386751764
166,217,0.08509308840086995
166,219,0.08429734482559922
166,220,0.07979944526778007
166,235,0.07156154196141669
166,250,0.0844577319734416
166,267,0.06260995663163377
166,268,0.07795049562439223
166,281,0.07945971412510039
166,290,0.07729672377653078
166,299,0.0964944927496843
166,300,0.09767565016792619
166,305,0.10423145538652599
166,309,0.07706389406724734
166,311,0.07066687995008447
166,323,0.07356788152703901
166,324,0.055728530504147035
166,354,0.08853489344381028
166,359,0.08373850381038941
166,367,0.07980136104864173
166,378,0.0853651865744398
166,406,0.08410426882924632
166,409,0.08488737635164331
166,413,0.09464182314721574
166,421,0.07271954193596601
166,427,0.09150597903429901
166,436,0.07571615918260656
166,459,0.07642485904459181
166,460,0.09395837512407347
166,464,0.09732444938295132
166,474,0.08897811226786846
166,486,0.08651731702535281
166,494,0.08936826065792897
166,504,0.0936272544828766
166,517,0.08349560898878651
166,521,0.08395998206738137
166,528,0.07146569499274874
275,1,0.011397029696812127
275,30,0.07106957069728388
275,39,0.06742883712226193
275,103,0.06665246423811434
275,117,0.060655368316128146
275,122,0.07346313992763887
275,146,0.07145213958875105
275,155,0.07344210011982336
275,179,0.06705988887366447
275,195,0.06908622660329289
275,206,0.06891926974528176
275,220,0.06993724449360549
275,249,0.06785398930615971
275,263,0.06745055337091677
275,289,0.06627957481851188
275,300,0.06780044350523222
275,352,0.07306565547075713
275,396,0.06928439079539787
275,454,0.06755097050325735
275,470,0.06950971043473621
275,471,0.06975423186336444
275,482,0.06760493029461306
332,57,0.1007978705623283
332,66,0.11234873914717249
332,71,0.06500114998812696
332,85,0.07376812957344049
332,116,0.08276435323532959
332,134,0.09030038806572116
332,147,0.09165718454675706
332,151,0.09292842233232088
332,157,0.07609958147461984
332,174,0.10269856962964112
332,176,0.08526370290410056
332,179,0.08446891836862871
332,193,0.07936349455676292
332,223,0.08214823223688017
332,227,0.0767756254667854
332,253,0.07711725803845143
332,286,0.07635617910507861
332,290,0.08352733286758834
332,299,0.08466039817333398
332,300,0.09338988751848204
332,305,0.11298126737271047
332,327,0.08229397705990547
332,369,0.0844332780698839
332,370,0.09137118157059583
332,377,0.08758637385563402
332,400,0.08142398526467028
332,411,0.07753580952795526
332,413,0.09102673636494928
332,459,0.0748892918478437
332,460,0.0868854508312353
332,467,0.08373662087505453
332,481,0.08536164509354552
332,494,0.09034302100853343
332,504,0.08713285103616691
332,512,0.07579391841032562
332,514,0.10912622215492844
332,520,0.08389970573834057
179,3,0.08433203861670291
179,4,0.07121457513610477
179,15,0.09810580540229914
179,18,0.07298799118362338
179,20,0.07610574202499767
179,24,0.08131215477300271
179,29,0.08277109206553188
179,32,0.08467028300129202
179,33,0.06703879660953731
179,36,0.08184201838649854
179,38,0.08598851546913541
179,41,0.09727963356100196
179,43,0.08173800396910931
179,46,0.11746920650956572
179,49,0.08042492291283661
179,57,0.0835352400157528
179,74,0.08624352507125693
179,77,0.07505882351197898
179,81,0.08828552289980235
179,85,0.07271217027487623
179,124,0.10736006412324979
179,125,0.10182315227319642
179,130,0.08118524971876141
179,131,0.083899646796103
179,134,0.08760775801899695
179,137,0.08998949925472996
179,146,0.08907149585768508
179,155,0.08591376999952895
179,156,0.06461719862781867
179,170,0.05943712656696219
179,180,0.08031244339936688
179,189,0.10164779936043726
179,194,0.09038590958859903
179,196,0.07919003780871538
179,204,0.08411822523331788
179,216,0.0823250640162505
179,219,0.07951799045898772
179,227,0.07642825437950536
179,233,0.08192576148530785
179,235,0.07228146647291708
179,236,0.09709555631275342
179,237,0.07041529857825364
179,239,0.06604455279066046
179,246,0.07154513206375263
179,248,0.07585598045823613
179,257,0.07043558880672941
179,274,0.0865744675679929
179,275,0.06705988887366447
179,284,0.09054888841094005
179,290,0.08186517140189704
179,296,0.0756325425999652
179,299,0.08352668949563814
179,308,0.09337888548616505
179,311,0.07343998614483688
179,323,0.07913507395146756
179,329,0.08176037585777778
179,332,0.08446891836862871
179,343,0.07639411787940321
179,356,0.06551357792902594
179,365,0.05725307411654556
179,376,0.06934433441006176
179,379,0.11552832563354258
179,383,0.07843313818196203
179,386,0.08012752740588726
179,396,0.09469323654333467
179,411,0.07627699713801987
179,418,0.0896409715531022
179,422,0.0731073251509694
179,423,0.07303355222214698
179,426,0.08714955762559896
179,427,0.09344004667076025
179,433,0.07736038697484451
179,436,0.07694628748299788
179,455,0.07828851478798493
179,464,0.09485593952189517
179,466,0.09211449162874612
179,467,0.0833933306526169
179,468,0.07599170889293262
179,477,0.08375870479249901
179,480,0.09322733286790767
179,486,0.08749495444334889
179,499,0.08111681593593299
179,503,0.0950032764958374
179,528,0.07187699764318274
179,532,0.06186581360674444
248,5,0.06824260122494312
248,25,0.0764709166421335
248,30,0.08466140840839209
248,41,0.08666191493841245
248,60,0.07267172962160866
248,101,0.07830346159489497
248,115,0.07507257288655117
248,124,0.08317147079609055
248,179,0.07585598045823613
248,206,0.07838620929384517
248,238,0.07955109737453278
248,246,0.07651818974285518
248,271,0.07117891261974309
248,274,0.07628682795118753
248,283,0.07616597280815353
248,296,0.07353611607313947
248,338,0.07616698086508367
248,339,0.07727301359098601
248,353,0.08009628314035759
248,355,0.07219584235705985
248,356,0.06944462058520702
248,370,0.07826584612680942
248,391,0.0850825035676455
248,396,0.08379451000848666
248,419,0.06555726233650541
248,486,0.08091710568936811
248,495,0.07474048050376504
248,499,0.08580128426150756
248,508,0.06687023407942434
248,516,0.07728831876011809
299,2,0.09411755340696432
299,4,0.071464959448091
299,12,0.08304572022151836
299,15,0.08279741343495939
299,24,0.0814624584018516
299,31,0.07527590467730146
299,47,0.07804757430669264
299,66,0.08533796336362698
299,85,0.08916662980973691
299,115,0.07501348737155487
299,166,0.0964944927496843
299,174,0.08521869740272124
299,176,0.088784370358869
299,179,0.08352668949563814
299,187,0.0743539144482158
299,235,0.08798170408580175
299,267,0.06582665630881952
299,282,0.07272853535168404
299,305,0.09225803062175077
299,332,0.08466039817333398
299,369,0.08627835976475844
299,377,0.08451558838245009
299,406,0.0957344176637793
299,421,0.08192820609503464
299,459,0.07605655689787885
299,460,0.08640901860719727
299,464,0.0933597367050196
299,480,0.07673604716202952
299,481,0.08977522503289112
299,512,0.07815186680188409
299,514,0.09439915185472736
299,521,0.08718945692493393
299,527,0.09423351297925794
314,1,0.01130475007945205
314,13,0.0521717794706327
314,39,0.053083225369471417
314,66,0.053087537255517986
314,124,0.05451507541849707
314,196,0.0524902159564627
314,258,0.05506728522627264
314,262,0.06390062171101933
314,287,0.056300454165051556
314,341,0.053518708625865614
314,355,0.054963047776139785
314,391,0.05363684496325047
314,396,0.05333744410750705
314,417,0.053906607845824475
314,418,0.05264439217979386
314,422,0.05508372899229871
314,444,0.05266883745943734
314,457,0.057951189875851884
314,512,0.05253212367791127
314,515,0.05587494294695595
314,518,0.05849489248914763
39,13,0.07561371002963446
39,25,0.07343765402090086
39,37,0.0716027994417637
39,41,0.07869738450083588
39,46,0.07211797625059115
39,86,0.07785224494179088
39,138,0.0725636718049128
39,140,0.07581316871715083
39,163,0.08374882174009804
39,185,0.07120417339398
39,196,0.0791745254340496
39,210,0.07618267547066303
39,262,0.06321018817672053
39,263,0.09074470791883846
39,275,0.06742883712226193
39,283,0.07503092516623927
39,287,0.09008598329763455
39,302,0.07249528663689764
39,314,0.053083225369471417
39,339,0.08592489101639073
39,408,0.0769773731397504
39,416,0.07133944445666775
39,419,0.06511486961541109
39,444,0.07489688830598679
39,445,0.0652361355916116
39,447,0.07584272311354073
39,457,0.0733735835342191
39,518,0.07937786927439797
87,17,0.1081684581899527
87,19,0.16205996148929877
87,21,0.14942271926584585
87,28,0.13498678095038172
87,34,0.1606534148586897
87,40,0.08182642434329415
87,42,0.1368315209597111
87,44,0.13413069224831484
87,50,0.1203267997913189
87,55,0.11841115156675537
87,59,0.1700976110255601
87,69,0.12168865927267877
87,83,0.11402345535337528
87,92,0.11399434471192417
87,99,0.15475536784559682
87,103,0.09237637759687939
87,123,0.13304245399663575
87,131,0.07610881744071796
87,133,0.18043798669853936
87,144,0.07587741984976885
87,149,0.10357463970721316
87,158,0.13745542406323882
87,162,0.1397066711961497
87,168,0.10903439101766595
87,169,0.09138717681369037
87,197,0.1545216538518883
87,200,0.09545817267184468
87,211,0.10175815485060609
87,224,0.10182493794262636
87,240,0.14694544228156453
87,244,0.16617175974123372
87,245,0.14214411975090868
87,270,0.09510543390556449
87,277,0.16277176566711346
87,278,0.15596383886967155
87,288,0.1320869825343897
87,298,0.1131871439231671
87,301,0.13169816391186923
87,316,0.12960493371750417
87,319,0.1352102909791978
87,325,0.0880439083291658
87,330,0.12755345628069423
87,334,0.078734606411156
87,336,0.15448684132053603
87,354,0.12824808399275578
87,361,0.0726185408470515
87,373,0.10392298336359834
87,382,0.11734621564086213
87,384,0.12314434360798449
87,385,0.13280885094151298
87,388,0.12355765143525138
87,392,0.14098313932117498
87,398,0.1463539220927522
87,403,0.09562036660004435
87,407,0.11839515470784583
87,420,0.15358562378587998
87,428,0.14821798075927478
87,450,0.12645925588349297
87,461,0.14269238866625922
87,473,0.15319762589397096
87,478,0.13443997715011868
87,479,0.13522790195087217
87,492,0.13529069596427418
87,505,0.15060398598921834
87,511,0.14298967273378985
87,519,0.09284735984003868
87,529,0.10968801483063988
236,2,0.09060026030879494
236,15,0.08613482504763977
236,20,0.0743865578861285
236,29,0.09395226989370482
236,32,0.08669956872190608
236,41,0.08975283978203194
236,49,0.07862287476886422
236,52,0.0752222082109872
236,77,0.07490381487943384
236,105,0.07300168178667976
236,130,0.08504243132314067
236,137,0.08537824221673777
236,171,0.09019118544284042
236,174,0.0887532799003403
236,175,0.08538742697869374
236,177,0.08070110632242167
236,179,0.09709555631275342
236,194,0.09058859167974395
236,204,0.07668856635344433
236,223,0.08534937410901366
236,233,0.08133995532187711
236,239,0.0655874633790776
236,246,0.07082880176716706
236,257,0.06506933622509921
236,282,0.07277588319696751
236,284,0.07473605300544424
236,285,0.08783003676802215
236,296,0.07462813537330543
236,305,0.0899495261858034
236,308,0.08741296050245985
236,311,0.07212793584656411
236,347,0.08432947956166693
236,357,0.09109283998013382
236,359,0.0829885769000501
236,379,0.0871775880458317
236,381,0.07236878683337698
236,383,0.08127703015961928
236,423,0.07802265062127456
236,440,0.08375906359231032
236,441,0.08392598122716777
236,462,0.0689721406410086
236,477,0.08571374262536051
236,503,0.0877560997238339
236,514,0.09226803077168039
439,10,0.12210627439478204
439,21,0.12176275751132147
439,34,0.13421265815838543
439,61,0.12409326236283753
439,96,0.13046425610006604
439,119,0.11526850770402623
439,133,0.12825927131411866
439,161,0.12423492754976058
439,162,0.12107998571725472
439,240,0.1264961760378799
439,276,0.09162581152406146
439,277,0.1179246437341896
439,280,0.12034077444272051
439,291,0.10270976777346344
439,337,0.14465724676067165
439,380,0.12508847939419415
439,384,0.12564183818229188
439,404,0.09675259011607601
439,437,0.12850268603532872
439,470,0.10531084237696102
439,479,0.1274194326151032
439,489,0.12986345976318375
439,490,0.12377997007320114
439,505,0.12077636059049633
439,511,0.13756776541136062
471,16,0.08249125888190073
471,51,0.09432293792419855
471,75,0.08247282431288676
471,79,0.0831632453176999
471,104,0.08400994655381878
471,108,0.09067991926454763
471,126,0.09279501516712453
471,148,0.09094743574995837
471,172,0.0873933972238478
471,182,0.09181513131352509
471,201,0.09561534445348228
471,209,0.08877853606126201
471,275,0.06975423186336444
471,281,0.07857654333716435
471,291,0.09289202185404667
471,297,0.08565898147901867
471,300,0.08726972335816842
471,414,0.08230651286008366
471,429,0.07162404930257306
471,454,0.08409452316050042
471,470,0.08279396235539066
471,504,0.08449622665022771
471,505,0.08672187666534133
154,1,0.011280618161012975
154,3,0.07927591083145652
154,63,0.05535086907155215
154,105,0.07590805090697154
154,124,0.08717588366036425
154,125,0.08284757040405535
154,140,0.07969562933236056
154,163,0.09213202760907445
154,184,0.08241682441151256
154,206,0.0764908317682536
154,220,0.0769532018455767
154,249,0.07997110625975004
154,252,0.05788357809590267
154,274,0.08054853572981018
154,283,0.0781111911127412
154,284,0.0746909371333605
154,324,0.061030916007250115
154,329,0.07683518877364949
154,341,0.07822149193768851
154,352,0.07778840881685242
154,358,0.06010746459861268
154,391,0.08480386792579359
154,417,0.08158060909020191
154,422,0.07719177391545962
154,423,0.07989383547142406
154,433,0.07651262314774232
154,448,0.07628238784032068
154,485,0.0800863610219236
154,495,0.08855105461692421
154,503,0.07834290726132373
264,2,0.07679203891819322
264,12,0.07848053111903196
264,27,0.09109933591329479
264,29,0.06929935483541336
264,31,0.0679810854695517
264,89,0.08267334348393558
264,188,0.08765989096745735
264,191,0.06862265023244744
264,232,0.08693868689731098
264,256,0.07043476009682846
264,260,0.06770141480011742
264,266,0.06860528897670488
264,293,0.06564985263543417
264,305,0.07096211795435266
264,351,0.07404996515579364
264,421,0.06771088115771032
264,469,0.07127216940260922
264,481,0.07237593145036125
264,493,0.07492973430808277
264,521,0.07032298390242778
264,527,0.07255935516566277
317,19,0.10675251884241763
317,21,0.10682315903186632
317,42,0.11283981701677245
317,83,0.11929855911888286
317,102,0.10838423667498948
317,133,0.11087173027637481
317,141,0.10757312309857445
317,182,0.10959015200318001
317,212,0.11138514700075447
317,234,0.1108011133282468
317,277,0.11224526139430965
317,366,0.13409611110551026
317,389,0.12263248420412204
317,392,0.11197958078954745
317,420,0.10766521481913022
317,428,0.11578050277917458
317,456,0.10615018665251333
317,478,0.10778469337052009
317,490,0.10629524550696517
317,526,0.11089498140107483
11,75,0.12957847214167498
11,108,0.1179748714649756
11,110,0.11074645407916427
11,112,0.12563617206858563
11,159,0.1106387471497359
11,182,0.1151757544176634
11,201,0.13309132170756438
11,221,0.11415465878802222
11,265,0.1110357221219857
11,272,0.11515123390024593
11,280,0.12228194916816086
11,292,0.12096907948362118
11,371,0.112078114727975
11,389,0.12896572185822222
11,394,0.11104131131700336
11,414,0.12132988000487001
11,428,0.11128917732818895
11,456,0.11391609772579367
11,490,0.11421269351755693
11,504,0.11285214247385085
124,3,0.09884590839436162
124,5,0.06875692088146006
124,13,0.07993708197352202
124,24,0.08056149709461287
124,25,0.08303381319633642
124,36,0.07614066290872262
124,37,0.07194129088213448
124,38,0.0873947530262211
124,41,0.09136128891087282
124,46,0.09041444725238033
124,72,0.07722000625861337
124,73,0.10032096565749023
124,81,0.09684858394109173
124,90,0.08680661684285275
124,97,0.08225238437554577
124,100,0.06913959532668451
124,118,0.07299541650245694
124,122,0.08643185983148638
124,125,0.09464505995046722
124,130,0.08143036409620492
124,134,0.08652064160532795
124,137,0.1007381822968098
124,138,0.08044338465010513
124,140,0.10038741437887233
124,143,0.052099756419875444
124,145,0.07822014416798904
124,146,0.08689168621058009
124,153,0.08154424811562266
124,154,0.08717588366036425
124,163,0.08913942674517056
124,174,0.09418144725710871
124,179,0.10736006412324979
124,184,0.10049736502426737
124,185,0.06947074544742513
124,189,0.08131497850199766
124,194,0.08736485569610862
124,196,0.1013464592214389
124,208,0.08256745581048341
124,210,0.0712146048381663
124,216,0.0897430182309885
124,230,0.07915341169735252
124,233,0.0868810800372603
124,248,0.08317147079609055
124,249,0.09914085823948837
124,257,0.06581734076441625
124,258,0.0744627251685897
124,262,0.0652613180485962
124,263,0.09512905622593727
124,268,0.07337936578917464
124,269,0.08871256813833371
124,283,0.10106556580774491
124,284,0.07968828861898897
124,287,0.08877490839426032
124,302,0.09270905234631645
124,314,0.05451507541849707
124,322,0.06276803561944422
124,329,0.09589900813154409
124,334,0.07884199120575978
124,339,0.1043300764277144
124,341,0.09172645920496053
124,343,0.07680022978404522
124,344,0.09268123792552234
124,345,0.08907568793751465
124,352,0.0856329675847785
124,355,0.0821894854745861
124,358,0.05558052137310597
124,375,0.07834179871815057
124,376,0.07227064507945109
124,379,0.09249857513181785
124,383,0.07582334589950473
124,391,0.08869793234982547
124,396,0.10619850502437603
124,397,0.0935444414984143
124,412,0.0753002182242878
124,416,0.06921689072613132
124,417,0.08706063101106805
124,418,0.0941769974072514
124,427,0.09955519499181535
124,432,0.08058699480146236
124,433,0.07584989113160968
124,455,0.07649346776368283
124,458,0.07368479328527187
124,465,0.0802867245140306
124,466,0.08036573127243514
124,467,0.07659332177697915
124,477,0.0835574551046501
124,485,0.07700772353804747
124,486,0.09097145602911995
124,495,0.08770920238843073
124,502,0.06878335057716277
124,503,0.09646654757152111
124,506,0.05993143682343371
124,508,0.06489858626183641
124,515,0.08837551952097294
124,516,0.08496118353261686
124,518,0.08939624884463399
124,524,0.0929756990862005
124,528,0.0737535989892103
301,19,0.11772807285364617
301,21,0.12173815377749679
301,28,0.1114714756047346
301,34,0.13232894026827288
301,59,0.1500037218702039
301,69,0.1152888261348548
301,87,0.13169816391186923
301,133,0.115430972876402
301,160,0.1179143793593321
301,277,0.11149950524969798
301,278,0.11586590313411159
301,304,0.11316248214840957
301,316,0.11763163230613392
301,319,0.10937439618764068
301,330,0.10927188192566539
301,336,0.12523877438099093
301,354,0.11333503116404631
301,385,0.11495593982601036
301,392,0.12068075317722099
301,398,0.1094436165775443
301,511,0.1119125042117044
431,67,0.09006235662982828
431,113,0.11983420937843953
431,142,0.11943529477387968
431,190,0.11391407091861265
431,192,0.14051182308273086
431,198,0.10398757116545863
431,215,0.10744493965624859
431,218,0.09967054947094556
431,225,0.12325796244105683
431,310,0.10133773293168462
431,340,0.10541217970301651
431,346,0.09685537136676425
431,362,0.11265148064503562
431,364,0.08929980146187187
431,387,0.11142907067744932
431,410,0.10720580520217185
431,438,0.11421521988333799
431,452,0.09151362173373385
431,453,0.12303148014923322
431,463,0.10167824469411123
431,472,0.1123552203076291
431,488,0.10498410384603285
431,491,0.10447971464579724
431,497,0.10988016735359038
479,8,0.1472528286235841
479,22,0.12246022409276618
479,34,0.1387378206398332
479,87,0.13522790195087217
479,91,0.11892390902202764
479,99,0.13054040063371256
479,102,0.13210738666890537
479,110,0.14870169740759612
479,119,0.11772886681357828
479,120,0.13350145660715712
479,123,0.13808886363526313
479,133,0.1591577449877953
479,162,0.1265172095548542
479,168,0.11607592024140456
479,169,0.0916825415483205
479,240,0.14647086500951279
479,247,0.11232372829625893
479,270,0.09568576763648404
479,276,0.0896049167300983
479,280,0.14257947640999274
479,304,0.14211672704035921
479,316,0.12587335996126264
479,319,0.1344255057991531
479,336,0.13352374499306116
479,337,0.12507125415742473
479,380,0.12128737177964191
479,384,0.13137543804598664
479,390,0.11125719432368422
479,420,0.1313931476672079
479,425,0.15913792720243028
479,428,0.14191457649021966
479,430,0.1260729667025663
479,437,0.14717532849207135
479,439,0.1274194326151032
479,461,0.14419698819676582
479,473,0.1350095147409277
479,489,0.1273427742302234
479,501,0.13564321455931927
479,529,0.11661756776514454
182,11,0.1151757544176634
182,16,0.11209869089424787
182,19,0.12573154038137513
182,42,0.12445062444932152
182,45,0.10434677073533624
182,51,0.09487603724897309
182,65,0.0762803812257361
182,70,0.07798313827131821
182,75,0.12259348512669589
182,78,0.12086513931272298
182,108,0.14010950427392327
182,111,0.12892063492622263
182,112,0.1349707418486196
182,126,0.12433601856778599
182,127,0.1149678073384609
182,139,0.12735760685565622
182,148,0.10770314647217394
182,164,0.07628457749626746
182,173,0.12535681442183
182,201,0.14158058177962982
182,270,0.0995951069922236
182,277,0.15302128172864857
182,297,0.11161621081288155
182,317,0.10959015200318001
182,344,0.0893943640071995
182,348,0.11099803078061588
182,371,0.1363602763796965
182,372,0.1291141427241571
182,389,0.13248133123324868
182,398,0.13199412643325725
182,402,0.09726374613695289
182,414,0.12952803588512157
182,428,0.15061780604225994
182,429,0.07161881726317325
182,471,0.09181513131352509
182,483,0.14134884811728674
182,484,0.14863432478422495
182,492,0.13381427843403582
182,511,0.126156771733502
206,29,0.07439344886880027
206,30,0.09193807635794128
206,38,0.0744779567999654
206,58,0.06627559953454025
206,63,0.05791102230896411
206,74,0.07983433859927512
206,136,0.05577134898266822
206,154,0.0764908317682536
206,155,0.08150215477010005
206,166,0.07552680386751764
206,195,0.074853672511305
206,226,0.05490969491727778
206,248,0.07838620929384517
206,250,0.07749606978498684
206,258,0.07629587416568957
206,274,0.0762611939609085
206,275,0.06891926974528176
206,370,0.07675546219211551
206,424,0.07430712517147438
206,427,0.07764731387614143
206,436,0.09100388529108137
206,455,0.08249491366240112
206,460,0.07661782993780415
206,517,0.07425755644579213
206,523,0.0749812559841163
363,3,0.07608070568929474
363,41,0.07921224567072176
363,47,0.08595999090570841
363,58,0.06631224803774356
363,63,0.060865591333945666
363,68,0.07703300152525168
363,81,0.07568823791861676
363,116,0.07597034367701598
363,125,0.0839473771447921
363,140,0.07482363832038365
363,155,0.07443429842581957
363,171,0.07575012355725184
363,226,0.054011947386429685
363,238,0.08720691939441623
363,250,0.07832041149804442
363,335,0.08380745001986084
363,347,0.08247901916957383
363,397,0.08103742234124477
363,400,0.07783240848790819
363,424,0.08420560758140647
363,426,0.07881538615991437
363,458,0.07420699469277417
363,503,0.08078296705427382
363,516,0.08514906458454703
65,7,0.07618368447645753
65,26,0.0754468406299135
65,35,0.07579331737554909
65,45,0.07479763542809459
65,118,0.07235270309468231
65,127,0.07974036627674982
65,132,0.07347855404906985
65,139,0.0784390939190935
65,144,0.077183072826125
65,161,0.07456066632954168
65,173,0.08288349688459963
65,182,0.0762803812257361
65,205,0.07384116472022005
65,213,0.07512385458243177
65,277,0.07472854951033943
65,326,0.08047280872595705
65,354,0.07349410359879308
65,402,0.0756284324084809
65,476,0.07967173057248222
65,505,0.07369113473357683
65,511,0.07462426437990292
75,11,0.12957847214167498
75,16,0.10230898419086613
75,53,0.11703158122776935
75,78,0.12150484786622119
75,79,0.1281469271748914
75,88,0.09768327172866334
75,96,0.13915881194718485
75,108,0.14478213455113445
75,112,0.14014848161594695
75,126,0.13523029495498
75,181,0.10053583561751356
75,182,0.12259348512669589
75,201,0.14676311578397225
75,203,0.09574465761030676
75,212,0.1242562075117187
75,221,0.13361892393446234
75,229,0.11946688281350906
75,242,0.11044814232569201
75,251,0.09872334199105354
75,261,0.11322085020507956
75,265,0.14010094350508043
75,280,0.15848731060854404
75,292,0.13541898439376912
75,312,0.12392143337030687
75,313,0.08789877148058507
75,315,0.12534828065185388
75,348,0.10584345760485347
75,350,0.11034929502498907
75,371,0.1292551717778781
75,372,0.12893932366635805
75,389,0.14641364726279255
75,405,0.11616745015634262
75,443,0.11395485876172266
75,471,0.08247282431288676
75,490,0.14773146780834664
75,511,0.12246272611804344
77,29,0.06985920658103077
77,41,0.07025856004088053
77,130,0.0719090779157214
77,155,0.07100594111124665
77,171,0.0706216672761133
77,179,0.07505882351197898
77,180,0.06880840194765846
77,194,0.07201479603800617
77,226,0.052955333515108415
77,236,0.07490381487943384
77,279,0.07227199804781907
77,284,0.07373561919030472
77,308,0.07011259507426336
77,311,0.07368467490631403
77,379,0.06966095009890826
77,423,0.07261559915062725
77,440,0.06920924263422103
77,455,0.07414659640995341
77,464,0.06861021516475234
77,503,0.06893212312614515
77,513,0.07102771375958543
77,532,0.06452615589879208
368,51,0.0901996276603306
368,70,0.08976030808347041
368,79,0.08817287854400138
368,106,0.09903532919533631
368,126,0.09019067779752428
368,139,0.0919645434374677
368,152,0.09799789025294268
368,178,0.060232584468548976
368,199,0.09446285098563842
368,201,0.09422021344593276
368,203,0.08971638095548588
368,205,0.09144580777738881
368,251,0.09652121940482261
368,303,0.08435709552202751
368,315,0.08830145854187194
368,348,0.0957801765815249
368,371,0.0883243571573659
368,389,0.09646668134183582
368,401,0.09806593146252171
368,403,0.08959277556826857
368,405,0.09053544897194092
368,509,0.09243450590136697
531,23,0.1038021353353153
531,28,0.11224790848787305
531,34,0.11509465835827631
531,61,0.11462496365830876
531,120,0.11157613767395437
531,161,0.11783975341388812
531,240,0.11392252042061124
531,277,0.11307603335257725
531,278,0.10739845895275572
531,312,0.10897819754704456
531,319,0.11716602934257946
531,336,0.12322890450680683
531,354,0.11491715234415108
531,380,0.11038949520215594
531,385,0.10791914056198737
531,394,0.10866909071330629
531,398,0.11289730925572508
531,404,0.1012456120249026
531,428,0.1086275230683589
531,437,0.1186227721347565
531,489,0.12096059781708292
531,511,0.1075965593034207
96,21,0.1484644978144573
96,48,0.13944148549218435
96,75,0.13915881194718485
96,76,0.10202804085699785
96,78,0.1293109859546207
96,91,0.11830629927630655
96,104,0.13127780142014092
96,108,0.1300155912432233
96,110,0.13866486656057223
96,111,0.1466816117608867
96,112,0.13711549408702067
96,126,0.12847529553464973
96,159,0.11547679438551633
96,165,0.13171076057234635
96,212,0.12730406904850242
96,221,0.13400593849386078
96,229,0.123622249633618
96,261,0.10569885702833351
96,265,0.12584749027803366
96,280,0.1537365479464043
96,291,0.10499321757324707
96,292,0.1424413691908164
96,337,0.1339047939708248
96,380,0.12058159970061126
96,384,0.13832209716412064
96,425,0.1626669048984813
96,430,0.12464934533347548
96,437,0.13670530810152196
96,439,0.13046425610006604
96,443,0.113278483980843
96,446,0.09495677322031844
96,456,0.13471675601437091
96,490,0.14861886653041878
96,505,0.15437381926941812
96,511,0.14700067203064848
345,10,0.0990274848906137
345,26,0.10351903456216745
345,32,0.08388034770644104
345,40,0.0801496035962347
345,54,0.07637086383600405
345,82,0.07595019787764383
345,90,0.08802886253726801
345,103,0.09167488973754108
345,124,0.08907568793751465
345,131,0.07414754741377334
345,137,0.10535922686786041
345,161,0.09008476979488453
345,172,0.08338814625544577
345,195,0.09031427379352865
345,210,0.07102886211208184
345,244,0.09005055403644911
345,249,0.10154185724710878
345,278,0.0926952598096849
345,291,0.0962177928118579
345,294,0.0814605608235685
345,326,0.09386960719544357
345,334,0.09169327661126231
345,344,0.09197179437589371
345,354,0.09964036545557263
345,361,0.07645476762364928
345,404,0.09879391805789126
345,413,0.09874614227658883
345,415,0.09002633673790841
345,418,0.07867282411991232
345,492,0.10918764224835077
345,505,0.09241879885360567
345,523,0.0834349865882899
362,67,0.08155274510999505
362,113,0.09796714315290497
362,142,0.08290940135686803
362,190,0.08526166539538374
362,192,0.10234808637642608
362,215,0.0801335447362695
362,218,0.0794240547283226
362,225,0.08621134131681503
362,310,0.08085483892391247
362,340,0.08846670884048097
362,364,0.08557481654869317
362,410,0.07890927085928573
362,431,0.11265148064503562
362,438,0.09381310891154475
362,452,0.0875815127532028
362,463,0.08077123429129986
362,472,0.07988512387836469
362,488,0.07924204123463839
362,491,0.07831774309826588
362,497,0.07977097955451197
377,27,0.06647008217048167
377,31,0.07518648803677237
377,89,0.08412299489879263
377,107,0.08531409345533363
377,122,0.08102125383509118
377,157,0.09010182382068334
377,174,0.08064477440728661
377,187,0.0715155322175441
377,239,0.06750524499323922
377,269,0.07844231609887765
377,299,0.08451558838245009
377,305,0.07831469012680331
377,327,0.08333359946039308
377,332,0.08758637385563402
377,342,0.06345925800882826
377,357,0.0836913717000598
377,369,0.08020177109670092
377,370,0.08457402766832785
377,406,0.07901220380829274
377,464,0.07948962785714372
377,481,0.0887590503360374
377,494,0.08000778205541714
377,520,0.08013964847237219
377,521,0.0803893267692499
377,527,0.0842455117071755
110,8,0.12638342105191502
110,11,0.11074645407916427
110,21,0.1416282681326513
110,22,0.11288750322768477
110,48,0.1367745786383513
110,78,0.1296457033983958
110,91,0.12087095007318624
110,96,0.13866486656057223
110,102,0.1390209139133774
110,108,0.12940671172257598
110,111,0.14191145816039877
110,112,0.144709634922213
110,120,0.12306157040909606
110,212,0.13185130500836242
110,221,0.13804316618510176
110,229,0.12036153972477465
110,234,0.11832444121168731
110,247,0.11583950737876915
110,280,0.16449875121026328
110,292,0.13999190053818655
110,304,0.14625365840997012
110,371,0.1370240019759185
110,384,0.12856148657787048
110,394,0.14657739749815246
110,420,0.1475885826962429
110,425,0.16517067998156892
110,430,0.12235004456938811
110,437,0.148202717718823
110,479,0.14870169740759612
110,490,0.14694730708931794
110,501,0.13878346815792192
110,511,0.13713465911977762
110,526,0.1398802084472539
146,3,0.08524401661825821
146,5,0.07049253115826477
146,9,0.05362356118248687
146,15,0.08001135158000176
146,41,0.08465928714345108
146,73,0.07954446856952067
146,81,0.08142093538892203
146,122,0.09306621614703714
146,124,0.08689168621058009
146,125,0.08362302495745413
146,138,0.08588104951506027
146,140,0.08136275239310717
146,145,0.07500063124208817
146,155,0.08865026028777473
146,166,0.07873907177425345
146,179,0.08907149585768508
146,208,0.07232445425898722
146,220,0.08469982334868581
146,235,0.07158454242139665
146,267,0.06094388755250774
146,275,0.07145213958875105
146,282,0.06772834523463361
146,283,0.07894052088651077
146,322,0.06404470009105973
146,375,0.08108763897966398
146,396,0.08240870612616889
146,416,0.07586610154515988
146,433,0.08007017213313053
146,503,0.07943203604390627
146,516,0.07768654632907634
279,33,0.06637167999237015
279,41,0.08164639912188723
279,46,0.08574171487437061
279,60,0.0807055505589163
279,77,0.07227199804781907
279,101,0.07620924777354182
279,114,0.07346684370802553
279,125,0.07846549027653221
279,147,0.0865552845772711
279,155,0.07868525212901328
279,180,0.07042120774920617
279,194,0.08304022401839735
279,204,0.08163702213895953
279,219,0.07855537216286616
279,226,0.055580567905746135
279,237,0.06769693838200791
279,246,0.07875178110400537
279,250,0.08985504792467112
279,296,0.07332858239782439
279,365,0.06061749146699167
279,370,0.08289426633687527
279,426,0.0779012599892474
279,436,0.07270764645293026
279,440,0.07683891486540836
279,441,0.07921168657831623
279,466,0.07668757083354986
279,468,0.07360616787139676
279,475,0.08172683621285899
279,485,0.07432335417574937
279,486,0.078278667041515
279,499,0.07706744561594271
279,513,0.0768954129259648
279,532,0.06079443294836053
371,11,0.112078114727975
371,21,0.13559521601968116
371,48,0.12368431878813994
371,75,0.1292551717778781
371,78,0.14086605466505633
371,91,0.11380952811949505
371,95,0.11411971181037757
371,108,0.1588745419782946
371,110,0.1370240019759185
371,111,0.1356100132140284
371,112,0.14388671708719042
371,121,0.11099361614397027
371,158,0.13557083173517878
371,159,0.11547907273630463
371,182,0.1363602763796965
371,201,0.14216250658229976
371,212,0.12673761040330161
371,221,0.12513626095813643
371,234,0.12944344026409949
371,261,0.10597273308780568
371,265,0.1351129224179179
371,272,0.12576891658495945
371,276,0.09887139061023628
371,277,0.1418988166870022
371,280,0.14870781684740322
371,292,0.11858110043026232
371,304,0.13264397680581885
371,313,0.09228192536688512
371,337,0.12635685352034295
371,368,0.0883243571573659
371,372,0.14936157150630655
371,384,0.12841973815937224
371,394,0.14130378920932668
371,414,0.13670661227704123
371,425,0.1467421318215655
371,428,0.14755776400011944
371,484,0.13161195410911364
371,490,0.15298622373539628
371,501,0.14861442560995605
443,75,0.11395485876172266
443,79,0.10380218141898352
443,91,0.10494534391418216
443,96,0.113278483980843
443,108,0.11117993509245742
443,165,0.10648250179471638
443,178,0.060042140141230965
443,201,0.10905269868631247
443,205,0.10347292008426137
443,212,0.10489327717982223
443,221,0.10570130465370131
443,229,0.10790476600897674
443,277,0.10200534937167961
443,280,0.11677809674730644
443,304,0.1093578817655679
443,307,0.09041674911861856
443,315,0.1018045722870656
443,380,0.10451053598536511
443,414,0.10511646170101348
443,484,0.10322607326092645
443,504,0.10418797727050758
443,505,0.12445413504540757
42,44,0.12436535231656155
42,50,0.1193919670443595
42,87,0.1368315209597111
42,92,0.11935446659267207
42,95,0.10589881909206192
42,111,0.12781594711153452
42,121,0.11288380490172208
42,141,0.1213759419533907
42,158,0.1254028762732762
42,182,0.12445062444932152
42,200,0.09815198108240553
42,234,0.12979712133977858
42,244,0.12685775626393667
42,245,0.134080000449687
42,277,0.13230773041716995
42,278,0.1306401718842514
42,317,0.11283981701677245
42,361,0.07701084293595287
42,388,0.12472780860208493
42,392,0.13897086211224907
42,398,0.12688463385439877
42,407,0.12291102396974453
42,420,0.12694889522813288
42,428,0.13885521986632676
42,456,0.14250498541837717
42,478,0.1338995242045438
42,483,0.13129484652322845
42,492,0.12865780393702778
229,70,0.07880170494713447
229,75,0.11946688281350906
229,95,0.10770016102108596
229,96,0.123622249633618
229,108,0.12090323466892834
229,110,0.12036153972477465
229,112,0.1150708662275241
229,152,0.08185945926990597
229,159,0.11677255469880932
229,212,0.126688663389434
229,247,0.12931753741680843
229,261,0.11017836520008663
229,272,0.1187381018332975
229,280,0.1484382080477914
229,303,0.08522798792353552
229,304,0.12243269564779874
229,307,0.08861441455954981
229,313,0.09052873859506766
229,315,0.1312222464241666
229,366,0.11909147867448669
229,380,0.11697445682141577
229,389,0.11931036023660599
229,401,0.0747956962543779
229,410,0.11230720296619238
229,442,0.1188701766628513
229,443,0.10790476600897674
229,461,0.115865967440874
229,484,0.11523408114918295
229,490,0.13419025117138397
229,505,0.12244199838624806
378,2,0.0899129981440156
378,12,0.07989676023849233
378,26,0.08486734268834865
378,54,0.07519434660926896
378,66,0.09013553147305883
378,86,0.09048610108859688
378,89,0.08422783792391982
378,107,0.07463217086921958
378,128,0.07560184320038556
378,147,0.1040904242209785
378,151,0.09154800874335274
378,157,0.07640456590353274
378,165,0.08774702664512382
378,166,0.0853651865744398
378,232,0.07779449294451583
378,253,0.08434438735315497
378,260,0.08485100455536833
378,263,0.08722257040960697
378,267,0.06104267184624627
378,269,0.08608570195398073
378,283,0.08484065873379572
378,305,0.08798119771058226
378,357,0.08045278969326937
378,370,0.09102767315060141
378,415,0.09175728153293237
378,421,0.07110573134829858
378,444,0.08641315639401348
378,447,0.09587071414319216
378,454,0.09796719144076735
378,470,0.09220269332727092
378,481,0.09521409682046938
378,482,0.07674645116846933
378,493,0.07209561011006843
378,504,0.08540496303776568
378,517,0.08248215681999645
2,12,0.10312425236173957
2,27,0.06664702488120182
2,29,0.0868399969078062
2,85,0.07700776110105534
2,89,0.09344551899762482
2,128,0.08193460063676834
2,134,0.08590151044056757
2,151,0.08563149604642288
2,175,0.07821667724687752
2,176,0.09992983556464981
2,186,0.08285581880766547
2,187,0.07640093554423356
2,188,0.07175914754266877
2,191,0.07760689766567166
2,223,0.08812364252846436
2,232,0.08637646705941639
2,235,0.08316798633288623
2,236,0.09060026030879494
2,260,0.08825136499669106
2,264,0.07679203891819322
2,266,0.07364504849724637
2,267,0.06418039973381512
2,282,0.08294883149581989
2,285,0.07902034342404601
2,290,0.07574214580828684
2,299,0.09411755340696432
2,305,0.10388544830712021
2,347,0.08508991880025742
2,351,0.09019743689768935
2,357,0.07947418279642479
2,358,0.055588014085876346
2,369,0.08488819801304937
2,378,0.0899129981440156
2,393,0.07545033646808481
2,406,0.08448384247519118
2,421,0.07920979774069495
2,427,0.08490307106006797
2,441,0.07973757471875165
2,444,0.08597629312778805
2,469,0.06602055458113659
2,481,0.11026310997629381
2,502,0.06995274184867736
2,514,0.08655542473215301
2,521,0.08606695772684063
2,525,0.07319060599272503
2,527,0.08461753196763948
225,14,0.1212631278496848
225,67,0.09088708381688773
225,79,0.1294204993782075
225,94,0.12120718415435708
225,113,0.1019911613592925
225,142,0.17768773423235165
225,150,0.10649725598248676
225,151,0.11819330700993604
225,167,0.08412956112301617
225,190,0.11925067282111314
225,192,0.19659949948325856
225,198,0.1677822789105005
225,214,0.08777343460262575
225,215,0.13675143491616623
225,218,0.14140976637514424
225,228,0.10672882444633873
225,254,0.0846013841009538
225,273,0.09208645692383115
225,307,0.0865969701281664
225,310,0.12002107038607744
225,340,0.12515284443803534
225,346,0.1142186073306275
225,362,0.08621134131681503
225,364,0.07707684119256573
225,387,0.17140975731142466
225,410,0.14882968183373066
225,431,0.12325796244105683
225,434,0.11732374896519503
225,438,0.12980765157538982
225,452,0.07530500496410149
225,453,0.12704019410034867
225,463,0.12043310256783903
225,472,0.12324770395089604
225,488,0.10596017605030043
225,491,0.1410596166129265
225,497,0.16822826135531938
327,12,0.08333554515203023
327,41,0.0807406516061947
327,86,0.09134262327620371
327,107,0.0756534263577604
327,157,0.0883064991276205
327,176,0.08670499491108523
327,187,0.07155917854672342
327,222,0.08984186612529689
327,223,0.09029983730784669
327,239,0.06826578946550749
327,282,0.07395056110991263
327,286,0.07283553849374953
327,305,0.08641331207667592
327,332,0.08229397705990547
327,338,0.07772752235187702
327,347,0.08254987254935475
327,357,0.08160778092306196
327,370,0.09276406264774362
327,377,0.08333359946039308
327,415,0.08281488525685703
327,424,0.08312196768995736
327,460,0.0873855420762249
327,464,0.08364330221346757
327,494,0.08953520725096634
327,506,0.06063609724665579
327,520,0.08102980746038052
327,524,0.08169831911920078
327,525,0.0709228699092181
365,1,0.011325312806214809
365,3,0.056902973701808156
365,18,0.06207625010963021
365,33,0.05803898876367348
365,46,0.0601538161409098
365,62,0.05849492498108975
365,125,0.05927963064998818
365,145,0.06254255718765331
365,155,0.06381477191652558
365,179,0.05725307411654556
365,180,0.06637961873322248
365,226,0.05535990926298539
365,238,0.05782403340708955
365,274,0.057146010193260766
365,279,0.06061749146699167
365,296,0.06396470993138882
365,302,0.06019978091809809
365,308,0.06292469843191882
365,335,0.07698650052240155
365,418,0.05950836532806901
365,426,0.06208673223504513
365,466,0.059620638442641115
469,2,0.06602055458113659
469,9,0.05847572595485362
469,12,0.06640060332623442
469,86,0.06877687890102083
469,89,0.06987042392665072
469,128,0.06724294894070054
469,186,0.06567049403354533
469,188,0.0890914926930284
469,191,0.0721198504881702
469,232,0.08118636879741925
469,264,0.07127216940260922
469,266,0.06852440815140286
469,293,0.0706309683209948
469,351,0.07588299372729375
469,421,0.06741632954875085
469,429,0.07529256736676153
469,493,0.0675832608760114
469,500,0.07581974453534233
469,502,0.07871817289449605
469,506,0.06685754809135303
469,525,0.06735469111862277
106,51,0.07543575554664304
106,70,0.0915670661421357
106,139,0.08194713030276972
106,152,0.10412093943372741
106,165,0.07665853784894058
106,199,0.11561982114196408
106,203,0.08108752273107078
106,205,0.07692912841917665
106,303,0.1065451328619996
106,304,0.07513394766152053
106,312,0.07772286795432048
106,315,0.07825613742121952
106,368,0.09903532919533631
106,389,0.0776754616179372
106,394,0.07624786801133782
106,401,0.10890237632002278
106,403,0.11913444733265385
106,405,0.07899937627369231
106,442,0.07691975052450352
106,490,0.07573069831543142
151,2,0.08563149604642288
151,7,0.10702860293267755
151,12,0.09268625884380835
151,26,0.13992841932418335
151,27,0.06682240520903186
151,66,0.09070924009424323
151,79,0.13718009529925543
151,80,0.08767243508105085
151,89,0.09327333314810712
151,98,0.08140316593685541
151,135,0.11302074120976559
151,142,0.12142533288943479
151,150,0.1318500157136626
151,161,0.12732386415627878
151,165,0.12261926228224888
151,166,0.09151304787272545
151,174,0.09959500510256215
151,177,0.0863423432234296
151,183,0.10290069785305511
151,186,0.07801357982424345
151,187,0.06995362103191712
151,193,0.0837263141206672
151,198,0.132445727990146
151,205,0.12405704415341107
151,213,0.13686727997037007
151,218,0.10469365030166358
151,222,0.09913697470206743
151,225,0.11819330700993604
151,228,0.10177476857655263
151,231,0.1013150284444672
151,254,0.08533381608383951
151,256,0.07483357858480837
151,260,0.08670207915272404
151,266,0.0730768868395019
151,295,0.09383134438547157
151,300,0.12147100126077164
151,305,0.10107341141338186
151,306,0.08397550499633435
151,307,0.09843037719073038
151,310,0.10104324469366305
151,318,0.0798743376696718
151,320,0.08352878711361546
151,321,0.1113833879024334
151,332,0.09292842233232088
151,340,0.1056209843220068
151,342,0.06879296196386793
151,349,0.07373919326505016
151,374,0.13241888622257647
151,378,0.09154800874335274
151,387,0.1332913062711453
151,393,0.06819843029151006
151,410,0.1266064651540735
151,413,0.1609053529103659
151,415,0.102914837581283
151,440,0.0835903777361923
151,442,0.17956912256359794
151,447,0.08341329414431331
151,454,0.10515825625406901
151,464,0.093071581953098
151,487,0.10126980612454298
151,493,0.08236527126296439
151,496,0.07581498926190372
151,497,0.1115759558114374
151,498,0.10156428569274599
151,504,0.14946304387052042
151,505,0.1119866410802956
151,507,0.09156542257974554
151,510,0.09917094553958535
151,514,0.08691455268364082
151,520,0.07493271274745264
151,522,0.08705732495941547
151,527,0.08731224929276814
331,10,0.09857240142900094
331,23,0.09151147871705675
331,26,0.09505509137686464
331,36,0.07405254427119873
331,40,0.0837867954798023
331,44,0.08809821530283685
331,76,0.08483867382973508
331,103,0.09805547040488154
331,117,0.059883245002881544
331,125,0.0891431594481024
331,131,0.0804042632746094
331,137,0.09109019915937584
331,165,0.08745146716857287
331,207,0.08113640629760939
331,224,0.09456534264335763
331,244,0.08563445906670294
331,250,0.08606946490347057
331,289,0.08537686949336602
331,294,0.08119513945024681
331,319,0.08434095168374872
331,354,0.08780221809069273
331,359,0.08182814155735597
331,404,0.0840360224601879
331,415,0.10067072761723696
331,470,0.08777290012472092
331,492,0.0952615620803825
522,12,0.0766472738271716
522,27,0.06719824494319905
522,31,0.08295355449523653
522,151,0.08705732495941547
522,183,0.09775867557196348
522,193,0.08843685128887893
522,218,0.07985415044900632
522,222,0.08038829843382032
522,231,0.09056388502704597
522,300,0.08052339842982592
522,320,0.07648407604127941
522,340,0.08568445859890417
522,342,0.10081114252223991
522,349,0.08751322101530194
522,374,0.10628133398342483
522,413,0.08741941688440062
522,442,0.07748505932545965
522,449,0.07871055931859672
522,496,0.09267263557108345
522,507,0.09022274768574455
522,527,0.09351147563814641
251,6,0.09733703405791394
251,64,0.11604111629145818
251,75,0.09872334199105354
251,79,0.10886954056648476
251,112,0.10421739927485668
251,139,0.10709560315259155
251,178,0.060781459484830457
251,201,0.11603453444248474
251,203,0.10791504915056492
251,215,0.09869127435601353
251,256,0.07045708779568133
251,259,0.1073772365696871
251,312,0.09886138309282029
251,313,0.09909529826115952
251,315,0.09696035278619351
251,348,0.1357678567349352
251,368,0.09652121940482261
251,389,0.09853158947622387
251,490,0.09732749749032936
251,504,0.1041391793515916
251,509,0.10143539062405325
251,526,0.09859220938480863
404,10,0.10933757488094464
404,26,0.09902253542705924
404,34,0.09858689475884519
404,76,0.10445016725917425
404,137,0.10235444522093651
404,161,0.1002418554033655
404,172,0.08455356703000716
404,240,0.09632424678167939
404,277,0.09276741769424349
404,278,0.0960393894263227
404,291,0.09517889804922955
404,331,0.0840360224601879
404,334,0.0864310768741187
404,344,0.08983709127112274
404,345,0.09879391805789126
404,354,0.10469136491799291
404,361,0.07236486293553161
404,398,0.09361694994238759
404,415,0.09296304758807852
404,437,0.09723103431245024
404,439,0.09675259011607601
404,489,0.09430121385109981
404,492,0.09850035872900685
404,505,0.09923283282064077
404,531,0.1012456120249026
530,52,0.05458502945937937
530,84,0.055976211442368126
530,134,0.057227996987648556
530,145,0.05511685699692019
530,153,0.05646420163432225
530,177,0.05614369401609097
530,189,0.05849932811371554
530,194,0.05600149465324633
530,204,0.05815789665262012
530,207,0.05528413602205478
530,226,0.053718176105555474
530,243,0.06169825398267665
530,246,0.0610448406791786
530,296,0.05823213834481862
530,335,0.05520110344402486
530,360,0.05811216152484248
530,440,0.055364262700126864
530,455,0.055303603456300504
530,462,0.0631723993589762
530,474,0.054490575822836944
530,475,0.055947954099950216
37,3,0.0696597807780237
37,13,0.07572627247700137
37,32,0.06963476657464598
37,39,0.0716027994417637
37,68,0.06979083320656829
37,72,0.07938020151598012
37,81,0.07180199731976564
37,109,0.07404512692081272
37,124,0.07194129088213448
37,184,0.07123165285302335
37,196,0.07299670245191806
37,263,0.07558116559147351
37,287,0.07483500995996246
37,302,0.08027297088959899
37,333,0.05749030181438227
37,339,0.07220452921268879
37,341,0.07386899724322958
37,408,0.07283804370857874
37,418,0.07318548646597348
37,457,0.0695539444508158
37,515,0.07826049265506937
37,518,0.07979687203696187
78,48,0.12157506199523413
78,75,0.12150484786622119
78,88,0.09042369789036078
78,95,0.12840325363347072
78,96,0.1293109859546207
78,110,0.1296457033983958
78,111,0.13821083844420712
78,112,0.1267191935217057
78,158,0.12125947910925308
78,182,0.12086513931272298
78,261,0.10997229027721742
78,272,0.11831170838045617
78,276,0.09361091812561491
78,292,0.11728086911191672
78,337,0.12307566512743165
78,350,0.10883110287178406
78,371,0.14086605466505633
78,389,0.11926618733333094
78,394,0.1307639010922827
78,414,0.12059410732073692
78,425,0.1522013386603199
78,428,0.12591816569616868
78,456,0.13050268357100728
78,483,0.13547255151144819
78,484,0.13087644796901363
78,490,0.1412245167189014
201,7,0.10663579082759957
201,11,0.13309132170756438
201,16,0.11087900329788496
201,26,0.12341976209111728
201,45,0.10954631942537908
201,48,0.13994339965926966
201,51,0.11161233490916019
201,53,0.10862931647721205
201,64,0.09312762908168766
201,75,0.14676311578397225
201,79,0.13720210025559823
201,91,0.1143057012200647
201,104,0.1199433832446639
201,108,0.1614240396274632
201,112,0.17824603766022062
201,126,0.15499977701343282
201,127,0.10361541410975378
201,148,0.10829628924240257
201,161,0.13742473260080051
201,164,0.08017418096912998
201,165,0.14416632337238086
201,172,0.08252544649287503
201,182,0.14158058177962982
201,195,0.09392298340662815
201,205,0.12635838352268408
201,209,0.11333142772335786
201,221,0.1315082070924092
201,228,0.10382954971496433
201,242,0.10869918700209602
201,251,0.11603453444248474
201,256,0.07707082990235906
201,272,0.1277910262680851
201,277,0.13888300975339365
201,280,0.1412126142025154
201,292,0.12141433407462025
201,297,0.10874025507383074
201,300,0.11901292668016902
201,312,0.13332290493036372
201,313,0.09152769545603207
201,320,0.08471594314842458
201,348,0.10959732004518712
201,350,0.09629875770227418
201,368,0.09422021344593276
201,371,0.14216250658229976
201,372,0.1403589112147041
201,389,0.14466309956022227
201,399,0.09475700383700715
201,402,0.09869312092791718
201,405,0.10754344567339823
201,414,0.16646680432316244
201,443,0.10905269868631247
201,454,0.09870616281839895
201,456,0.13798186539588705
201,470,0.10671726504602505
201,471,0.09561534445348228
201,474,0.09816230574749123
201,483,0.14066518017101912
201,490,0.14282046001053894
201,504,0.13931380953529263
201,509,0.1128963679168982
201,523,0.08307936039785152
283,3,0.088926128943856
283,13,0.07953557438332928
283,25,0.08375702432601387
283,39,0.07503092516623927
283,41,0.09055214031678009
283,68,0.07878519499999036
283,72,0.08352005864697674
283,73,0.086829910589104
283,86,0.0879196612529977
283,115,0.0747545743307119
283,122,0.0834126940767174
283,124,0.10106556580774491
283,138,0.08785221861116516
283,140,0.08841664179006412
283,143,0.05716970389319799
283,145,0.0737967129847022
283,146,0.07894052088651077
283,154,0.0781111911127412
283,184,0.08473465758873372
283,196,0.08666349624905519
283,208,0.07732215209843109
283,248,0.07616597280815353
283,252,0.06641710183313555
283,262,0.06299829422680689
283,263,0.08765478552870175
283,287,0.08834628595820591
283,323,0.07358129697755231
283,329,0.07469197257762679
283,333,0.05619281128399777
283,335,0.08390424129694614
283,339,0.09964518040352889
283,353,0.08241823091701904
283,355,0.07452224620972872
283,375,0.07662336020127417
283,378,0.08484065873379572
283,383,0.0767065739230524
283,396,0.08201934042269389
283,397,0.08435259712303818
283,408,0.07272930107989808
283,416,0.07309670131966912
283,417,0.07986632530417956
283,422,0.08513615463112148
283,460,0.08857987076332409
283,465,0.07938242963991325
283,477,0.07856903905679496
283,495,0.09575726571253114
283,502,0.06979240745619648
283,503,0.0933392667718662
283,516,0.08479116629438346
283,518,0.08157812359808989
283,524,0.08617615380725044
337,45,0.10135553805133136
337,48,0.14397698051549437
337,76,0.10125265965086075
337,78,0.12307566512743165
337,96,0.1339047939708248
337,119,0.11841068754958199
337,121,0.12000574553730801
337,133,0.12599402372058635
337,197,0.1292840608709394
337,205,0.12670951786890375
337,234,0.13252474169492154
337,240,0.12629263507348149
337,276,0.11471723224666032
337,277,0.1357957723550393
337,280,0.12802573779086002
337,325,0.0939118243059531
337,371,0.12635685352034295
337,384,0.1340714245144944
337,425,0.1358047177031531
337,428,0.12936055216474743
337,437,0.12803152169737683
337,439,0.14465724676067165
337,456,0.14114026520243506
337,470,0.10467070033178198
337,479,0.12507125415742473
337,484,0.12965398704440964
337,490,0.1371998002264899
337,511,0.13921779923369312
358,1,0.011609175223272598
358,2,0.055588014085876346
358,3,0.056167379108433994
358,90,0.056629220714438426
358,124,0.05558052137310597
358,129,0.05649182373767214
358,154,0.06010746459861268
358,163,0.059370718799391924
358,172,0.05565410143569543
358,177,0.058138153454905014
358,184,0.05800344246133242
358,219,0.055757105343022674
358,249,0.05719209487581998
358,347,0.05800208161697595
358,361,0.05545998391499256
358,386,0.05867403207916461
358,391,0.05588046627674161
358,427,0.06097747074197465
358,432,0.05597028200261458
358,485,0.05601990727363581
358,518,0.058917625546662175
14,79,0.11195770655108858
14,94,0.13081617976878882
14,142,0.1071032871371747
14,167,0.12088728497576509
14,181,0.1533719514832328
14,190,0.10008014173196296
14,192,0.10512215372458959
14,198,0.12659519675226452
14,214,0.1613041934686979
14,215,0.12126994619199184
14,225,0.1212631278496848
14,228,0.11878525681140363
14,242,0.11538059765501728
14,273,0.13058591522469692
14,313,0.0887609159096383
14,350,0.10969439563399781
14,434,0.16383681956417404
14,438,0.10042410848472387
14,453,0.1049203104479209
14,463,0.1159790790600372
14,472,0.11980449199163039
14,488,0.10291036534772248
14,491,0.13716315267001608
14,497,0.14744184616644182
202,1,0.011402289988897779
202,4,0.07404007408126904
202,20,0.06909999467985527
202,24,0.0703607104774867
202,43,0.07239135424592891
202,46,0.06862916001920993
202,62,0.06668210015272356
202,147,0.06790923823723659
202,155,0.07245684855412399
202,156,0.0659176518807634
202,204,0.0718151839910848
202,216,0.07029966504930764
202,226,0.055055999022963306
202,237,0.0647076056718691
202,238,0.06790855626754279
202,250,0.0684995237520387
202,253,0.07630435750810861
202,296,0.07535687483005213
202,323,0.07112204088908952
202,426,0.07077969798783088
202,460,0.06713075865537697
202,462,0.06748025007978245
202,486,0.06812865150665215
202,517,0.07258526126871447
309,41,0.07554529365038298
309,47,0.07861185981906492
309,73,0.07596259416564068
309,107,0.07683377559876393
309,140,0.07708903940203253
309,166,0.07706389406724734
309,174,0.07633445221169236
309,175,0.07937694433329213
309,176,0.0779270381366196
309,186,0.07588616858190315
309,220,0.07552381756388021
309,222,0.0762082326867468
309,223,0.07609446292222914
309,268,0.07402727594595662
309,305,0.08074883473115518
309,339,0.08331298751723169
309,353,0.07873387061890925
309,370,0.076337835385464
309,397,0.07749752825630318
309,400,0.08214507693416107
309,435,0.07124204883992129
309,445,0.06719118040707114
309,494,0.07595214078865149
309,516,0.08205100582552499
391,25,0.07761109418989151
391,30,0.07814851793622526
391,41,0.07988142218101187
391,43,0.07774480171674567
391,81,0.07867530734045118
391,90,0.07879600040843271
391,124,0.08869793234982547
391,125,0.07813774885333441
391,154,0.08480386792579359
391,163,0.07976208877643727
391,248,0.0850825035676455
391,250,0.08100723037300411
391,262,0.07094680907516326
391,274,0.08335860297724701
391,314,0.05363684496325047
391,322,0.0628994632239167
391,341,0.08257335862411404
391,352,0.07847154725441367
391,358,0.05588046627674161
391,417,0.07898756098979211
391,422,0.07849652682426873
391,427,0.0792407857776913
391,435,0.08387886188185055
391,441,0.0790326591958611
391,448,0.0759416379825139
186,2,0.08285581880766547
186,12,0.0912800299180581
186,31,0.07352911807612003
186,125,0.08052609744257314
186,151,0.07801357982424345
186,166,0.0797126110519057
186,187,0.07533643447197902
186,217,0.0777939507431637
186,222,0.07959428962930343
186,223,0.08381768647674379
186,232,0.07628550144454502
186,266,0.07413760782404265
186,268,0.07578489706311922
186,282,0.07805501825913091
186,305,0.0936808118030058
186,309,0.07588616858190315
186,339,0.08718227958592112
186,341,0.07897153171839699
186,347,0.08136464393438153
186,367,0.07558363947260915
186,370,0.08084126613349189
186,393,0.09019954679484833
186,395,0.07886210639817705
186,397,0.09119271523748715
186,421,0.0749241930954569
186,469,0.06567049403354533
186,475,0.0793332727073896
186,502,0.07676532298432234
186,503,0.08043100240454416
186,506,0.06074635257978984
186,516,0.0792112573216868
186,525,0.07142930449771674
211,8,0.10291190273024736
211,50,0.10791151070052335
211,87,0.10175815485060609
211,99,0.10393041834822937
211,133,0.1042721089286204
211,149,0.12053457816345142
211,160,0.1038938564169787
211,162,0.10183356158040328
211,168,0.10969380136505322
211,197,0.11426940042285698
211,245,0.10965936865408803
211,288,0.12166866250211475
211,316,0.10834761125241608
211,330,0.11916707493719149
211,373,0.11076104630767268
211,382,0.12006834217614024
211,385,0.10270812020932607
211,388,0.10385123430237998
211,450,0.10558878667415933
211,489,0.10352579463956812
367,29,0.07813353493497961
367,35,0.07435384321995896
367,85,0.07607977014578285
367,134,0.07375952363414989
367,136,0.05562877405644013
367,166,0.07980136104864173
367,174,0.0769932942669398
367,186,0.07558363947260915
367,187,0.06917369269589346
367,217,0.07390130180599953
367,222,0.07803488099415719
367,223,0.09346073813267912
367,256,0.08456201677539153
367,305,0.08173346575821114
367,306,0.07911624146335475
367,369,0.07815985653953944
367,395,0.08091736977546068
367,400,0.07403313841242905
367,406,0.08259236313813016
367,436,0.07498318148862992
367,494,0.07403956283030586
367,502,0.06963936937750564
367,521,0.0824222742047828
490,11,0.11421269351755693
490,19,0.14060880894763317
490,21,0.16881436652682197
490,48,0.13799093563981296
490,53,0.13500829992865243
490,64,0.09394137537903353
490,69,0.12436659574730449
490,75,0.14773146780834664
490,78,0.1412245167189014
490,88,0.09140777866487379
490,95,0.10730339728375411
490,96,0.14861886653041878
490,102,0.12927228392613474
490,104,0.1265866976171248
490,106,0.07573069831543142
490,108,0.12977735054925293
490,110,0.14694730708931794
490,111,0.1491630905280742
490,112,0.1636765092653285
490,120,0.12247257746948334
490,133,0.13871057932469977
490,139,0.13064363005039017
490,141,0.12102310798526403
490,159,0.1427904334359706
490,161,0.1346001863001084
490,165,0.13883833230081605
490,173,0.13359254486926042
490,197,0.14258577455176985
490,201,0.14282046001053894
490,203,0.09695041417408473
490,209,0.10685927541710519
490,212,0.13015094028836705
490,229,0.13419025117138397
490,242,0.1177665869025347
490,247,0.11093896756511033
490,251,0.09732749749032936
490,261,0.1089306979052494
490,265,0.1368180835570034
490,272,0.1249188578367061
490,276,0.09394917843034191
490,277,0.1452480683821634
490,278,0.13958674742721391
490,280,0.17118293003650248
490,292,0.12742817386424032
490,297,0.1127852800610578
490,298,0.12854955965295686
490,304,0.13464662758571594
490,312,0.14196189377371968
490,313,0.09048157181904522
490,315,0.15024686650442207
490,317,0.10629524550696517
490,328,0.10323430732797151
490,336,0.13255402808598526
490,337,0.1371998002264899
490,348,0.10920204091081066
490,350,0.09856743030979725
490,371,0.15298622373539628
490,372,0.14320728390028034
490,380,0.11949235302358416
490,384,0.13573581481729324
490,389,0.1485906279966713
490,394,0.1518169054860157
490,398,0.14042591861201417
490,399,0.09158218935836128
490,405,0.11785011790587017
490,407,0.12143584615691214
490,414,0.15497638091551552
490,425,0.1621099923168323
490,428,0.14331179695710783
490,430,0.11478098314515876
490,439,0.12377997007320114
490,442,0.1274531120549909
490,446,0.09879659585113275
490,449,0.11441384793129122
490,456,0.1500188226153643
490,461,0.1437101839758498
490,487,0.09986522874110121
490,509,0.13706991726748366
490,511,0.17537321075626242
490,526,0.14105399609103245
1,18,0.011354880784372866
1,20,0.011339697851875151
1,58,0.011339484432786259
1,62,0.011291849578420788
1,71,0.011310230629091709
1,100,0.011292765456101037
1,105,0.011377825761388086
1,136,0.01129416512247985
1,154,0.011280618161012975
1,202,0.011402289988897779
1,275,0.011397029696812127
1,296,0.011322558958911988
1,314,0.01130475007945205
1,358,0.011609175223272598
1,360,0.011333800193763146
1,365,0.011325312806214809
1,381,0.011293121904927652
1,422,0.011301672972175918
1,448,0.011263189322324476
1,467,0.011271039020544455
47,3,0.07905729564078998
47,32,0.08771477696775982
47,49,0.08086320140702073
47,125,0.08007183315043441
47,136,0.05609867731785293
47,145,0.07385414593084932
47,210,0.07290651126906506
47,223,0.08107185365589062
47,238,0.09951924379561353
47,274,0.07974666465493724
47,282,0.07276208662896136
47,299,0.07804757430669264
47,302,0.08417104491498657
47,309,0.07861185981906492
47,323,0.0729682302440644
47,339,0.08315733037708962
47,343,0.08278869624765788
47,347,0.08428967768526878
47,353,0.07904780163081536
47,363,0.08595999090570841
47,397,0.08857167129472625
47,400,0.07870361667015656
47,427,0.07885013939653658
47,503,0.08842525184749203
47,518,0.08082104881124634
161,10,0.1232522887866746
161,21,0.13936674027392773
161,23,0.11645286190878315
161,26,0.1551344849777429
161,35,0.11319067300339115
161,45,0.10680931353377063
161,48,0.12391509796221543
161,53,0.10864072176898443
161,65,0.07456066632954168
161,74,0.09048071692924921
161,76,0.11067838876842448
161,79,0.13039604219096104
161,80,0.09471009767555728
161,82,0.07681073271577019
161,91,0.12154296707425934
161,97,0.08503243938255346
161,103,0.09403981775143261
161,112,0.13685581667742822
161,126,0.12837225124897558
161,132,0.11419845441693795
161,135,0.11180214649621215
161,137,0.11456678684478688
161,148,0.10502456049412336
161,150,0.11216447041852842
161,151,0.12732386415627878
161,164,0.07641113678729163
161,165,0.1441502824574893
161,166,0.0895892825100539
161,172,0.08334470599247851
161,173,0.12335433460352233
161,174,0.09777864818535152
161,195,0.0998987829858681
161,201,0.13742473260080051
161,205,0.14551525853318467
161,209,0.11388631666467347
161,212,0.12223921985240557
161,213,0.11396608588123681
161,240,0.13653634340160284
161,255,0.09237511445022825
161,256,0.07086576796413456
161,277,0.138843186544894
161,280,0.1398296164938487
161,289,0.08884778058303976
161,291,0.10542416085747569
161,295,0.09649337911649519
161,300,0.11832751186576951
161,312,0.1370273757771567
161,315,0.13356077218051712
161,319,0.13205306921037416
161,326,0.11277757473648392
161,336,0.14005241358452714
161,345,0.09008476979488453
161,354,0.1646613173349071
161,380,0.12125037319958384
161,385,0.1311137318602297
161,399,0.10109222669156508
161,402,0.10717841490482527
161,404,0.1002418554033655
161,409,0.09177586504143918
161,413,0.12328535855339375
161,415,0.10238830524470849
161,430,0.11442077867228555
161,437,0.1345919159540488
161,439,0.12423492754976058
161,442,0.13757604310912358
161,454,0.10513547571739648
161,470,0.12339198179932845
161,473,0.13623962392295222
161,474,0.10374879228037451
161,487,0.1042134961780563
161,490,0.1346001863001084
161,492,0.1272343224184363
161,504,0.1529829288439649
161,505,0.14860263926344564
161,519,0.08560018271283039
161,523,0.08460286308003827
161,531,0.11783975341388812
287,25,0.08389580904388093
287,37,0.07483500995996246
287,39,0.09008598329763455
287,41,0.08287576539413398
287,72,0.08183556355534563
287,86,0.09312378675878928
287,114,0.06995001206798795
287,124,0.08877490839426032
287,140,0.08865350375079635
287,143,0.05311749079997268
287,233,0.08840002612141068
287,239,0.07280321464953306
287,249,0.0860379472251228
287,252,0.06053955396141742
287,257,0.06753578991817058
287,258,0.07585342867784116
287,262,0.06572779866674167
287,263,0.08687842779453935
287,283,0.08834628595820591
287,302,0.09124970251355216
287,314,0.056300454165051556
287,329,0.07494259874481149
287,339,0.08157063594004899
287,341,0.08176224758213867
287,355,0.08439959793700101
287,386,0.07919369608789538
287,408,0.0721453007514633
287,415,0.08392827758689869
287,444,0.08717922105859226
287,447,0.0821009577792301
287,457,0.07816283871790036
287,477,0.07720754381801424
287,515,0.08689496747005823
287,518,0.09009931019839752
393,2,0.07545033646808481
393,9,0.05574677663357215
393,12,0.07425101323648389
393,27,0.06966336994888146
393,29,0.06793130260835718
393,57,0.06640508015477849
393,125,0.06773975995332836
393,151,0.06819843029151006
393,186,0.09019954679484833
393,188,0.06763975675279073
393,223,0.06916058670399171
393,232,0.07312397301215354
393,266,0.08479277407968101
393,282,0.06957895280110676
393,305,0.0701072765429653
393,306,0.0681262967070971
393,341,0.06768977440100478
393,451,0.06716431948424649
393,481,0.06647891169834481
393,502,0.07745594561017902
393,525,0.06708955642451736
475,24,0.07930258231287841
475,60,0.07045832910031605
475,84,0.07644359717630604
475,147,0.08704255160373356
475,153,0.1024431286338861
475,186,0.0793332727073896
475,194,0.07866390517311625
475,207,0.0869621940582434
475,227,0.0780096536338696
475,238,0.08295674552279698
475,246,0.07349411429671783
475,250,0.07876306338597072
475,271,0.07446321233729507
475,279,0.08172683621285899
475,305,0.09368281823188866
475,306,0.08191856358009982
475,323,0.07751374290510057
475,339,0.08037147148931756
475,359,0.08277796900545166
475,370,0.0950694756815167
475,395,0.0817180346546931
475,400,0.07901194216417069
475,440,0.0802667756174912
475,460,0.07948280615361095
475,499,0.0765579486195352
475,514,0.08044472154052622
475,517,0.07987842593884978
475,530,0.055947954099950216
79,6,0.11603665278138421
79,7,0.11892013827961659
79,14,0.11195770655108858
79,16,0.1196949128902365
79,26,0.13107748423875676
79,45,0.10671895388921993
79,53,0.11544295457728082
79,64,0.10189530072751742
79,75,0.1281469271748914
79,80,0.08795126307967746
79,94,0.11639968014268208
79,127,0.10260216545989562
79,132,0.12375863321065672
79,135,0.10754463606962984
79,139,0.14925071265810994
79,142,0.12803574273583604
79,150,0.11941989326477491
79,151,0.13718009529925543
79,161,0.13039604219096104
79,164,0.0783184931929386
79,166,0.08983676246713769
79,174,0.09775435124328981
79,178,0.06081149243304444
79,181,0.1006809026598001
79,183,0.09498811129075885
79,192,0.11278485785903226
79,195,0.09837912097421672
79,198,0.16877897313001505
79,201,0.13720210025559823
79,203,0.1038080490240817
79,205,0.136256235473924
79,213,0.1492586682909286
79,215,0.1177802623271171
79,218,0.1046825986676873
79,225,0.1294204993782075
79,228,0.1232429002518555
79,231,0.10348649175258466
79,242,0.11404394491015686
79,251,0.10886954056648476
79,254,0.08219899317222684
79,259,0.12004433487054751
79,281,0.09361803548408622
79,300,0.1416389385916372
79,303,0.0893087529579387
79,307,0.09114756747765917
79,310,0.11810741082984248
79,313,0.08749855466730963
79,315,0.14110745129113145
79,318,0.08256575770609384
79,320,0.08331351383716477
79,321,0.1192270959038512
79,326,0.11689442492236021
79,346,0.0970676567220263
79,348,0.10918407334826678
79,368,0.08817287854400138
79,374,0.11052233681590291
79,387,0.15717014173096563
79,399,0.0930845868488015
79,405,0.11215879392703956
79,410,0.13523897461916445
79,413,0.14262370562198645
79,434,0.1122627817267017
79,442,0.17182315622714556
79,443,0.10380218141898352
79,449,0.11423372588332488
79,453,0.12675402918484063
79,471,0.0831632453176999
79,487,0.10829912310900748
79,491,0.1410872253376664
79,497,0.1293024282549857
79,498,0.1029692745685878
79,504,0.22352312307519398
278,10,0.14278872388936092
278,19,0.1695839190630736
278,21,0.15605064676139788
278,23,0.10446589072520036
278,28,0.12076955871819764
278,34,0.17617360782080727
278,35,0.09354540404627305
278,42,0.1306401718842514
278,44,0.14745454020564358
278,50,0.12031483039060388
278,53,0.11645836727078121
278,55,0.1125681405477089
278,59,0.13520132241777488
278,83,0.12518557055085366
278,87,0.15596383886967155
278,92,0.10967004818177574
278,119,0.11197394309747478
278,139,0.13939678239146855
278,141,0.12206772562277182
278,173,0.14087119028279227
278,197,0.1407770312563113
278,200,0.1020587443087137
278,234,0.11831921362376026
278,244,0.14642235911994528
278,245,0.13271666203488275
278,270,0.09545497403286131
278,277,0.17879135905890675
278,295,0.09413848644381288
278,298,0.12367591938284588
278,301,0.11586590313411159
278,326,0.11765081749441332
278,328,0.1001061754177432
278,334,0.08367709712522205
278,344,0.09091609831818717
278,345,0.0926952598096849
278,354,0.1442168532017366
278,372,0.13732330308007562
278,392,0.1451985089612011
278,398,0.14006581919907246
278,399,0.08836511949342228
278,404,0.0960393894263227
278,405,0.10691440801754597
278,407,0.13312742664287489
278,428,0.14312965683283496
278,446,0.09881990019263558
278,449,0.11099618038894275
278,450,0.12361324509344579
278,456,0.13892556226856956
278,473,0.15944518226506849
278,474,0.10480975751272698
278,476,0.08929374112533102
278,478,0.15560879870389152
278,490,0.13958674742721391
278,492,0.1299151271603673
278,511,0.14457531416268893
278,531,0.10739845895275572
82,26,0.08701252838552889
82,35,0.07990338244769574
82,161,0.07681073271577019
82,173,0.07772909832751083
82,194,0.07933468358985485
82,195,0.08248608593069304
82,224,0.07809193020724005
82,234,0.07650076858424414
82,272,0.07809907470111016
82,277,0.07754931087111924
82,289,0.0829968522770137
82,345,0.07595019787764383
82,402,0.08124436157102659
82,414,0.08309720107961845
82,442,0.07478541410697338
82,473,0.08457514183402029
82,476,0.07795647009927624
82,480,0.08173350379755612
82,492,0.08484025063652734
82,523,0.0812028912860904
90,25,0.08471044443591084
90,32,0.08965771682607326
90,54,0.07985506775049903
90,86,0.09679017409926136
90,89,0.08806865033743885
90,124,0.08680661684285275
90,129,0.07066558346879588
90,137,0.08627756769494775
90,163,0.09233804341595558
90,184,0.09710922205100624
90,210,0.08237682239277881
90,249,0.09018650412634781
90,260,0.08366973603400742
90,263,0.09402085465319272
90,269,0.09104432716212747
90,274,0.09522180837923772
90,293,0.07979066437150269
90,339,0.08867435736593507
90,345,0.08802886253726801
90,351,0.07657128800173459
90,352,0.0862067067214018
90,358,0.056629220714438426
90,370,0.0890926214112732
90,383,0.07668940419373582
90,391,0.07879600040843271
90,427,0.09218493958620783
90,432,0.07727884923081489
90,435,0.07356874811133692
90,441,0.10620007188150346
90,444,0.09278973323119154
90,447,0.08391025492394161
90,454,0.09230423264237637
90,465,0.09802384032458533
90,500,0.07456944242475629
90,515,0.07955743388492598
495,3,0.07375002655450714
495,25,0.07968480485393238
495,30,0.07660071224231632
495,63,0.05670718078792279
495,124,0.08770920238843073
495,143,0.05334693559240068
495,154,0.08855105461692421
495,184,0.07993360325155528
495,196,0.07558330199436421
495,248,0.07474048050376504
495,249,0.07992621562249529
495,262,0.06562042159983277
495,274,0.08295065734851605
495,283,0.09575726571253114
495,333,0.054734573037737454
495,352,0.08131772633523515
495,396,0.08129574618529029
495,415,0.07531659642236699
495,417,0.07480139974292581
495,419,0.06492374649063397
495,422,0.07616893629530799
495,432,0.08057442314854701
495,448,0.07195010860349811
495,502,0.07030606319929988
495,503,0.08129800229791821
495,518,0.07603841719062658
495,524,0.0815494121848592
511,19,0.14402163304519547
511,21,0.16116594032277112
511,34,0.13846971502797964
511,44,0.12438810273609635
511,48,0.13178534682456416
511,59,0.15694105666066013
511,61,0.14024671653112483
511,65,0.07462426437990292
511,69,0.12484917381240486
511,75,0.12246272611804344
511,87,0.14298967273378985
511,92,0.1099508279623385
511,95,0.10603836793086022
511,96,0.14700067203064848
511,99,0.13539297109132686
511,104,0.12034664652753106
511,110,0.13713465911977762
511,111,0.15606964809490367
511,112,0.14009765323046203
511,119,0.10946126061946479
511,120,0.12339472806707706
511,121,0.10762616628450043
511,133,0.15152675698324503
511,141,0.12896993029921114
511,158,0.1328469628573171
511,159,0.1275754241761922
511,173,0.12581917883361254
511,182,0.126156771733502
511,200,0.09497287632043393
511,221,0.12505703247039268
511,240,0.14894414629971112
511,265,0.1252219709022933
511,276,0.09686628078803589
511,277,0.16575566042295306
511,278,0.14457531416268893
511,301,0.1119125042117044
511,312,0.13450127429025405
511,316,0.13559778280881798
511,336,0.140096458235665
511,337,0.13921779923369312
511,380,0.12929765504127025
511,384,0.13390025269342423
511,399,0.09189268778541453
511,407,0.11883931134409574
511,425,0.15576929462179617
511,428,0.14244053924894798
511,430,0.1262443816947719
511,437,0.15400716668893633
511,439,0.13756776541136062
511,446,0.09892882896399352
511,456,0.13860568715669006
511,473,0.14064507071931265
511,483,0.13517663769515573
511,484,0.12359140650953813
511,489,0.13562911313843026
511,490,0.17537321075626242
511,501,0.12813871639235816
511,531,0.1075965593034207
113,94,0.09513924358828524
113,190,0.11532210465896583
113,192,0.11609879736069278
113,198,0.09502762172563345
113,215,0.10429884788808985
113,218,0.09580538162917078
113,225,0.1019911613592925
113,273,0.09606933849206103
113,340,0.10142535430688084
113,362,0.09796714315290497
113,364,0.10270672498135343
113,431,0.11983420937843953
113,438,0.11025469879375274
113,452,0.12572040495457645
113,453,0.10228961263489302
113,463,0.13669286423304508
113,472,0.1149452688438242
113,488,0.12330379138523123
113,491,0.09955456110370446
113,497,0.09733901787331117
228,14,0.11878525681140363
228,67,0.0889847837244685
228,79,0.1232429002518555
228,94,0.10692628509355635
228,142,0.11085739433419446
228,151,0.10177476857655263
228,181,0.1005411619426001
228,198,0.13080829367016472
228,201,0.10382954971496433
228,213,0.10161246924994984
228,214,0.10045376564437229
228,215,0.11065784314777713
228,225,0.10672882444633873
228,242,0.11053312210641908
228,256,0.0747973513745022
228,273,0.0906874770433904
228,300,0.10318096298630938
228,313,0.08783563846951388
228,340,0.09704150492793502
228,350,0.09881304329488273
228,387,0.119004263870646
228,413,0.10666442668417715
228,434,0.12268887279515059
228,442,0.10950059857613627
228,453,0.10301646728352333
228,491,0.12159603069663395
228,497,0.1169632902249039
228,504,0.11445519828796649
403,19,0.09067375562373085
403,55,0.10072470147872589
403,70,0.09393625178872139
403,87,0.09562036660004435
403,106,0.11913444733265385
403,131,0.0749328604237484
403,132,0.09051782323372332
403,139,0.09621468117382448
403,144,0.09163405234389946
403,152,0.1201012083837763
403,165,0.09533424818342236
403,199,0.10986852891661138
403,205,0.09131890456613485
403,303,0.10217493487347354
403,315,0.09182283019277368
403,326,0.09199140250558938
403,368,0.08959277556826857
403,401,0.10955102920403087
403,442,0.09667470940756648
403,447,0.08539022993090556
403,473,0.09072190409475132
403,505,0.09935048008084855
472,14,0.11980449199163039
472,67,0.08606357906403773
472,94,0.13220263479498823
472,113,0.1149452688438242
472,167,0.10978310607545504
472,181,0.1242834417359768
472,190,0.15336830007634145
472,192,0.12579803830974715
472,198,0.12019599210643726
472,214,0.09078786809138141
472,215,0.1381428287250657
472,218,0.11150871073055636
472,225,0.12324770395089604
472,273,0.13164709787932724
472,310,0.09948621620615432
472,340,0.0973536858206346
472,346,0.09551514235462723
472,362,0.07988512387836469
472,364,0.07959649611003322
472,431,0.1123552203076291
472,434,0.12483705771435055
472,438,0.1173519173887098
472,452,0.07717295921196474
472,453,0.13161699601195762
472,463,0.14632256854554773
472,488,0.14521789271136337
472,491,0.1317742050730998
472,497,0.13960196339857656
44,19,0.1569032193263058
44,34,0.12255739148120764
44,42,0.12436535231656155
44,50,0.12182085528997204
44,55,0.09642138664324483
44,59,0.12335282976306262
44,61,0.1354675358334682
44,83,0.11304226394182458
44,87,0.13413069224831484
44,133,0.12607828932440662
44,197,0.12589978712919628
44,244,0.14262303797176026
44,277,0.13803232311186528
44,278,0.14745454020564358
44,326,0.10879579197839673
44,328,0.11032741552265486
44,331,0.08809821530283685
44,428,0.12056780417600015
44,437,0.1219208282811785
44,446,0.09930374601093872
44,456,0.12473560038872229
44,473,0.1303979788278871
44,478,0.12489295067514095
44,483,0.12617295473160478
44,511,0.12438810273609635
44,526,0.1300152962968079
150,7,0.0990544727864336
150,12,0.0794640873377037
150,26,0.11010857888300449
150,38,0.08563438129838659
150,62,0.07260244761980726
150,79,0.11941989326477491
150,132,0.10026215627725348
150,135,0.0991838344976493
150,139,0.09921893094775543
150,151,0.1318500157136626
150,153,0.08167493869261577
150,161,0.11216447041852842
150,166,0.08928828458514668
150,177,0.08657677838210602
150,198,0.1196364781541743
150,205,0.1197661065584004
150,213,0.10675616452893189
150,225,0.10649725598248676
150,254,0.08073440143478894
150,281,0.07796934424640131
150,289,0.0919815699337107
150,300,0.10355867763758099
150,302,0.09289379562295381
150,315,0.10780483701640325
150,326,0.1038727509304972
150,387,0.11816785072780452
150,410,0.10817436162267828
150,413,0.11360826451781102
150,442,0.11813807426278355
150,447,0.09178235252697756
150,477,0.07710988788580223
150,493,0.07483743588452561
150,504,0.12684694197385096
150,524,0.08421355479795789
195,7,0.09414926640992316
195,23,0.10740167882202316
195,26,0.10505260601506894
195,35,0.10172032792299568
195,74,0.0904892109249557
195,79,0.09837912097421672
195,82,0.08248608593069304
195,161,0.0998987829858681
195,166,0.10420184695272464
195,174,0.10061492336883818
195,201,0.09392298340662815
195,205,0.09836743872717527
195,206,0.074853672511305
195,224,0.09433120488900987
195,249,0.09420645420720339
195,274,0.08163274137350077
195,275,0.06908622660329289
195,281,0.07939883854944216
195,289,0.09640730673835711
195,300,0.10093820861119275
195,345,0.09031427379352865
195,354,0.12054046077827459
195,409,0.08807425399788278
195,414,0.09769818166849027
195,436,0.07926909406886924
195,449,0.0944279830961625
195,474,0.0970311195117651
195,492,0.10175480999355352
195,504,0.10684058928036115
195,523,0.0876264755975608
195,528,0.08576039979626532
339,3,0.09327889822609908
339,13,0.08976941843625244
339,25,0.08231089559987198
339,30,0.08880346676594979
339,37,0.07220452921268879
339,39,0.08592489101639073
339,41,0.09166751612307902
339,46,0.09677830656083991
339,47,0.08315733037708962
339,58,0.0668963028963547
339,60,0.07537233737451117
339,62,0.07877660828634268
339,72,0.07484408304254168
339,73,0.08880177970441211
339,81,0.08566870840325828
339,84,0.08539054203773488
339,86,0.08723046148200601
339,90,0.08867435736593507
339,101,0.07775222598635786
339,109,0.07637894057929207
339,115,0.0772877570875412
339,118,0.0742293205885367
339,124,0.1043300764277144
339,125,0.08928334314907115
339,137,0.09047505326662661
339,138,0.08985675768587949
339,140,0.10919144316229398
339,153,0.08295315227981738
339,163,0.09167155322062254
339,175,0.07248741842574784
339,185,0.06953871386091932
339,186,0.08718227958592112
339,194,0.08532086443772666
339,196,0.08810368717684228
339,210,0.07690876151462046
339,216,0.08120764221603058
339,220,0.07549612389608162
339,227,0.07803229972933862
339,230,0.08561268974428217
339,237,0.06886913742529382
339,238,0.08582545257425526
339,248,0.07727301359098601
339,252,0.058326747883504754
339,263,0.1087600670360699
339,268,0.07779759473805208
339,274,0.08141121654752444
339,283,0.09964518040352889
339,287,0.08157063594004899
339,289,0.08884995173007772
339,302,0.10135922194831615
339,305,0.09502239578177127
339,309,0.08331298751723169
339,335,0.07796683614125109
339,341,0.0851469544289992
339,353,0.07759752323432158
339,359,0.0858322249888528
339,370,0.09370837790816013
339,397,0.09498467771144285
339,408,0.07102411041108918
339,416,0.07070920761210053
339,418,0.08300873929841691
339,419,0.06503587691608896
339,447,0.08401137528744584
339,448,0.07340436949354055
339,465,0.08362491784102075
339,475,0.08037147148931756
339,477,0.07483265383464643
339,480,0.07776895505859238
339,485,0.07522743174293409
339,499,0.07658005311729087
339,503,0.10290488149361693
339,513,0.07756988185685441
339,515,0.08321042480105949
339,516,0.08633408836581512
339,518,0.08393858364777128
373,8,0.09619467036914882
373,28,0.10337478856609265
373,34,0.097278243185646
373,50,0.10538712826683157
373,87,0.10392298336359834
373,123,0.10302035961349985
373,133,0.09440490675815483
373,149,0.11435989739699828
373,168,0.10062058947058783
373,197,0.09688098704278054
373,211,0.11076104630767268
373,245,0.10652460506339387
373,288,0.10846286064253231
373,316,0.09788976945157334
373,319,0.09397761221917246
373,382,0.11161246745664709
373,385,0.1115356153405864
373,461,0.0933561842526465
373,473,0.09417497950274292
373,529,0.10083821900022791
214,14,0.1613041934686979
214,94,0.09394778070854258
214,167,0.10939001082091315
214,181,0.11742611195647465
214,198,0.09146421609605745
214,215,0.09503747178864042
214,218,0.0879894389989124
214,225,0.08777343460262575
214,228,0.10045376564437229
214,242,0.08366257229259308
214,273,0.12119020881670732
214,340,0.08931159531630874
214,350,0.09320027490910895
214,434,0.12339292188942169
214,453,0.08270367535643967
214,463,0.10220772440941915
214,472,0.09078786809138141
214,488,0.08791762262844427
214,491,0.09486817911950088
214,497,0.09870185588672183
311,4,0.07041139015562399
311,15,0.08251038071290862
311,41,0.07295174041209301
311,74,0.07511772230279574
311,77,0.07368467490631403
311,86,0.07545789221526944
311,93,0.07146927954374396
311,137,0.07592179062330459
311,155,0.07343276112148654
311,166,0.07066687995008447
311,170,0.0635694537621173
311,179,0.07343998614483688
311,217,0.07061996319569587
311,236,0.07212793584656411
311,296,0.0715601451620286
311,347,0.07658228186262471
311,359,0.07757770974047237
311,386,0.07971680833966513
311,396,0.0755128629864236
311,426,0.07194031177535448
311,427,0.07123788509429631
311,464,0.07541363683245438
392,19,0.13142013955451576
392,28,0.12191821356851615
392,42,0.13897086211224907
392,59,0.14002696341654378
392,83,0.14849733637253712
392,87,0.14098313932117498
392,102,0.14432420696116918
392,112,0.13152752632381662
392,133,0.13995393239895917
392,139,0.13442325881201805
392,173,0.12576326591366802
392,197,0.14576855616239173
392,200,0.09545391087600945
392,270,0.09916070136102212
392,277,0.16107544506675509
392,278,0.1451985089612011
392,301,0.12068075317722099
392,315,0.13426756955524552
392,316,0.1241695459904832
392,317,0.11197958078954745
392,382,0.11837501102820172
392,398,0.1360522955099884
392,420,0.15444326386690768
392,428,0.1445205293239952
392,461,0.1324712649547442
392,478,0.13963006059767075
392,492,0.13288542069322787
392,526,0.13763465776372083
518,3,0.07990533661979728
518,37,0.07979687203696187
518,39,0.07937786927439797
518,47,0.08082104881124634
518,72,0.07782962553620391
518,109,0.07589498108573761
518,124,0.08939624884463399
518,129,0.07529642345620555
518,143,0.05363805738534304
518,145,0.0742996464738387
518,184,0.0845261664889131
518,196,0.08049584911052539
518,210,0.07422579580251129
518,249,0.08840213539985767
518,262,0.06725966544123894
518,263,0.08020015571873676
518,283,0.08157812359808989
518,287,0.09009931019839752
518,293,0.0692572377429406
518,302,0.09043395756366618
518,314,0.05849489248914763
518,329,0.07640565850058692
518,339,0.08393858364777128
518,355,0.08032787405403025
518,358,0.058917625546662175
518,408,0.07187022015394968
518,417,0.07840927602314639
518,427,0.07805701747926419
518,432,0.07755346317402592
518,444,0.07783725629356951
518,457,0.0684743629071937
518,495,0.07603841719062658
518,503,0.07782377366372908
518,506,0.06084686306308891
518,515,0.08926150640560705
71,1,0.011310230629091709
71,24,0.06410049456793142
71,46,0.06351370200065971
71,57,0.06708997101208129
71,66,0.06522663221879471
71,134,0.06496845033480254
71,147,0.06511955450502752
71,174,0.06411781569352928
71,189,0.07151514920707831
71,253,0.06506471729469786
71,290,0.06728850643025762
71,305,0.06612473395582799
71,323,0.06580910908968461
71,332,0.06500114998812696
71,379,0.06322643527551045
71,440,0.0648200818473756
71,460,0.06513275643496942
71,467,0.0727513527929509
71,486,0.06496425219183961
71,514,0.06812931675565038
71,517,0.0738858285047413
239,29,0.07332031631614162
239,41,0.06872812044166761
239,86,0.06670528287527511
239,97,0.07445027324333497
239,116,0.06889353864424408
239,122,0.0674227287871426
239,157,0.0738012214491331
239,179,0.06604455279066046
239,223,0.06673801092548012
239,233,0.0668959897266904
239,236,0.0655874633790776
239,253,0.06460570448109916
239,258,0.07110236240141617
239,269,0.065527633662133
239,287,0.07280321464953306
239,327,0.06826578946550749
239,377,0.06750524499323922
239,379,0.07066050221739445
239,415,0.06576655055991514
239,514,0.0675315501999125
258,3,0.07883917020714803
258,29,0.08903916014610273
258,38,0.07032636432456739
258,46,0.07239169168092027
258,84,0.07166914692569076
258,93,0.07043888312987356
258,97,0.07773145547544645
258,116,0.07315879635262408
258,124,0.0744627251685897
258,140,0.0711725895805905
258,155,0.07509796033299693
258,170,0.061473929109729444
258,194,0.07972985929249886
258,206,0.07629587416568957
258,216,0.07205557375493656
258,239,0.07110236240141617
258,287,0.07585342867784116
258,314,0.05506728522627264
258,386,0.07133962947211485
258,440,0.07078919932253783
258,476,0.07160402069120243
258,514,0.07140893155394501
263,37,0.07558116559147351
263,39,0.09074470791883846
263,41,0.08560936880167949
263,54,0.08740229996026759
263,86,0.09779086703451358
263,90,0.09402085465319272
263,115,0.07828171910354516
263,122,0.0920658236285054
263,124,0.09512905622593727
263,128,0.0757765130369764
263,129,0.0697903531561768
263,163,0.09621910215463803
263,172,0.09005078091187763
263,184,0.09373590284353675
263,196,0.08138448581005736
263,208,0.07397203837996161
263,210,0.07564790634766363
263,220,0.07735589514481052
263,230,0.0777293257861132
263,249,0.09396678037685911
263,268,0.07866966700279343
263,275,0.06745055337091677
263,283,0.08765478552870175
263,287,0.08687842779453935
263,291,0.09080631141547327
263,293,0.07271564522087869
263,339,0.1087600670360699
263,378,0.08722257040960697
263,416,0.07199541543599902
263,417,0.08616814418661391
263,418,0.0790319152602852
263,427,0.08438355405265943
263,444,0.09861019003671892
263,454,0.08979642040044725
263,465,0.08343001333299509
263,493,0.07795203684068237
263,515,0.08382989746733356
263,518,0.08020015571873676
382,8,0.12760779185808518
382,17,0.11872560442735287
382,50,0.11591773355058185
382,87,0.11734621564086213
382,99,0.12340369932754128
382,123,0.11686170306059523
382,149,0.12599124202206802
382,158,0.11966842719341843
382,168,0.1363675120920251
382,197,0.12345066702365348
382,211,0.12006834217614024
382,245,0.13606372511459802
382,288,0.15311306415472828
382,330,0.11684243007666856
382,366,0.12174871758329725
382,373,0.11161246745664709
382,390,0.11188695352586517
382,392,0.11837501102820172
382,428,0.1275255983170978
382,461,0.13241164401691202
382,473,0.11730341169712155
382,489,0.11555149920211809
382,529,0.11256848913828997
60,24,0.07170922153864191
60,46,0.07064211107378393
60,81,0.07363949022573908
60,118,0.07071699214375077
60,166,0.07280683665354686
60,189,0.07175201499192946
60,204,0.07855244671348548
60,207,0.0728347680182746
60,227,0.07573931461851918
60,237,0.06786167758886
60,238,0.07074022855615471
60,248,0.07267172962160866
60,250,0.07160572563723765
60,279,0.0807055505589163
60,339,0.07537233737451117
60,356,0.06402554764028913
60,359,0.07908728325120426
60,395,0.07789824379079394
60,419,0.0649848870816763
60,436,0.07219200798867957
60,475,0.07045832910031605
60,485,0.07360091062834105
60,499,0.076378489788062
62,1,0.011291849578420788
62,18,0.06759534006911862
62,20,0.07645866650165664
62,24,0.0763020371014562
62,40,0.07541146793375418
62,46,0.07700600016194976
62,58,0.06803373758086322
62,100,0.07150070215615836
62,101,0.07326038526057851
62,103,0.07462123868721612
62,137,0.075466737033137
62,150,0.07260244761980726
62,156,0.06293954706684841
62,180,0.07132505126852384
62,202,0.06668210015272356
62,204,0.0746050559371959
62,207,0.08301536435333234
62,289,0.08285436661655682
62,296,0.08998684455731566
62,302,0.07748216694297752
62,339,0.07877660828634268
62,347,0.07674527298087654
62,359,0.07304445373365226
62,365,0.05849492498108975
62,370,0.07354817969480855
62,409,0.07546098300083617
62,460,0.0754943082657873
62,517,0.07387361679627036
484,19,0.12402401534587597
484,22,0.1233612066294085
484,78,0.13087644796901363
484,92,0.10892888821318493
484,95,0.11853004120400155
484,99,0.13036970649804075
484,111,0.12299685539276219
484,120,0.12161451116481248
484,121,0.11510279652742424
484,158,0.13186485305790027
484,182,0.14863432478422495
484,229,0.11523408114918295
484,245,0.12735108143165622
484,261,0.11517056830623795
484,277,0.13688955164623934
484,337,0.12965398704440964
484,366,0.12816284941555467
484,371,0.13161195410911364
484,389,0.12432923776548174
484,394,0.13465973287501065
484,398,0.12808918980118825
484,428,0.15386409776259183
484,443,0.10322607326092645
484,461,0.13291661198373705
484,473,0.12853602720158716
484,483,0.13665366689652206
484,511,0.12359140650953813
318,7,0.0856848696058625
318,16,0.08110662336605173
318,26,0.0851156822945612
318,53,0.08350388494914286
318,79,0.08256575770609384
318,132,0.08087636721475455
318,151,0.0798743376696718
318,183,0.09021988527938088
318,231,0.08986148531315118
318,298,0.08081566233777845
318,321,0.08213466010904498
318,326,0.08345642468052097
318,349,0.08200216889032742
318,374,0.09563936610711124
318,413,0.08278006333130769
318,442,0.08243068187747933
318,449,0.08988397115031356
318,487,0.0816676942455681
318,507,0.08374641854997379
318,510,0.09015996784225422
397,3,0.09058086786512942
397,41,0.09317253716582256
397,47,0.08857167129472625
397,49,0.07989213932409701
397,68,0.07896098299062664
397,72,0.07575988154089353
397,81,0.0830768093613896
397,84,0.07839321846088129
397,100,0.07445065469976136
397,101,0.07661061719404
397,105,0.07709634175732388
397,109,0.07899115392506151
397,116,0.09151193780144459
397,124,0.0935444414984143
397,125,0.09577915237260408
397,128,0.07987163372519909
397,138,0.08184227652820487
397,140,0.08653540900418198
397,145,0.0805390783719035
397,163,0.09346376194722901
397,176,0.08467158178226028
397,186,0.09119271523748715
397,216,0.08490345164088008
397,235,0.07515716742943267
397,238,0.09012164325663856
397,250,0.0928447132659145
397,268,0.0733944702156779
397,283,0.08435259712303818
397,305,0.09268379949322961
397,309,0.07749752825630318
397,335,0.07870925795619364
397,339,0.09498467771144285
397,343,0.07857844987045033
397,347,0.09048518385519215
397,363,0.08103742234124477
397,370,0.08827354604504785
397,376,0.07542477527231146
397,395,0.08736270716419427
397,400,0.08047179908766032
397,421,0.07444868872204066
397,424,0.08805025487815107
397,427,0.09870089374416467
397,433,0.07907265644667014
397,435,0.07294741058948549
397,445,0.06616352368710436
397,460,0.10040988013415043
397,494,0.09392401312406976
397,503,0.08749154687466366
397,513,0.07529877259200607
397,516,0.09095444800788179
457,25,0.06953022365499979
457,37,0.0695539444508158
457,39,0.0733735835342191
457,86,0.06941464086088384
457,122,0.0726275176358405
457,155,0.07257257044383818
457,163,0.07017522365607398
457,184,0.07524618988486662
457,249,0.06927537872835009
457,262,0.06804048639122494
457,269,0.07149263793051269
457,287,0.07816283871790036
457,294,0.07203471435251844
457,302,0.06825820904822955
457,314,0.057951189875851884
457,412,0.07187840118522068
457,415,0.06926013978344966
457,424,0.06849036351838127
457,432,0.06838721725407598
457,444,0.06998452754803773
457,518,0.0684743629071937
81,5,0.0718749872416292
81,13,0.09227640374168683
81,37,0.07180199731976564
81,41,0.0899802064510721
81,46,0.08762784907523581
81,58,0.06669130646276503
81,60,0.07363949022573908
81,72,0.08419022210425246
81,73,0.08736931560910872
81,84,0.08079780416594226
81,100,0.07139738724359238
81,105,0.07352683605140159
81,118,0.07442448548491055
81,124,0.09684858394109173
81,125,0.09770755058227869
81,138,0.0824836138501585
81,140,0.0833245899757547
81,145,0.07393240257727857
81,146,0.08142093538892203
81,163,0.08736498041197562
81,170,0.06124617317370752
81,179,0.08828552289980235
81,189,0.09184181523059066
81,207,0.08129296036752236
81,216,0.0902805873751502
81,237,0.07136477751074116
81,238,0.0875827116170906
81,250,0.08795574595339521
81,262,0.06815955373790779
81,322,0.0645130715411605
81,323,0.07391559509586201
81,333,0.05470768963856762
81,335,0.07782912598300076
81,339,0.08566870840325828
81,356,0.06609292503172007
81,360,0.06230108411742073
81,363,0.07568823791861676
81,375,0.0822825103741558
81,379,0.08400814055309527
81,391,0.07867530734045118
81,396,0.08281594183279534
81,397,0.0830768093613896
81,408,0.07500470513610716
81,412,0.07372870063921301
81,416,0.07518693106821961
81,418,0.08301637276486121
81,419,0.06532983866651938
81,422,0.07391701786332461
81,458,0.08001701740288857
81,485,0.0864779191959376
81,486,0.08924968105848251
81,513,0.07835155105874321
81,516,0.09670158289016378
126,16,0.10874907899441674
126,19,0.12822333629635144
126,21,0.12452599100948668
126,51,0.09670785492125053
126,74,0.0849644983539703
126,75,0.13523029495498
126,88,0.09599813152068397
126,95,0.11269605542429832
126,96,0.12847529553464973
126,108,0.12671751822467633
126,112,0.13522010402159282
126,121,0.10759339040708397
126,127,0.12080450192136741
126,148,0.0983216525606738
126,161,0.12837225124897558
126,164,0.0855751319869303
126,182,0.12433601856778599
126,201,0.15499977701343282
126,205,0.12788982772064963
126,261,0.10353459588809949
126,272,0.12378544739938224
126,277,0.12528218697900406
126,291,0.09715519264337726
126,300,0.13010084486284082
126,320,0.08701051294099682
126,350,0.0959531520481591
126,354,0.1222623906051607
126,368,0.09019067779752428
126,389,0.1399385721267034
126,414,0.1326893850319169
126,456,0.13385917421995058
126,470,0.11233358147197813
126,471,0.09279501516712453
126,474,0.10651058202117968
126,483,0.13458428889377066
126,492,0.12624979953898127
126,505,0.1334336180256012
126,509,0.114487804836136
131,7,0.07497728403763979
131,26,0.07487424406375508
131,46,0.07413463622656884
131,87,0.07610881744071796
131,103,0.0920402217393341
131,137,0.07406614208606355
131,177,0.07668145897310298
131,179,0.083899646796103
131,219,0.07488188205083919
131,224,0.07917193548571702
131,255,0.07746656530174025
131,289,0.0768574855179443
131,331,0.0804042632746094
131,345,0.07414754741377334
131,379,0.08025702410315727
131,403,0.0749328604237484
131,415,0.07652748302381107
131,470,0.0775783829088607
131,492,0.07473410330269407
131,519,0.07603158982109491
157,31,0.07353740960793305
157,66,0.07869291375502362
157,86,0.08041644510104866
157,107,0.08240531951479828
157,116,0.08584918366109583
157,122,0.08291612153483481
157,184,0.07628827442658083
157,222,0.07730980283015104
157,239,0.0738012214491331
157,269,0.07893177225579011
157,286,0.07706539082661197
157,327,0.0883064991276205
157,332,0.07609958147461984
157,353,0.0823012580624051
157,370,0.07606833678230478
157,377,0.09010182382068334
157,378,0.07640456590353274
157,464,0.07824126614778978
157,481,0.08080675959479171
157,486,0.07613412346573793
157,514,0.08039136949634715
157,515,0.07837993077001101
276,48,0.09007747519035521
276,78,0.09361091812561491
276,92,0.09171648001242749
276,111,0.09558627611600656
276,119,0.09389802070021125
276,121,0.09329392816901443
276,133,0.09263145710603504
276,141,0.08952677836955447
276,234,0.11053213355691947
276,337,0.11471723224666032
276,371,0.09887139061023628
276,384,0.09599676134149468
276,385,0.08983444648838505
276,425,0.09614441500813983
276,437,0.08970272210429853
276,439,0.09162581152406146
276,456,0.09429995959417213
276,479,0.0896049167300983
276,490,0.09394917843034191
276,511,0.09686628078803589
64,6,0.09621706365128527
64,79,0.10189530072751742
64,94,0.09401920332924468
64,139,0.11086214943142528
64,173,0.09742619113216096
64,178,0.06452238146416416
64,201,0.09312762908168766
64,203,0.11250869448691667
64,242,0.09841216055896486
64,251,0.11604111629145818
64,259,0.10931703774818093
64,312,0.09242210758672571
64,313,0.0916760611832683
64,315,0.09404262300126706
64,321,0.09551876919377497
64,348,0.13651606773626582
64,405,0.09644786344698796
64,414,0.09472147074355043
64,490,0.09394137537903353
64,504,0.09257106793002658
64,509,0.09956212347368174
156,15,0.06356161205298848
156,20,0.06969526769772294
156,46,0.06743370007334049
156,62,0.06293954706684841
156,125,0.06379255716501975
156,155,0.06232251627439565
156,170,0.06436849488021976
156,179,0.06461719862781867
156,180,0.06294006254416704
156,185,0.06918918855592393
156,202,0.0659176518807634
156,204,0.06364522585123503
156,207,0.06320862473364919
156,219,0.06376917903150274
156,296,0.06843567315580515
156,308,0.06637108639091456
156,323,0.0659275282516976
156,360,0.05783039882564147
156,426,0.06924054522522287
156,466,0.062207987700667135
156,468,0.07503868946376803
205,6,0.11943336736421771
205,7,0.11456379112205917
205,10,0.12106470200010944
205,16,0.10485127739376054
205,23,0.11078889730994261
205,26,0.13710597914489686
205,35,0.0972682885616703
205,45,0.13496924896477958
205,65,0.07384116472022005
205,70,0.08189857990149225
205,79,0.136256235473924
205,80,0.08730506427263132
205,103,0.09429245657149901
205,106,0.07692912841917665
205,117,0.06175832862716195
205,126,0.12788982772064963
205,127,0.10855720889042786
205,132,0.1299644598218718
205,135,0.1053295917459418
205,139,0.14761706421023826
205,144,0.0765203612754438
205,150,0.1197661065584004
205,151,0.12405704415341107
205,152,0.08712302253129907
205,161,0.14551525853318467
205,164,0.07760112895131431
205,173,0.1402473051936246
205,178,0.059571195756004336
205,195,0.09836743872717527
205,199,0.07469284221494879
205,201,0.12635838352268408
205,213,0.13300890497194998
205,231,0.09914358273528409
205,259,0.11280917080523999
205,272,0.11813811690093759
205,277,0.13974878268104138
205,280,0.135630757261956
205,281,0.08000304798639417
205,295,0.10199484388808905
205,300,0.1318484032247389
205,303,0.0878094948428641
205,307,0.08747755315541911
205,315,0.13555580773053624
205,321,0.12129396979768153
205,337,0.12670951786890375
205,348,0.1023166940931767
205,354,0.13995525032138242
205,368,0.09144580777738881
205,399,0.08871335928553055
205,401,0.07645634779722955
205,403,0.09131890456613485
205,413,0.12143382317336014
205,420,0.12725889861368742
205,442,0.13993534354858927
205,443,0.10347292008426137
205,447,0.08712118301993886
205,449,0.11969618904468499
205,454,0.10777971055062488
205,470,0.11838420697680346
205,474,0.09912401703643865
205,477,0.07479033250908115
205,504,0.14868508997500166
205,505,0.13242033792925728
205,523,0.08165222553872582
359,24,0.08636854327660778
359,29,0.08242480826897368
359,60,0.07908728325120426
359,62,0.07304445373365226
359,85,0.07525734879911003
359,93,0.08403483207902401
359,101,0.07999919968538845
359,117,0.06595394980984426
359,118,0.08256407135986409
359,137,0.08902593459645042
359,166,0.08373850381038941
359,170,0.0626337585619719
359,171,0.08476146961344154
359,207,0.08465586453668085
359,227,0.07685756580223695
359,236,0.0829885769000501
359,238,0.083997187806415
359,271,0.07198389689018418
359,294,0.07771690712733627
359,305,0.0820787137528625
359,311,0.07757770974047237
359,331,0.08182814155735597
359,339,0.0858322249888528
359,347,0.0826649316492197
359,370,0.10296503250284413
359,423,0.07426704009515805
359,440,0.08718753442369549
359,459,0.07438847899553255
359,475,0.08277796900545166
359,480,0.08237263460651788
359,482,0.07611291276688734
359,512,0.08878414637971487
359,513,0.08262172294308691
204,20,0.09137903760658699
204,43,0.08253802023727279
204,46,0.0787729643066955
204,60,0.07855244671348548
204,62,0.0746050559371959
204,105,0.08401701383782323
204,125,0.07741636669301288
204,136,0.061913738810971494
204,156,0.06364522585123503
204,179,0.08411822523331788
204,180,0.07085428637364867
204,189,0.07971396374523332
204,202,0.0718151839910848
204,226,0.05727225680912356
204,236,0.07668856635344433
204,237,0.06670986340612459
204,243,0.0725235938416291
204,246,0.07525939174730481
204,250,0.08344083600066046
204,274,0.08519105804274309
204,279,0.08163702213895953
204,296,0.09037356839401779
204,323,0.08674667051110105
204,379,0.08588709410202632
204,395,0.08645563964269856
204,436,0.08071074935589667
204,448,0.0696404469127738
204,455,0.07645513199464463
204,462,0.07966151114923782
204,468,0.07437431859906085
204,485,0.07203974590044201
204,499,0.07935562541004233
204,513,0.07640594048399399
204,530,0.05815789665262012
262,13,0.07186006844645985
262,39,0.06321018817672053
262,72,0.07020262444746618
262,81,0.06815955373790779
262,114,0.06317131797395709
262,124,0.0652613180485962
262,184,0.06876041895329034
262,194,0.06354094956384694
262,196,0.06550215850841276
262,283,0.06299829422680689
262,287,0.06572779866674167
262,314,0.06390062171101933
262,333,0.059291895542964455
262,341,0.0658066633919519
262,391,0.07094680907516326
262,422,0.06998124646225182
262,433,0.06390679403881673
262,457,0.06804048639122494
262,495,0.06562042159983277
262,515,0.06453285419782813
262,518,0.06725966544123894
379,20,0.07233878599755367
379,32,0.08538575707576401
379,33,0.06708412879342243
379,36,0.07896220348777304
379,41,0.09180325037319714
379,49,0.08528323904269848
379,63,0.055803450232201075
379,71,0.06322643527551045
379,77,0.06966095009890826
379,81,0.08400814055309527
379,93,0.08810981847921051
379,116,0.08402696169694934
379,124,0.09249857513181785
379,131,0.08025702410315727
379,136,0.055444011027518225
379,174,0.0892627745417145
379,179,0.11552832563354258
379,180,0.07525913590772788
379,189,0.09709066184579644
379,204,0.08588709410202632
379,207,0.08223213931471737
379,233,0.08582955920185015
379,236,0.0871775880458317
379,239,0.07066050221739445
379,250,0.0864150753976318
379,253,0.07621297743715168
379,274,0.08724887125216026
379,324,0.055438167560508914
379,329,0.07961829745307737
379,356,0.0740478891143213
379,376,0.07027527752008582
379,395,0.08480970733354642
379,427,0.09412270571890843
379,455,0.07623349079892214
379,458,0.07413006339080731
379,460,0.08633438008440146
379,464,0.09504134203424686
379,467,0.08198945084014085
379,486,0.08680227934153789
379,514,0.08617412139857827
496,151,0.07581498926190372
496,183,0.11561457918603121
496,193,0.08461306166955518
496,213,0.07892072071863451
496,231,0.07917246918773439
496,259,0.0728102107758695
496,260,0.07271116045465918
496,300,0.07205705463189543
496,307,0.08296158952514116
496,340,0.07397944083156582
496,342,0.07236313218202423
496,349,0.07311196852182894
496,374,0.08244009730697859
496,413,0.07388890964738033
496,449,0.0772119950256043
496,504,0.07186968502170518
496,507,0.0744847356863092
496,510,0.07512332469748123
496,522,0.09267263557108345
496,527,0.07842908013140376
516,5,0.06608508129907208
516,9,0.053572015467632794
516,13,0.07996240997286558
516,41,0.101954523855695
516,46,0.08482062481209965
516,72,0.0764086400847504
516,73,0.10082683377863207
516,81,0.09670158289016378
516,84,0.0828702244982625
516,115,0.07326978977352465
516,124,0.08496118353261686
516,125,0.08510802031292423
516,134,0.08605516021073441
516,138,0.08038563030355073
516,146,0.07768654632907634
516,147,0.08730552782061733
516,155,0.08601638303336298
516,175,0.07659465385621958
516,176,0.08925899691188427
516,186,0.0792112573216868
516,189,0.078024480366584
516,216,0.08441478052945103
516,235,0.07339972085779119
516,237,0.0657367946924302
516,238,0.09006781913127608
516,246,0.07184493955091185
516,248,0.07728831876011809
516,250,0.0865559406510131
516,283,0.08479116629438346
516,305,0.08721169086076011
516,309,0.08205100582552499
516,322,0.06597358741840895
516,335,0.08036016092696525
516,339,0.08633408836581512
516,353,0.07768841190345134
516,356,0.06825838346780412
516,363,0.08514906458454703
516,375,0.07700167611646604
516,376,0.0705154654501351
516,397,0.09095444800788179
516,416,0.07277704154446718
516,419,0.06823027711580688
516,424,0.09579364502169788
516,427,0.08845062580084326
516,458,0.07748990627630177
516,467,0.07901678058351892
516,486,0.09263185749203749
516,525,0.06973179306144633
18,1,0.011354880784372866
18,15,0.07000192244857033
18,46,0.08430618688874052
18,62,0.06759534006911862
18,103,0.0677190366405496
18,116,0.0711544864058199
18,147,0.06711828551661592
18,155,0.07616904877088919
18,179,0.07298799118362338
18,180,0.06759029492457977
18,189,0.06764579449080925
18,290,0.07061634632292935
18,347,0.06711741028894475
18,365,0.06207625010963021
18,396,0.06702242105336997
18,412,0.06744586738805843
18,415,0.06803540221034611
18,426,0.07155691600417
18,464,0.0684773956839955
18,467,0.06713703387986383
18,476,0.06695158919263369
18,514,0.06652359989039709
143,68,0.055740209590902416
143,72,0.05317205360348371
143,73,0.05291805818503884
143,86,0.052029484858944486
143,124,0.052099756419875444
143,140,0.05549236620643886
143,184,0.05412956134527411
143,196,0.05373114597707143
143,208,0.05193303451309105
143,283,0.05716970389319799
143,287,0.05311749079997268
143,302,0.05240631533554035
143,344,0.05287161076593635
143,352,0.06191412357710175
143,355,0.05307533135544446
143,432,0.056612402160870816
143,495,0.05334693559240068
143,502,0.05601721599926309
143,518,0.05363805738534304
143,525,0.05318173397155952
267,2,0.06418039973381512
267,12,0.06174422049933633
267,86,0.059213820025310594
267,116,0.060880881881050335
267,129,0.05878168933621147
267,138,0.0668572688205006
267,146,0.06094388755250774
267,166,0.06260995663163377
267,282,0.07265612389395636
267,286,0.05882929209432216
267,299,0.06582665630881952
267,320,0.060876604469625846
267,338,0.060783518691008405
267,347,0.06603295923825392
267,353,0.06728664350927266
267,378,0.06104267184624627
267,416,0.059476402447522655
267,421,0.06059999847382503
267,481,0.06271228824887988
267,527,0.06035785145151237
389,11,0.12896572185822222
389,19,0.1352446997765392
389,51,0.09865941739359715
389,61,0.13348362981938858
389,75,0.14641364726279255
389,78,0.11926618733333094
389,83,0.11138592437961982
389,88,0.102244648330252
389,95,0.10839773591531741
389,104,0.12381203427245759
389,106,0.0776754616179372
389,111,0.133099554590346
389,112,0.15767853800428083
389,126,0.1399385721267034
389,141,0.12248231526777356
389,159,0.143047402471677
389,160,0.12504022346626517
389,182,0.13248133123324868
389,197,0.13335064451164227
389,200,0.09506946054437489
389,201,0.14466309956022227
389,203,0.10781336863504482
389,229,0.11931036023660599
389,244,0.1376414101591109
389,251,0.09853158947622387
389,261,0.1155690466180875
389,265,0.14206354794351486
389,292,0.11635131641371566
389,297,0.11345956721681957
389,312,0.12602201965016102
389,317,0.12263248420412204
389,325,0.09295458707901928
389,328,0.10922796266855456
389,350,0.09409837129191716
389,366,0.14192216629246004
389,368,0.09646668134183582
389,372,0.13860490268944453
389,398,0.14174688362388346
389,405,0.12123944436436938
389,428,0.14684375510501874
389,446,0.09553169522345724
389,450,0.14186722791465659
389,456,0.14069314796118448
389,483,0.15754311740986218
389,484,0.12432923776548174
389,490,0.1485906279966713
389,509,0.1326045525443843
389,526,0.1329069567954489
444,2,0.08597629312778805
444,4,0.07461433679460136
444,39,0.07489688830598679
444,41,0.09376833416177273
444,43,0.08216012909257558
444,49,0.08461015072402411
444,54,0.08549224114906263
444,66,0.11028833085887842
444,68,0.09245244579708341
444,86,0.08878756445769428
444,89,0.09186761753458446
444,90,0.09278973323119154
444,115,0.07523474400117544
444,122,0.0938627600411779
444,128,0.08519608685948353
444,129,0.079397144347583
444,163,0.09217548790393212
444,184,0.09230173874680973
444,191,0.06954537090046205
444,208,0.07166845748778605
444,210,0.07277092944256079
444,220,0.08719708739438713
444,232,0.07475233163778139
444,233,0.08739355947596934
444,235,0.07210187878224147
444,260,0.08411070008959626
444,263,0.09861019003671892
444,266,0.07183397356003161
444,287,0.08717922105859226
444,293,0.0674549490134091
444,294,0.08137510326132971
444,314,0.05266883745943734
444,341,0.08773690392347158
444,343,0.0795569067747245
444,347,0.08484742475567429
444,351,0.07260728306853283
444,352,0.08399401738693951
444,370,0.08633735021107845
444,378,0.08641315639401348
444,417,0.08338760592670758
444,418,0.08112301342959763
444,424,0.09237178852083647
444,427,0.09904834496192402
444,435,0.08934332837746375
444,445,0.06501382053795932
444,457,0.06998452754803773
444,459,0.07505591110789014
444,465,0.08074007038209773
444,466,0.0823022622048717
444,481,0.09334831580259263
444,493,0.07508228671072444
444,500,0.08232265048215776
444,518,0.07783725629356951
444,521,0.08223734725741146
46,13,0.07880832968129033
46,15,0.08281395467506071
46,18,0.08430618688874052
46,24,0.08724753117360429
46,33,0.07071768238946197
46,36,0.07736774092942973
46,39,0.07211797625059115
46,41,0.09045506902813152
46,57,0.08133114058557563
46,60,0.07064211107378393
46,62,0.07700600016194976
46,71,0.06351370200065971
46,73,0.08800016560717547
46,81,0.08762784907523581
46,84,0.08666049459693996
46,124,0.09041444725238033
46,125,0.09149518258368496
46,130,0.08106241457815098
46,131,0.07413463622656884
46,145,0.07388012882689217
46,153,0.07994110573729797
46,156,0.06743370007334049
46,170,0.06477777347435155
46,179,0.11746920650956572
46,180,0.07120736941917048
46,185,0.07982895950460886
46,189,0.08591774107561943
46,194,0.09418299679379037
46,202,0.06862916001920993
46,204,0.0787729643066955
46,216,0.09114633515629807
46,219,0.09267022450009595
46,237,0.08371579165742692
46,243,0.07232609601941424
46,246,0.07117286776082478
46,258,0.07239169168092027
46,279,0.08574171487437061
46,289,0.08780863091282823
46,290,0.08010668722748841
46,296,0.07452855251615707
46,308,0.0921861172944241
46,323,0.07897991407364453
46,335,0.08175511261120327
46,339,0.09677830656083991
46,356,0.0665132617356272
46,360,0.06185660246908224
46,365,0.0601538161409098
46,383,0.07402886572095856
46,386,0.08801175902732011
46,396,0.08433941959960696
46,416,0.06998284457974435
46,418,0.08740167949558202
46,419,0.06634285919731846
46,426,0.0996530979947725
46,455,0.07719078945341165
46,466,0.09195395252439464
46,467,0.08849461309418866
46,468,0.08285510388821193
46,476,0.09380248873009489
46,480,0.09017714883077381
46,485,0.0744926471542392
46,499,0.07646245770792162
46,503,0.08596315720737345
46,516,0.08482062481209965
46,532,0.06134212742025262
107,54,0.07554977231903345
107,86,0.07376589118411912
107,89,0.08150058862032486
107,117,0.05939000310836037
107,157,0.08240531951479828
107,174,0.08272862594505954
107,193,0.07296197039798238
107,222,0.0728455857590858
107,260,0.07909620399422627
107,269,0.07795153131043002
107,309,0.07683377559876393
107,320,0.07351747126367601
107,327,0.0756534263577604
107,343,0.07473597186768924
107,370,0.07815866247734087
107,377,0.08531409345533363
107,378,0.07463217086921958
107,465,0.07475618399683685
107,494,0.08210702110726674
107,520,0.09256774261257392
107,521,0.07549826705504026
383,32,0.07984404014857684
383,41,0.07660942481677636
383,46,0.07402886572095856
383,90,0.07668940419373582
383,124,0.07582334589950473
383,130,0.07778609432188437
383,179,0.07843313818196203
383,184,0.07665987479286777
383,194,0.07477784034872378
383,196,0.07892218817592765
383,233,0.07452399543398623
383,236,0.08127703015961928
383,257,0.06881278430765422
383,283,0.0767065739230524
383,285,0.07264698367367496
383,302,0.08117165725042494
383,308,0.07633249133727807
383,333,0.055379528887959224
383,341,0.07776623224054871
383,347,0.07481887077797295
383,415,0.0753108926033759
383,466,0.07439915603850716
383,503,0.08065460112916818
31,12,0.07236879632704116
31,27,0.07456407627003725
31,66,0.07416365825829238
31,89,0.0765290377601718
31,157,0.07353740960793305
31,186,0.07352911807612003
31,187,0.06843360133472635
31,193,0.07575428897719128
31,222,0.07103119794976424
31,260,0.07356191833922293
31,264,0.0679810854695517
31,286,0.07644538004831836
31,299,0.07527590467730146
31,305,0.06989408860066215
31,338,0.07468129599569603
31,342,0.07359806034474227
31,377,0.07518648803677237
31,481,0.07191377648163999
31,493,0.07060325082158932
31,520,0.07033848147910149
31,522,0.08295355449523653
31,527,0.1032251153075826
245,17,0.11158166546885767
245,22,0.11457782999455071
245,42,0.134080000449687
245,50,0.11637592780043089
245,56,0.12466772544644691
245,59,0.1337356039977489
245,69,0.12779773838323047
245,87,0.14214411975090868
245,92,0.11838610859305707
245,99,0.14203954033303232
245,133,0.13468617179732217
245,149,0.10915673267332852
245,158,0.15756890702822152
245,160,0.12979954595976076
245,162,0.1312694426422213
245,168,0.10874516847431143
245,197,0.14098219632023384
245,200,0.09671547731168058
245,211,0.10965936865408803
245,234,0.12018362243764848
245,244,0.13975563803114616
245,277,0.13777200774614698
245,278,0.13271666203488275
245,288,0.15290754673455675
245,373,0.10652460506339387
245,382,0.13606372511459802
245,385,0.14504760446679427
245,388,0.14166485466320905
245,390,0.12762171691076882
245,394,0.13867725321364294
245,398,0.13898732811429831
245,428,0.15564864387440736
245,450,0.12288404791705482
245,456,0.14144441690078702
245,461,0.15966040538310453
245,478,0.1346626741789041
245,484,0.12735108143165622
245,529,0.10752771115420284
257,4,0.06682608575042676
257,9,0.0569176227614242
257,29,0.07234638227961097
257,41,0.0680936635119172
257,73,0.06633236075502773
257,89,0.06765095770899125
257,93,0.06787041057799785
257,97,0.06821211078804774
257,124,0.06581734076441625
257,179,0.07043558880672941
257,230,0.06805777052947773
257,232,0.0697484017199735
257,233,0.07691853210014125
257,236,0.06506933622509921
257,287,0.06753578991817058
257,341,0.06873627079151717
257,383,0.06881278430765422
257,427,0.07152947885015226
257,466,0.0713130602755672
257,502,0.08245929165288822
257,521,0.06857706368513838
500,27,0.07153869977416003
500,66,0.07370943764213826
500,89,0.07206741933434521
500,90,0.07456944242475629
500,128,0.08026234534118105
500,129,0.07008866389517897
500,184,0.07323299620948467
500,188,0.0683738943482753
500,266,0.07614502801663094
500,293,0.07233750762138708
500,347,0.07707778004180708
500,351,0.0718659235258994
500,370,0.07352566477457939
500,415,0.07304028034331406
500,424,0.07569748510788755
500,429,0.06961526432645643
500,432,0.07387186257093992
500,444,0.08232265048215776
500,447,0.0731443055615078
500,451,0.08631831763741668
500,469,0.07581974453534233
500,481,0.0768556730264281
500,493,0.07807210367812073
500,506,0.06957486497763991
21,10,0.12297121925470347
21,19,0.15529900176611694
21,34,0.1498230887464557
21,35,0.09595262769921065
21,48,0.13141678143514823
21,53,0.11131530326658207
21,55,0.11004013758212527
21,59,0.15364439504646846
21,69,0.12905134559070675
21,87,0.14942271926584585
21,91,0.12040266956243313
21,96,0.1484644978144573
21,102,0.12270833145016562
21,110,0.1416282681326513
21,111,0.13635349511345377
21,112,0.14490260377529
21,119,0.11445801423553735
21,120,0.12997423870344485
21,126,0.12452599100948668
21,133,0.14225530209412343
21,135,0.10838285780504833
21,137,0.10531543600286648
21,141,0.12099227174728698
21,148,0.09635411755201331
21,159,0.12299805413588304
21,160,0.12921501659357046
21,161,0.13936674027392773
21,162,0.13073507197309173
21,165,0.13157223396863166
21,197,0.14298917516314416
21,200,0.09537754290808058
21,212,0.15481653447765717
21,234,0.11898557676884494
21,244,0.1464884800652665
21,255,0.09538832195019108
21,265,0.12764933587670066
21,277,0.15732940399422443
21,278,0.15605064676139788
21,280,0.15468041059218302
21,297,0.10952736233903718
21,298,0.11281999193585676
21,301,0.12173815377749679
21,312,0.12890803655968572
21,316,0.1284391579326729
21,317,0.10682315903186632
21,319,0.1281566852741977
21,326,0.10947446940342288
21,328,0.10336962349176347
21,336,0.13817971189188424
21,371,0.13559521601968116
21,372,0.15177090342984664
21,384,0.128646455767897
21,394,0.13984558616756276
21,405,0.1058362178084751
21,420,0.14082257340819493
21,425,0.1547906334532145
21,430,0.11881038899327537
21,437,0.16026695058908413
21,439,0.12176275751132147
21,446,0.09855841302388513
21,454,0.09905529626841054
21,470,0.10378415411204252
21,473,0.14330036336141572
21,474,0.10290222842883097
21,476,0.08824131564696727
21,478,0.12410685864725965
21,490,0.16881436652682197
21,492,0.13194878238002408
21,501,0.12975385635429568
21,505,0.14319812337749313
21,511,0.16116594032277112
21,519,0.0866517898496171
21,526,0.13823922396788996
136,1,0.01129416512247985
136,24,0.05911816891781142
136,47,0.05609867731785293
136,128,0.055555310153390235
136,189,0.05550647946277183
136,194,0.057057669022948454
136,204,0.061913738810971494
136,206,0.05577134898266822
136,243,0.05597153502910237
136,250,0.06147370670407463
136,274,0.057646884218704474
136,296,0.06164508915184533
136,367,0.05562877405644013
136,376,0.05777742272110863
136,379,0.055444011027518225
136,395,0.06116162435819599
136,408,0.05533529842063567
136,436,0.06108496426907196
136,455,0.059235059267598686
136,462,0.0663978361143848
136,499,0.06253499268887168
300,7,0.10919206348169101
300,26,0.11605115914202742
300,45,0.10373501777642365
300,79,0.1416389385916372
300,97,0.09002849560226449
300,108,0.12274927269425431
300,117,0.06037192432016757
300,126,0.13010084486284082
300,127,0.10325048497859642
300,144,0.0754966056368621
300,150,0.10355867763758099
300,151,0.12147100126077164
300,161,0.11832751186576951
300,164,0.08687717288003424
300,165,0.11897783495897399
300,166,0.09767565016792619
300,174,0.1041488910872459
300,177,0.08508416876658777
300,195,0.10093820861119275
300,198,0.1253666659835959
300,201,0.11901292668016902
300,205,0.1318484032247389
300,213,0.12405950003044577
300,217,0.09011210621696714
300,218,0.11178472690769234
300,219,0.0790190147166098
300,228,0.10318096298630938
300,231,0.11027532578607749
300,256,0.07088261917863012
300,268,0.07448985907397146
300,272,0.11849080817246568
300,275,0.06780044350523222
300,281,0.08854603490682555
300,303,0.0845439859719871
300,307,0.08774160294790759
300,310,0.0992155897629341
300,320,0.08971060839504054
300,332,0.09338988751848204
300,346,0.09281875498289369
300,354,0.12113750836064588
300,357,0.08019560100387088
300,374,0.10530025930952928
300,387,0.12173756832547038
300,399,0.08982685924760002
300,410,0.11157967753479674
300,413,0.1384111489074242
300,414,0.11776793812763242
300,415,0.09963610597391068
300,429,0.0694750200802999
300,442,0.12383676222528847
300,471,0.08726972335816842
300,496,0.07205705463189543
300,497,0.11821872265262225
300,504,0.1398060459434713
300,505,0.11462985535698135
300,522,0.08052339842982592
510,6,0.1099161529542552
510,53,0.1010197768562292
510,98,0.10223610239784885
510,132,0.10618606721728678
510,139,0.09767265655178327
510,151,0.09917094553958535
510,173,0.10098982806063424
510,178,0.0607891227804489
510,183,0.10083067265366435
510,231,0.10076213866732281
510,259,0.1107521209353052
510,298,0.11523713598839042
510,318,0.09015996784225422
510,321,0.10395427169226168
510,349,0.07350945858802121
510,374,0.09922127361974395
510,410,0.0958674559524143
510,414,0.09903904195807609
510,442,0.0995661761388239
510,449,0.1106466751950797
510,487,0.09969093478154989
510,496,0.07512332469748123
510,498,0.09916522138499365
510,507,0.09841899457753889
114,20,0.0690143495448256
114,33,0.06741793573836474
114,72,0.07389213104339502
114,86,0.06921868508125466
114,100,0.07262506387138311
114,116,0.06898522783020222
114,125,0.07233598679527042
114,155,0.078407880072287
114,163,0.07243239573358921
114,194,0.07142753364061503
114,207,0.07108810098377898
114,250,0.08047277632139933
114,262,0.06317131797395709
114,279,0.07346684370802553
114,287,0.06995001206798795
114,308,0.06972425267801444
114,324,0.05678859705961234
114,333,0.05804914387697392
114,347,0.07007355080994955
114,360,0.058318746871397306
114,375,0.06906833907892602
114,422,0.06938141596380674
114,426,0.07565708865768687
114,445,0.06781144854932414
114,466,0.08147060944216758
114,508,0.06564331536470362
114,524,0.06958928152997598
148,21,0.09635411755201331
148,28,0.09532746134681357
148,48,0.10586412644169305
148,74,0.08503121841991315
148,97,0.08522998079822319
148,102,0.09555728850246516
148,111,0.09644447583368726
148,112,0.10650409801400779
148,126,0.0983216525606738
148,137,0.09655204099555355
148,161,0.10502456049412336
148,182,0.10770314647217394
148,201,0.10829628924240257
148,234,0.09569405814970583
148,256,0.07083071517641323
148,277,0.10165643171792932
148,297,0.09765033828345539
148,354,0.0950748792536565
148,361,0.07372796874456802
148,372,0.09840077382031774
148,429,0.07854239871415226
148,437,0.09988481849710948
148,454,0.09492110730405685
148,470,0.10239159952004748
148,471,0.09094743574995837
148,492,0.1054901366867907
341,3,0.08931465730005626
341,7,0.08373507314755256
341,13,0.08818829618740966
341,36,0.07149735204858843
341,37,0.07386899724322958
341,54,0.07452992508544327
341,109,0.0785163346054852
341,117,0.05958770285194542
341,124,0.09172645920496053
341,125,0.10191075044013262
341,140,0.09014539436456598
341,154,0.07822149193768851
341,163,0.08650724633770243
341,175,0.07551752475889709
341,177,0.08517362266298394
341,186,0.07897153171839699
341,191,0.06930629722240382
341,233,0.08274249861701163
341,249,0.0837180568896261
341,257,0.06873627079151717
341,262,0.0658066633919519
341,266,0.08461856996866662
341,287,0.08176224758213867
341,302,0.09810442508946701
341,305,0.08732285965556807
341,314,0.053518708625865614
341,333,0.06073279138794008
341,339,0.0851469544289992
341,343,0.07704639723881121
341,352,0.09244233565847505
341,374,0.08845576399334477
341,375,0.07794384783695645
341,383,0.07776623224054871
341,391,0.08257335862411404
341,393,0.06768977440100478
341,413,0.08395179268473953
341,422,0.07577921314332768
341,423,0.07593799388686022
341,427,0.08520737661804598
341,432,0.07838700810111325
341,440,0.09176810946991153
341,444,0.08773690392347158
341,448,0.07347035966523513
341,502,0.07071145751239771
341,503,0.08939643616814934
341,525,0.07336275598063587
380,61,0.1348568047678114
380,91,0.11758755773199016
380,96,0.12058159970061126
380,133,0.11968151197922368
380,161,0.12125037319958384
380,221,0.12141978650451345
380,229,0.11697445682141577
380,240,0.1329848874854613
380,247,0.10604295161977903
380,280,0.11930481649457858
380,312,0.12738648688308915
380,336,0.1184510374355383
380,372,0.11946542189740968
380,399,0.08965036680628327
380,428,0.12291712147737284
380,437,0.12062908672509617
380,439,0.12508847939419415
380,443,0.10451053598536511
380,450,0.11958172375972591
380,461,0.11884916852705844
380,479,0.12128737177964191
380,489,0.12732354007564076
380,490,0.11949235302358416
380,505,0.1195215564520408
380,511,0.12929765504127025
380,531,0.11038949520215594
7,6,0.10996561121756164
7,13,0.07953976840751602
7,26,0.10786371625081852
7,45,0.11731078986136838
7,65,0.07618368447645753
7,79,0.11892013827961659
7,103,0.09493613280179171
7,117,0.06079567428494928
7,118,0.07731991754834834
7,127,0.10308141531802711
7,131,0.07497728403763979
7,132,0.11479268564724134
7,139,0.11569598260975152
7,150,0.0990544727864336
7,151,0.10702860293267755
7,164,0.08001961943753576
7,165,0.1104386481108095
7,177,0.09724143098411986
7,178,0.05967843433645056
7,195,0.09414926640992316
7,199,0.0702199825060588
7,201,0.10663579082759957
7,205,0.11456379112205917
7,213,0.10569061115867337
7,231,0.10357527578954445
7,254,0.08777414218666423
7,295,0.09445349633655575
7,300,0.10919206348169101
7,307,0.08810006607391829
7,318,0.0856848696058625
7,320,0.09795565282732845
7,321,0.1084078600455491
7,341,0.08373507314755256
7,354,0.11764193226251318
7,374,0.10622836654441498
7,396,0.0814579271150665
7,401,0.07559248847417126
7,413,0.10613389236103335
7,442,0.10923445121004552
7,447,0.08334652840290863
7,449,0.10536023882337847
7,470,0.10598149607449932
7,504,0.11951190413535306
7,507,0.0867629022873161
45,6,0.1370696646738162
45,7,0.11731078986136838
45,65,0.07479763542809459
45,79,0.10671895388921993
45,80,0.09040155323755313
45,98,0.08473691113041765
45,127,0.09988277002990172
45,132,0.11600938928177586
45,139,0.11215848644591433
45,161,0.10680931353377063
45,164,0.07773598697287169
45,173,0.12417058241270401
45,178,0.0639808794948436
45,182,0.10434677073533624
45,201,0.10954631942537908
45,205,0.13496924896477958
45,213,0.1168433117161781
45,277,0.10117601190433675
45,300,0.10373501777642365
45,321,0.11100298916238766
45,337,0.10135553805133136
45,354,0.11373389962406047
45,407,0.10371436619523292
45,410,0.1016334511572547
45,414,0.10860596907183796
45,498,0.09350874692595937
45,504,0.11211698485610995
316,21,0.1284391579326729
316,34,0.1285504018669318
316,56,0.11263112271687419
316,59,0.1251432794280447
316,69,0.1330771862053101
316,87,0.12960493371750417
316,99,0.14347796598213405
316,111,0.13027801488100185
316,133,0.15281171200934968
316,141,0.12612966781444918
316,149,0.10485278250001548
316,197,0.13604196006764216
316,211,0.10834761125241608
316,301,0.11763163230613392
316,328,0.10443407848332015
316,330,0.12270722102903839
316,373,0.09788976945157334
316,392,0.1241695459904832
316,425,0.12590924187455035
316,437,0.13200820104696256
316,461,0.1259506079283307
316,473,0.13024066370788095
316,478,0.12374345518206024
316,479,0.12587335996126264
316,489,0.13381316496113652
316,511,0.13559778280881798
507,7,0.0867629022873161
507,98,0.08461908052140339
507,132,0.08419423750516693
507,142,0.08607996073765273
507,151,0.09156542257974554
507,183,0.11031293159423847
507,193,0.07872943332622628
507,213,0.08654863776082665
507,222,0.0862373196624421
507,231,0.10483673145948151
507,259,0.09904032444441034
507,318,0.08374641854997379
507,321,0.09762413862548243
507,342,0.07234292066511212
507,349,0.08793432262202784
507,374,0.12773408025601352
507,387,0.08852971834462042
507,413,0.08447415887530894
507,449,0.08749248958207287
507,487,0.0855103329010982
507,496,0.0744847356863092
507,498,0.0895024073719748
507,510,0.09841899457753889
507,522,0.09022274768574455
58,1,0.011339484432786259
58,24,0.06658021652546747
58,62,0.06803373758086322
58,63,0.05990199713271275
58,73,0.0705804212975903
58,81,0.06669130646276503
58,84,0.06956899147357505
58,101,0.07160369817127324
58,116,0.0740279127212361
58,155,0.06722070418465775
58,206,0.06627559953454025
58,207,0.07675129798742271
58,216,0.06763621227103214
58,250,0.06819657132764413
58,274,0.0683656865998756
58,324,0.0577085828622459
58,339,0.0668963028963547
58,356,0.07484839544256067
58,363,0.06631224803774356
58,412,0.071255727214871
58,455,0.07116369557865071
58,458,0.06667104606408791
58,486,0.06638752226829518
102,21,0.12270833145016562
102,22,0.11846151160617645
102,110,0.1390209139133774
102,111,0.12431604644816756
102,112,0.13392785795289597
102,135,0.11243911743802029
102,148,0.09555728850246516
102,212,0.1266221553491978
102,240,0.12326974658594159
102,270,0.09309034504152366
102,277,0.1287075605715806
102,280,0.1340627946834004
102,304,0.12643325358589785
102,317,0.10838423667498948
102,344,0.09332336146742796
102,366,0.13878999262276792
102,392,0.14432420696116918
102,394,0.12879288464770805
102,398,0.1317787866300529
102,420,0.13718746277944838
102,425,0.14522126285156955
102,428,0.13014425257235243
102,461,0.12790378916920295
102,479,0.13210738666890537
102,490,0.12927228392613474
102,501,0.1223318215079637
102,526,0.12809972519881596
180,18,0.06759029492457977
180,20,0.07607358187343634
180,33,0.06728185698144801
180,41,0.07228859241165823
180,46,0.07120736941917048
180,62,0.07132505126852384
180,77,0.06880840194765846
180,125,0.07692617103254498
180,155,0.08014959900201263
180,156,0.06294006254416704
180,179,0.08031244339936688
180,189,0.07436439571418249
180,204,0.07085428637364867
180,207,0.07422890414045383
180,226,0.053979495941986914
180,238,0.07330317003584405
180,279,0.07042120774920617
180,284,0.07669461472425608
180,296,0.07384552477736288
180,360,0.06447369038667551
180,365,0.06637961873322248
180,379,0.07525913590772788
180,426,0.07292136889816417
180,460,0.07088467760108264
180,464,0.07062690066051092
180,466,0.07630856853223765
180,486,0.07740459673854717
334,10,0.07838566395564302
334,28,0.08506983877941715
334,34,0.08513642032351237
334,87,0.078734606411156
334,124,0.07884199120575978
334,137,0.08890240929890525
334,139,0.07812033197184746
334,270,0.0777729028703483
334,277,0.07945255883845238
334,278,0.08367709712522205
334,291,0.08049052515855834
334,319,0.07808304109176123
334,326,0.08321255425049835
334,344,0.09246357001153922
334,345,0.09169327661126231
334,354,0.07881795742651651
334,361,0.07284687073345388
334,404,0.0864310768741187
334,437,0.08048940984886566
334,473,0.08417706244851765
334,476,0.08493185757126018
360,1,0.011333800193763146
360,3,0.06085103962496571
360,46,0.06185660246908224
360,81,0.06230108411742073
360,84,0.06648296847359092
360,100,0.057914723463561996
360,114,0.058318746871397306
360,145,0.06740250037150437
360,156,0.05783039882564147
360,180,0.06447369038667551
360,189,0.06178381296717449
360,207,0.06219527930627768
360,216,0.057503622218033415
360,226,0.05512018362680712
360,284,0.05744201371182189
360,335,0.05928864512212783
360,396,0.057545151460223196
360,466,0.05858130483009841
360,467,0.05824301064515491
360,485,0.06145517206301262
360,508,0.05757902196134761
360,530,0.05811216152484248
514,2,0.08655542473215301
514,18,0.06652359989039709
514,24,0.08198585731251681
514,29,0.08219462404514397
514,43,0.08202311157078045
514,52,0.08391125576767955
514,57,0.08850968206485865
514,66,0.0936338209687682
514,71,0.06812931675565038
514,84,0.0796434964347188
514,105,0.07462409487155183
514,116,0.0989023726217709
514,134,0.0881687659841832
514,151,0.08691455268364082
514,153,0.08602323050749293
514,157,0.08039136949634715
514,174,0.1032512653773613
514,176,0.0825001577938732
514,194,0.0889921424651019
514,222,0.09641316554849806
514,223,0.09869274418791817
514,236,0.09226803077168039
514,239,0.0675315501999125
514,258,0.07140893155394501
514,271,0.07636642173479334
514,282,0.0725330273746341
514,284,0.07749100959268498
514,286,0.08542575056168203
514,299,0.09439915185472736
514,305,0.14069307502420617
514,323,0.07519096414579396
514,332,0.10912622215492844
514,357,0.08122492529876553
514,379,0.08617412139857827
514,381,0.06590212741957358
514,400,0.08017126951015378
514,406,0.09075613699420441
514,440,0.08516022395458343
514,460,0.08932539388655202
514,464,0.08842309978289309
514,467,0.09698262015881076
514,475,0.08044472154052622
514,480,0.08081408683899602
514,486,0.09057469816698968
514,517,0.08734430924241687
514,527,0.08311992520147801
514,528,0.07205972589024837
73,5,0.06779394048229576
73,41,0.09082998409347769
73,46,0.08800016560717547
73,58,0.0705804212975903
73,81,0.08736931560910872
73,93,0.08833044609897811
73,97,0.08255652135289367
73,122,0.08807324697914158
73,124,0.10032096565749023
73,130,0.08246742494098377
73,134,0.08926107692621174
73,140,0.09106526403105807
73,143,0.05291805818503884
73,146,0.07954446856952067
73,155,0.09500701138007533
73,163,0.08978897080595429
73,174,0.09376589752661525
73,177,0.08174517243232239
73,184,0.09037852800413083
73,185,0.0716619472174164
73,208,0.0736421338161287
73,216,0.09124700098419745
73,230,0.08426011750782111
73,253,0.07602729513671445
73,257,0.06633236075502773
73,269,0.08789156314918677
73,283,0.086829910589104
73,309,0.07596259416564068
73,322,0.0631189927129649
73,324,0.05635853184787524
73,329,0.07976672839079284
73,339,0.08880177970441211
73,355,0.07160115096969968
73,356,0.06938195925010979
73,369,0.07968504880622254
73,370,0.0883409785038985
73,386,0.08070788614353103
73,412,0.07213528541197683
73,416,0.07422732975113085
73,426,0.08840261091562256
73,427,0.09843610136350203
73,451,0.07334421826628906
73,455,0.07527896066288088
73,458,0.08519051344140643
73,460,0.08815368434879545
73,468,0.07534673186323017
73,481,0.08924045023593268
73,485,0.07299754172882629
73,486,0.09586196668741377
73,516,0.10082683377863207
73,517,0.0808041620746066
73,521,0.08327603572328857
349,53,0.06816499044415159
349,151,0.07373919326505016
349,183,0.09394332913677135
349,193,0.0981596407492277
349,198,0.06709568370957106
349,222,0.07524179986868716
349,231,0.07327721658924147
349,259,0.06814527649261762
349,318,0.08200216889032742
349,340,0.07168780288017693
349,342,0.09503339566589694
349,374,0.08995147629984959
349,413,0.06949361116525397
349,442,0.0675770667147094
349,449,0.07178855228016148
349,496,0.07311196852182894
349,507,0.08793432262202784
349,510,0.07350945858802121
349,522,0.08751322101530194
349,527,0.07031582189741668
435,41,0.0750454127642587
435,43,0.07533954339342806
435,49,0.07614402723904805
435,68,0.0786557221149119
435,90,0.07356874811133692
435,140,0.07382915202019467
435,163,0.07459552325344414
435,184,0.07291043850988066
435,196,0.07625881063836933
435,309,0.07124204883992129
435,343,0.07698491566841613
435,352,0.08229962720154002
435,391,0.08387886188185055
435,397,0.07294741058948549
435,424,0.07544410181256951
435,427,0.07051076604409087
435,441,0.0720443880612542
435,444,0.08934332837746375
435,465,0.07215113699777262
435,481,0.07374680406518982
527,2,0.08461753196763948
527,12,0.09347710841324776
527,27,0.07133800923896857
527,31,0.1032251153075826
527,66,0.08307548208343976
527,85,0.07191704975077372
527,89,0.09094817334031104
527,151,0.08731224929276814
527,176,0.08215077506817867
527,183,0.08047050248536845
527,187,0.07643884147245641
527,193,0.08931091878463654
527,222,0.09045638971565167
527,232,0.07548307443723157
527,260,0.08825065685148743
527,264,0.07255935516566277
527,267,0.06035785145151237
527,286,0.07979453029785785
527,299,0.09423351297925794
527,305,0.08696788586786293
527,338,0.08232366008706707
527,342,0.08541206528972542
527,349,0.07031582189741668
527,357,0.08192373355186415
527,369,0.08023705109824984
527,377,0.0842455117071755
527,481,0.08590506800509576
527,496,0.07842908013140376
527,514,0.08311992520147801
527,522,0.09351147563814641
188,2,0.07175914754266877
188,9,0.05350572638816545
188,12,0.06742907221761073
188,27,0.07035398715717588
188,29,0.06598488645131372
188,89,0.07801064407483853
188,191,0.06655585532855227
188,232,0.09434119765570997
188,256,0.07209096481355833
188,264,0.08765989096745735
188,266,0.06879076195332123
188,351,0.07297251904252
188,393,0.06763975675279073
188,421,0.0682332461144334
188,469,0.0890914926930284
188,481,0.06703749400708518
188,493,0.07158576607930896
188,500,0.0683738943482753
188,502,0.07395800226923838
188,521,0.0677949910892986
188,525,0.0658838939030733
302,3,0.103571731494437
302,25,0.08187130983128872
302,32,0.08979034068515121
302,37,0.08027297088959899
302,39,0.07249528663689764
302,47,0.08417104491498657
302,62,0.07748216694297752
302,72,0.07701270451001284
302,109,0.07259291989374418
302,124,0.09270905234631645
302,129,0.06921107044879674
302,137,0.08854003502187661
302,138,0.08237902368220204
302,140,0.09345308517675022
302,143,0.05240631533554035
302,145,0.07467704064449239
302,150,0.09289379562295381
302,164,0.07741755084762822
302,196,0.0843202408567908
302,210,0.07274703110336415
302,233,0.08076807989870681
302,249,0.09019521573209566
302,252,0.058800940083723954
302,287,0.09124970251355216
302,308,0.08290478192832709
302,333,0.05667799670142486
302,339,0.10135922194831615
302,341,0.09810442508946701
302,352,0.08344826352690471
302,355,0.07130017266589352
302,365,0.06019978091809809
302,383,0.08117165725042494
302,396,0.08729739401215103
302,412,0.07370915611829967
302,413,0.08424004683515313
302,415,0.08799951461565247
302,418,0.08751750414449834
302,426,0.08129003891484184
302,427,0.09189323891795154
302,432,0.0858264997183328
302,447,0.08635192066913944
302,448,0.06924208587161998
302,457,0.06825820904822955
302,477,0.07705060166833164
302,503,0.09464492520004804
302,506,0.06107564325035754
302,515,0.0796340381805266
302,518,0.09043395756366618
329,3,0.08014448989245399
329,25,0.07933043011471905
329,73,0.07976672839079284
329,122,0.07474551556160797
329,124,0.09589900813154409
329,125,0.07734099723627548
329,154,0.07683518877364949
329,163,0.07910608176339187
329,179,0.08176037585777778
329,216,0.07882891897711924
329,249,0.08014350495539592
329,283,0.07469197257762679
329,287,0.07494259874481149
329,379,0.07961829745307737
329,396,0.0773834113041415
329,417,0.08460537440428857
329,418,0.07507320099968819
329,427,0.08989558046234578
329,432,0.07819810945961199
329,506,0.061105712575829176
329,518,0.07640565850058692
104,51,0.10020248933607433
104,61,0.13285714924815478
104,76,0.10491022235128347
104,96,0.13127780142014092
104,111,0.13536262760496293
104,160,0.13866360962334465
104,165,0.12512083142437333
104,201,0.1199433832446639
104,209,0.12238668474576986
104,221,0.12142718952125567
104,265,0.12591514270501894
104,280,0.1300485619197272
104,292,0.13444889092119713
104,325,0.09215991120050335
104,389,0.12381203427245759
104,394,0.12054802605110593
104,398,0.1282185474946732
104,402,0.09410191285748018
104,414,0.1219659010364689
104,437,0.11932178933710329
104,456,0.12908138406578482
104,471,0.08400994655381878
104,483,0.11892467431457275
104,490,0.1265866976171248
104,511,0.12034664652753106
133,8,0.12825301069159592
133,21,0.14225530209412343
133,34,0.14548658696616804
133,44,0.12607828932440662
133,55,0.09895122080041804
133,59,0.16581916597963028
133,61,0.1482192629452837
133,69,0.1311563641348322
133,87,0.18043798669853936
133,92,0.11334576866899859
133,99,0.1563232875887008
133,111,0.13686197043016546
133,121,0.10759345701606218
133,123,0.12842464427233072
133,141,0.12839909229924137
133,160,0.13049885715298765
133,162,0.165685301755941
133,197,0.16862519018436156
133,211,0.1042721089286204
133,240,0.15586793528901088
133,245,0.13468617179732217
133,276,0.09263145710603504
133,288,0.1239785312353607
133,301,0.115430972876402
133,316,0.15281171200934968
133,317,0.11087173027637481
133,319,0.1489345369279197
133,328,0.10926141040491937
133,330,0.12628747299293572
133,336,0.14954459347671276
133,337,0.12599402372058635
133,366,0.13361836360838777
133,373,0.09440490675815483
133,380,0.11968151197922368
133,384,0.12813393897023112
133,385,0.12745897561255393
133,388,0.12455467239327915
133,390,0.10290234909915379
133,392,0.13995393239895917
133,420,0.14477242146103647
133,425,0.1434621184171424
133,430,0.11552966396127548
133,437,0.15179946454835436
133,439,0.12825927131411866
133,461,0.14598573790540562
133,479,0.1591577449877953
133,489,0.13812869016001064
133,490,0.13871057932469977
133,511,0.15152675698324503
133,529,0.12023329133828872
162,21,0.13073507197309173
162,61,0.13102855629003274
162,69,0.131584081903963
162,87,0.1397066711961497
162,99,0.14543128729722146
162,121,0.11027950960387992
162,133,0.165685301755941
162,149,0.09680361355166679
162,160,0.14005675698005304
162,197,0.1582806378641773
162,211,0.10183356158040328
162,240,0.13022053175289688
162,244,0.1406690099030641
162,245,0.1312694426422213
162,255,0.09547906253952979
162,319,0.13854272473674614
162,325,0.0962445143667098
162,330,0.11081307784915521
162,388,0.1212575847178239
162,390,0.11456731537561408
162,394,0.1363559138364414
162,398,0.1356578945514997
162,428,0.1344165848701698
162,437,0.14403191627020306
162,439,0.12107998571725472
162,456,0.14999091883670196
162,473,0.1276799151271417
162,479,0.1265172095548542
162,489,0.13127546692248018
162,529,0.11709485685183017
357,2,0.07947418279642479
357,15,0.08305613731263486
357,52,0.07293291856267248
357,66,0.08234100702078763
357,86,0.08545145715424791
357,122,0.08182988423475225
357,174,0.0866929648955711
357,217,0.10159450042959364
357,236,0.09109283998013382
357,253,0.08605244631804297
357,282,0.07037872889981951
357,285,0.0787911142285808
357,286,0.07308094473810209
357,300,0.08019560100387088
357,327,0.08160778092306196
357,369,0.08053550661288937
357,377,0.0836913717000598
357,378,0.08045278969326937
357,381,0.06758873570831239
357,406,0.08834298243103623
357,464,0.09444411441811768
357,481,0.08024781686419685
357,514,0.08122492529876553
357,521,0.08099088803407366
357,527,0.08192373355186415
399,10,0.08893294413856719
399,26,0.0946926086241436
399,53,0.09128800464779224
399,79,0.0930845868488015
399,80,0.08723729288576298
399,139,0.09535946584234799
399,161,0.10109222669156508
399,164,0.07707725865418806
399,173,0.08898808700659953
399,201,0.09475700383700715
399,205,0.08871335928553055
399,268,0.07427563764446475
399,278,0.08836511949342228
399,300,0.08982685924760002
399,312,0.09731957855974364
399,326,0.09265251503189603
399,354,0.08946276405378248
399,380,0.08965036680628327
399,456,0.09011564451590774
399,473,0.09127678994310384
399,490,0.09158218935836128
399,504,0.1007606782318804
399,511,0.09189268778541453
523,23,0.08659655902560408
523,26,0.08304353124581111
523,30,0.08865063595790021
523,38,0.1011741926047221
523,82,0.0812028912860904
523,91,0.08417331094550709
523,97,0.08585374468916314
523,137,0.08786761875196199
523,161,0.08460286308003827
523,174,0.08898453859216632
523,195,0.0876264755975608
523,201,0.08307936039785152
523,205,0.08165222553872582
523,206,0.0749812559841163
523,227,0.07965446268588626
523,289,0.08936393936868589
523,344,0.08580387988636974
523,345,0.0834349865882899
523,354,0.0818631414503331
523,402,0.08558120864063934
523,474,0.08789952498938108
523,477,0.08402490565295491
523,492,0.08315873872241196
523,499,0.07874180471628099
523,528,0.07492163102053011
24,4,0.07121466191370635
24,36,0.07485418616611982
24,46,0.08724753117360429
24,58,0.06658021652546747
24,60,0.07170922153864191
24,62,0.0763020371014562
24,71,0.06410049456793142
24,101,0.07831273114262237
24,124,0.08056149709461287
24,130,0.07931342233283524
24,136,0.05911816891781142
24,153,0.08186224854439544
24,179,0.08131215477300271
24,189,0.07718713629352193
24,194,0.08049070594654667
24,202,0.0703607104774867
24,207,0.0803892005210983
24,216,0.08722199149389744
24,237,0.07313972508319655
24,296,0.07946719181742605
24,299,0.0814624584018516
24,305,0.07956732749343089
24,323,0.08149984605570873
24,355,0.0727218305178314
24,359,0.08636854327660778
24,370,0.08042884617155732
24,460,0.08063077924209612
24,467,0.08841638644969013
24,475,0.07930258231287841
24,480,0.1054354579751748
24,486,0.0803792519873977
24,514,0.08198585731251681
24,517,0.08053209431954494
85,2,0.07700776110105534
85,15,0.07636976970131557
85,66,0.07200180539889928
85,125,0.07502153730396413
85,166,0.08715602757678655
85,176,0.07237492712237224
85,179,0.07271217027487623
85,235,0.07352023351321832
85,290,0.07312253496236051
85,299,0.08916662980973691
85,305,0.07407672206937913
85,332,0.07376812957344049
85,359,0.07525734879911003
85,367,0.07607977014578285
85,369,0.08295302086910543
85,406,0.07694417183051831
85,459,0.07447494744541056
85,481,0.07481886819810805
85,521,0.07701546613038532
85,527,0.07191704975077372
178,6,0.06704729326410394
178,7,0.05967843433645056
178,16,0.059418633015250986
178,45,0.0639808794948436
178,53,0.06115299315296675
178,64,0.06452238146416416
178,79,0.06081149243304444
178,132,0.061818485295714015
178,139,0.06538387277159279
178,173,0.06296257451163524
178,205,0.059571195756004336
178,213,0.06571662135223036
178,215,0.059928866908900986
178,251,0.060781459484830457
178,259,0.06473837852006942
178,346,0.0620407925073553
178,348,0.06540910654023087
178,368,0.060232584468548976
178,443,0.060042140141230965
178,510,0.0607891227804489
256,12,0.08490002725736955
256,16,0.07057521190418588
256,26,0.07270630543724135
256,89,0.07244859670190226
256,148,0.07083071517641323
256,151,0.07483357858480837
256,161,0.07086576796413456
256,165,0.07128181869398559
256,187,0.06849657618508362
256,188,0.07209096481355833
256,201,0.07707082990235906
256,228,0.0747973513745022
256,232,0.08132450664447011
256,251,0.07045708779568133
256,264,0.07043476009682846
256,266,0.0711009308230536
256,268,0.07058175810550495
256,300,0.07088261917863012
256,367,0.08456201677539153
256,369,0.07076190985030746
256,429,0.07647528391631178
256,504,0.07409550542560356
414,6,0.11419512009729843
414,11,0.12132988000487001
414,26,0.13520648269584698
414,35,0.0950596682631489
414,45,0.10860596907183796
414,51,0.10097012761368263
414,53,0.11863642422833166
414,64,0.09472147074355043
414,76,0.10119619675796386
414,78,0.12059410732073692
414,82,0.08309720107961845
414,95,0.10773468738083068
414,104,0.1219659010364689
414,108,0.12536660771706082
414,112,0.15376790828917827
414,126,0.1326893850319169
414,127,0.10081059742378845
414,165,0.1507405941522809
414,173,0.13969210923328546
414,182,0.12952803588512157
414,195,0.09769818166849027
414,201,0.16646680432316244
414,209,0.11657056263124248
414,213,0.12596657841972628
414,242,0.11012710026109739
414,244,0.140845392166151
414,261,0.10419540777138302
414,272,0.1567630898163614
414,277,0.13361889453308612
414,280,0.13670537083343348
414,292,0.13570861720157917
414,297,0.11084730468997296
414,298,0.1174590152513471
414,300,0.11776793812763242
414,304,0.13450085954694016
414,320,0.08525866119683105
414,371,0.13670661227704123
414,394,0.142233153544289
414,398,0.14735526332306692
414,402,0.10984814214510372
414,405,0.10721003554844603
414,407,0.12320616572193915
414,428,0.14229408365845353
414,442,0.12987762068727854
414,443,0.10511646170101348
414,449,0.12215630996618691
414,456,0.15116639596393336
414,471,0.08230651286008366
414,490,0.15497638091551552
414,492,0.13477564609525763
414,504,0.1348486690248085
414,509,0.11636903600055837
414,510,0.09903904195807609
476,10,0.10100097011885069
476,18,0.06695158919263369
476,21,0.08824131564696727
476,26,0.09282111623408297
476,34,0.09185246728775817
476,40,0.0834374844684909
476,46,0.09380248873009489
476,65,0.07967173057248222
476,82,0.07795647009927624
476,103,0.09265762880854934
476,118,0.07402129026982027
476,135,0.08794535752242742
476,137,0.10073133593288658
476,165,0.09406145211285837
476,185,0.07185552306715483
476,194,0.09800217718855468
476,216,0.08134258316151102
476,224,0.09836413844508166
476,244,0.08804338014464427
476,258,0.07160402069120243
476,270,0.09874333158881145
476,278,0.08929374112533102
476,306,0.08584277616688796
476,326,0.0904792565770728
476,334,0.08493185757126018
476,344,0.0894880397729364
476,386,0.08261522153701471
476,409,0.08457259173865787
476,430,0.08949434496850626
476,473,0.09155680701290538
476,492,0.09144546007414733
476,519,0.08822776147777255
509,19,0.11972137846900219
509,53,0.11281391352785933
509,64,0.09956212347368174
509,88,0.11641259511751234
509,95,0.10759457145190959
509,112,0.11793883103168222
509,126,0.114487804836136
509,141,0.11336072127484668
509,158,0.1138008686510771
509,159,0.12046307775527858
509,197,0.11543074915768427
509,201,0.1128963679168982
509,203,0.09917678647756141
509,242,0.1164899963559643
509,251,0.10143539062405325
509,261,0.11158228135828305
509,277,0.11250084932413326
509,313,0.08738577907158623
509,315,0.11412132779912214
509,328,0.09934285270001834
509,348,0.10725000269103543
509,350,0.10099369082934938
509,368,0.09243450590136697
509,389,0.1326045525443843
509,405,0.11888458849925328
509,414,0.11636903600055837
509,456,0.12047418397365837
509,473,0.11499713094551234
509,483,0.12036470680942007
509,490,0.13706991726748366
370,4,0.07252125092179687
370,24,0.08042884617155732
370,25,0.08115460829868625
370,30,0.09156620643439933
370,32,0.08999367282612679
370,41,0.09438647932107937
370,43,0.08024182906526323
370,57,0.09509392370927881
370,62,0.07354817969480855
370,66,0.09347520577595855
370,73,0.0883409785038985
370,86,0.08761500690776447
370,89,0.0906592878868355
370,90,0.0890926214112732
370,93,0.1037005964900218
370,101,0.0882028681699084
370,107,0.07815866247734087
370,109,0.0798431944617776
370,115,0.07360366539517645
370,128,0.07922508206001129
370,130,0.07652729795251444
370,147,0.10073234928792106
370,155,0.08747354764824564
370,157,0.07606833678230478
370,171,0.08750176210167399
370,174,0.09583365447978946
370,176,0.08364183736188566
370,186,0.08084126613349189
370,187,0.06938496834293152
370,206,0.07675546219211551
370,207,0.08239047382437838
370,222,0.09991268940440155
370,227,0.08313826586446557
370,230,0.08440409746955016
370,238,0.08423504595093532
370,248,0.07826584612680942
370,250,0.08820044103351676
370,253,0.08135096263116619
370,260,0.08217540539072432
370,269,0.09303320178680617
370,271,0.0725597175573296
370,279,0.08289426633687527
370,285,0.07165126550025722
370,286,0.07362360239684232
370,290,0.07845033248335428
370,296,0.07563842100740834
370,305,0.1030853045934007
370,306,0.0881865916721757
370,309,0.076337835385464
370,327,0.09276406264774362
370,332,0.09137118157059583
370,339,0.09370837790816013
370,343,0.07591089871106735
370,347,0.0853429298539685
370,355,0.0727590046996962
370,359,0.10296503250284413
370,369,0.08385415030412324
370,376,0.06875167088717235
370,377,0.08457402766832785
370,378,0.09102767315060141
370,395,0.09238038653313217
370,397,0.08827354604504785
370,400,0.0788061436133499
370,406,0.08933103546282974
370,411,0.07773100502538802
370,413,0.0927845701545105
370,415,0.0970415855871388
370,424,0.09225892365507943
370,426,0.09253376241773631
370,427,0.09910200915850269
370,429,0.07039523773680127
370,440,0.0936228673501809
370,441,0.08946404549787287
370,444,0.08633735021107845
370,451,0.07522748929252249
370,460,0.1008844365628353
370,464,0.09309485134671971
370,465,0.08635302178640786
370,475,0.0950694756815167
370,480,0.08027989293151946
370,481,0.08799374554302805
370,482,0.07920942899654018
370,494,0.11696668396735772
370,499,0.08037768108342026
370,500,0.07352566477457939
370,512,0.07864930708117403
370,517,0.09606269452170217
370,520,0.07958359863234868
370,521,0.0871866230644883
370,525,0.07261794376778138
139,6,0.12330639152657955
139,7,0.11569598260975152
139,16,0.12131441333540785
139,19,0.13877108147863065
139,26,0.12189594384285883
139,45,0.11215848644591433
139,53,0.11115075366959622
139,64,0.11086214943142528
139,65,0.0784390939190935
139,70,0.07941550039494744
139,79,0.14925071265810994
139,80,0.08726276902037373
139,83,0.12704559809905228
139,98,0.08598880879801694
139,106,0.08194713030276972
139,112,0.12749460044881283
139,127,0.10873475249282175
139,132,0.13952598356680157
139,144,0.07999198949474651
139,150,0.09921893094775543
139,152,0.0830032724938873
139,164,0.07554222930357217
139,173,0.16621595582403387
139,178,0.06538387277159279
139,182,0.12735760685565622
139,199,0.07594400218877338
139,203,0.11086006899992776
139,205,0.14761706421023826
139,231,0.09953906058892234
139,251,0.10709560315259155
139,259,0.11993336268446148
139,277,0.15145110430592065
139,278,0.13939678239146855
139,295,0.09531187613336987
139,303,0.08939766315916195
139,312,0.13347559057269448
139,315,0.14573594974121562
139,321,0.12876814079185017
139,326,0.13465204460185318
139,334,0.07812033197184746
139,348,0.13624819078826947
139,354,0.13837515895874045
139,368,0.0919645434374677
139,392,0.13442325881201805
139,399,0.09535946584234799
139,401,0.07606587077373951
139,403,0.09621468117382448
139,405,0.11774158938683446
139,420,0.1294711500522224
139,442,0.13067718172144865
139,449,0.11741536804686795
139,473,0.1302288786161782
139,487,0.11350845084169194
139,490,0.13064363005039017
139,498,0.10139300373485768
139,504,0.1312279237179052
139,510,0.09767265655178327
249,10,0.0897196581682057
249,26,0.08918411994899929
249,29,0.08092319493041068
249,32,0.08925736036110488
249,54,0.07497653068926603
249,86,0.09489883659278145
249,90,0.09018650412634781
249,97,0.09032864367930885
249,124,0.09914085823948837
249,154,0.07997110625975004
249,174,0.09637234795927337
249,184,0.09213005540339773
249,195,0.09420645420720339
249,208,0.08030528409495942
249,210,0.07020173111177835
249,217,0.0836339255870857
249,220,0.07619677582297178
249,223,0.08553267208917135
249,263,0.09396678037685911
249,268,0.07591432367218293
249,269,0.08428090699934179
249,274,0.08557539445101306
249,275,0.06785398930615971
249,287,0.0860379472251228
249,291,0.09663691026114556
249,293,0.06977518023698548
249,302,0.09019521573209566
249,329,0.08014350495539592
249,341,0.0837180568896261
249,345,0.10154185724710878
249,351,0.074093406789012
249,352,0.08710735599184243
249,354,0.09007739608070474
249,358,0.05719209487581998
249,386,0.08545255504761896
249,413,0.09399720200525082
249,415,0.09426455936831343
249,417,0.08742193106124897
249,427,0.09810586488306762
249,429,0.07034869627173386
249,433,0.07756842250068546
249,436,0.07321462878013707
249,454,0.09030247328473442
249,457,0.06927537872835009
249,477,0.07526362847123898
249,495,0.07992621562249529
249,502,0.0737529427718053
249,503,0.08804645657956345
249,504,0.09143912829100587
249,506,0.06185757748586061
249,518,0.08840213539985767
255,10,0.09599767021252993
255,21,0.09538832195019108
255,34,0.09191129049112429
255,40,0.08394090485290374
255,59,0.09334136108093703
255,69,0.09367604672205865
255,103,0.09184718307305051
255,131,0.07746656530174025
255,135,0.0938363336566784
255,160,0.09192446219155706
255,161,0.09237511445022825
255,162,0.09547906253952979
255,165,0.10188797962196094
255,209,0.09295444208103608
255,224,0.0927804772674367
255,240,0.09551263173303685
255,319,0.10215414187832532
255,330,0.09203453800051693
255,398,0.09284013659884643
255,430,0.10385016604905176
255,470,0.09281658784558237
255,505,0.09149673121427206
255,519,0.0900018088760818
346,67,0.09199988712493241
346,79,0.0970676567220263
346,117,0.0586106945751899
346,142,0.09649455903692986
346,178,0.0620407925073553
346,192,0.10373212379039314
346,198,0.11190420753922728
346,213,0.09450058075162075
346,215,0.10404557139584188
346,218,0.11718089389767944
346,225,0.1142186073306275
346,300,0.09281875498289369
346,387,0.11407401119834008
346,410,0.10712274574372323
346,413,0.09591946443287887
346,431,0.09685537136676425
346,434,0.09632358225380273
346,438,0.10137409630146314
346,453,0.1093164852658027
346,472,0.09551514235462723
346,491,0.1037129059568604
346,497,0.11214129844084904
346,504,0.09694302085985958
10,6,0.10924563801850092
10,19,0.13198991465944837
10,21,0.12297121925470347
10,23,0.10160179834308217
10,26,0.14612641666886136
10,34,0.12876564622838493
10,35,0.1018722681675347
10,40,0.080571422374951
10,52,0.07517778451231322
10,83,0.11115434988802987
10,103,0.0983843709139892
10,135,0.12629041169449817
10,137,0.10535608294685468
10,161,0.1232522887866746
10,172,0.08880618117185038
10,173,0.120385532853171
10,177,0.08210195488897283
10,205,0.12106470200010944
10,209,0.11607252600224706
10,224,0.11061130373982414
10,244,0.12089556990954897
10,249,0.0897196581682057
10,255,0.09599767021252993
10,270,0.10487508784431528
10,277,0.1425211904698677
10,278,0.14278872388936092
10,291,0.10186744963189241
10,295,0.09918488649752813
10,306,0.08445300030127505
10,326,0.11032570814365404
10,331,0.09857240142900094
10,334,0.07838566395564302
10,344,0.09979508754665176
10,345,0.0990274848906137
10,354,0.12441602445194455
10,366,0.12069444478428755
10,398,0.13037528251467614
10,399,0.08893294413856719
10,404,0.10933757488094464
10,415,0.10113384587255753
10,428,0.12208798768069863
10,439,0.12210627439478204
10,446,0.10018234826715446
10,454,0.10230031173439652
10,473,0.13959002517960084
10,474,0.10826052080978926
10,476,0.10100097011885069
10,489,0.12101786712657572
10,492,0.12859015004761512
10,505,0.1260311331865772
10,524,0.08572940348227039
308,15,0.08265849623337096
308,20,0.0721750884709366
308,32,0.08037270506244783
308,38,0.08080405081740574
308,41,0.08304865377126033
308,46,0.0921861172944241
308,77,0.07011259507426336
308,114,0.06972425267801444
308,125,0.07995126823733326
308,130,0.09271332153233634
308,138,0.0832732889223323
308,147,0.08016924755992273
308,155,0.09021370193446789
308,156,0.06637108639091456
308,170,0.05951819332908001
308,175,0.07341386738858456
308,179,0.09337888548616505
308,185,0.0745521155371615
308,194,0.08383820176573675
308,236,0.08741296050245985
308,285,0.07865522607458854
308,290,0.08059186395267386
308,296,0.07858277682426613
308,302,0.08290478192832709
308,333,0.057640151171070846
308,365,0.06292469843191882
308,375,0.08629725573834707
308,383,0.07633249133727807
308,411,0.07687333013650627
308,426,0.09854001366974324
308,455,0.07573254460767057
308,466,0.0933629017954813
308,477,0.07748541089017234
308,486,0.08057541305668477
374,7,0.10622836654441498
374,12,0.08632105641862275
374,26,0.10411592243985454
374,79,0.11052233681590291
374,98,0.08121422017083582
374,118,0.07423333158113472
374,142,0.10461720276358936
374,151,0.13241888622257647
374,183,0.11284869093269731
374,193,0.08731443761604395
374,198,0.10548809531918812
374,213,0.10838566482254466
374,222,0.09762750645315743
374,231,0.12292822811901127
374,254,0.08621072540553971
374,259,0.11126496120773867
374,295,0.10189666628820296
374,300,0.10530025930952928
374,307,0.08836872711605523
374,318,0.09563936610711124
374,320,0.08735572062160925
374,321,0.10915531670981225
374,338,0.07948612982176459
374,341,0.08845576399334477
374,342,0.07532372944112382
374,349,0.08995147629984959
374,387,0.1220610196493412
374,413,0.12107698396888125
374,440,0.08749217042427045
374,442,0.111193180098011
374,449,0.11705741798338766
374,496,0.08244009730697859
374,498,0.10430264686075054
374,504,0.1054842112168313
374,507,0.12773408025601352
374,510,0.09922127361974395
374,522,0.10628133398342483
454,10,0.10230031173439652
454,21,0.09905529626841054
454,26,0.09806883762712566
454,35,0.09307874481543768
454,54,0.07577716422110245
454,86,0.09467920738365619
454,89,0.08771495678122351
454,90,0.09230423264237637
454,97,0.0838679496117896
454,108,0.10511358587675318
454,137,0.09886336940359143
454,148,0.09492110730405685
454,151,0.10515825625406901
454,161,0.10513547571739648
454,165,0.10494502519030867
454,201,0.09870616281839895
454,205,0.10777971055062488
454,217,0.08666834041131015
454,249,0.09030247328473442
454,263,0.08979642040044725
454,275,0.06755097050325735
454,280,0.10459255071238699
454,291,0.1025389967914082
454,352,0.08698672740758233
454,378,0.09796719144076735
454,413,0.1003416360621045
454,415,0.09907569609115278
454,441,0.08471619577949974
454,442,0.10119819057093078
454,447,0.0820950331260102
454,470,0.10094999161125018
454,471,0.08409452316050042
454,492,0.10265371411678692
454,493,0.0746069322967605
454,504,0.10207767401673902
454,505,0.10062609692788221
83,10,0.11115434988802987
83,19,0.1264269057979999
83,34,0.11517826070315691
83,44,0.11304226394182458
83,55,0.09988256196430816
83,59,0.11116924633789074
83,87,0.11402345535337528
83,132,0.11107379690656208
83,139,0.12704559809905228
83,270,0.09330321595986124
83,277,0.1273277924436913
83,278,0.12518557055085366
83,312,0.11144818045423378
83,317,0.11929855911888286
83,328,0.09934566683440983
83,344,0.09097953791329846
83,348,0.10676962712295521
83,366,0.11277549872507649
83,389,0.11138592437961982
83,392,0.14849733637253712
83,405,0.114941356748809
83,428,0.1133018264205288
83,461,0.11220751863244224
83,478,0.11993250197861727
83,526,0.1116287780162793
129,30,0.06928843036728209
129,54,0.07212653710966357
129,68,0.071659322669126
129,86,0.07528841572757634
129,90,0.07066558346879588
129,138,0.07091688640857004
129,184,0.07130285201409033
129,208,0.06894007133003856
129,210,0.06849728809957727
129,263,0.0697903531561768
129,267,0.05878168933621147
129,302,0.06921107044879674
129,320,0.07028078484065367
129,333,0.05481117315912489
129,338,0.06822921791661057
129,352,0.06912200300947834
129,358,0.05649182373767214
129,424,0.07343669497515504
129,433,0.07116310723609018
129,444,0.079397144347583
129,500,0.07008866389517897
129,515,0.07333602675120528
129,518,0.07529642345620555
532,29,0.06257347695685457
532,41,0.06268011953687282
532,43,0.061805340315412606
532,46,0.06134212742025262
532,52,0.06111699274027205
532,77,0.06452615589879208
532,115,0.0680124510364779
532,153,0.06113776844754734
532,155,0.0639937187835406
532,179,0.06186581360674444
532,194,0.061228407169558505
532,216,0.0626160617803714
532,226,0.052789802550415585
532,279,0.06079443294836053
532,284,0.06437944444927436
532,335,0.061389351932391374
532,417,0.06160170039368496
532,422,0.06677810841324575
532,433,0.06453978509251702
532,455,0.06379385470294488
532,482,0.06352625685818145
28,34,0.12879830560902364
28,35,0.0939265638329561
28,56,0.11198980168587275
28,87,0.13498678095038172
28,117,0.05897330217687919
28,120,0.11859809611302509
28,137,0.1147130184802155
28,148,0.09532746134681357
28,149,0.10594644800405269
28,160,0.11940491320888046
28,197,0.1369283222394581
28,200,0.0973166438777385
28,224,0.10050570782174209
28,241,0.11015661489136462
28,244,0.11914165018185534
28,277,0.12993331928335008
28,278,0.12076955871819764
28,289,0.08855994818020707
28,301,0.1114714756047346
28,319,0.13164896296562473
28,325,0.09482421468840607
28,334,0.08506983877941715
28,344,0.09632933750501783
28,361,0.07577600094866274
28,373,0.10337478856609265
28,385,0.13464085680830515
28,392,0.12191821356851615
28,396,0.08128593601745733
28,398,0.15163315314456394
28,420,0.11735548452131217
28,428,0.12482461074500015
28,437,0.1289329437133536
28,450,0.1313453727098673
28,461,0.1237706371283069
28,473,0.12769026236173917
28,474,0.1000606058369866
28,489,0.12145977451270562
28,492,0.12179922685474605
28,519,0.09217941407148159
28,531,0.11224790848787305
140,3,0.11533421856948178
140,13,0.0868763748546524
140,25,0.08259547630747853
140,38,0.09687816383802256
140,39,0.07581316871715083
140,41,0.08789019876368687
140,63,0.05867174450608974
140,68,0.07736096651412666
140,73,0.09106526403105807
140,81,0.0833245899757547
140,84,0.07985572351087114
140,118,0.07227535206876683
140,124,0.10038741437887233
140,125,0.08678706557325827
140,138,0.08277669339114796
140,143,0.05549236620643886
140,145,0.07427212773673979
140,146,0.08136275239310717
140,154,0.07969562933236056
140,163,0.0852139229064269
140,175,0.07468758298362396
140,196,0.08531444436038947
140,220,0.07739989721657686
140,233,0.0812076603521145
140,252,0.06012496397175367
140,258,0.0711725895805905
140,283,0.08841664179006412
140,287,0.08865350375079635
140,302,0.09345308517675022
140,309,0.07708903940203253
140,339,0.10919144316229398
140,341,0.09014539436456598
140,347,0.08753275017919922
140,352,0.09094247275492043
140,363,0.07482363832038365
140,397,0.08653540900418198
140,408,0.07239194364834074
140,416,0.06995118335346694
140,423,0.07873253609561912
140,427,0.08851244212979283
140,435,0.07382915202019467
140,445,0.07232851879874402
140,448,0.07140537982922365
140,477,0.0776644547869969
140,485,0.08345101513293038
140,506,0.06531942134423536
140,508,0.06796764288799766
140,513,0.07922455316150892
140,515,0.08411120858552636
140,525,0.0706198113362188
313,14,0.0887609159096383
313,64,0.0916760611832683
313,75,0.08789877148058507
313,79,0.08749855466730963
313,94,0.0906785891514561
313,108,0.09198813183364882
313,181,0.09274638567173529
313,201,0.09152769545603207
313,215,0.09549841351416234
313,228,0.08783563846951388
313,229,0.09052873859506766
313,251,0.09909529826115952
313,259,0.0936932182044394
313,348,0.09770571209141946
313,371,0.09228192536688512
313,434,0.08659220484741965
313,438,0.08939760320055079
313,490,0.09048157181904522
313,491,0.09818039585699022
313,509,0.08738577907158623
446,10,0.10018234826715446
446,19,0.09719423288429743
446,21,0.09855841302388513
446,44,0.09930374601093872
446,48,0.09526377314140769
446,96,0.09495677322031844
446,108,0.09742438616288134
446,112,0.09507255626828834
446,159,0.09565855820299084
446,278,0.09881990019263558
446,297,0.09765223317478716
446,372,0.09507049826500125
446,384,0.09695266801078832
446,389,0.09553169522345724
446,425,0.09541479347726223
446,437,0.09563484385292953
446,483,0.1038175732287148
446,490,0.09879659585113275
446,501,0.09615997896111052
446,511,0.09892882896399352
451,9,0.05399081642286422
451,27,0.08583942963320221
451,57,0.06980201470102024
451,73,0.07334421826628906
451,115,0.06837666105852595
451,122,0.07020430646238492
451,128,0.0684611644287835
451,155,0.07029163281926674
451,216,0.06889967470578565
451,266,0.07650960781915198
451,269,0.07021391931561895
451,290,0.071797844167546
451,305,0.0688688914516347
451,306,0.07086187091631528
451,370,0.07522748929252249
451,393,0.06716431948424649
451,429,0.07504890546604767
451,481,0.06931225547307805
451,482,0.07510741503006091
451,493,0.08375039598490766
451,500,0.08631831763741668
451,506,0.06544387707311389
451,521,0.07086006098937368
478,17,0.10760319536520348
478,19,0.1260118473748192
478,21,0.12410685864725965
478,22,0.11708927844588872
478,34,0.12659366741387654
478,42,0.1338995242045438
478,44,0.12489295067514095
478,50,0.12073344730079308
478,55,0.09635523652591009
478,56,0.11658581590101272
478,83,0.11993250197861727
478,87,0.13443997715011868
478,92,0.11211588183924594
478,111,0.13148733124693143
478,141,0.1397722498851082
478,149,0.1045525067160044
478,197,0.13551094344837236
478,234,0.12067836608807442
478,245,0.1346626741789041
478,270,0.09785877249106537
478,277,0.14215952742116236
478,278,0.15560879870389152
478,316,0.12374345518206024
478,317,0.10778469337052009
478,328,0.12140905202625973
478,392,0.13963006059767075
478,398,0.13296875135961045
478,420,0.12427868894935996
478,425,0.12920626714195135
478,428,0.13313683381564778
478,456,0.1372891717345457
478,461,0.13322242086536087
478,473,0.12714645800363777
41,3,0.0883760796654136
41,5,0.07122744814659808
41,13,0.0845421978343914
41,15,0.08435685347931159
41,25,0.08687547096705402
41,29,0.08479079164332237
41,30,0.08375397715808097
41,33,0.07165795717039587
41,39,0.07869738450083588
41,43,0.08475424381599388
41,46,0.09045506902813152
41,49,0.09431860799904826
41,66,0.09029302480689318
41,68,0.08831255893355146
41,73,0.09082998409347769
41,77,0.07025856004088053
41,81,0.0899802064510721
41,84,0.07763583772831527
41,86,0.09436933452803765
41,101,0.0855582101875056
41,115,0.08757919896570787
41,116,0.08249873479106669
41,124,0.09136128891087282
41,125,0.09018699546012429
41,128,0.07601890582018932
41,134,0.08637765758069076
41,138,0.0976057183801482
41,140,0.08789019876368687
41,145,0.07276289636831303
41,146,0.08465928714345108
41,155,0.09405159350432338
41,163,0.08807623329103612
41,171,0.1030618052144171
41,175,0.08527350324324554
41,176,0.09533924933615322
41,179,0.09727963356100196
41,180,0.07228859241165823
41,184,0.08960263541599356
41,189,0.07733219593018727
41,196,0.0818968210668094
41,236,0.08975283978203194
41,239,0.06872812044166761
41,246,0.07283225696845881
41,248,0.08666191493841245
41,252,0.05843946016011082
41,257,0.0680936635119172
41,263,0.08560936880167949
41,279,0.08164639912188723
41,283,0.09055214031678009
41,287,0.08287576539413398
41,308,0.08304865377126033
41,309,0.07554529365038298
41,311,0.07295174041209301
41,327,0.0807406516061947
41,335,0.08579997815998743
41,338,0.0789284579282654
41,339,0.09166751612307902
41,347,0.08743128427460373
41,353,0.08645710106221666
41,356,0.07370104825568347
41,363,0.07921224567072176
41,370,0.09438647932107937
41,375,0.08545524299793898
41,379,0.09180325037319714
41,383,0.07660942481677636
41,391,0.07988142218101187
41,397,0.09317253716582256
41,411,0.07990177239767624
41,416,0.0721769482785561
41,418,0.08564756186978868
41,422,0.07304171603001522
41,424,0.11693861786193206
41,426,0.0910254732619978
41,427,0.09788794954562607
41,433,0.08067696159508597
41,435,0.0750454127642587
41,441,0.08967164970295713
41,444,0.09376833416177273
41,465,0.08552320311082943
41,466,0.09484319042653873
41,481,0.08907740401245304
41,482,0.07758442144599992
41,486,0.0877957493734058
41,494,0.08856003836118043
41,503,0.08835115854530019
41,512,0.07830099484887917
41,515,0.0802238078699586
41,516,0.101954523855695
41,525,0.07467163521825072
41,532,0.06268011953687282
144,26,0.07942771476793008
144,65,0.077183072826125
144,87,0.07587741984976885
144,127,0.07785373125512124
144,139,0.07999198949474651
144,152,0.08591825794994547
144,173,0.07625399879042727
144,199,0.07841213413513956
144,200,0.0768898197866218
144,205,0.0765203612754438
144,289,0.07546029095931024
144,300,0.0754966056368621
144,303,0.0797124652186098
144,326,0.08232607029560754
144,354,0.07929952781257821
144,403,0.09163405234389946
144,473,0.07912577783145697
144,492,0.07578214142283078
144,505,0.07547555929784196
144,519,0.07591863031390932
159,11,0.1106387471497359
159,19,0.11383481316438354
159,21,0.12299805413588304
159,88,0.09401391827780507
159,95,0.10603270061592285
159,96,0.11547679438551633
159,111,0.11628797885299742
159,112,0.14152097737567818
159,197,0.11504214559595836
159,229,0.11677255469880932
159,244,0.11483545254830656
159,280,0.11816076760765723
159,336,0.11484049415473727
159,350,0.09565623333218494
159,366,0.12672506043532344
159,371,0.11547907273630463
159,389,0.143047402471677
159,394,0.12880242260903593
159,420,0.12038363613386718
159,428,0.1179411647600159
159,446,0.09565855820299084
159,483,0.13139112547080498
159,490,0.1427904334359706
159,509,0.12046307775527858
159,511,0.1275754241761922
326,10,0.11032570814365404
326,19,0.10862000876081394
326,21,0.10947446940342288
326,26,0.11922414808047976
326,44,0.10879579197839673
326,65,0.08047280872595705
326,79,0.11689442492236021
326,132,0.11672433539045629
326,139,0.13465204460185318
326,144,0.08232607029560754
326,150,0.1038727509304972
326,161,0.11277757473648392
326,164,0.07778901911384212
326,172,0.08374435555535184
326,173,0.11817703974243182
326,199,0.07207989387635641
326,277,0.11217913602554887
326,278,0.11765081749441332
326,289,0.09264556459054177
326,312,0.11193676309120026
326,315,0.1092276140013878
326,318,0.08345642468052097
326,334,0.08321255425049835
326,345,0.09386960719544357
326,354,0.11262317573072624
326,399,0.09265251503189603
326,403,0.09199140250558938
326,442,0.1105011004578289
326,473,0.12309793759231738
326,476,0.0904792565770728
326,487,0.11134943429505154
326,498,0.09554230666315629
326,504,0.1143224950355772
326,505,0.10872091678437995
94,14,0.13081617976878882
94,64,0.09401920332924468
94,67,0.08569010400001861
94,79,0.11639968014268208
94,88,0.10113680427104169
94,113,0.09513924358828524
94,142,0.11226135208983942
94,167,0.100794809252622
94,181,0.1395651740390545
94,190,0.11203271377608795
94,192,0.12125719080580229
94,198,0.13196885254514715
94,214,0.09394778070854258
94,215,0.1256995420160407
94,218,0.10623740836777718
94,225,0.12120718415435708
94,228,0.10692628509355635
94,242,0.12215345583152357
94,273,0.11160485046443391
94,313,0.0906785891514561
94,315,0.11573838891014812
94,350,0.09511209642569018
94,364,0.07068306166882939
94,387,0.12411397536893375
94,434,0.1498394051833737
94,438,0.1025730026110707
94,453,0.12084326124746514
94,463,0.12249518179543523
94,472,0.13220263479498823
94,488,0.11557912261745411
94,491,0.15519565890385023
94,497,0.13360037489237267
269,32,0.08362565413867239
269,38,0.08648979297112779
269,51,0.08398718059781271
269,54,0.0756999882796149
269,57,0.08124877291976722
269,73,0.08789156314918677
269,90,0.09104432716212747
269,97,0.08690112963656278
269,107,0.07795153131043002
269,122,0.09705834317612996
269,124,0.08871256813833371
269,147,0.08378679551050315
269,157,0.07893177225579011
269,171,0.08402060765568256
269,174,0.104650514265639
269,184,0.08582813821683624
269,208,0.07397808461601345
269,220,0.07769845910600232
269,230,0.07850937543043605
269,239,0.065527633662133
269,249,0.08428090699934179
269,268,0.07866753337270833
269,291,0.08428018917811707
269,305,0.08938972431833943
269,370,0.09303320178680617
269,377,0.07844231609887765
269,378,0.08608570195398073
269,421,0.07651260224970051
269,427,0.08461888807630297
269,441,0.0816895677591083
269,445,0.06449011290655851
269,447,0.08305363555462514
269,451,0.07021391931561895
269,457,0.07149263793051269
269,460,0.09194859760801678
269,481,0.08565306940615178
269,482,0.07853724338158587
269,494,0.08615989789230465
269,517,0.08371831793499533
355,24,0.0727218305178314
355,72,0.0716694329171972
355,73,0.07160115096969968
355,101,0.07002144358516554
355,109,0.07136438849822373
355,124,0.0821894854745861
355,137,0.07029651752489001
355,143,0.05307533135544446
355,184,0.07329361821291892
355,196,0.07187009385982561
355,248,0.07219584235705985
355,283,0.07452224620972872
355,287,0.08439959793700101
355,302,0.07130017266589352
355,314,0.054963047776139785
355,322,0.062235285749959894
355,344,0.06996478434570888
355,370,0.0727590046996962
355,396,0.08398587272870851
355,427,0.07007921759770114
355,508,0.0645148333179823
355,515,0.09273162891606951
355,517,0.07279123257327003
355,518,0.08032787405403025
489,10,0.12101786712657572
489,28,0.12145977451270562
489,34,0.15238997667474818
489,56,0.12599611497901217
489,61,0.13114307514390608
489,99,0.13742359303801197
489,119,0.11033975561040217
489,123,0.12512212645347454
489,133,0.13812869016001064
489,149,0.1032218152783374
489,160,0.1253134351812304
489,162,0.13127546692248018
489,197,0.14046645259176146
489,211,0.10352579463956812
489,240,0.15400569056198787
489,241,0.10860470466593797
489,247,0.11082370190344111
489,277,0.13621543828817723
489,288,0.1293698718490577
489,316,0.13381316496113652
489,319,0.1279117961992682
489,330,0.1234665386879751
489,380,0.12732354007564076
489,382,0.11555149920211809
489,390,0.10095985201680989
489,398,0.1329268957680174
489,404,0.09430121385109981
489,428,0.1476568855437486
489,430,0.12267467720871642
489,437,0.15152410802514774
489,439,0.12986345976318375
489,450,0.12240907720517348
489,461,0.12630704777897014
489,473,0.15003399361327882
489,479,0.1273427742302234
489,511,0.13562911313843026
489,531,0.12096059781708292
149,28,0.10594644800405269
149,34,0.09968193012540179
149,50,0.10590162597890643
149,56,0.10303396831364868
149,87,0.10357463970721316
149,99,0.1015600176349795
149,162,0.09680361355166679
149,197,0.10138688431029226
149,211,0.12053457816345142
149,245,0.10915673267332852
149,288,0.10523462791610122
149,316,0.10485278250001548
149,330,0.11758067515595393
149,373,0.11435989739699828
149,382,0.12599124202206802
149,385,0.09783674653906065
149,398,0.10065395143934966
149,461,0.09804165253443761
149,478,0.1045525067160044
149,489,0.1032218152783374
219,36,0.07197663012455288
219,46,0.09267022450009595
219,131,0.07488188205083919
219,135,0.07889551103753413
219,147,0.0848352230014957
219,155,0.07803309865689936
219,156,0.06376917903150274
219,166,0.08429734482559922
219,170,0.06242859933492325
219,177,0.07878108447156582
219,179,0.07951799045898772
219,194,0.08154600034465884
219,217,0.08323750097642563
219,224,0.08598668854518349
219,243,0.0746397355804243
219,250,0.07772392791294737
219,279,0.07855537216286616
219,300,0.0790190147166098
219,322,0.06169834662604642
219,358,0.055757105343022674
219,386,0.08894516380566357
219,409,0.08191607727720121
219,413,0.07731660484006721
219,419,0.0665914930054089
219,426,0.08389894983919781
219,440,0.07729120858736976
219,462,0.0685206979829855
219,468,0.0777815234113979
219,480,0.07744573891279247
219,513,0.07503416312976383
271,101,0.07842876170616085
271,171,0.08130225236705534
271,174,0.07255910889276133
271,222,0.0824224457572418
271,238,0.07502566962801946
271,248,0.07117891261974309
271,305,0.07487338717665756
271,323,0.0740413836994293
271,338,0.07172424512696077
271,347,0.07444245386281778
271,359,0.07198389689018418
271,370,0.0725597175573296
271,440,0.07973117388838633
271,460,0.07151934980949635
271,464,0.07390678320783584
271,475,0.07446321233729507
271,486,0.07401104026421838
271,512,0.07792729937300381
271,514,0.07636642173479334
271,517,0.0718635403432169
430,21,0.11881038899327537
430,48,0.11518999324471381
430,59,0.12883550375586592
430,96,0.12464934533347548
430,110,0.12235004456938811
430,133,0.11552966396127548
430,152,0.08113055472057573
430,161,0.11442077867228555
430,165,0.1289364627360525
430,169,0.09512174671092559
430,240,0.1361948535147769
430,255,0.10385016604905176
430,384,0.1231152719258832
430,425,0.12375278516680452
430,428,0.11585758159248429
430,437,0.1269533783418931
430,473,0.12328524146093475
430,476,0.08949434496850626
430,479,0.1260729667025663
430,489,0.12267467720871642
430,490,0.11478098314515876
430,492,0.11528463311551018
430,505,0.11437761280553249
430,511,0.1262443816947719
189,18,0.06764579449080925
189,24,0.07718713629352193
189,36,0.08318415286648433
189,41,0.07733219593018727
189,46,0.08591774107561943
189,60,0.07175201499192946
189,63,0.055710757148581966
189,71,0.07151514920707831
189,81,0.09184181523059066
189,124,0.08131497850199766
189,134,0.08189735992133734
189,136,0.05550647946277183
189,170,0.06445769427768695
189,179,0.10164779936043726
189,180,0.07436439571418249
189,204,0.07971396374523332
189,243,0.07043049372954442
189,246,0.0836127247951677
189,250,0.08589249199002509
189,290,0.07701958714747831
189,356,0.06784360902187338
189,360,0.06178381296717449
189,379,0.09709066184579644
189,396,0.07993476270456233
189,455,0.0770568036091258
189,458,0.07696740940842343
189,462,0.07004713994953009
189,467,0.083536323597115
189,468,0.07570035241185816
189,480,0.08145019253336806
189,486,0.07879333466941955
189,516,0.078024480366584
189,530,0.05849932811371554
212,21,0.15481653447765717
212,59,0.12194965825337624
212,75,0.1242562075117187
212,96,0.12730406904850242
212,102,0.1266221553491978
212,108,0.14909264648362178
212,110,0.13185130500836242
212,161,0.12223921985240557
212,229,0.126688663389434
212,277,0.12322089219616926
212,280,0.1583314641729669
212,304,0.12232250021163564
212,312,0.12219572372620109
212,317,0.11138514700075447
212,371,0.12673761040330161
212,372,0.12448290611187748
212,425,0.12348504156581475
212,443,0.10489327717982223
212,470,0.1099601922926945
212,490,0.13015094028836705
212,501,0.13389890027156837
212,505,0.12597546426607667
212,526,0.1265479205042573
417,25,0.08072491874080141
417,122,0.0824460206437284
417,124,0.08706063101106805
417,125,0.07712148400372379
417,154,0.08158060909020191
417,163,0.08453717104348636
417,184,0.08447458856664489
417,196,0.07712250125871546
417,208,0.07430372086554711
417,220,0.08538282172012969
417,249,0.08742193106124897
417,263,0.08616814418661391
417,283,0.07986632530417956
417,314,0.053906607845824475
417,329,0.08460537440428857
417,352,0.07881531335627044
417,391,0.07898756098979211
417,418,0.08079224319741413
417,427,0.0787458315032736
417,432,0.07507527541542446
417,444,0.08338760592670758
417,465,0.07827782684979867
417,495,0.07480139974292581
417,518,0.07840927602314639
417,532,0.06160170039368496
506,9,0.06620458713479198
506,124,0.05993143682343371
506,140,0.06531942134423536
506,186,0.06074635257978984
506,230,0.06666218378935237
506,249,0.06185757748586061
506,266,0.06339520937582231
506,302,0.06107564325035754
506,327,0.06063609724665579
506,329,0.061105712575829176
506,347,0.06193257233056502
506,421,0.060821191747643194
506,427,0.06118601768149637
506,429,0.06962017567047915
506,432,0.06808987563771403
506,451,0.06544387707311389
506,469,0.06685754809135303
506,500,0.06957486497763991
506,502,0.06044937323252696
506,518,0.06084686306308891
63,3,0.06411015806535698
63,30,0.056815757236764734
63,58,0.05990199713271275
63,84,0.0569033209265262
63,140,0.05867174450608974
63,145,0.056093573982022575
63,154,0.05535086907155215
63,189,0.055710757148581966
63,206,0.05791102230896411
63,238,0.05749669390484964
63,250,0.05600221241361086
63,335,0.05843380382526431
63,363,0.060865591333945666
63,379,0.055803450232201075
63,412,0.06259738425325449
63,448,0.055922118014123647
63,455,0.056842709779826896
63,495,0.05670718078792279
63,503,0.055518147914579014
63,513,0.058591190925289034
160,21,0.12921501659357046
160,28,0.11940491320888046
160,56,0.11451513245573369
160,59,0.13398602379975244
160,61,0.1563236570310708
160,69,0.12747927522447217
160,104,0.13866360962334465
160,133,0.13049885715298765
160,162,0.14005675698005304
160,197,0.1316293350773173
160,209,0.10654344735394913
160,211,0.1038938564169787
160,244,0.13413658497108344
160,245,0.12979954595976076
160,255,0.09192446219155706
160,301,0.1179143793593321
160,319,0.12671064214517033
160,328,0.10011942297054613
160,330,0.11731100817464366
160,385,0.12438505785552367
160,389,0.12504022346626517
160,390,0.10832185347377532
160,394,0.12313447427533783
160,398,0.1412110812238336
160,437,0.1360730854915169
160,450,0.1412907251181564
160,456,0.13172967434907984
160,483,0.12696051422308516
160,489,0.1253134351812304
208,73,0.0736421338161287
208,86,0.07539763432440894
208,122,0.07411925546256236
208,124,0.08256745581048341
208,129,0.06894007133003856
208,143,0.05193303451309105
208,146,0.07232445425898722
208,155,0.0723558172634428
208,171,0.07233669985196904
208,174,0.07276141612391439
208,184,0.08592157386135273
208,249,0.08030528409495942
208,263,0.07397203837996161
208,269,0.07397808461601345
208,283,0.07732215209843109
208,320,0.07290251008497627
208,417,0.07430372086554711
208,427,0.07237306335398247
208,444,0.07166845748778605
208,464,0.07364163759952896
208,482,0.0771928617501992
208,521,0.07468296535750606
296,1,0.011322558958911988
296,15,0.0733624032398619
296,20,0.08532105038015615
296,24,0.07946719181742605
296,46,0.07452855251615707
296,62,0.08998684455731566
296,136,0.06164508915184533
296,155,0.07269119013828695
296,156,0.06843567315580515
296,179,0.0756325425999652
296,180,0.07384552477736288
296,185,0.0708181995536512
296,202,0.07535687483005213
296,204,0.09037356839401779
296,226,0.05908705844404038
296,236,0.07462813537330543
296,243,0.06855707047944178
296,248,0.07353611607313947
296,274,0.07920922923468282
296,279,0.07332858239782439
296,285,0.07499371043069694
296,308,0.07858277682426613
296,311,0.0715601451620286
296,356,0.06675610982365944
296,365,0.06396470993138882
296,370,0.07563842100740834
296,381,0.06646986918586575
296,396,0.07265644664148506
296,426,0.07966333973911341
296,462,0.07715504798683075
296,530,0.05823213834481862
488,14,0.10291036534772248
488,67,0.0906950773023599
488,94,0.11557912261745411
488,113,0.12330379138523123
488,142,0.1034426837350136
488,167,0.09663017214501178
488,181,0.10743479081839212
488,190,0.135713718556795
488,192,0.11236483640206753
488,198,0.10395302755349405
488,214,0.08791762262844427
488,215,0.12421305104849856
488,218,0.10240828978608707
488,225,0.10596017605030043
488,273,0.1220643446810517
488,340,0.09574630341650786
488,362,0.07924204123463839
488,364,0.08795077568614634
488,431,0.10498410384603285
488,434,0.11173724577112062
488,438,0.10602579944761634
488,452,0.08359138628084613
488,453,0.11916934355991182
488,463,0.12725610613709334
488,472,0.14521789271136337
488,491,0.11624857652944537
488,497,0.10934524484456665
72,3,0.07529206943474354
72,13,0.07614679713073495
72,37,0.07938020151598012
72,68,0.08334307060146806
72,81,0.08419022210425246
72,109,0.07338493410530031
72,114,0.07389213104339502
72,124,0.07722000625861337
72,138,0.0781674068763425
72,143,0.05317205360348371
72,196,0.07713400073673704
72,252,0.05890496810056412
72,262,0.07020262444746618
72,283,0.08352005864697674
72,287,0.08183556355534563
72,302,0.07701270451001284
72,333,0.05690270331273026
72,335,0.07974077961633913
72,339,0.07484408304254168
72,355,0.0716694329171972
72,375,0.07968473017539496
72,396,0.07466937570997507
72,397,0.07575988154089353
72,408,0.08899960661011476
72,416,0.07129250515623409
72,458,0.07452072211019291
72,516,0.0764086400847504
72,518,0.07782962553620391
72,524,0.07481526939722488
440,12,0.08104785500873603
440,29,0.08189594959958055
440,66,0.0854450058589066
440,71,0.0648200818473756
440,77,0.06920924263422103
440,101,0.07631901157495016
440,109,0.07849751416071922
440,118,0.07237613553336403
440,125,0.08738171938074903
440,134,0.09400363409739533
440,147,0.08737329384104547
440,151,0.0835903777361923
440,171,0.09344637196689402
440,174,0.08457862567369055
440,194,0.08599824945109713
440,217,0.08618575900997433
440,219,0.07729120858736976
440,222,0.08831214011900276
440,236,0.08375906359231032
440,246,0.07345731724889998
440,254,0.08414477602368699
440,258,0.07078919932253783
440,271,0.07973117388838633
440,279,0.07683891486540836
440,284,0.07682262227883216
440,290,0.07864456145487564
440,305,0.09828719677646988
440,341,0.09176810946991153
440,359,0.08718753442369549
440,370,0.0936228673501809
440,374,0.08749217042427045
440,375,0.07694219169122679
440,400,0.07863891052914627
440,406,0.08155221015860516
440,411,0.0779297849790611
440,423,0.07645475953376799
440,424,0.08364661407908523
440,436,0.07405042711196774
440,462,0.06926399442215918
440,475,0.0802667756174912
440,482,0.07383523729623408
440,494,0.08567337864047567
440,514,0.08516022395458343
440,530,0.055364262700126864
486,5,0.06636894891888188
486,24,0.0803792519873977
486,36,0.07650493806615073
486,41,0.0877957493734058
486,43,0.08850919209309316
486,58,0.06638752226829518
486,71,0.06496425219183961
486,73,0.09586196668741377
486,81,0.08924968105848251
486,84,0.08288751505487435
486,105,0.07320225829668632
486,116,0.08878519971848654
486,124,0.09097145602911995
486,125,0.09185712044755287
486,130,0.08344255737647582
486,147,0.09510164628934004
486,153,0.08065574782499008
486,155,0.096556295684615
486,157,0.07613412346573793
486,166,0.08651731702535281
486,174,0.0897043001172684
486,179,0.08749495444334889
486,180,0.07740459673854717
486,189,0.07879333466941955
486,202,0.06812865150665215
486,207,0.0858469711185781
486,216,0.07924910805713847
486,248,0.08091710568936811
486,250,0.08648017025565632
486,271,0.07401104026421838
486,274,0.0822477124467116
486,279,0.078278667041515
486,284,0.08011195273209713
486,305,0.0893231996329719
486,308,0.08057541305668477
486,322,0.06709694273361727
486,323,0.09148418444640144
486,353,0.09130488236772306
486,356,0.06577912908049806
486,379,0.08680227934153789
486,412,0.07700729212639493
486,455,0.07624717122541597
486,458,0.07609573434376198
486,460,0.09266588974063135
486,464,0.09537954379861352
486,467,0.0864706087574811
486,514,0.09057469816698968
486,516,0.09263185749203749
486,528,0.0777344618559686
91,21,0.12040266956243313
91,61,0.12045354179676947
91,76,0.10161100075660667
91,96,0.11830629927630655
91,108,0.11776570248750834
91,110,0.12087095007318624
91,117,0.059291816695559316
91,119,0.11368271628769665
91,120,0.1320337393448174
91,161,0.12154296707425934
91,165,0.12253857850838665
91,169,0.08917945820977571
91,201,0.1143057012200647
91,277,0.11783411034165042
91,280,0.1278549758176299
91,295,0.09748625100779733
91,336,0.11742482576897513
91,371,0.11380952811949505
91,380,0.11758755773199016
91,384,0.121073245540368
91,437,0.11912443616707567
91,443,0.10494534391418216
91,473,0.118610218507239
91,479,0.11892390902202764
91,501,0.11731704811540172
91,505,0.12124050546405972
91,523,0.08417331094550709
310,67,0.0966256646187991
310,79,0.11810741082984248
310,118,0.07332406373861135
310,142,0.11523281007623892
310,151,0.10104324469366305
310,192,0.11671858393642295
310,198,0.11016877889065453
310,213,0.11994703417794557
310,215,0.09817693603363785
310,225,0.12002107038607744
310,254,0.08230611681041279
310,281,0.07870739150285103
310,300,0.0992155897629341
310,307,0.09484316767384363
310,362,0.08085483892391247
310,387,0.11976012163069341
310,410,0.1174542364797707
310,413,0.10086442592547282
310,431,0.10133773293168462
310,438,0.10614018834244557
310,442,0.09997007055576779
310,452,0.06710955058090658
310,453,0.10302520576803821
310,472,0.09948621620615432
310,491,0.12163149445218399
310,497,0.11076137254317887
310,504,0.11454427578722517
410,6,0.11757568213331161
410,45,0.1016334511572547
410,79,0.13523897461916445
410,80,0.09281923891804195
410,98,0.08465705024653328
410,142,0.12646216019066878
410,150,0.10817436162267828
410,151,0.1266064651540735
410,177,0.08701193547425652
410,192,0.12513049012740687
410,198,0.14000246530096663
410,213,0.1281210989674423
410,215,0.11973893049065239
410,218,0.1097645062490258
410,225,0.14882968183373066
410,229,0.11230720296619238
410,247,0.11389964983159478
410,254,0.09601737192413572
410,300,0.11157967753479674
410,303,0.08731417366882072
410,307,0.09441088712936897
410,310,0.1174542364797707
410,340,0.09905124315648506
410,346,0.10712274574372323
410,362,0.07890927085928573
410,387,0.14489560616887256
410,413,0.1267324092125025
410,431,0.10720580520217185
410,438,0.10791326017104552
410,442,0.1343738284080757
410,453,0.11511572201019928
410,487,0.10102828419346063
410,491,0.12502959962269605
410,497,0.13405820867978652
410,498,0.10269426563917192
410,504,0.13810809887164777
410,510,0.0958674559524143
61,34,0.13237484621099077
61,44,0.1354675358334682
61,56,0.1264099766143773
61,59,0.1480759292143317
61,91,0.12045354179676947
61,104,0.13285714924815478
61,112,0.13699540654810494
61,121,0.11926680875650228
61,123,0.12306546637961013
61,133,0.1482192629452837
61,160,0.1563236570310708
61,162,0.13102855629003274
61,197,0.14101670083170306
61,200,0.09571168521825933
61,221,0.12359371301458037
61,240,0.13527150113420594
61,241,0.10531183842634544
61,244,0.13846832517536276
61,265,0.1272579936113087
61,298,0.11268143733894723
61,312,0.12690162247964318
61,319,0.14025908821331798
61,325,0.08862372382649075
61,336,0.152813121997093
61,380,0.1348568047678114
61,385,0.13017598973783598
61,388,0.13230028661231313
61,389,0.13348362981938858
61,398,0.13357393741486615
61,407,0.11924565101043054
61,428,0.13884250897975792
61,437,0.14829361223000218
61,439,0.12409326236283753
61,450,0.13678314014571885
61,456,0.15585231557814058
61,483,0.142248093034178
61,489,0.13114307514390608
61,511,0.14024671653112483
61,526,0.1365543680012132
61,531,0.11462496365830876
145,3,0.0934888216870721
145,41,0.07276289636831303
145,46,0.07388012882689217
145,47,0.07385414593084932
145,63,0.056093573982022575
145,81,0.07393240257727857
145,84,0.07325700529265487
145,100,0.07061464865339093
145,124,0.07822014416798904
145,125,0.07636146355057641
145,138,0.0725102694711071
145,140,0.07427212773673979
145,146,0.07500063124208817
145,196,0.07560100610651661
145,283,0.0737967129847022
145,302,0.07467704064449239
145,335,0.08617326014619779
145,360,0.06740250037150437
145,365,0.06254255718765331
145,397,0.0805390783719035
145,418,0.07607091748830118
145,433,0.07534980179179565
145,503,0.07307153976153653
145,518,0.0742996464738387
145,530,0.05511685699692019
252,3,0.0681717234416793
252,25,0.058757438465733815
252,41,0.05843946016011082
252,68,0.06045811822202042
252,72,0.05890496810056412
252,138,0.06894705116481312
252,140,0.06012496397175367
252,154,0.05788357809590267
252,175,0.05937783511035104
252,196,0.05850051116132696
252,283,0.06641710183313555
252,287,0.06053955396141742
252,302,0.058800940083723954
252,339,0.058326747883504754
252,375,0.06493117028579806
252,408,0.062962056887262
252,422,0.05944000669841176
252,448,0.06119484938816716
252,503,0.05850527842675201
252,524,0.06132444214187146
290,2,0.07574214580828684
290,15,0.0806195657492931
290,18,0.07061634632292935
290,46,0.08010668722748841
290,57,0.09113873272295843
290,66,0.07929574774355545
290,71,0.06728850643025762
290,85,0.07312253496236051
290,134,0.08432489062607598
290,147,0.08456911763865764
290,166,0.07729672377653078
290,179,0.08186517140189704
290,189,0.07701958714747831
290,243,0.06669969702898558
290,305,0.08437348058763133
290,306,0.07853720446409486
290,308,0.08059186395267386
290,332,0.08352733286758834
290,343,0.0755866023054808
290,370,0.07845033248335428
290,406,0.07784428257576209
290,440,0.07864456145487564
290,451,0.071797844167546
290,462,0.06951686824603356
290,494,0.0788012385051165
290,521,0.0789026465925763
456,11,0.11391609772579367
456,17,0.11041451150349413
456,42,0.14250498541837717
456,44,0.12473560038872229
456,48,0.13304688464849718
456,50,0.12127061985187872
456,51,0.09648594831864896
456,56,0.11209999264717573
456,61,0.15585231557814058
456,78,0.13050268357100728
456,88,0.09320691803125049
456,92,0.11356237333988368
456,96,0.13471675601437091
456,104,0.12908138406578482
456,111,0.1422517268960321
456,121,0.12331751876369307
456,126,0.13385917421995058
456,141,0.12088540899910083
456,160,0.13172967434907984
456,162,0.14999091883670196
456,172,0.0860914617223424
456,197,0.1530276047737986
456,200,0.10182460495880394
456,201,0.13798186539588705
456,209,0.10865694444741628
456,234,0.14224738142564614
456,240,0.14225865352957867
456,241,0.10441692249575685
456,242,0.10935921413405479
456,244,0.14267752396417618
456,245,0.14144441690078702
456,276,0.09429995959417213
456,277,0.14660609652335846
456,278,0.13892556226856956
456,297,0.11095790435882275
456,317,0.10615018665251333
456,319,0.13858031104770563
456,325,0.09725038334296147
456,337,0.14114026520243506
456,361,0.071624640626621
456,372,0.13465320941905748
456,385,0.14666675887371894
456,388,0.14206743067265554
456,389,0.14069314796118448
456,394,0.14201901899031893
456,398,0.1587649914692849
456,399,0.09011564451590774
456,402,0.10112642175527586
456,407,0.12170974308143792
456,414,0.15116639596393336
456,428,0.15381290387607144
456,437,0.15181624785263664
456,450,0.13900707323005662
456,473,0.14138009439425459
456,478,0.1372891717345457
456,483,0.1474612329571962
456,490,0.1500188226153643
456,509,0.12047418397365837
456,511,0.13860568715669006
9,4,0.05417757841696647
9,29,0.055208285850202515
9,128,0.05423998076957174
9,146,0.05362356118248687
9,188,0.05350572638816545
9,191,0.06476073519092299
9,216,0.053540260033867214
9,230,0.06287572449690264
9,257,0.0569176227614242
9,266,0.05545790556843883
9,393,0.05574677663357215
9,421,0.053447881981768454
9,429,0.056746456261711584
9,433,0.05367072622628892
9,451,0.05399081642286422
9,469,0.05847572595485362
9,502,0.05672756424073077
9,506,0.06620458713479198
9,516,0.053572015467632794
9,525,0.05376182092332907
121,42,0.11288380490172208
121,61,0.11926680875650228
121,120,0.10679156799614796
121,126,0.10759339040708397
121,133,0.10759345701606218
121,158,0.10868002899638951
121,162,0.11027950960387992
121,234,0.11786837782018014
121,276,0.09329392816901443
121,277,0.11739610524915609
121,336,0.10826473663971695
121,337,0.12000574553730801
121,371,0.11099361614397027
121,407,0.11483049472967759
121,428,0.11308018202268122
121,437,0.10811204580367596
121,456,0.12331751876369307
121,483,0.11656411353881414
121,484,0.11510279652742424
121,501,0.11540793024210766
121,511,0.10762616628450043
134,2,0.08590151044056757
134,29,0.0849486238831106
134,38,0.08856798183298169
134,41,0.08637765758069076
134,49,0.0787171380993819
134,57,0.08390446175729846
134,66,0.09487845254801937
134,71,0.06496845033480254
134,73,0.08926107692621174
134,124,0.08652064160532795
134,128,0.07603611514474445
134,171,0.08503556057743693
134,174,0.09798317113954583
134,179,0.08760775801899695
134,189,0.08189735992133734
134,233,0.08574285254850408
134,253,0.07731062654413198
134,290,0.08432489062607598
134,294,0.07616281850626253
134,305,0.09408160400203062
134,332,0.09030038806572116
134,367,0.07375952363414989
134,376,0.07100629409031232
134,400,0.08077814669027628
134,411,0.0904246974786201
134,424,0.08436862491418615
134,427,0.09432569269679966
134,440,0.09400363409739533
134,477,0.07461167924018566
134,494,0.09072737371254283
134,514,0.0881687659841832
134,516,0.08605516021073441
134,520,0.07751548543991009
134,521,0.08246012035549452
134,530,0.057227996987648556
247,8,0.10485901197377413
247,99,0.10868128007214119
247,110,0.11583950737876915
247,229,0.12931753741680843
247,240,0.11104514677313915
247,280,0.10975593425529756
247,304,0.11662865028255262
247,315,0.12154442630718007
247,380,0.10604295161977903
247,384,0.10687880028146368
247,394,0.10667587077804135
247,398,0.1100523891834486
247,410,0.11389964983159478
247,420,0.10569835167539844
247,428,0.11304329547240885
247,461,0.11216309111588747
247,473,0.1092846386820392
247,479,0.11232372829625893
247,489,0.11082370190344111
247,490,0.11093896756511033
312,16,0.10334564718925403
312,21,0.12890803655968572
312,23,0.10550286214620222
312,61,0.12690162247964318
312,64,0.09242210758672571
312,69,0.11495929062418038
312,75,0.12392143337030687
312,80,0.08592780466837426
312,83,0.11144818045423378
312,106,0.07772286795432048
312,120,0.12052923083715165
312,139,0.13347559057269448
312,161,0.1370273757771567
312,201,0.13332290493036372
312,203,0.11136743025814631
312,212,0.12219572372620109
312,251,0.09886138309282029
312,265,0.12854794744478965
312,277,0.14244426192797874
312,280,0.13628027784519745
312,304,0.12738178822097823
312,315,0.14348991134148045
312,319,0.1273481235198239
312,326,0.11193676309120026
312,336,0.1321674748062135
312,348,0.10909980285047588
312,372,0.12796211699001736
312,380,0.12738648688308915
312,385,0.13253557459493656
312,389,0.12602201965016102
312,394,0.12602417259054638
312,399,0.09731957855974364
312,405,0.11293856639063936
312,428,0.12921362835233005
312,490,0.14196189377371968
312,511,0.13450127429025405
312,531,0.10897819754704456
325,26,0.09034576537790175
325,28,0.09482421468840607
325,48,0.08895852220040312
325,50,0.08822512154985411
325,51,0.0903716223466069
325,61,0.08862372382649075
325,87,0.0880439083291658
325,104,0.09215991120050335
325,111,0.08766435174083012
325,162,0.0962445143667098
325,197,0.09392338057404002
325,319,0.09276887705046998
325,337,0.0939118243059531
325,385,0.09445871751307439
325,389,0.09295458707901928
325,398,0.0971346796377312
325,428,0.08840990603158397
325,437,0.09241057326032688
325,456,0.09725038334296147
325,505,0.08789221063565932
333,13,0.058172134024173885
333,30,0.056667729407511205
333,37,0.05749030181438227
333,72,0.05690270331273026
333,81,0.05470768963856762
333,109,0.055564933568787236
333,114,0.05804914387697392
333,125,0.058320552468584114
333,129,0.05481117315912489
333,262,0.059291895542964455
333,283,0.05619281128399777
333,302,0.05667799670142486
333,308,0.057640151171070846
333,341,0.06073279138794008
333,375,0.06246550974761984
333,383,0.055379528887959224
333,422,0.06539144151159776
333,466,0.057613338103490036
333,495,0.054734573037737454
333,503,0.05592384703065961
398,10,0.13037528251467614
398,16,0.10912959747014188
398,19,0.1359520234615642
398,23,0.10202516798074397
398,26,0.13100706623514397
398,28,0.15163315314456394
398,35,0.09630581947512791
398,40,0.08195007439815416
398,42,0.12688463385439877
398,56,0.11378176664189493
398,61,0.13357393741486615
398,69,0.11804093583849895
398,76,0.0985914442767404
398,87,0.1463539220927522
398,102,0.1317787866300529
398,104,0.1282185474946732
398,112,0.1445981534193965
398,120,0.12536611071341514
398,127,0.10304947019288646
398,135,0.12185437840535764
398,137,0.1046009257366707
398,149,0.10065395143934966
398,160,0.1412110812238336
398,162,0.1356578945514997
398,165,0.1407708030835056
398,182,0.13199412643325725
398,197,0.14761376565969495
398,203,0.09858950707627151
398,209,0.11371381315352928
398,224,0.09914275186894297
398,240,0.14359087877483484
398,244,0.16265495474155545
398,245,0.13898732811429831
398,247,0.1100523891834486
398,255,0.09284013659884643
398,277,0.14918742526892653
398,278,0.14006581919907246
398,292,0.11638082668933837
398,297,0.11320640816793788
398,298,0.11631047977904072
398,301,0.1094436165775443
398,304,0.1363441163698469
398,315,0.14238134821521362
398,319,0.13985909631379403
398,325,0.0971346796377312
398,330,0.11230288020099774
398,354,0.1371266590390137
398,361,0.07489686692490387
398,385,0.1442269770473823
398,388,0.12518781625726438
398,389,0.14174688362388346
398,392,0.1360522955099884
398,394,0.17356918465964946
398,402,0.10150350292617728
398,404,0.09361694994238759
398,414,0.14735526332306692
398,420,0.1375196438388854
398,428,0.16888237224732966
398,450,0.15327249493730138
398,456,0.1587649914692849
398,461,0.14129259072173364
398,478,0.13296875135961045
398,483,0.13619768272629534
398,484,0.12808918980118825
398,487,0.10132955288017835
398,489,0.1329268957680174
398,490,0.14042591861201417
398,492,0.13613156913822436
398,505,0.14093579984540178
398,531,0.11289730925572508
70,6,0.07902374055746142
70,106,0.0915670661421357
70,127,0.07878728924354528
70,139,0.07941550039494744
70,152,0.11980859611381993
70,173,0.08419208254212902
70,182,0.07798313827131821
70,199,0.1055055894197911
70,205,0.08189857990149225
70,229,0.07880170494713447
70,277,0.07828263538760238
70,303,0.1163988531667542
70,315,0.0790636760167454
70,368,0.08976030808347041
70,401,0.08955785803264424
70,403,0.09393625178872139
70,428,0.07793501146332786
70,442,0.08206447809193387
70,473,0.07761038951056293
70,505,0.07927996488975994
198,14,0.12659519675226452
198,67,0.09405110647087907
198,79,0.16877897313001505
198,94,0.13196885254514715
198,113,0.09502762172563345
198,142,0.1497785708130659
198,150,0.1196364781541743
198,151,0.132445727990146
198,167,0.08335910595116515
198,181,0.10102693444173762
198,183,0.09477521278634003
198,190,0.09673198595122534
198,192,0.1540063762872554
198,213,0.11804215446878433
198,214,0.09146421609605745
198,215,0.13628173113801434
198,218,0.14257997432959654
198,225,0.1677822789105005
198,228,0.13080829367016472
198,273,0.09015270530591105
198,281,0.08430659070532867
198,300,0.1253666659835959
198,310,0.11016877889065453
198,340,0.12285372050853474
198,346,0.11190420753922728
198,349,0.06709568370957106
198,374,0.10548809531918812
198,387,0.18638129561425307
198,410,0.14000246530096663
198,413,0.1343584936144994
198,431,0.10398757116545863
198,434,0.13363659671299027
198,438,0.10635782729126579
198,442,0.13579277785958893
198,453,0.15623559207401858
198,463,0.10734729711291306
198,472,0.12019599210643726
198,488,0.10395302755349405
198,491,0.15980717670453715
198,497,0.17129800669990547
198,504,0.1402252306819037
221,11,0.11415465878802222
221,61,0.12359371301458037
221,75,0.13361892393446234
221,95,0.10652023636087025
221,96,0.13400593849386078
221,104,0.12142718952125567
221,108,0.12373610471082261
221,110,0.13804316618510176
221,111,0.13783507887941765
221,112,0.139941541520945
221,201,0.1315082070924092
221,265,0.13821025792968872
221,280,0.1342985490539746
221,292,0.14359161336713594
221,304,0.1226871276833061
221,371,0.12513626095813643
221,372,0.12725817346870405
221,380,0.12141978650451345
221,394,0.12188444945388786
221,425,0.12028500637635267
221,443,0.10570130465370131
221,501,0.1220380589506422
221,511,0.12505703247039268
142,14,0.1071032871371747
142,67,0.0938903538964507
142,79,0.12803574273583604
142,94,0.11226135208983942
142,151,0.12142533288943479
142,190,0.10325830768240482
142,192,0.16197532140407864
142,198,0.1497785708130659
142,215,0.10985424052789358
142,218,0.11692342090320684
142,225,0.17768773423235165
142,228,0.11085739433419446
142,254,0.0893732048043467
142,310,0.11523281007623892
142,340,0.11215521222908365
142,346,0.09649455903692986
142,362,0.08290940135686803
142,364,0.06985746692969491
142,374,0.10461720276358936
142,387,0.17796899909284575
142,410,0.12646216019066878
142,413,0.11304144523733714
142,431,0.11943529477387968
142,442,0.11570038231600942
142,452,0.06927084148920307
142,453,0.12093693812808362
142,488,0.1034426837350136
142,491,0.14098179196741817
142,497,0.13875408315135845
142,498,0.09909294629977512
142,504,0.11426185710946289
142,507,0.08607996073765273
395,60,0.07789824379079394
395,93,0.08456262651877809
395,116,0.08198647285856234
395,128,0.07741454385665142
395,136,0.06116162435819599
395,153,0.08153800331222016
395,163,0.08222311494085714
395,186,0.07886210639817705
395,194,0.08882198911125773
395,204,0.08645563964269856
395,207,0.09323438437917628
395,216,0.08547429490024894
395,217,0.08752890857531911
395,223,0.08475166000585747
395,230,0.08289461097283866
395,274,0.08067428126383819
395,294,0.07805860094474154
395,305,0.08370140885316667
395,306,0.09675393479575169
395,367,0.08091736977546068
395,370,0.09238038653313217
395,376,0.07225629816703384
395,379,0.08480970733354642
395,397,0.08736270716419427
395,400,0.08509995727697255
395,406,0.09708634777832263
395,436,0.09510005918682336
395,460,0.08453650158042195
395,462,0.07472449917339795
395,464,0.08773597734035038
395,468,0.07650094319835267
395,475,0.0817180346546931
395,480,0.07794077132568966
395,494,0.08198722387347955
415,10,0.10113384587255753
415,18,0.06803540221034611
415,25,0.0831958779238809
415,26,0.10879869895784497
415,29,0.08300640959590817
415,30,0.08710765417515313
415,54,0.07174164471033143
415,76,0.1012640782483133
415,86,0.09290229546392247
415,93,0.0892355399780285
415,103,0.10138131989437203
415,130,0.07677958570509967
415,131,0.07652748302381107
415,135,0.10503964711329844
415,137,0.10766069682168793
415,147,0.09049159278537078
415,151,0.102914837581283
415,161,0.10238830524470849
415,165,0.10976638864500858
415,239,0.06576655055991514
415,249,0.09426455936831343
415,253,0.07718441496049802
415,281,0.07899269192926979
415,287,0.08392827758689869
415,291,0.1076884864280421
415,294,0.07963384469438256
415,297,0.10301934979197051
415,300,0.09963610597391068
415,302,0.08799951461565247
415,327,0.08281488525685703
415,331,0.10067072761723696
415,345,0.09002633673790841
415,352,0.08695537328346627
415,370,0.0970415855871388
415,378,0.09175728153293237
415,383,0.0753108926033759
415,396,0.08219520103458275
415,404,0.09296304758807852
415,413,0.10686333382452233
415,426,0.08661777530919472
415,429,0.07244315684597614
415,442,0.10018403514815764
415,447,0.08531480407239356
415,454,0.09907569609115278
415,457,0.06926013978344966
415,464,0.10078404923765132
415,470,0.10624977448669108
415,482,0.07321155733299349
415,495,0.07531659642236699
415,500,0.07304028034331406
415,504,0.10100080064933208
415,505,0.10567426249168257
415,524,0.08933641674557893
424,13,0.07944111600138398
424,29,0.08095349825793352
424,30,0.08666001644320791
424,33,0.07162661401376427
424,41,0.11693861786193206
424,43,0.08994457477326935
424,66,0.09435821084874996
424,68,0.09980876267768478
424,86,0.08608587352083566
424,115,0.07780846808467098
424,125,0.08488106042208009
424,128,0.08445759991518643
424,129,0.07343669497515504
424,134,0.08436862491418615
424,147,0.08743316820192243
424,155,0.09356113436895676
424,176,0.09170690470359794
424,206,0.07430712517147438
424,238,0.08650396350382356
424,327,0.08312196768995736
424,335,0.08007778409631616
424,338,0.07833937100089464
424,363,0.08420560758140647
424,370,0.09225892365507943
424,397,0.08805025487815107
424,400,0.08460018044652562
424,426,0.09020132710833412
424,427,0.09053043945783512
424,433,0.07860566714705848
424,435,0.07544410181256951
424,440,0.08364661407908523
424,444,0.09237178852083647
424,457,0.06849036351838127
424,459,0.07631106289769002
424,465,0.07981934236223845
424,466,0.09092170839275886
424,494,0.08497869831123255
424,500,0.07569748510788755
424,516,0.09579364502169788
424,525,0.06987496544465364
503,3,0.09350925267780451
503,36,0.07206704862401438
503,41,0.08835115854530019
503,46,0.08596315720737345
503,47,0.08842525184749203
503,63,0.055518147914579014
503,77,0.06893212312614515
503,109,0.08242086007040932
503,124,0.09646654757152111
503,125,0.10083554568342047
503,137,0.08576746171695994
503,145,0.07307153976153653
503,146,0.07943203604390627
503,154,0.07834290726132373
503,163,0.08649746071926626
503,171,0.09047604033064596
503,175,0.07442648523127711
503,179,0.0950032764958374
503,186,0.08043100240454416
503,194,0.08511222342837807
503,196,0.08858299275772359
503,210,0.07169194139364941
503,236,0.0877560997238339
503,249,0.08804645657956345
503,252,0.05850527842675201
503,274,0.09009614147152886
503,283,0.0933392667718662
503,284,0.08459749794196234
503,302,0.09464492520004804
503,333,0.05592384703065961
503,335,0.07866227820980844
503,339,0.10290488149361693
503,341,0.08939643616814934
503,343,0.07618862444690022
503,347,0.08380872071781788
503,363,0.08078296705427382
503,383,0.08065460112916818
503,397,0.08749154687466366
503,422,0.07482415739643916
503,423,0.08155741499216095
503,432,0.0747842777783647
503,433,0.08752856288451635
503,448,0.07413517100034635
503,495,0.08129800229791821
503,513,0.08232751560267189
503,518,0.07782377366372908
503,525,0.07023310737312498
56,28,0.11198980168587275
56,50,0.1193137884061574
56,59,0.11914615846352214
56,61,0.1264099766143773
56,149,0.10303396831364868
56,160,0.11451513245573369
56,197,0.11801728512807418
56,200,0.09555544849528472
56,240,0.1169537781588097
56,241,0.11035043222092487
56,245,0.12466772544644691
56,277,0.11174110702163931
56,316,0.11263112271687419
56,385,0.11615841034642548
56,388,0.12682795568731248
56,398,0.11378176664189493
56,428,0.11645073392199808
56,450,0.11577553234535418
56,456,0.11209999264717573
56,461,0.11313394916229798
56,478,0.11658581590101272
56,483,0.12285045403198362
56,489,0.12599611497901217
88,75,0.09768327172866334
88,78,0.09042369789036078
88,94,0.10113680427104169
88,95,0.10032384056539416
88,112,0.09419572566715181
88,126,0.09599813152068397
88,141,0.09208727736996936
88,159,0.09401391827780507
88,181,0.10072673941425368
88,203,0.09382462694888921
88,242,0.12655531962333286
88,315,0.0979587808380911
88,350,0.11811644283364893
88,388,0.0929483829111336
88,389,0.102244648330252
88,434,0.09600121267917153
88,456,0.09320691803125049
88,483,0.09461678482627604
88,490,0.09140777866487379
88,509,0.11641259511751234
254,7,0.08777414218666423
254,13,0.07847751198162019
254,52,0.07283189790636771
254,79,0.08219899317222684
254,80,0.08016326098430017
254,118,0.08014301990572098
254,142,0.0893732048043467
254,150,0.08073440143478894
254,151,0.08533381608383951
254,213,0.08736298349108627
254,225,0.0846013841009538
254,310,0.08230611681041279
254,321,0.08191972307310225
254,374,0.08621072540553971
254,387,0.08581102069697598
254,410,0.09601737192413572
254,413,0.09207141760581984
254,427,0.08095618633797112
254,440,0.08414477602368699
254,442,0.0839421203308623
254,487,0.08031079648239031
254,504,0.0862200115227715
420,8,0.1316570834699707
420,19,0.14044249216690868
420,21,0.14082257340819493
420,22,0.12663468005782255
420,23,0.10122892985526863
420,28,0.11735548452131217
420,42,0.12694889522813288
420,55,0.10075413249487557
420,59,0.14331484557412316
420,87,0.15358562378587998
420,99,0.13511684416243977
420,102,0.13718746277944838
420,110,0.1475885826962429
420,112,0.16477360549061346
420,133,0.14477242146103647
420,135,0.11228952932059263
420,139,0.1294711500522224
420,158,0.13441449233271763
420,159,0.12038363613386718
420,169,0.08473075231903193
420,197,0.14917903730380164
420,205,0.12725889861368742
420,244,0.148934450254605
420,247,0.10569835167539844
420,277,0.15078292859867262
420,295,0.09341361738753332
420,304,0.15011170742758084
420,315,0.13641623440962053
420,317,0.10766521481913022
420,336,0.1417900795065436
420,366,0.13803932565841634
420,384,0.13780510872275606
420,392,0.15444326386690768
420,394,0.1530503638840217
420,398,0.1375196438388854
420,425,0.15196696776379465
420,428,0.15028651909804108
420,461,0.1351797760409591
420,478,0.12427868894935996
420,479,0.1313931476672079
420,501,0.12258700258744826
420,526,0.138342302346377
422,1,0.011301672972175918
422,3,0.07322777073864874
422,13,0.0845475380738046
422,29,0.07383271442891247
422,41,0.07304171603001522
422,81,0.07391701786332461
422,100,0.07358813509621022
422,114,0.06938141596380674
422,125,0.08313086788561333
422,154,0.07719177391545962
422,155,0.07327407817626572
422,179,0.0731073251509694
422,194,0.07309052421036759
422,252,0.05944000669841176
422,262,0.06998124646225182
422,283,0.08513615463112148
422,284,0.07248091711208056
422,314,0.05508372899229871
422,333,0.06539144151159776
422,341,0.07577921314332768
422,391,0.07849652682426873
422,419,0.06557278617608302
422,423,0.07648869029642749
422,433,0.07933952917095466
422,448,0.0725889193221284
422,495,0.07616893629530799
422,503,0.07482415739643916
422,532,0.06677810841324575
43,15,0.09655046501272277
43,20,0.08015241638328928
43,41,0.08475424381599388
43,49,0.07841292947352722
43,105,0.07965110439982645
43,125,0.08172996860543819
43,155,0.08247030725427838
43,163,0.08439865884041556
43,166,0.08167710169791509
43,179,0.08173800396910931
43,202,0.07239135424592891
43,204,0.08253802023727279
43,226,0.05301517230354111
43,243,0.06711056071364442
43,274,0.092219957469513
43,285,0.07944058745889197
43,286,0.0718447897363062
43,305,0.08202892326570167
43,323,0.0733364253492182
43,324,0.055987956185062276
43,343,0.07497892709161103
43,353,0.0806104427122287
43,370,0.08024182906526323
43,391,0.07774480171674567
43,406,0.08809619544081691
43,424,0.08994457477326935
43,433,0.08623735492077804
43,435,0.07533954339342806
43,441,0.0852372203372812
43,444,0.08216012909257558
43,462,0.06866699660415128
43,466,0.08387641874334865
43,486,0.08850919209309316
43,514,0.08202311157078045
43,532,0.061805340315412606
265,11,0.1110357221219857
265,21,0.12764933587670066
265,61,0.1272579936113087
265,75,0.14010094350508043
265,96,0.12584749027803366
265,104,0.12591514270501894
265,111,0.14009369057388926
265,112,0.13742909019516208
265,120,0.14858849311887645
265,141,0.12032585185766137
265,221,0.13821025792968872
265,277,0.12865627897741047
265,280,0.1416106262422138
265,292,0.12004057667063785
265,312,0.12854794744478965
265,328,0.10402829634340431
265,371,0.1351129224179179
265,372,0.13205295085462346
265,389,0.14206354794351486
265,428,0.13519723372176837
265,437,0.12888324404052015
265,461,0.13458276006808173
265,490,0.1368180835570034
265,511,0.1252219709022933
501,21,0.12975385635429568
501,91,0.11731704811540172
501,102,0.1223318215079637
501,108,0.12719070090035664
501,110,0.13878346815792192
501,111,0.13405448509321
501,112,0.13154171703431916
501,119,0.113315549330066
501,120,0.12970942550508113
501,121,0.11540793024210766
501,212,0.13389890027156837
501,221,0.1220380589506422
501,234,0.11989613442106703
501,240,0.13406336717842304
501,277,0.1422695380424805
501,280,0.1403043426965053
501,304,0.1258303065265276
501,371,0.14861442560995605
501,420,0.12258700258744826
501,425,0.15273297394245985
501,428,0.1394675465142426
501,437,0.13027627147917017
501,446,0.09615997896111052
501,479,0.13564321455931927
501,511,0.12813871639235816
501,526,0.12628549682587487
223,2,0.08812364252846436
223,12,0.08300511519731268
223,29,0.09030141134421045
223,47,0.08107185365589062
223,52,0.07335539594473899
223,116,0.0946232176128687
223,174,0.08925046866990176
223,186,0.08381768647674379
223,187,0.07108705677879047
223,191,0.06906684716126184
223,222,0.08715421867795796
223,236,0.08534937410901366
223,239,0.06673801092548012
223,249,0.08553267208917135
223,282,0.08045417813249804
223,305,0.09636176829895249
223,309,0.07609446292222914
223,324,0.055443851225709155
223,327,0.09029983730784669
223,332,0.08214823223688017
223,347,0.08393595937448503
223,367,0.09346073813267912
223,393,0.06916058670399171
223,395,0.08475166000585747
223,406,0.08020629422095041
223,460,0.08515677925412325
223,502,0.07198142939721913
223,514,0.09869274418791817
336,21,0.13817971189188424
336,23,0.10716921712685891
336,34,0.13421130133660283
336,51,0.09374906595501344
336,59,0.1526291235822532
336,61,0.152813121997093
336,69,0.1204050057063123
336,87,0.15448684132053603
336,91,0.11742482576897513
336,112,0.13541034954908981
336,119,0.11857818629247385
336,121,0.10826473663971695
336,123,0.11924137276252555
336,133,0.14954459347671276
336,159,0.11484049415473727
336,161,0.14005241358452714
336,200,0.09911404498594732
336,240,0.13663839341023792
336,280,0.14141126888327304
336,301,0.12523877438099093
336,304,0.1391377627917779
336,312,0.1321674748062135
336,319,0.13542672805190195
336,354,0.13054086800033182
336,380,0.1184510374355383
336,384,0.12332135400581852
336,385,0.14613314651933687
336,394,0.13997549735771092
336,407,0.1319554539762821
336,420,0.1417900795065436
336,437,0.1331000812054506
336,479,0.13352374499306116
336,490,0.13255402808598526
336,511,0.140096458235665
336,531,0.12322890450680683
372,19,0.14142026486657297
372,21,0.15177090342984664
372,59,0.13348418685666963
372,75,0.12893932366635805
372,108,0.1314891303482371
372,112,0.14277529397599453
372,148,0.09840077382031774
372,182,0.1291141427241571
372,201,0.1403589112147041
372,212,0.12448290611187748
372,221,0.12725817346870405
372,244,0.14685122734789988
372,261,0.10794449611778811
372,265,0.13205295085462346
372,277,0.14368345502536048
372,278,0.13732330308007562
372,312,0.12796211699001736
372,328,0.10681075636638973
372,371,0.14936157150630655
372,380,0.11946542189740968
372,389,0.13860490268944453
372,394,0.13065129117062757
372,425,0.13833052732811804
372,428,0.14090253460086724
372,446,0.09507049826500125
372,450,0.13589000763456202
372,456,0.13465320941905748
372,461,0.13750176442412856
372,474,0.10126266503528895
372,490,0.14320728390028034
372,526,0.1566470939277056
416,3,0.06810893333096318
416,5,0.0648274271542295
416,39,0.07133944445666775
416,41,0.0721769482785561
416,46,0.06998284457974435
416,72,0.07129250515623409
416,73,0.07422732975113085
416,81,0.07518693106821961
416,124,0.06921689072613132
416,138,0.07429197715786817
416,140,0.06995118335346694
416,146,0.07586610154515988
416,163,0.07059185048718145
416,177,0.06773717353703672
416,184,0.06754328148159834
416,263,0.07199541543599902
416,267,0.059476402447522655
416,283,0.07309670131966912
416,324,0.068702550660358
416,339,0.07070920761210053
416,356,0.06490142693280256
416,375,0.0688140218642648
416,516,0.07277704154446718
29,2,0.0868399969078062
29,9,0.055208285850202515
29,41,0.08479079164332237
29,77,0.06985920658103077
29,86,0.08056191918087136
29,115,0.07812224113911855
29,128,0.07910622429297309
29,134,0.0849486238831106
29,155,0.0811032986381303
29,171,0.08162118573196192
29,179,0.08277109206553188
29,188,0.06598488645131372
29,191,0.07427054409275974
29,194,0.086203320151131
29,206,0.07439344886880027
29,223,0.09030141134421045
29,232,0.07624105054749086
29,236,0.09395226989370482
29,239,0.07332031631614162
29,246,0.07012232544776484
29,249,0.08092319493041068
29,257,0.07234638227961097
29,258,0.08903916014610273
29,264,0.06929935483541336
29,282,0.07401842743549623
29,305,0.08141549429822174
29,351,0.07448249526165504
29,359,0.08242480826897368
29,367,0.07813353493497961
29,393,0.06793130260835718
29,415,0.08300640959590817
29,421,0.08179201693646605
29,422,0.07383271442891247
29,423,0.07322208181124036
29,424,0.08095349825793352
29,433,0.08689477507632817
29,440,0.08189594959958055
29,477,0.07780272579883755
29,482,0.07994176853840754
29,514,0.08219462404514397
29,532,0.06257347695685457
155,4,0.07048056055856514
155,13,0.07951586929834818
155,15,0.08282671515928226
155,18,0.07616904877088919
155,20,0.07658867975030911
155,29,0.0811032986381303
155,33,0.08019011048845666
155,41,0.09405159350432338
155,43,0.08247030725427838
155,58,0.06722070418465775
155,73,0.09500701138007533
155,77,0.07100594111124665
155,86,0.08717510792279354
155,100,0.07219993903827761
155,114,0.078407880072287
155,115,0.07407495151668604
155,116,0.09002927072531647
155,122,0.08328776223144291
155,125,0.09557344309311679
155,128,0.07681835577305215
155,138,0.08375858115176528
155,146,0.08865026028777473
155,147,0.09047331982112705
155,156,0.06232251627439565
155,163,0.08668471022641468
155,179,0.08591376999952895
155,180,0.08014959900201263
155,202,0.07245684855412399
155,206,0.08150215477010005
155,208,0.0723558172634428
155,216,0.08556110886396841
155,217,0.08460254015648112
155,219,0.07803309865689936
155,226,0.05321997097639822
155,230,0.07983789558979223
155,235,0.07556843554759932
155,250,0.08482244056765174
155,253,0.07845342614259977
155,258,0.07509796033299693
155,275,0.07344210011982336
155,279,0.07868525212901328
155,284,0.07700334348254
155,296,0.07269119013828695
155,308,0.09021370193446789
155,311,0.07343276112148654
155,322,0.06629218594036329
155,335,0.0782736019601909
155,347,0.08552574490623048
155,353,0.07861560008343925
155,363,0.07443429842581957
155,365,0.06381477191652558
155,370,0.08747354764824564
155,375,0.08367022803007444
155,376,0.06894979543199498
155,386,0.09067121999849613
155,411,0.08009627978577516
155,412,0.07341634487385697
155,422,0.07327407817626572
155,424,0.09356113436895676
155,426,0.10003256225273195
155,427,0.08759056140165686
155,433,0.08458549188350215
155,451,0.07029163281926674
155,455,0.0804067836284483
155,457,0.07257257044383818
155,460,0.09591282174604922
155,464,0.08675258751189358
155,466,0.0905382860118386
155,482,0.08306729410462277
155,486,0.096556295684615
155,516,0.08601638303336298
155,517,0.07998258548605587
155,521,0.08228941525226392
155,524,0.08430869200154877
155,532,0.0639937187835406
230,9,0.06287572449690264
230,73,0.08426011750782111
230,97,0.07722162471795593
230,122,0.07917403403352408
230,124,0.07915341169735252
230,155,0.07983789558979223
230,207,0.08487227614992099
230,216,0.07880715811181305
230,227,0.08514435121113174
230,257,0.06805777052947773
230,263,0.0777293257861132
230,268,0.0796831742135125
230,269,0.07850937543043605
230,293,0.06866094135537273
230,306,0.08166816857634417
230,322,0.061745247102367055
230,339,0.08561268974428217
230,370,0.08440409746955016
230,395,0.08289461097283866
230,421,0.08379603488637052
230,427,0.0796183532614226
230,429,0.07016325884097124
230,460,0.08029778720189262
230,466,0.0786855037134598
230,506,0.06666218378935237
230,508,0.06851566925874625
230,521,0.0793740273843271
438,14,0.10042410848472387
438,94,0.1025730026110707
438,113,0.11025469879375274
438,167,0.08997335852711662
438,190,0.12524882134337026
438,192,0.13276695536693034
438,198,0.10635782729126579
438,215,0.1259100664833153
438,218,0.11108856941307048
438,225,0.12980765157538982
438,273,0.09141215609127397
438,310,0.10614018834244557
438,313,0.08939760320055079
438,340,0.101954810798848
438,346,0.10137409630146314
438,362,0.09381310891154475
438,364,0.09739916340118746
438,410,0.10791326017104552
438,431,0.11421521988333799
438,452,0.08628498859481747
438,453,0.11313788561135761
438,463,0.12137523987907864
438,472,0.1173519173887098
438,488,0.10602579944761634
438,491,0.12637921468307217
438,497,0.13581342773311827
164,7,0.08001961943753576
164,26,0.07976608046187916
164,45,0.07773598697287169
164,79,0.0783184931929386
164,126,0.0855751319869303
164,127,0.08456896446751869
164,139,0.07554222930357217
164,161,0.07641113678729163
164,182,0.07628457749626746
164,201,0.08017418096912998
164,205,0.07760112895131431
164,300,0.08687717288003424
164,302,0.07741755084762822
164,326,0.07778901911384212
164,354,0.07830218820890217
164,387,0.07612110825758174
164,399,0.07707725865418806
164,483,0.07630929130277103
164,492,0.07887481320714967
164,505,0.07592423327459351
167,14,0.12088728497576509
167,94,0.100794809252622
167,181,0.1405608371992349
167,190,0.08820979876854765
167,192,0.08508694367287067
167,198,0.08335910595116515
167,214,0.10939001082091315
167,215,0.09572852853684971
167,225,0.08412956112301617
167,242,0.0943381904266305
167,273,0.1319058624590819
167,350,0.09232662196007928
167,434,0.11619868676024439
167,438,0.08997335852711662
167,453,0.08619732431984548
167,463,0.10820318915947312
167,472,0.10978310607545504
167,488,0.09663017214501178
167,491,0.09794534104539858
167,497,0.09178761171631494
226,20,0.05945537225961748
226,33,0.05457607402437961
226,43,0.05301517230354111
226,77,0.052955333515108415
226,155,0.05321997097639822
226,180,0.053979495941986914
226,202,0.055055999022963306
226,204,0.05727225680912356
226,206,0.05490969491727778
226,250,0.05308037909819784
226,279,0.055580567905746135
226,296,0.05908705844404038
226,335,0.05727591302169052
226,360,0.05512018362680712
226,363,0.054011947386429685
226,365,0.05535990926298539
226,426,0.053619160393131984
226,455,0.053390114708826854
226,530,0.053718176105555474
226,532,0.052789802550415585
288,8,0.14665463818327867
288,17,0.11352071138212223
288,22,0.1268132817224245
288,50,0.12413600238039488
288,55,0.1036310245523762
288,87,0.1320869825343897
288,92,0.12940457860617824
288,99,0.13739322874483303
288,133,0.1239785312353607
288,149,0.10523462791610122
288,158,0.14780582138547815
288,168,0.13468540174626537
288,197,0.13750609439813635
288,211,0.12166866250211475
288,244,0.12234406382543504
288,245,0.15290754673455675
288,366,0.12156191372554188
288,373,0.10846286064253231
288,382,0.15311306415472828
288,390,0.1347802232258934
288,428,0.14369552372211192
288,461,0.12747681992093954
288,473,0.14825936251775168
288,489,0.1293698718490577
288,529,0.11516901095668622
433,3,0.08092289180831679
433,9,0.05367072622628892
433,29,0.08689477507632817
433,41,0.08067696159508597
433,43,0.08623735492077804
433,115,0.07325239151782491
433,116,0.07967336538092762
433,124,0.07584989113160968
433,125,0.09029373583517661
433,129,0.07116310723609018
433,145,0.07534980179179565
433,146,0.08007017213313053
433,154,0.07651262314774232
433,155,0.08458549188350215
433,163,0.08187825153187774
433,179,0.07736038697484451
433,191,0.07189136960275182
433,249,0.07756842250068546
433,262,0.06390679403881673
433,282,0.07071815635001673
433,284,0.07590950652069285
433,347,0.08260654604057105
433,397,0.07907265644667014
433,422,0.07933952917095466
433,423,0.07571457158469835
433,424,0.07860566714705848
433,466,0.0922239592016026
433,503,0.08752856288451635
433,532,0.06453978509251702
528,30,0.07148502424531268
528,36,0.0731047530017527
528,38,0.07416244866236078
528,124,0.0737535989892103
528,147,0.07266293082469179
528,166,0.07146569499274874
528,174,0.0751006486905479
528,179,0.07187699764318274
528,194,0.07606156989044194
528,195,0.08576039979626532
528,224,0.07123767097814385
528,243,0.07117510219995028
528,289,0.07593110923991596
528,305,0.07539943894724507
528,455,0.07808682493402051
528,467,0.07337848943064067
528,474,0.07716987477192573
528,480,0.0720263999473537
528,486,0.0777344618559686
528,514,0.07205972589024837
528,523,0.07492163102053011
130,24,0.07931342233283524
130,26,0.08010813891544653
130,36,0.07520746337564836
130,46,0.08106241457815098
130,57,0.080325429073787
130,73,0.08246742494098377
130,77,0.0719090779157214
130,93,0.07997857725688483
130,124,0.08143036409620492
130,137,0.07868965094634997
130,147,0.08337436758685478
130,174,0.08001060965351706
130,179,0.08118524971876141
130,194,0.093238266654203
130,236,0.08504243132314067
130,306,0.08026099758234487
130,308,0.09271332153233634
130,370,0.07652729795251444
130,383,0.07778609432188437
130,415,0.07677958570509967
130,464,0.08539836677802727
130,486,0.08344255737647582
340,67,0.08512932569764038
340,113,0.10142535430688084
340,142,0.11215521222908365
340,151,0.1056209843220068
340,192,0.11244734601988472
340,198,0.12285372050853474
340,214,0.08931159531630874
340,215,0.11452289521504944
340,218,0.13415211140805786
340,225,0.12515284443803534
340,228,0.09704150492793502
340,342,0.0692768564043552
340,349,0.07168780288017693
340,362,0.08846670884048097
340,364,0.07414486620053878
340,387,0.11325263202623954
340,410,0.09905124315648506
340,431,0.10541217970301651
340,434,0.09778513878779568
340,438,0.101954810798848
340,452,0.07361802538140613
340,453,0.10469579200941546
340,463,0.10480337919070133
340,472,0.0973536858206346
340,488,0.09574630341650786
340,491,0.10239901485365073
340,496,0.07397944083156582
340,497,0.11982215027649752
340,522,0.08568445859890417
344,10,0.09979508754665176
344,26,0.09022179860513291
344,28,0.09632933750501783
344,83,0.09097953791329846
344,102,0.09332336146742796
344,124,0.09268123792552234
344,137,0.10325997078747938
344,143,0.05287161076593635
344,182,0.0893943640071995
344,270,0.09182148442114049
344,278,0.09091609831818717
344,280,0.08930105923276696
344,291,0.0913039694394792
344,297,0.09098016195721094
344,334,0.09246357001153922
344,345,0.09197179437589371
344,352,0.08599591477078927
344,355,0.06996478434570888
344,366,0.09045471575628967
344,396,0.08123809240704233
344,404,0.08983709127112274
344,476,0.0894880397729364
344,492,0.09174525668186936
344,504,0.08952287603357308
344,523,0.08580387988636974
36,24,0.07485418616611982
36,46,0.07736774092942973
36,84,0.07673578550140715
36,124,0.07614066290872262
36,125,0.07667215754734337
36,130,0.07520746337564836
36,179,0.08184201838649854
36,189,0.08318415286648433
36,194,0.07630148136490242
36,207,0.07128979653047476
36,219,0.07197663012455288
36,250,0.07868255444987764
36,331,0.07405254427119873
36,341,0.07149735204858843
36,379,0.07896220348777304
36,467,0.0875506657296391
36,480,0.08011355629941617
36,486,0.07650493806615073
36,503,0.07206704862401438
36,528,0.0731047530017527
105,1,0.011377825761388086
105,20,0.0725467253589387
105,38,0.07301662040136381
105,43,0.07965110439982645
105,81,0.07352683605140159
105,84,0.07547828424451317
105,154,0.07590805090697154
105,163,0.0753987518669128
105,166,0.07645104248235692
105,204,0.08401701383782323
105,236,0.07300168178667976
105,243,0.07004907911096378
105,250,0.07357893037772358
105,305,0.08391628848016347
105,347,0.07455939278310568
105,381,0.06797559451714692
105,397,0.07709634175732388
105,460,0.07876591203792944
105,468,0.08239021174286282
105,485,0.0745414627239705
105,486,0.07320225829668632
105,513,0.0770225381636047
105,514,0.07462409487155183
105,517,0.07598063330414842
187,2,0.07640093554423356
187,12,0.08251158135539148
187,31,0.06843360133472635
187,89,0.06628493001346654
187,151,0.06995362103191712
187,176,0.0735071767436928
187,186,0.07533643447197902
187,222,0.0706082309259986
187,223,0.07108705677879047
187,256,0.06849657618508362
187,260,0.07882468228448183
187,299,0.0743539144482158
187,305,0.06960683129471819
187,327,0.07155917854672342
187,367,0.06917369269589346
187,369,0.07314126489222741
187,370,0.06938496834293152
187,377,0.0715155322175441
187,406,0.076355846191068
187,527,0.07643884147245641
268,26,0.07758492108003076
268,86,0.07958945146613101
268,97,0.07368784954420643
268,124,0.07337936578917464
268,166,0.07795049562439223
268,186,0.07578489706311922
268,230,0.0796831742135125
268,249,0.07591432367218293
268,256,0.07058175810550495
268,263,0.07866966700279343
268,269,0.07866753337270833
268,291,0.0772422320746905
268,300,0.07448985907397146
268,309,0.07402727594595662
268,339,0.07779759473805208
268,397,0.0733944702156779
268,399,0.07427563764446475
268,413,0.07413733699063117
268,421,0.09466800127090881
268,427,0.07455275190315629
268,445,0.0676898548492321
268,504,0.07768113710847317
419,13,0.06861453747741107
419,39,0.06511486961541109
419,46,0.06634285919731846
419,60,0.0649848870816763
419,81,0.06532983866651938
419,125,0.06581385573077413
419,163,0.06540669556966244
419,194,0.06495315901182352
419,219,0.0665914930054089
419,246,0.06655991373251843
419,248,0.06555726233650541
419,250,0.06487173511070607
419,274,0.07011934858750385
419,335,0.06788386625586058
419,339,0.06503587691608896
419,422,0.06557278617608302
419,436,0.0673126189465961
419,455,0.06685817716245848
419,495,0.06492374649063397
419,516,0.06823027711580688
209,10,0.11607252600224706
209,26,0.1138936295907095
209,35,0.09674394090587446
209,48,0.10693798835090883
209,51,0.09418695185435322
209,104,0.12238668474576986
209,112,0.10843603075773244
209,135,0.10570086159121195
209,160,0.10654344735394913
209,161,0.11388631666467347
209,165,0.11796131394856375
209,172,0.08664562118976953
209,201,0.11333142772335786
209,227,0.07836693506962633
209,255,0.09295444208103608
209,354,0.10834856787487158
209,398,0.11371381315352928
209,407,0.11269493796172741
209,414,0.11657056263124248
209,456,0.10865694444741628
209,471,0.08877853606126201
209,483,0.10727643821822178
209,490,0.10685927541710519
209,492,0.10922554229956395
209,504,0.1052992642062472
209,505,0.10716638678138543
388,42,0.12472780860208493
388,56,0.12682795568731248
388,59,0.11958759703398608
388,61,0.13230028661231313
388,87,0.12355765143525138
388,88,0.0929483829111336
388,127,0.10393184942459331
388,133,0.12455467239327915
388,158,0.126313007718838
388,162,0.1212575847178239
388,211,0.10385123430237998
388,240,0.12071405897385495
388,242,0.10761580342509297
388,244,0.13030333531312852
388,245,0.14166485466320905
388,304,0.12267126118602362
388,315,0.12824449384656267
388,366,0.13117653861489198
388,394,0.1257138329830959
388,398,0.12518781625726438
388,428,0.1404254360999993
388,450,0.11957320331260565
388,456,0.14206743067265554
388,461,0.1347232935401274
485,3,0.08080881784271822
485,46,0.0744926471542392
485,60,0.07360091062834105
485,73,0.07299754172882629
485,81,0.0864779191959376
485,84,0.07613228418633489
485,101,0.07870669666069958
485,105,0.0745414627239705
485,124,0.07700772353804747
485,125,0.07553143533323288
485,137,0.07396077671203306
485,140,0.08345101513293038
485,154,0.0800863610219236
485,163,0.07493336735605667
485,170,0.06619426251694875
485,185,0.06933928029241952
485,204,0.07203974590044201
485,243,0.0696917651654924
485,250,0.08182118557273611
485,279,0.07432335417574937
485,339,0.07522743174293409
485,356,0.06506008861507959
485,358,0.05601990727363581
485,360,0.06145517206301262
485,408,0.07159459450542795
485,458,0.07456831657306222
485,513,0.07988006761045272
244,8,0.13050999605620142
244,10,0.12089556990954897
244,16,0.10465355466238702
244,19,0.16645561127208078
244,21,0.1464884800652665
244,28,0.11914165018185534
244,40,0.08551262776488931
244,42,0.12685775626393667
244,44,0.14262303797176026
244,51,0.09854242096530817
244,55,0.10297568097549058
244,59,0.15073938320397948
244,61,0.13846832517536276
244,69,0.11979112016865155
244,87,0.16617175974123372
244,99,0.13625091241678444
244,103,0.09369012744749008
244,112,0.14461160630686704
244,120,0.1233144698182098
244,123,0.11923669384306541
244,135,0.10571284790665521
244,137,0.10436722814048963
244,159,0.11483545254830656
244,160,0.13413658497108344
244,162,0.1406690099030641
244,165,0.14438291018010463
244,169,0.08488337121274525
244,197,0.15218016112513433
244,224,0.1075042158820472
244,245,0.13975563803114616
244,272,0.11522948286976623
244,277,0.16020898562431732
244,278,0.14642235911994528
244,288,0.12234406382543504
244,297,0.1362691695906997
244,304,0.1486429006489926
244,315,0.13623893184012636
244,319,0.13123733230743473
244,330,0.1122053803428468
244,331,0.08563445906670294
244,345,0.09005055403644911
244,372,0.14685122734789988
244,388,0.13030333531312852
244,389,0.1376414101591109
244,390,0.10436760382289204
244,394,0.16926835629118606
244,398,0.16265495474155545
244,414,0.140845392166151
244,420,0.148934450254605
244,428,0.1784461666739437
244,450,0.12617062192285378
244,456,0.14267752396417618
244,473,0.15073549788677137
244,474,0.10193282884249893
244,476,0.08804338014464427
244,483,0.1349466979611946
244,492,0.140592337967597
244,505,0.1421189351417639
244,526,0.15427035945122317
347,2,0.08508991880025742
347,4,0.07265598215492307
347,18,0.06711741028894475
347,20,0.07179214778403137
347,41,0.08743128427460373
347,47,0.08428967768526878
347,62,0.07674527298087654
347,101,0.0780989483843381
347,105,0.07455939278310568
347,109,0.07810520195731809
347,114,0.07007355080994955
347,115,0.07613094520671682
347,116,0.0852029766269573
347,125,0.08979311750861729
347,140,0.08753275017919922
347,155,0.08552574490623048
347,163,0.08666258542519657
347,171,0.09969963817781101
347,186,0.08136464393438153
347,191,0.06812143292521093
347,222,0.08589556738730475
347,223,0.08393595937448503
347,236,0.08432947956166693
347,267,0.06603295923825392
347,271,0.07444245386281778
347,282,0.07321835603272418
347,285,0.08030050576925225
347,294,0.078791455518192
347,311,0.07658228186262471
347,327,0.08254987254935475
347,351,0.07201319193412849
347,358,0.05800208161697595
347,359,0.0826649316492197
347,363,0.08247901916957383
347,369,0.08054229224640815
347,370,0.0853429298539685
347,383,0.07481887077797295
347,386,0.07739019840421557
347,397,0.09048518385519215
347,412,0.08217825845391605
347,423,0.07675152220265369
347,427,0.0873967294153834
347,433,0.08260654604057105
347,444,0.08484742475567429
347,445,0.0644304123826619
347,460,0.08733057682647645
347,462,0.07261213524656648
347,464,0.08372819374092685
347,481,0.08470037354361523
347,482,0.07612173679730642
347,500,0.07707778004180708
347,503,0.08380872071781788
347,506,0.06193257233056502
347,525,0.0794572550923036
34,10,0.12876564622838493
34,17,0.10936375357343647
34,19,0.13100917398670284
34,21,0.1498230887464557
34,28,0.12879830560902364
34,44,0.12255739148120764
34,50,0.11671478453662334
34,55,0.11200346405626022
34,59,0.14357991907470355
34,61,0.13237484621099077
34,83,0.11517826070315691
34,87,0.1606534148586897
34,119,0.13724774134633289
34,123,0.12281150844515873
34,133,0.14548658696616804
34,149,0.09968193012540179
34,197,0.13532452593987815
34,240,0.14382031972444734
34,255,0.09191129049112429
34,277,0.14478881863508636
34,278,0.17617360782080727
34,298,0.11328233851072497
34,301,0.13232894026827288
34,316,0.1285504018669318
34,319,0.14758421689365928
34,330,0.12485454124284344
34,334,0.08513642032351237
34,336,0.13421130133660283
34,354,0.12802170155356235
34,373,0.097278243185646
34,404,0.09858689475884519
34,407,0.1223889416737647
34,437,0.15383706575186085
34,439,0.13421265815838543
34,450,0.12233199397297513
34,473,0.14268194194783673
34,476,0.09185246728775817
34,478,0.12659366741387654
34,479,0.1387378206398332
34,489,0.15238997667474818
34,511,0.13846971502797964
34,529,0.11193517349156297
34,531,0.11509465835827631
174,15,0.08284311905770088
174,32,0.10651548615310621
174,38,0.09388556861064738
174,52,0.07317511710111117
174,57,0.09434342885449729
174,66,0.0950936997909916
174,71,0.06411781569352928
174,73,0.09376589752661525
174,74,0.08533790296073729
174,79,0.09775435124328981
174,93,0.0904174053711179
174,97,0.0998538427029007
174,107,0.08272862594505954
174,116,0.08515895538699884
174,122,0.08576836894923025
174,124,0.09418144725710871
174,130,0.08001060965351706
174,134,0.09798317113954583
174,151,0.09959500510256215
174,161,0.09777864818535152
174,166,0.10605094261797125
174,171,0.09577540872025495
174,193,0.0804661239311178
174,195,0.10061492336883818
174,208,0.07276141612391439
174,217,0.08695602855352831
174,222,0.10633688558271014
174,223,0.08925046866990176
174,233,0.08407053647728219
174,236,0.0887532799003403
174,249,0.09637234795927337
174,253,0.08076701626777312
174,269,0.104650514265639
174,271,0.07255910889276133
174,281,0.08083328731734551
174,284,0.07601171213907526
174,294,0.07542022545916945
174,299,0.08521869740272124
174,300,0.1041488910872459
174,305,0.10834918719043041
174,306,0.08285165930223448
174,309,0.07633445221169236
174,332,0.10269856962964112
174,357,0.0866929648955711
174,367,0.0769932942669398
174,369,0.07917862526910004
174,370,0.09583365447978946
174,377,0.08064477440728661
174,379,0.0892627745417145
174,381,0.07299434402372396
174,411,0.0815921924248095
174,413,0.10524135272348088
174,427,0.10213555960418619
174,440,0.08457862567369055
174,459,0.07512693801111406
174,460,0.09823431048997713
174,464,0.10824082125054785
174,465,0.08221707142616104
174,486,0.0897043001172684
174,494,0.10058161975163156
174,504,0.10159773717648306
174,514,0.1032512653773613
174,517,0.09040389588491342
174,520,0.07868545549828804
174,521,0.09058152896999694
174,523,0.08898453859216632
174,528,0.0751006486905479
194,13,0.08000021320838661
194,24,0.08049070594654667
194,29,0.086203320151131
194,36,0.07630148136490242
194,46,0.09418299679379037
194,52,0.08197705061094485
194,77,0.07201479603800617
194,82,0.07933468358985485
194,84,0.07764583336284421
194,114,0.07142753364061503
194,116,0.0843910247111937
194,124,0.08736485569610862
194,130,0.093238266654203
194,136,0.057057669022948454
194,153,0.08502587612955266
194,179,0.09038590958859903
194,185,0.0710575478656808
194,207,0.08572555286924864
194,216,0.0863228636095326
194,217,0.0877854843482475
194,219,0.08154600034465884
194,224,0.0853197882109789
194,227,0.07639372335172666
194,236,0.09058859167974395
194,243,0.07054010616953092
194,246,0.07958594774704711
194,258,0.07972985929249886
194,262,0.06354094956384694
194,279,0.08304022401839735
194,305,0.08733031849856292
194,306,0.09848919669056683
194,308,0.08383820176573675
194,339,0.08532086443772666
194,375,0.07638009624062574
194,383,0.07477784034872378
194,395,0.08882198911125773
194,406,0.08638691258558152
194,419,0.06495315901182352
194,422,0.07309052421036759
194,436,0.08250043760454902
194,440,0.08599824945109713
194,441,0.08124544761049159
194,448,0.07032234884238549
194,455,0.08002614392681094
194,462,0.07007296942659365
194,467,0.07937698031502732
194,468,0.07781855430230447
194,475,0.07866390517311625
194,476,0.09800217718855468
194,477,0.07548326597968069
194,480,0.09215701817822085
194,503,0.08511222342837807
194,513,0.07877877333124625
194,514,0.0889921424651019
194,528,0.07606156989044194
194,530,0.05600149465324633
194,532,0.061228407169558505
277,8,0.12521777941491577
277,10,0.1425211904698677
277,16,0.11373275723329847
277,19,0.1756872853447376
277,21,0.15732940399422443
277,22,0.11497431450177359
277,26,0.12839962034050845
277,28,0.12993331928335008
277,34,0.14478881863508636
277,35,0.09963537195857412
277,42,0.13230773041716995
277,44,0.13803232311186528
277,45,0.10117601190433675
277,48,0.13153835541885647
277,50,0.11914045437332493
277,51,0.09433508036839724
277,55,0.10611004573403152
277,56,0.11174110702163931
277,59,0.14524351148420045
277,65,0.07472854951033943
277,70,0.07828263538760238
277,82,0.07754931087111924
277,83,0.1273277924436913
277,87,0.16277176566711346
277,91,0.11783411034165042
277,92,0.10928791816401344
277,102,0.1287075605715806
277,111,0.1355505628351143
277,112,0.15645189922866076
277,119,0.11845405830418122
277,120,0.1380891120689978
277,121,0.11739610524915609
277,123,0.12516206493699394
277,126,0.12528218697900406
277,127,0.10464544850564231
277,139,0.15145110430592065
277,141,0.12215884274598185
277,148,0.10165643171792932
277,158,0.14619854030967294
277,161,0.138843186544894
277,173,0.1472373462239196
277,182,0.15302128172864857
277,197,0.15207888119568536
277,200,0.09492126853631437
277,201,0.13888300975339365
277,205,0.13974878268104138
277,212,0.12322089219616926
277,224,0.10010833733506538
277,234,0.13648162788320972
277,240,0.14381197558849798
277,241,0.11128982900664688
277,244,0.16020898562431732
277,245,0.13777200774614698
277,265,0.12865627897741047
277,270,0.0956327604610395
277,278,0.17879135905890675
277,297,0.1111628547236058
277,298,0.11737632874044002
277,301,0.11149950524969798
277,304,0.14144103263692176
277,312,0.14244426192797874
277,315,0.14944406004481817
277,317,0.11224526139430965
277,326,0.11217913602554887
277,334,0.07945255883845238
277,337,0.1357957723550393
277,348,0.10248294406405134
277,354,0.1379189033588323
277,366,0.13255231936172548
277,371,0.1418988166870022
277,372,0.14368345502536048
277,385,0.12919632783447374
277,392,0.16107544506675509
277,394,0.14828191839909055
277,398,0.14918742526892653
277,404,0.09276741769424349
277,405,0.10889416606585005
277,407,0.12926911985083162
277,414,0.13361889453308612
277,420,0.15078292859867262
277,428,0.19702788109707015
277,437,0.14885933830982653
277,439,0.1179246437341896
277,443,0.10200534937167961
277,456,0.14660609652335846
277,461,0.14930399199717279
277,473,0.1906371112220122
277,474,0.10313667031339337
277,478,0.14215952742116236
277,483,0.14664704298169706
277,484,0.13688955164623934
277,489,0.13621543828817723
277,490,0.1452480683821634
277,492,0.14998125816794905
277,501,0.1422695380424805
277,505,0.14706355113086575
277,509,0.11250084932413326
277,511,0.16575566042295306
277,526,0.163393708058795
277,531,0.11307603335257725
405,19,0.1187811021928869
405,21,0.1058362178084751
405,53,0.11919351435606405
405,64,0.09644786344698796
405,75,0.11616745015634262
405,79,0.11215879392703956
405,83,0.114941356748809
405,106,0.07899937627369231
405,112,0.12032066336315506
405,132,0.11023162367870516
405,139,0.11774158938683446
405,201,0.10754344567339823
405,203,0.10128670092456074
405,277,0.10889416606585005
405,278,0.10691440801754597
405,280,0.1070312563398752
405,312,0.11293856639063936
405,315,0.10868901039719955
405,348,0.10337327717846923
405,368,0.09053544897194092
405,389,0.12123944436436938
405,414,0.10721003554844603
405,442,0.10870041876754277
405,490,0.11785011790587017
405,509,0.11888458849925328
427,2,0.08490307106006797
427,3,0.09204476839323204
427,4,0.07974755939247137
427,30,0.08498120103531276
427,32,0.09072305551752217
427,33,0.07086735057399848
427,38,0.09316176935251491
427,41,0.09788794954562607
427,47,0.07885013939653658
427,49,0.07934571589602368
427,68,0.08465212792674373
427,73,0.09843610136350203
427,90,0.09218493958620783
427,93,0.09470795715208033
427,97,0.09131911694594408
427,101,0.07646557264027191
427,124,0.09955519499181535
427,128,0.07525080119264464
427,134,0.09432569269679966
427,140,0.08851244212979283
427,155,0.08759056140165686
427,163,0.09021328264563465
427,166,0.09150597903429901
427,171,0.0915893036911243
427,174,0.10213555960418619
427,179,0.09344004667076025
427,184,0.09140772801928214
427,206,0.07764731387614143
427,208,0.07237306335398247
427,216,0.08104863478690015
427,220,0.08218253339128019
427,230,0.0796183532614226
427,232,0.07943095789704172
427,233,0.08779771092030235
427,235,0.0770616245097843
427,238,0.08731865139826585
427,249,0.09810586488306762
427,250,0.08811884617622094
427,254,0.08095618633797112
427,257,0.07152947885015226
427,263,0.08438355405265943
427,268,0.07455275190315629
427,269,0.08461888807630297
427,274,0.0813394703641611
427,293,0.0693880625079753
427,302,0.09189323891795154
427,311,0.07123788509429631
427,329,0.08989558046234578
427,341,0.08520737661804598
427,347,0.0873967294153834
427,351,0.07592466273998238
427,352,0.08256422749015727
427,355,0.07007921759770114
427,356,0.06352047055675762
427,358,0.06097747074197465
427,370,0.09910200915850269
427,376,0.07418592683715741
427,379,0.09412270571890843
427,386,0.0854083625370002
427,391,0.0792407857776913
427,397,0.09870089374416467
427,413,0.09187243525614193
427,417,0.0787458315032736
427,418,0.09056166253166183
427,421,0.07333448540730166
427,423,0.07345098622396645
427,424,0.09053043945783512
427,432,0.07546571578395578
427,435,0.07051076604409087
427,444,0.09904834496192402
427,458,0.07494324385355673
427,459,0.07496157815313156
427,460,0.09205719307703486
427,465,0.08155469609962718
427,466,0.08035716918956239
427,494,0.09638135170801784
427,506,0.06118601768149637
427,516,0.08845062580084326
427,518,0.07805701747926419
427,521,0.08316306609827762
427,524,0.08927410066081844
22,8,0.11646869198299567
22,92,0.11495752866806992
22,99,0.11935144720556919
22,102,0.11846151160617645
22,110,0.11288750322768477
22,112,0.11300759971332053
22,158,0.1407250611706391
22,168,0.11413596091075769
22,241,0.10869273071084332
22,245,0.11457782999455071
22,277,0.11497431450177359
22,288,0.1268132817224245
22,366,0.1290206146799401
22,420,0.12663468005782255
22,425,0.11769820191046186
22,428,0.12428951182635133
22,461,0.11555852142039474
22,473,0.1262524980010233
22,478,0.11708927844588872
22,479,0.12246022409276618
22,484,0.1233612066294085
111,21,0.13635349511345377
111,42,0.12781594711153452
111,48,0.1356441660644963
111,78,0.13821083844420712
111,96,0.1466816117608867
111,102,0.12431604644816756
111,104,0.13536262760496293
111,110,0.14191145816039877
111,112,0.14577171590642082
111,133,0.13686197043016546
111,141,0.1425705154813704
111,148,0.09644447583368726
111,159,0.11628797885299742
111,182,0.12892063492622263
111,221,0.13783507887941765
111,234,0.12722879894736608
111,265,0.14009369057388926
111,270,0.09635739642941854
111,276,0.09558627611600656
111,277,0.1355505628351143
111,292,0.13145664874224855
111,316,0.13027801488100185
111,325,0.08766435174083012
111,371,0.1356100132140284
111,385,0.13257444919254596
111,389,0.133099554590346
111,394,0.1362098034060428
111,425,0.17155085742970813
111,428,0.14135917727699765
111,437,0.15233291531354795
111,456,0.1422517268960321
111,478,0.13148733124693143
111,483,0.13514012543668596
111,484,0.12299685539276219
111,490,0.1491630905280742
111,501,0.13405448509321
111,511,0.15606964809490367
138,3,0.0881040174768793
138,5,0.06587375857170097
138,33,0.0689117277673101
138,38,0.0874066149490734
138,39,0.0725636718049128
138,41,0.0976057183801482
138,72,0.0781674068763425
138,81,0.0824836138501585
138,124,0.08044338465010513
138,129,0.07091688640857004
138,140,0.08277669339114796
138,145,0.0725102694711071
138,146,0.08588104951506027
138,155,0.08375858115176528
138,175,0.08689386163549655
138,235,0.07455713684501115
138,252,0.06894705116481312
138,267,0.0668572688205006
138,283,0.08785221861116516
138,302,0.08237902368220204
138,308,0.0832732889223323
138,339,0.08985675768587949
138,353,0.09270988007552905
138,375,0.09058684401283837
138,381,0.06694529198294963
138,397,0.08184227652820487
138,408,0.06943656682320237
138,416,0.07429197715786817
138,460,0.08661212187508559
138,466,0.08626933969830088
138,508,0.06727483190594301
138,516,0.08038563030355073
138,524,0.08460156720987605
270,10,0.10487508784431528
270,48,0.09571041968798735
270,83,0.09330321595986124
270,87,0.09510543390556449
270,102,0.09309034504152366
270,111,0.09635739642941854
270,137,0.09322760483300903
270,173,0.09761293474353643
270,182,0.0995951069922236
270,277,0.0956327604610395
270,278,0.09545497403286131
270,334,0.0777729028703483
270,344,0.09182148442114049
270,392,0.09916070136102212
270,428,0.09321620058055045
270,437,0.09532744674311507
270,473,0.10063621653674004
270,476,0.09874333158881145
270,478,0.09785877249106537
270,479,0.09568576763648404
270,492,0.10492071481710753
270,505,0.09411600505882588
460,4,0.07690441698390285
460,24,0.08063077924209612
460,33,0.06683423289259188
460,57,0.08964847506277428
460,62,0.0754943082657873
460,66,0.08887498043057135
460,71,0.06513275643496942
460,73,0.08815368434879545
460,93,0.08598592848252813
460,100,0.0709514626493494
460,105,0.07876591203792944
460,116,0.09861135310534633
460,122,0.0926633276626747
460,138,0.08661212187508559
460,147,0.08781164741110715
460,153,0.0857502023933261
460,155,0.09591282174604922
460,166,0.09395837512407347
460,174,0.09823431048997713
460,180,0.07088467760108264
460,202,0.06713075865537697
460,206,0.07661782993780415
460,220,0.07594124663629345
460,223,0.08515677925412325
460,230,0.08029778720189262
460,235,0.07483087055215853
460,238,0.0871505556810616
460,253,0.08385290215654004
460,269,0.09194859760801678
460,271,0.07151934980949635
460,283,0.08857987076332409
460,284,0.07468581252520838
460,299,0.08640901860719727
460,305,0.095015306651013
460,323,0.0761088572189716
460,327,0.0873855420762249
460,332,0.0868854508312353
460,347,0.08733057682647645
460,353,0.0780220352624574
460,370,0.1008844365628353
460,379,0.08633438008440146
460,381,0.06920843449428227
460,395,0.08453650158042195
460,397,0.10040988013415043
460,421,0.07354548286595333
460,427,0.09205719307703486
460,459,0.07644333527526297
460,464,0.09791533612983283
460,468,0.07655832860343013
460,475,0.07948280615361095
460,486,0.09266588974063135
460,494,0.1012043374959149
460,514,0.08932539388655202
460,517,0.10916639537528368
460,521,0.08553490300147179
460,524,0.08790507389217449
240,17,0.10979821756784015
240,23,0.10477365656221023
240,34,0.14382031972444734
240,56,0.1169537781588097
240,59,0.1384713848090196
240,61,0.13527150113420594
240,87,0.14694544228156453
240,99,0.13282824098193272
240,102,0.12326974658594159
240,123,0.1346244663638763
240,133,0.15586793528901088
240,161,0.13653634340160284
240,162,0.13022053175289688
240,165,0.1352774910528157
240,169,0.08598931598186493
240,247,0.11104514677313915
240,255,0.09551263173303685
240,277,0.14381197558849798
240,315,0.13702462567660678
240,319,0.1484642868469326
240,330,0.11383429833057469
240,336,0.13663839341023792
240,337,0.12629263507348149
240,380,0.1329848874854613
240,385,0.12971195074394035
240,388,0.12071405897385495
240,394,0.13915934982856476
240,398,0.14359087877483484
240,404,0.09632424678167939
240,409,0.08455137938621196
240,425,0.17324996401442125
240,428,0.15404298867863284
240,430,0.1361948535147769
240,437,0.14552569825136774
240,439,0.1264961760378799
240,450,0.1269696465270224
240,456,0.14225865352957867
240,461,0.13712869543769932
240,479,0.14647086500951279
240,489,0.15400569056198787
240,501,0.13406336717842304
240,505,0.13251618995921596
240,511,0.14894414629971112
240,531,0.11392252042061124
303,70,0.1163988531667542
303,79,0.0893087529579387
303,106,0.1065451328619996
303,132,0.08376093095830918
303,139,0.08939766315916195
303,144,0.0797124652186098
303,152,0.11707066704665929
303,165,0.08470586779630873
303,173,0.08359637813136268
303,199,0.09733293228264162
303,205,0.0878094948428641
303,229,0.08522798792353552
303,300,0.0845439859719871
303,315,0.08547767352710443
303,368,0.08435709552202751
303,401,0.09130511791993452
303,403,0.10217493487347354
303,410,0.08731417366882072
303,442,0.08917029764220498
303,504,0.08518981235043217
303,505,0.08465236529369949
497,14,0.14744184616644182
497,67,0.08784004380429687
497,79,0.1293024282549857
497,94,0.13360037489237267
497,113,0.09733901787331117
497,142,0.13875408315135845
497,151,0.1115759558114374
497,167,0.09178761171631494
497,181,0.11666596565780242
497,190,0.1154715420614671
497,192,0.15336634497262727
497,198,0.17129800669990547
497,214,0.09870185588672183
497,215,0.13695120650688392
497,218,0.13790582462782203
497,225,0.16822826135531938
497,228,0.1169632902249039
497,273,0.09731023715271245
497,281,0.08291693596306121
497,300,0.11821872265262225
497,310,0.11076137254317887
497,340,0.11982215027649752
497,346,0.11214129844084904
497,362,0.07977097955451197
497,364,0.07522567993772714
497,387,0.13364608696105792
497,410,0.13405820867978652
497,431,0.10988016735359038
497,434,0.12803924689700313
497,438,0.13581342773311827
497,452,0.07041144757971775
497,453,0.14259047122049942
497,463,0.11828779535218663
497,472,0.13960196339857656
497,488,0.10934524484456665
497,491,0.1915548307066704
30,26,0.08383735120349455
30,38,0.08850801621919577
30,41,0.08375397715808097
30,63,0.056815757236764734
30,68,0.08312244093155068
30,74,0.08406912974673793
30,129,0.06928843036728209
30,137,0.08408504206592604
30,206,0.09193807635794128
30,210,0.07277406008346066
30,220,0.07525763629065975
30,227,0.08121536175671401
30,238,0.08499802794249055
30,248,0.08466140840839209
30,250,0.0865453957130348
30,275,0.07106957069728388
30,305,0.08419272732373433
30,333,0.056667729407511205
30,339,0.08880346676594979
30,352,0.08303080783297934
30,370,0.09156620643439933
30,391,0.07814851793622526
30,415,0.08710765417515313
30,424,0.08666001644320791
30,426,0.08335250497811604
30,427,0.08498120103531276
30,445,0.06437967938435744
30,459,0.07720666529401893
30,474,0.08734827447859228
30,482,0.07394626080798766
30,495,0.07660071224231632
30,499,0.08762520872467378
30,504,0.08533842800945661
30,508,0.06393768933623892
30,520,0.07711859894875572
30,523,0.08865063595790021
30,524,0.10227025731012454
30,528,0.07148502424531268
291,10,0.10186744963189241
291,25,0.08653322530888277
291,26,0.10079855013658626
291,54,0.07321954549281158
291,76,0.10409661511868412
291,86,0.09471321409458971
291,96,0.10499321757324707
291,97,0.09080235170305288
291,108,0.09591890680533606
291,126,0.09715519264337726
291,137,0.1054979155063375
291,161,0.10542416085747569
291,165,0.10076289348717066
291,172,0.09239678860442566
291,249,0.09663691026114556
291,263,0.09080631141547327
291,268,0.0772422320746905
291,269,0.08428018917811707
291,280,0.09961249534822127
291,297,0.09959561625159613
291,334,0.08049052515855834
291,344,0.0913039694394792
291,345,0.0962177928118579
291,404,0.09517889804922955
291,413,0.10381992265866202
291,415,0.1076884864280421
291,439,0.10270976777346344
291,454,0.1025389967914082
291,470,0.098112157677184
291,471,0.09289202185404667
291,504,0.10020608129842437
291,505,0.10838777217719488
291,515,0.0796219308106648
330,34,0.12485454124284344
330,40,0.08006669312767724
330,59,0.11625690752314956
330,87,0.12755345628069423
330,99,0.11170402483209342
330,133,0.12628747299293572
330,149,0.11758067515595393
330,160,0.11731100817464366
330,162,0.11081307784915521
330,169,0.08477897054082795
330,197,0.11591912957170199
330,211,0.11916707493719149
330,240,0.11383429833057469
330,244,0.1122053803428468
330,255,0.09203453800051693
330,301,0.10927188192566539
330,316,0.12270722102903839
330,319,0.11455646997305434
330,382,0.11684243007666856
330,398,0.11230288020099774
330,461,0.11557008610946233
330,473,0.113681599997207
330,489,0.1234665386879751
59,19,0.1393290428695418
59,21,0.15364439504646846
59,34,0.14357991907470355
59,44,0.12335282976306262
59,56,0.11914615846352214
59,61,0.1480759292143317
59,69,0.11874905835284164
59,83,0.11116924633789074
59,87,0.1700976110255601
59,112,0.14345669339697703
59,127,0.09968234105922238
59,133,0.16581916597963028
59,158,0.13112963738125105
59,160,0.13398602379975244
59,165,0.13037351704270914
59,169,0.08805491837248285
59,212,0.12194965825337624
59,240,0.1384713848090196
59,241,0.1091996041274501
59,244,0.15073938320397948
59,245,0.1337356039977489
59,255,0.09334136108093703
59,277,0.14524351148420045
59,278,0.13520132241777488
59,301,0.1500037218702039
59,304,0.14591144666288386
59,316,0.1251432794280447
59,319,0.1293057748014478
59,330,0.11625690752314956
59,336,0.1526291235822532
59,366,0.1315116054632149
59,372,0.13348418685666963
59,384,0.1262167443397553
59,388,0.11958759703398608
59,392,0.14002696341654378
59,407,0.11727646745807033
59,420,0.14331484557412316
59,430,0.12883550375586592
59,470,0.1040329872874337
59,492,0.13600430354908055
59,511,0.15694105666066013
59,519,0.08557369592005588
59,526,0.14032246777310972
231,6,0.10101411653288338
231,7,0.10357527578954445
231,79,0.10348649175258466
231,98,0.08390520906466456
231,117,0.06111041607733953
231,132,0.10388382270235538
231,139,0.09953906058892234
231,151,0.1013150284444672
231,183,0.10699250789720953
231,205,0.09914358273528409
231,213,0.10055705788616374
231,259,0.09918557069309511
231,286,0.07170527032309307
231,295,0.09558868942573903
231,300,0.11027532578607749
231,318,0.08986148531315118
231,320,0.08702974870936656
231,321,0.09964861658085511
231,338,0.08227680713355169
231,342,0.0636518955149566
231,349,0.07327721658924147
231,354,0.10041696903209109
231,374,0.12292822811901127
231,413,0.11714621017205136
231,442,0.10383222223413266
231,449,0.11543890648644067
231,496,0.07917246918773439
231,498,0.09354418139189465
231,504,0.1008121995067739
231,507,0.10483673145948151
231,510,0.10076213866732281
231,522,0.09056388502704597
253,4,0.07920826197787711
253,66,0.08231700614136515
253,71,0.06506471729469786
253,73,0.07602729513671445
253,93,0.07958957756195317
253,134,0.07731062654413198
253,147,0.07676752492595747
253,155,0.07845342614259977
253,174,0.08076701626777312
253,202,0.07630435750810861
253,217,0.08650011624686206
253,239,0.06460570448109916
253,322,0.061058695860044025
253,332,0.07711725803845143
253,357,0.08605244631804297
253,370,0.08135096263116619
253,378,0.08434438735315497
253,379,0.07621297743715168
253,386,0.07841371383296172
253,415,0.07718441496049802
253,460,0.08385290215654004
253,462,0.07240702800204679
253,464,0.08371874246918468
253,517,0.08653215164619649
280,11,0.12228194916816086
280,21,0.15468041059218302
280,48,0.12726579101456945
280,51,0.09510589389017961
280,53,0.11967655087970448
280,75,0.15848731060854404
280,76,0.10030601166326723
280,91,0.1278549758176299
280,96,0.1537365479464043
280,102,0.1340627946834004
280,104,0.1300485619197272
280,108,0.15708201600171084
280,110,0.16449875121026328
280,112,0.1653057191757301
280,119,0.11085895029920188
280,120,0.1328818719372788
280,159,0.11816076760765723
280,161,0.1398296164938487
280,165,0.14657102147805534
280,201,0.1412126142025154
280,205,0.135630757261956
280,212,0.1583314641729669
280,213,0.11420224495315824
280,221,0.1342985490539746
280,229,0.1484382080477914
280,247,0.10975593425529756
280,265,0.1416106262422138
280,272,0.12021577273252786
280,291,0.09961249534822127
280,292,0.13789542537073127
280,298,0.11511794474466276
280,304,0.16654264174786626
280,307,0.08700444114957949
280,312,0.13628027784519745
280,315,0.1427242065784717
280,336,0.14141126888327304
280,337,0.12802573779086002
280,344,0.08930105923276696
280,371,0.14870781684740322
280,380,0.11930481649457858
280,384,0.12601298988263773
280,394,0.1417053030606757
280,405,0.1070312563398752
280,414,0.13670537083343348
280,425,0.1492321846660632
280,439,0.12034077444272051
280,442,0.13411223043054457
280,443,0.11677809674730644
280,454,0.10459255071238699
280,479,0.14257947640999274
280,490,0.17118293003650248
280,501,0.1403043426965053
280,504,0.13087470987708708
280,505,0.14690750545389145
324,20,0.0577330358179706
324,43,0.055987956185062276
324,58,0.0577085828622459
324,73,0.05635853184787524
324,114,0.05678859705961234
324,116,0.05604273022902173
324,154,0.061030916007250115
324,163,0.05813338054198403
324,166,0.055728530504147035
324,177,0.055584449838236155
324,184,0.05586282641428053
324,220,0.0606574192274737
324,223,0.055443851225709155
324,274,0.05562004173956873
324,356,0.055671783076836824
324,379,0.055438167560508914
324,416,0.068702550660358
324,445,0.061891865102294025
324,455,0.059213272738095485
324,458,0.05619749907176355
158,8,0.12823102268073228
158,17,0.11459356727330278
158,22,0.1407250611706391
158,42,0.1254028762732762
158,55,0.10324701946719261
158,59,0.13112963738125105
158,78,0.12125947910925308
158,87,0.13745542406323882
158,92,0.1384380952330263
158,95,0.13309792576266793
158,99,0.14030120979637903
158,121,0.10868002899638951
158,141,0.1274665786060296
158,168,0.11223578582898452
158,197,0.13362715650187926
158,245,0.15756890702822152
158,261,0.10727403233532518
158,277,0.14619854030967294
158,288,0.14780582138547815
158,366,0.1380733046490625
158,371,0.13557083173517878
158,382,0.11966842719341843
158,384,0.1235648287929349
158,388,0.126313007718838
158,390,0.11033964926643004
158,420,0.13441449233271763
158,425,0.14758300565337412
158,428,0.16096224223824004
158,461,0.1481191156632104
158,473,0.14065619360024914
158,484,0.13186485305790027
158,509,0.1138008686510771
158,511,0.1328469628573171
158,526,0.13216232713889642
158,529,0.11772693109415065
191,2,0.07760689766567166
191,9,0.06476073519092299
191,12,0.07831451895153732
191,29,0.07427054409275974
191,89,0.0736730526603052
191,115,0.0712033353291335
191,128,0.07366481590005115
191,188,0.06655585532855227
191,220,0.06871317089931982
191,223,0.06906684716126184
191,264,0.06862265023244744
191,266,0.07796755223613347
191,341,0.06930629722240382
191,347,0.06812143292521093
191,351,0.07555938141646287
191,433,0.07189136960275182
191,444,0.06954537090046205
191,466,0.06829880152431748
191,469,0.0721198504881702
191,493,0.06840589690005897
191,521,0.07699312836608076
191,525,0.07032099998803096
213,6,0.12119471395333582
213,7,0.10569061115867337
213,26,0.1185719000571776
213,45,0.1168433117161781
213,65,0.07512385458243177
213,67,0.08563954258535865
213,79,0.1492586682909286
213,80,0.09761633273839389
213,117,0.06002540562695415
213,132,0.11165362153244575
213,150,0.10675616452893189
213,151,0.13686727997037007
213,161,0.11396608588123681
213,178,0.06571662135223036
213,183,0.10936474010326934
213,193,0.07810559050403637
213,198,0.11804215446878433
213,205,0.13300890497194998
213,228,0.10161246924994984
213,231,0.10055705788616374
213,254,0.08736298349108627
213,259,0.11780460527609807
213,280,0.11420224495315824
213,281,0.08094481872323349
213,300,0.12405950003044577
213,306,0.08354498461955742
213,307,0.10438951661395476
213,310,0.11994703417794557
213,320,0.08583943191640082
213,321,0.1142659213197973
213,346,0.09450058075162075
213,374,0.10838566482254466
213,387,0.12443282757215206
213,402,0.09538053155333265
213,410,0.1281210989674423
213,413,0.13360774125411257
213,414,0.12596657841972628
213,442,0.13509533462030632
213,449,0.11401809367913365
213,496,0.07892072071863451
213,504,0.16824641386148345
213,507,0.08654863776082665
213,520,0.07860818976973381
411,15,0.0754946337928499
411,38,0.079021723274074
411,41,0.07990177239767624
411,57,0.07633806086623664
411,66,0.07854983750848075
411,93,0.08333163971162302
411,97,0.07569578135532534
411,134,0.0904246974786201
411,155,0.08009627978577516
411,171,0.07623223575147582
411,174,0.0815921924248095
411,179,0.07627699713801987
411,217,0.0808348945396426
411,222,0.07797399246511207
411,308,0.07687333013650627
411,332,0.07753580952795526
411,370,0.07773100502538802
411,426,0.08119018513534186
411,440,0.0779297849790611
411,494,0.08352033915924786
411,512,0.0742436060938544
116,18,0.0711544864058199
116,41,0.08249873479106669
116,58,0.0740279127212361
116,84,0.07781235671297403
116,100,0.06945602354145011
116,101,0.07688858042050535
116,109,0.07206636786071541
116,114,0.06898522783020222
116,147,0.08334361171863204
116,155,0.09002927072531647
116,157,0.08584918366109583
116,171,0.08637387548838614
116,174,0.08515895538699884
116,194,0.0843910247111937
116,223,0.0946232176128687
116,239,0.06889353864424408
116,258,0.07315879635262408
116,267,0.060880881881050335
116,282,0.06966866010788911
116,286,0.07571218416416207
116,305,0.08750528735213733
116,324,0.05604273022902173
116,332,0.08276435323532959
116,347,0.0852029766269573
116,353,0.07781644777657594
116,363,0.07597034367701598
116,379,0.08402696169694934
116,395,0.08198647285856234
116,397,0.09151193780144459
116,406,0.08665033999460146
116,412,0.07191312029175453
116,433,0.07967336538092762
116,455,0.07495152837955008
116,459,0.07837263661608773
116,460,0.09861135310534633
116,464,0.08616530254539385
116,467,0.08541894567888979
116,486,0.08878519971848654
116,514,0.0989023726217709
434,14,0.16383681956417404
434,79,0.1122627817267017
434,88,0.09600121267917153
434,94,0.1498394051833737
434,167,0.11619868676024439
434,181,0.14306693906424137
434,198,0.13363659671299027
434,214,0.12339292188942169
434,215,0.14174273455610087
434,218,0.1058657856866608
434,225,0.11732374896519503
434,228,0.12268887279515059
434,242,0.11613169542788865
434,273,0.12426169550647313
434,313,0.08659220484741965
434,340,0.09778513878779568
434,346,0.09632358225380273
434,350,0.12245008758486167
434,387,0.11502086432625606
434,453,0.11836582602555
434,463,0.12122015981249887
434,472,0.12483705771435055
434,488,0.11173724577112062
434,491,0.13126853695255628
434,497,0.12803924689700313
481,2,0.11026310997629381
481,27,0.0749308801526207
481,31,0.07191377648163999
481,41,0.08907740401245304
481,57,0.08137165846827385
481,66,0.09925084939134554
481,73,0.08924045023593268
481,85,0.07481886819810805
481,89,0.09839369022967205
481,115,0.0731859569318399
481,122,0.08562404968615996
481,128,0.07653004298298438
481,157,0.08080675959479171
481,176,0.08147475829495462
481,184,0.08815522293665207
481,188,0.06703749400708518
481,232,0.07730017556306648
481,260,0.08580345812638702
481,264,0.07237593145036125
481,266,0.07367688721809347
481,267,0.06271228824887988
481,269,0.08565306940615178
481,285,0.07979107420876373
481,299,0.08977522503289112
481,305,0.10053375172976464
481,332,0.08536164509354552
481,347,0.08470037354361523
481,353,0.07870308024192439
481,357,0.08024781686419685
481,369,0.09400389536848273
481,370,0.08799374554302805
481,377,0.0887590503360374
481,378,0.09521409682046938
481,393,0.06647891169834481
481,406,0.08214339582559733
481,421,0.07627672393771517
481,435,0.07374680406518982
481,441,0.08733144143125966
481,444,0.09334831580259263
481,451,0.06931225547307805
481,458,0.07734414456415603
481,500,0.0768556730264281
481,521,0.08799336927788273
481,525,0.07739322137020851
481,527,0.08590506800509576
494,27,0.0663237781861422
494,41,0.08856003836118043
494,49,0.08016496384116584
494,57,0.10311209492720062
494,89,0.08639512415233638
494,93,0.09865629388703291
494,107,0.08210702110726674
494,134,0.09072737371254283
494,166,0.08936826065792897
494,171,0.1008630137799527
494,174,0.10058161975163156
494,176,0.0878888147370708
494,193,0.08424059113404733
494,217,0.08302644330674686
494,222,0.10320672168601996
494,260,0.09498954836507556
494,269,0.08615989789230465
494,290,0.0788012385051165
494,305,0.10658905738967439
494,309,0.07595214078865149
494,327,0.08953520725096634
494,332,0.09034302100853343
494,338,0.08200004036314544
494,367,0.07403956283030586
494,370,0.11696668396735772
494,377,0.08000778205541714
494,395,0.08198722387347955
494,397,0.09392401312406976
494,400,0.08044840128626266
494,402,0.09244094376144248
494,411,0.08352033915924786
494,413,0.09103064178702112
494,424,0.08497869831123255
494,427,0.09638135170801784
494,440,0.08567337864047567
494,459,0.0754410227881224
494,460,0.1012043374959149
494,464,0.08924829749346169
494,465,0.08687338076813166
494,512,0.07929617446498892
494,517,0.08051403823380968
494,520,0.08725973069892015
173,6,0.12454895441434664
173,10,0.120385532853171
173,26,0.12325988659833641
173,45,0.12417058241270401
173,53,0.11179413632332588
173,64,0.09742619113216096
173,65,0.08288349688459963
173,70,0.08419208254212902
173,80,0.08776839133311834
173,82,0.07772909832751083
173,98,0.09096738534882588
173,127,0.11227144093029931
173,132,0.12289903613979523
173,139,0.16621595582403387
173,144,0.07625399879042727
173,152,0.08161454208818104
173,161,0.12335433460352233
173,178,0.06296257451163524
173,182,0.12535681442183
173,199,0.06989429424979007
173,205,0.1402473051936246
173,259,0.11158569573727412
173,270,0.09761293474353643
173,277,0.1472373462239196
173,278,0.14087119028279227
173,298,0.12206221030378832
173,303,0.08359637813136268
173,315,0.12587285802086728
173,321,0.12001081250894013
173,326,0.11817703974243182
173,348,0.11497113185303902
173,354,0.13843671125824922
173,392,0.12576326591366802
173,399,0.08898808700659953
173,407,0.11959166866908244
173,414,0.13969210923328546
173,428,0.13013003176935284
173,442,0.12149857897986714
173,449,0.1150135109267076
173,473,0.13584368308167488
173,490,0.13359254486926042
173,498,0.10131725333465659
173,510,0.10098982806063424
173,511,0.12581917883361254
274,4,0.07169565691992127
274,20,0.0728562400681046
274,43,0.092219957469513
274,47,0.07974666465493724
274,58,0.0683656865998756
274,90,0.09522180837923772
274,125,0.08374062000157488
274,136,0.057646884218704474
274,154,0.08054853572981018
274,163,0.08819952235980513
274,179,0.0865744675679929
274,195,0.08163274137350077
274,204,0.08519105804274309
274,206,0.0762611939609085
274,210,0.07381050755152138
274,248,0.07628682795118753
274,249,0.08557539445101306
274,250,0.08552826325976541
274,284,0.0807135600796087
274,296,0.07920922923468282
274,324,0.05562004173956873
274,339,0.08141121654752444
274,365,0.057146010193260766
274,379,0.08724887125216026
274,391,0.08335860297724701
274,395,0.08067428126383819
274,419,0.07011934858750385
274,427,0.0813394703641611
274,432,0.07571248425118486
274,436,0.0819724120047004
274,448,0.07107267827929682
274,462,0.06764022922225572
274,464,0.08099875721781391
274,486,0.0822477124467116
274,495,0.08295065734851605
274,503,0.09009614147152886
455,46,0.07719078945341165
455,58,0.07116369557865071
455,63,0.056842709779826896
455,73,0.07527896066288088
455,77,0.07414659640995341
455,116,0.07495152837955008
455,124,0.07649346776368283
455,136,0.059235059267598686
455,155,0.0804067836284483
455,179,0.07828851478798493
455,189,0.0770568036091258
455,194,0.08002614392681094
455,204,0.07645513199464463
455,206,0.08249491366240112
455,216,0.07423516081116742
455,226,0.053390114708826854
455,246,0.07597588302244215
455,250,0.08273814350816407
455,308,0.07573254460767057
455,324,0.059213272738095485
455,379,0.07623349079892214
455,419,0.06685817716245848
455,436,0.08863883305846862
455,474,0.07497253639788591
455,486,0.07624717122541597
455,528,0.07808682493402051
455,530,0.055303603456300504
455,532,0.06379385470294488
98,6,0.09423578554615178
98,45,0.08473691113041765
98,132,0.11318431941385534
98,139,0.08598880879801694
98,151,0.08140316593685541
98,173,0.09096738534882588
98,183,0.080753043719421
98,231,0.08390520906466456
98,259,0.10474573418758434
98,321,0.10104178980487075
98,348,0.08267511393248253
98,354,0.08261113916631582
98,374,0.08121422017083582
98,410,0.08465705024653328
98,442,0.08332206547873128
98,449,0.08936304844535511
98,487,0.0920472308259867
98,498,0.0928473200274385
98,507,0.08461908052140339
98,510,0.10223610239784885
127,7,0.10308141531802711
127,16,0.11449822115334302
127,45,0.09988277002990172
127,59,0.09968234105922238
127,65,0.07974036627674982
127,70,0.07878728924354528
127,79,0.10260216545989562
127,126,0.12080450192136741
127,139,0.10873475249282175
127,144,0.07785373125512124
127,152,0.08092659746275907
127,164,0.08456896446751869
127,173,0.11227144093029931
127,182,0.1149678073384609
127,199,0.07094435061178918
127,201,0.10361541410975378
127,205,0.10855720889042786
127,277,0.10464544850564231
127,300,0.10325048497859642
127,354,0.1095504437443136
127,361,0.0778371620972514
127,388,0.10393184942459331
127,398,0.10304947019288646
127,414,0.10081059742378845
127,428,0.10081668631078906
127,492,0.10066415610822328
127,505,0.11511961109963875
207,24,0.0803892005210983
207,26,0.08109143373294973
207,36,0.07128979653047476
207,52,0.07447460341207321
207,58,0.07675129798742271
207,60,0.0728347680182746
207,62,0.08301536435333234
207,81,0.08129296036752236
207,93,0.08106407785265772
207,114,0.07108810098377898
207,125,0.0814779520522318
207,137,0.08106087757105605
207,156,0.06320862473364919
207,180,0.07422890414045383
207,194,0.08572555286924864
207,216,0.08251502800576371
207,227,0.08607615324718397
207,230,0.08487227614992099
207,250,0.08482057197683338
207,306,0.09648786197876227
207,331,0.08113640629760939
207,359,0.08465586453668085
207,360,0.06219527930627768
207,370,0.08239047382437838
207,379,0.08223213931471737
207,395,0.09323438437917628
207,467,0.08007918398115749
207,475,0.0869621940582434
207,486,0.0858469711185781
207,508,0.07165783218024818
207,530,0.05528413602205478
348,64,0.13651606773626582
348,75,0.10584345760485347
348,79,0.10918407334826678
348,83,0.10676962712295521
348,98,0.08267511393248253
348,112,0.10236012061081083
348,139,0.13624819078826947
348,173,0.11497113185303902
348,178,0.06540910654023087
348,182,0.11099803078061588
348,201,0.10959732004518712
348,203,0.10591851517825313
348,205,0.1023166940931767
348,251,0.1357678567349352
348,259,0.11602762593613876
348,277,0.10248294406405134
348,312,0.10909980285047588
348,313,0.09770571209141946
348,321,0.1058372504472663
348,368,0.0957801765815249
348,405,0.10337327717846923
348,490,0.10920204091081066
348,504,0.10628434220261479
348,509,0.10725000269103543
448,1,0.011263189322324476
448,3,0.07751747772244809
448,25,0.07442819932645409
448,63,0.055922118014123647
448,100,0.06951393130060352
448,125,0.07147307461893457
448,140,0.07140537982922365
448,154,0.07628238784032068
448,163,0.0715399677817969
448,194,0.07032234884238549
448,196,0.07157799251943063
448,204,0.0696404469127738
448,220,0.0711378951882805
448,252,0.06119484938816716
448,274,0.07107267827929682
448,302,0.06924208587161998
448,339,0.07340436949354055
448,341,0.07347035966523513
448,391,0.0759416379825139
448,408,0.0706594855607144
448,422,0.0725889193221284
448,445,0.0643325821574682
448,495,0.07195010860349811
448,503,0.07413517100034635
192,14,0.10512215372458959
192,67,0.09683780878459174
192,79,0.11278485785903226
192,94,0.12125719080580229
192,113,0.11609879736069278
192,142,0.16197532140407864
192,167,0.08508694367287067
192,190,0.12507059061847317
192,198,0.1540063762872554
192,215,0.12551279578891691
192,218,0.1257780250288685
192,225,0.19659949948325856
192,310,0.11671858393642295
192,340,0.11244734601988472
192,346,0.10373212379039314
192,362,0.10234808637642608
192,364,0.08718655303032032
192,387,0.14018249381574785
192,410,0.12513049012740687
192,431,0.14051182308273086
192,438,0.13276695536693034
192,452,0.08486865031439579
192,453,0.13087182288541485
192,463,0.11853809866130231
192,472,0.12579803830974715
192,488,0.11236483640206753
192,491,0.15132047780660357
192,497,0.15336634497262727
304,8,0.1397307776236891
304,51,0.09356584024457064
304,59,0.14591144666288386
304,102,0.12643325358589785
304,106,0.07513394766152053
304,110,0.14625365840997012
304,112,0.14926302723565613
304,120,0.12744651092065015
304,123,0.1220506322318911
304,165,0.13780859894217032
304,169,0.0891374145388139
304,212,0.12232250021163564
304,221,0.1226871276833061
304,229,0.12243269564779874
304,244,0.1486429006489926
304,247,0.11662865028255262
304,277,0.14144103263692176
304,280,0.16654264174786626
304,301,0.11316248214840957
304,312,0.12738178822097823
304,315,0.15259230906112292
304,336,0.1391377627917779
304,371,0.13264397680581885
304,385,0.13274319154715555
304,388,0.12267126118602362
304,390,0.10082924058280665
304,394,0.1554772568058022
304,398,0.1363441163698469
304,401,0.07682630595961581
304,414,0.13450085954694016
304,420,0.15011170742758084
304,428,0.15187071162251795
304,443,0.1093578817655679
304,461,0.15682065079756885
304,479,0.14211672704035921
304,490,0.13464662758571594
304,501,0.1258303065265276
304,505,0.13436370493158425
304,526,0.14392409623253308
504,6,0.12118860738345678
504,7,0.11951190413535306
504,11,0.11285214247385085
504,16,0.11220157035608327
504,23,0.10899341728603879
504,26,0.1481587309706262
504,30,0.08533842800945661
504,35,0.09689571501267058
504,45,0.11211698485610995
504,52,0.07276095002897548
504,53,0.12134367684171946
504,64,0.09257106793002658
504,79,0.22352312307519398
504,80,0.09614212322565628
504,97,0.08344123021056168
504,103,0.09926794288683653
504,132,0.1317893823448187
504,135,0.11660427223569984
504,139,0.1312279237179052
504,142,0.11426185710946289
504,150,0.12684694197385096
504,151,0.14946304387052042
504,153,0.08143683340580928
504,161,0.1529829288439649
504,165,0.13488630987508957
504,166,0.0936272544828766
504,172,0.08569688080082855
504,174,0.10159773717648306
504,177,0.0835671696947408
504,183,0.09392656853664672
504,195,0.10684058928036115
504,198,0.1402252306819037
504,201,0.13931380953529263
504,203,0.09674535618905794
504,205,0.14868508997500166
504,209,0.1052992642062472
504,213,0.16824641386148345
504,228,0.11445519828796649
504,231,0.1008121995067739
504,249,0.09143912829100587
504,251,0.1041391793515916
504,254,0.0862200115227715
504,256,0.07409550542560356
504,259,0.11643174494353108
504,268,0.07768113710847317
504,272,0.12367957615034192
504,280,0.13087470987708708
504,281,0.08694566983093316
504,291,0.10020608129842437
504,295,0.09413179772935938
504,300,0.1398060459434713
504,303,0.08518981235043217
504,306,0.08430545264520954
504,307,0.10327830932201648
504,310,0.11454427578722517
504,315,0.1378608498327278
504,320,0.08749766338608969
504,321,0.1179838782454363
504,326,0.1143224950355772
504,332,0.08713285103616691
504,344,0.08952287603357308
504,346,0.09694302085985958
504,348,0.10628434220261479
504,354,0.12941916324897315
504,374,0.1054842112168313
504,378,0.08540496303776568
504,387,0.13962472373766457
504,399,0.1007606782318804
504,410,0.13810809887164777
504,413,0.1514055540078825
504,414,0.1348486690248085
504,415,0.10100080064933208
504,442,0.17638058215387645
504,443,0.10418797727050758
504,447,0.0862736629381837
504,449,0.1222995049994604
504,453,0.11205578872555744
504,454,0.10207767401673902
504,470,0.10790043780969984
504,471,0.08449622665022771
504,487,0.11003469613361136
504,491,0.12271561047562854
504,493,0.0750344909717952
504,496,0.07186968502170518
504,498,0.09791184072503584
504,524,0.09116202946546466
76,26,0.1010712628014069
76,54,0.07704462305314094
76,91,0.10161100075660667
76,96,0.10202804085699785
76,104,0.10491022235128347
76,161,0.11067838876842448
76,165,0.10586781953850619
76,280,0.10030601166326723
76,291,0.10409661511868412
76,297,0.10485538590173828
76,331,0.08483867382973508
76,337,0.10125265965086075
76,354,0.09904445230708855
76,384,0.0996359826346204
76,398,0.0985914442767404
76,404,0.10445016725917425
76,414,0.10119619675796386
76,415,0.1012640782483133
76,437,0.10521785825593392
76,470,0.09819742974868474
76,492,0.10640313647937508
76,505,0.10869989949702487
125,3,0.09126127563595562
125,13,0.08646484544792944
125,20,0.07510677008819656
125,32,0.08562413841498989
125,36,0.07667215754734337
125,41,0.09018699546012429
125,43,0.08172996860543819
125,46,0.09149518258368496
125,47,0.08007183315043441
125,49,0.07850768435584726
125,68,0.08019040300341843
125,81,0.09770755058227869
125,84,0.07984701705892167
125,85,0.07502153730396413
125,100,0.07431507609695347
125,103,0.09099958581608994
125,109,0.07546109686420874
125,114,0.07233598679527042
125,124,0.09464505995046722
125,140,0.08678706557325827
125,145,0.07636146355057641
125,146,0.08362302495745413
125,154,0.08284757040405535
125,155,0.09557344309311679
125,156,0.06379255716501975
125,163,0.09615724376987968
125,171,0.08948052362791821
125,175,0.07326192099016135
125,179,0.10182315227319642
125,180,0.07692617103254498
125,186,0.08052609744257314
125,204,0.07741636669301288
125,207,0.0814779520522318
125,216,0.08694861395338349
125,237,0.06533210579816072
125,238,0.08759149168640416
125,250,0.09106142119510124
125,274,0.08374062000157488
125,279,0.07846549027653221
125,284,0.08706504217407794
125,306,0.08518095300438631
125,308,0.07995126823733326
125,323,0.08101805406709302
125,329,0.07734099723627548
125,331,0.0891431594481024
125,333,0.058320552468584114
125,335,0.08282568598682316
125,339,0.08928334314907115
125,341,0.10191075044013262
125,343,0.07967193896606624
125,347,0.08979311750861729
125,363,0.0839473771447921
125,365,0.05927963064998818
125,375,0.07721770572489735
125,376,0.06991700069573419
125,386,0.07872691827729653
125,391,0.07813774885333441
125,393,0.06773975995332836
125,397,0.09577915237260408
125,400,0.07843991736213582
125,412,0.07291390726903699
125,417,0.07712148400372379
125,418,0.07882949614642691
125,419,0.06581385573077413
125,422,0.08313086788561333
125,423,0.08646672916913604
125,424,0.08488106042208009
125,426,0.09032086229493044
125,433,0.09029373583517661
125,440,0.08738171938074903
125,448,0.07147307461893457
125,466,0.08853067929480087
125,485,0.07553143533323288
125,486,0.09185712044755287
125,503,0.10083554568342047
125,513,0.08606830730330164
125,516,0.08510802031292423
125,524,0.08517253143408562
220,4,0.07097849435240872
220,25,0.07663109659760574
220,30,0.07525763629065975
220,122,0.09943383364926885
220,140,0.07739989721657686
220,146,0.08469982334868581
220,154,0.0769532018455767
220,163,0.08460667160546376
220,166,0.07979944526778007
220,191,0.06871317089931982
220,233,0.08131139774818809
220,249,0.07619677582297178
220,263,0.07735589514481052
220,269,0.07769845910600232
220,275,0.06993724449360549
220,309,0.07552381756388021
220,324,0.0606574192274737
220,339,0.07549612389608162
220,352,0.08034333461878322
220,417,0.08538282172012969
220,427,0.08218253339128019
220,444,0.08719708739438713
220,445,0.06684320407403059
220,448,0.0711378951882805
220,460,0.07594124663629345
220,521,0.07622061603340681
429,9,0.056746456261711584
429,26,0.0712852905003316
429,135,0.06994647214861119
429,148,0.07854239871415226
429,165,0.0703036513836448
429,182,0.07161881726317325
429,230,0.07016325884097124
429,232,0.07997190052036825
429,249,0.07034869627173386
429,256,0.07647528391631178
429,293,0.06663022547024804
429,300,0.0694750200802999
429,370,0.07039523773680127
429,413,0.07451753096945161
429,415,0.07244315684597614
429,451,0.07504890546604767
429,469,0.07529256736676153
429,471,0.07162404930257306
429,493,0.06970308219134494
429,500,0.06961526432645643
429,502,0.07085042030776556
429,506,0.06962017567047915
512,15,0.07753795742993973
512,41,0.07830099484887917
512,66,0.0836498814610335
512,101,0.07549441175482635
512,137,0.07402283881353852
512,171,0.08653831495493046
512,222,0.07893941261868243
512,271,0.07792729937300381
512,299,0.07815186680188409
512,314,0.05253212367791127
512,320,0.07364766380156702
512,332,0.07579391841032562
512,338,0.07644842917155398
512,359,0.08878414637971487
512,370,0.07864930708117403
512,402,0.07528892254051514
512,411,0.0742436060938544
512,426,0.07359815879769281
512,459,0.07943431179300717
512,464,0.07335156443327762
512,494,0.07929617446498892
99,22,0.11935144720556919
99,55,0.1005240887053647
99,69,0.1369170445382576
99,87,0.15475536784559682
99,92,0.1100426819955255
99,95,0.10619413872963085
99,123,0.13256525112044423
99,133,0.1563232875887008
99,149,0.1015600176349795
99,152,0.07964149562441275
99,158,0.14030120979637903
99,162,0.14543128729722146
99,197,0.13994389280495081
99,211,0.10393041834822937
99,240,0.13282824098193272
99,244,0.13625091241678444
99,245,0.14203954033303232
99,247,0.10868128007214119
99,288,0.13739322874483303
99,316,0.14347796598213405
99,330,0.11170402483209342
99,382,0.12340369932754128
99,384,0.14079938657993477
99,390,0.10836993857670234
99,394,0.13626910271519294
99,420,0.13511684416243977
99,425,0.13368355297018208
99,428,0.14610009756001072
99,479,0.13054040063371256
99,484,0.13036970649804075
99,489,0.13742359303801197
99,511,0.13539297109132686
215,14,0.12126994619199184
215,67,0.08837828693112183
215,79,0.1177802623271171
215,94,0.1256995420160407
215,113,0.10429884788808985
215,142,0.10985424052789358
215,167,0.09572852853684971
215,178,0.059928866908900986
215,181,0.11977630005194928
215,190,0.11109596877473876
215,192,0.12551279578891691
215,198,0.13628173113801434
215,214,0.09503747178864042
215,218,0.10999924331933839
215,225,0.13675143491616623
215,228,0.11065784314777713
215,251,0.09869127435601353
215,273,0.11398694876762049
215,310,0.09817693603363785
215,313,0.09549841351416234
215,340,0.11452289521504944
215,346,0.10404557139584188
215,362,0.0801335447362695
215,364,0.07497009636347947
215,387,0.117077051308406
215,410,0.11973893049065239
215,431,0.10744493965624859
215,434,0.14174273455610087
215,438,0.1259100664833153
215,452,0.07162309895573807
215,453,0.12949410638773634
215,463,0.13512450069280676
215,472,0.1381428287250657
215,488,0.12421305104849856
215,491,0.13253834800364542
215,497,0.13695120650688392
295,7,0.09445349633655575
295,10,0.09918488649752813
295,23,0.12049371485644107
295,26,0.11200216533134497
295,91,0.09748625100779733
295,132,0.09847844443514332
295,139,0.09531187613336987
295,151,0.09383134438547157
295,161,0.09649337911649519
295,169,0.08550992251000225
295,205,0.10199484388808905
295,231,0.09558868942573903
295,278,0.09413848644381288
295,289,0.08774786568779959
295,298,0.09444626587830171
295,354,0.10313028998655062
295,374,0.10189666628820296
295,386,0.07791860225645722
295,413,0.10305739001890718
295,420,0.09341361738753332
295,449,0.1029583891382542
295,487,0.09552818424599438
295,504,0.09413179772935938
361,16,0.07283488501282266
361,28,0.07577600094866274
361,40,0.07355608656194121
361,42,0.07701084293595287
361,50,0.07253461677332569
361,51,0.0715481021302427
361,87,0.0726185408470515
361,127,0.0778371620972514
361,137,0.07349374793790958
361,148,0.07372796874456802
361,224,0.07311108840649287
361,334,0.07284687073345388
361,345,0.07645476762364928
361,354,0.0766185274709818
361,358,0.05545998391499256
361,398,0.07489686692490387
361,404,0.07236486293553161
361,456,0.071624640626621
361,470,0.07316177900688166
361,492,0.07661776071805318
361,505,0.07407539820326689
12,2,0.10312425236173957
12,27,0.06608031134660222
12,31,0.07236879632704116
12,89,0.0903774738745464
12,150,0.0794640873377037
12,151,0.09268625884380835
12,176,0.08193943983255536
12,186,0.0912800299180581
12,187,0.08251158135539148
12,188,0.06742907221761073
12,191,0.07831451895153732
12,222,0.08282576574492319
12,223,0.08300511519731268
12,232,0.08177001310045255
12,256,0.08490002725736955
12,264,0.07848053111903196
12,266,0.07442650550132499
12,267,0.06174422049933633
12,282,0.0797256572816944
12,299,0.08304572022151836
12,305,0.09251793261216161
12,327,0.08333554515203023
12,342,0.06693560798419687
12,351,0.07722604568856485
12,374,0.08632105641862275
12,378,0.07989676023849233
12,393,0.07425101323648389
12,413,0.07974945726589934
12,440,0.08104785500873603
12,469,0.06640060332623442
12,493,0.07380780513366719
12,502,0.07230024558336125
12,520,0.07642415524219973
12,522,0.0766472738271716
12,527,0.09347710841324776
232,2,0.08637646705941639
232,12,0.08177001310045255
232,27,0.07766698890313375
232,29,0.07624105054749086
232,89,0.08087472044036306
232,97,0.07487516104335683
232,186,0.07628550144454502
232,188,0.09434119765570997
232,256,0.08132450664447011
232,257,0.0697484017199735
232,264,0.08693868689731098
232,266,0.07356329700454368
232,351,0.07540947933714384
232,378,0.07779449294451583
232,393,0.07312397301215354
232,421,0.07424356362413655
232,427,0.07943095789704172
232,429,0.07997190052036825
232,444,0.07475233163778139
232,469,0.08118636879741925
232,481,0.07730017556306648
232,493,0.08094869242468485
232,502,0.07918154642868228
232,527,0.07548307443723157
328,19,0.10665536722009457
328,21,0.10336962349176347
328,44,0.11032741552265486
328,69,0.10209626649026798
328,83,0.09934566683440983
328,133,0.10926141040491937
328,141,0.12365816056439728
328,160,0.10011942297054613
328,197,0.10212523595805399
328,265,0.10402829634340431
328,278,0.1001061754177432
328,316,0.10443407848332015
328,366,0.10035780084475851
328,372,0.10681075636638973
328,389,0.10922796266855456
328,461,0.10824452134075817
328,478,0.12140905202625973
328,490,0.10323430732797151
328,509,0.09934285270001834
328,526,0.1033540148967517
350,14,0.10969439563399781
350,75,0.11034929502498907
350,78,0.10883110287178406
350,88,0.11811644283364893
350,94,0.09511209642569018
350,95,0.10049121733370102
350,112,0.10058909355469832
350,126,0.0959531520481591
350,159,0.09565623333218494
350,167,0.09232662196007928
350,181,0.12284908213423407
350,201,0.09629875770227418
350,214,0.09320027490910895
350,228,0.09881304329488273
350,242,0.13343575363713203
350,261,0.096053595636651
350,292,0.0978536922548285
350,389,0.09409837129191716
350,434,0.12245008758486167
350,483,0.09940743307767885
350,490,0.09856743030979725
350,509,0.10099369082934938
525,2,0.07319060599272503
525,9,0.05376182092332907
525,41,0.07467163521825072
525,89,0.07570571849683731
525,115,0.0718207124267533
525,140,0.0706198113362188
525,143,0.05318173397155952
525,175,0.07475092968744651
525,186,0.07142930449771674
525,188,0.0658838939030733
525,191,0.07032099998803096
525,266,0.0749360926271721
525,327,0.0709228699092181
525,341,0.07336275598063587
525,347,0.0794572550923036
525,353,0.07236454401715227
525,370,0.07261794376778138
525,393,0.06708955642451736
525,424,0.06987496544465364
525,432,0.071148876716564
525,469,0.06735469111862277
525,481,0.07739322137020851
525,503,0.07023310737312498
525,516,0.06973179306144633
525,521,0.07110635251896823
49,5,0.07067154020796586
49,32,0.08334118007911138
49,41,0.09431860799904826
49,43,0.07841292947352722
49,47,0.08086320140702073
49,66,0.07860498359484196
49,125,0.07850768435584726
49,134,0.0787171380993819
49,171,0.08885949086204438
49,176,0.08352722589839998
49,179,0.08042492291283661
49,222,0.07875231240175395
49,236,0.07862287476886422
49,343,0.09193192191680452
49,379,0.08528323904269848
49,397,0.07989213932409701
49,400,0.0816972649732956
49,427,0.07934571589602368
49,435,0.07614402723904805
49,444,0.08461015072402411
49,464,0.08297118724948266
49,494,0.08016496384116584
289,23,0.1104323164545098
289,26,0.09467434517218444
289,28,0.08855994818020707
289,38,0.08511712942912611
289,40,0.0854251539759064
289,46,0.08780863091282823
289,62,0.08285436661655682
289,82,0.0829968522770137
289,131,0.0768574855179443
289,137,0.09182768164125563
289,144,0.07546029095931024
289,150,0.0919815699337107
289,153,0.0797516469528243
289,161,0.08884778058303976
289,195,0.09640730673835711
289,224,0.1044958826807242
289,275,0.06627957481851188
289,295,0.08774786568779959
289,319,0.08886144412263348
289,326,0.09264556459054177
289,331,0.08537686949336602
289,339,0.08884995173007772
289,354,0.08859460128959183
289,396,0.0887862901347635
289,409,0.09573818877628283
289,474,0.09742642682126691
289,492,0.0893031235144149
289,499,0.07884748693266565
289,519,0.08953446984234191
289,523,0.08936393936868589
289,524,0.08425544649168504
289,528,0.07593110923991596
480,24,0.1054354579751748
480,36,0.08011355629941617
480,46,0.09017714883077381
480,57,0.07764049672430814
480,82,0.08173350379755612
480,147,0.07660242871553438
480,179,0.09322733286790767
480,189,0.08145019253336806
480,194,0.09215701817822085
480,210,0.07522972700600229
480,216,0.08002634178604497
480,219,0.07744573891279247
480,237,0.0705363533113146
480,243,0.07073904837432209
480,246,0.07002528055608283
480,299,0.07673604716202952
480,305,0.07849951566826635
480,339,0.07776895505859238
480,359,0.08237263460651788
480,370,0.08027989293151946
480,395,0.07794077132568966
480,406,0.07881210326161858
480,467,0.08183324800442342
480,514,0.08081408683899602
480,528,0.0720263999473537
67,94,0.08569010400001861
67,142,0.0938903538964507
67,192,0.09683780878459174
67,198,0.09405110647087907
67,213,0.08563954258535865
67,215,0.08837828693112183
67,218,0.09884550751199528
67,225,0.09088708381688773
67,228,0.0889847837244685
67,310,0.0966256646187991
67,340,0.08512932569764038
67,346,0.09199988712493241
67,362,0.08155274510999505
67,387,0.10444356343266285
67,431,0.09006235662982828
67,453,0.08635722366942253
67,463,0.09177914586210348
67,472,0.08606357906403773
67,488,0.0906950773023599
67,491,0.10004415161016261
67,497,0.08784004380429687
165,7,0.1104386481108095
165,21,0.13157223396863166
165,23,0.10117810443076555
165,26,0.13482386444776262
165,51,0.098031720295895
165,59,0.13037351704270914
165,76,0.10586781953850619
165,91,0.12253857850838665
165,96,0.13171076057234635
165,97,0.08343444679248045
165,103,0.10070451507171203
165,104,0.12512083142437333
165,106,0.07665853784894058
165,108,0.12405592278883945
165,112,0.14745879394187084
165,135,0.11842741697041899
165,137,0.10800923622674603
165,151,0.12261926228224888
165,152,0.082234670261754
165,161,0.1441502824574893
165,169,0.09467190093461518
165,172,0.08602892501429533
165,201,0.14416632337238086
165,209,0.11796131394856375
165,224,0.09938753660073624
165,240,0.1352774910528157
165,244,0.14438291018010463
165,255,0.10188797962196094
165,256,0.07128181869398559
165,272,0.1303951881677412
165,280,0.14657102147805534
165,291,0.10076289348717066
165,297,0.11577151627421829
165,300,0.11897783495897399
165,303,0.08470586779630873
165,304,0.13780859894217032
165,315,0.13338326565155645
165,320,0.08360845235656297
165,331,0.08745146716857287
165,354,0.12908076640059601
165,378,0.08774702664512382
165,394,0.13748409336556028
165,398,0.1407708030835056
165,401,0.07988179817771737
165,402,0.10382215922086038
165,403,0.09533424818342236
165,409,0.08801498473677055
165,413,0.1172561244562411
165,414,0.1507405941522809
165,415,0.10976638864500858
165,429,0.0703036513836448
165,430,0.1289364627360525
165,442,0.1508881083405833
165,443,0.10648250179471638
165,454,0.10494502519030867
165,470,0.119004879231707
165,476,0.09406145211285837
165,487,0.10167057669378338
165,490,0.13883833230081605
165,504,0.13488630987508957
165,505,0.1504507204188167
218,67,0.09884550751199528
218,79,0.1046825986676873
218,94,0.10623740836777718
218,113,0.09580538162917078
218,142,0.11692342090320684
218,151,0.10469365030166358
218,190,0.10121765607910062
218,192,0.1257780250288685
218,198,0.14257997432959654
218,214,0.0879894389989124
218,215,0.10999924331933839
218,225,0.14140976637514424
218,300,0.11178472690769234
218,340,0.13415211140805786
218,346,0.11718089389767944
218,362,0.0794240547283226
218,364,0.07194244180361356
218,387,0.13622493490788748
218,410,0.1097645062490258
218,431,0.09967054947094556
218,434,0.1058657856866608
218,438,0.11108856941307048
218,452,0.06790305773356843
218,453,0.11254953765546155
218,463,0.10368456671277092
218,472,0.11150871073055636
218,488,0.10240828978608707
218,491,0.12455308989389267
218,497,0.13790582462782203
218,522,0.07985415044900632
273,14,0.13058591522469692
273,94,0.11160485046443391
273,113,0.09606933849206103
273,167,0.1319058624590819
273,181,0.12909185594670175
273,190,0.10570745597382754
273,198,0.09015270530591105
273,214,0.12119020881670732
273,215,0.11398694876762049
273,225,0.09208645692383115
273,228,0.0906874770433904
273,242,0.0909376306253592
273,364,0.0735467817891823
273,434,0.12426169550647313
273,438,0.09141215609127397
273,452,0.07184725658213534
273,453,0.09088961142374967
273,463,0.14737318361236032
273,472,0.13164709787932724
273,488,0.1220643446810517
273,491,0.10189475006365407
273,497,0.09731023715271245
294,15,0.07676915277696703
294,38,0.08644292055205242
294,66,0.0817475003014265
294,93,0.0816007147472328
294,103,0.07853478471393562
294,134,0.07616281850626253
294,137,0.07717740174016398
294,163,0.0772801884026319
294,174,0.07542022545916945
294,177,0.07877405987839242
294,331,0.08119513945024681
294,345,0.0814605608235685
294,347,0.078791455518192
294,359,0.07771690712733627
294,369,0.07690562965905841
294,395,0.07805860094474154
294,413,0.07601275574156953
294,415,0.07963384469438256
294,444,0.08137510326132971
294,445,0.06862864258460584
294,457,0.07203471435251844
294,474,0.08086610730511903
23,10,0.10160179834308217
23,26,0.10916608930023879
23,40,0.0855745670269465
23,74,0.0836112253328043
23,135,0.1012427499683595
23,161,0.11645286190878315
23,165,0.10117810443076555
23,195,0.10740167882202316
23,205,0.11078889730994261
23,224,0.09919781737587827
23,240,0.10477365656221023
23,278,0.10446589072520036
23,289,0.1104323164545098
23,295,0.12049371485644107
23,312,0.10550286214620222
23,319,0.10490412977472362
23,331,0.09151147871705675
23,336,0.10716921712685891
23,354,0.12089577583482478
23,398,0.10202516798074397
23,409,0.09668434119134996
23,420,0.10122892985526863
23,449,0.10398181068167328
23,504,0.10899341728603879
23,517,0.08333078487173806
23,523,0.08659655902560408
23,524,0.0864675699260157
23,531,0.1038021353353153
260,2,0.08825136499669106
260,31,0.07356191833922293
260,86,0.08742461642589203
260,89,0.09462792981923447
260,90,0.08366973603400742
260,107,0.07909620399422627
260,151,0.08670207915272404
260,176,0.0818972439334228
260,183,0.0857485734124759
260,187,0.07882468228448183
260,193,0.08759733068691865
260,222,0.08509368179368869
260,264,0.06770141480011742
260,286,0.08458148407209143
260,293,0.06785688310702331
260,305,0.09018293419782858
260,338,0.08380006650818994
260,342,0.06574907599487047
260,351,0.07542632357108026
260,370,0.08217540539072432
260,378,0.08485100455536833
260,413,0.08411780718326647
260,444,0.08411070008959626
260,481,0.08580345812638702
260,493,0.07354004669296754
260,494,0.09498954836507556
260,496,0.07271116045465918
260,520,0.08224453502944921
260,527,0.08825065685148743
366,8,0.13571661546426655
366,10,0.12069444478428755
366,17,0.1320358693003212
366,22,0.1290206146799401
366,59,0.1315116054632149
366,83,0.11277549872507649
366,92,0.10948173095542332
366,102,0.13878999262276792
366,112,0.13610384633532543
366,133,0.13361836360838777
366,158,0.1380733046490625
366,159,0.12672506043532344
366,168,0.1203704614269985
366,197,0.13442177271914976
366,229,0.11909147867448669
366,241,0.13239475051895727
366,261,0.10902698488952565
366,277,0.13255231936172548
366,288,0.12156191372554188
366,317,0.13409611110551026
366,328,0.10035780084475851
366,344,0.09045471575628967
366,382,0.12174871758329725
366,388,0.13117653861489198
366,389,0.14192216629246004
366,420,0.13803932565841634
366,425,0.13398917213976574
366,428,0.16857179607206202
366,450,0.13559136285331486
366,461,0.14342447353356153
366,473,0.13124937407616175
366,483,0.14067015005840078
366,484,0.12816284941555467
366,526,0.14373658877624426
402,26,0.11056737771389842
402,35,0.10092085692433314
402,65,0.0756284324084809
402,74,0.09333216051744486
402,82,0.08124436157102659
402,93,0.09387732624095846
402,104,0.09410191285748018
402,112,0.09893106836955316
402,135,0.1009814126782445
402,137,0.09721188136564426
402,161,0.10717841490482527
402,165,0.10382215922086038
402,182,0.09726374613695289
402,201,0.09869312092791718
402,213,0.09538053155333265
402,227,0.078050201440377
402,298,0.10091296066948204
402,354,0.1007295535939186
402,385,0.09466362880780035
402,398,0.10150350292617728
402,409,0.08991129292921461
402,413,0.09577075209834843
402,414,0.10984814214510372
402,456,0.10112642175527586
402,492,0.11538289908648672
402,494,0.09244094376144248
402,505,0.09677523918426606
402,512,0.07528892254051514
402,523,0.08558120864063934
53,19,0.11755074145504148
53,21,0.11131530326658207
53,26,0.10860410951491031
53,75,0.11703158122776935
53,79,0.11544295457728082
53,139,0.11115075366959622
53,161,0.10864072176898443
53,173,0.11179413632332588
53,178,0.06115299315296675
53,201,0.10862931647721205
53,272,0.11178727002028153
53,278,0.11645836727078121
53,280,0.11967655087970448
53,298,0.13296970132448543
53,318,0.08350388494914286
53,349,0.06816499044415159
53,399,0.09128800464779224
53,405,0.11919351435606405
53,414,0.11863642422833166
53,442,0.11405033874933239
53,449,0.1457774298695358
53,490,0.13500829992865243
53,504,0.12134367684171946
53,509,0.11281391352785933
53,510,0.1010197768562292
115,5,0.06533294655946582
115,29,0.07812224113911855
115,41,0.08757919896570787
115,86,0.07473765894589267
115,155,0.07407495151668604
115,191,0.0712033353291335
115,248,0.07507257288655117
115,263,0.07828171910354516
115,283,0.0747545743307119
115,299,0.07501348737155487
115,338,0.07755504384880998
115,339,0.0772877570875412
115,347,0.07613094520671682
115,370,0.07360366539517645
115,406,0.07465524553466937
115,424,0.07780846808467098
115,433,0.07325239151782491
115,444,0.07523474400117544
115,451,0.06837666105852595
115,481,0.0731859569318399
115,482,0.1022820546713246
115,516,0.07326978977352465
115,521,0.07618841936196812
115,525,0.0718207124267533
115,532,0.0680124510364779
128,2,0.08193460063676834
128,9,0.05423998076957174
128,29,0.07910622429297309
128,41,0.07601890582018932
128,66,0.07654332621086879
128,134,0.07603611514474445
128,136,0.055555310153390235
128,155,0.07681835577305215
128,191,0.07366481590005115
128,250,0.07611938203587423
128,263,0.0757765130369764
128,305,0.07532584215088697
128,370,0.07922508206001129
128,376,0.07482270836074799
128,378,0.07560184320038556
128,395,0.07741454385665142
128,397,0.07987163372519909
128,406,0.07655968498911618
128,424,0.08445759991518643
128,427,0.07525080119264464
128,444,0.08519608685948353
128,451,0.0684611644287835
128,466,0.07851268189661167
128,469,0.06724294894070054
128,481,0.07653004298298438
128,500,0.08026234534118105
467,1,0.011271039020544455
467,18,0.06713703387986383
467,24,0.08841638644969013
467,36,0.0875506657296391
467,46,0.08849461309418866
467,52,0.07587152087419494
467,57,0.08075696345102043
467,71,0.0727513527929509
467,84,0.07652378419957785
467,116,0.08541894567888979
467,124,0.07659332177697915
467,147,0.08374629429442743
467,179,0.0833933306526169
467,189,0.083536323597115
467,194,0.07937698031502732
467,207,0.08007918398115749
467,243,0.07286744273950484
467,250,0.07698045759892382
467,305,0.08658635473888412
467,332,0.08373662087505453
467,356,0.06633984557483176
467,360,0.05824301064515491
467,379,0.08198945084014085
467,480,0.08183324800442342
467,486,0.0864706087574811
467,514,0.09698262015881076
467,516,0.07901678058351892
467,517,0.07753463439032868
467,528,0.07337848943064067
89,2,0.09344551899762482
89,12,0.0903774738745464
89,27,0.07510707805822486
89,31,0.0765290377601718
89,54,0.07279304931539807
89,66,0.08853462353215255
89,86,0.0864492842444952
89,90,0.08806865033743885
89,107,0.08150058862032486
89,151,0.09327333314810712
89,175,0.0765820215679943
89,187,0.06628493001346654
89,188,0.07801064407483853
89,191,0.0736730526603052
89,222,0.0860257748567961
89,232,0.08087472044036306
89,256,0.07244859670190226
89,257,0.06765095770899125
89,260,0.09462792981923447
89,264,0.08267334348393558
89,266,0.07303606824235519
89,285,0.07306442138533818
89,293,0.07505113728595972
89,305,0.08880901235425606
89,338,0.07915041645777049
89,342,0.06286807675729182
89,351,0.08416746966293663
89,370,0.0906592878868355
89,377,0.08412299489879263
89,378,0.08422783792391982
89,444,0.09186761753458446
89,454,0.08771495678122351
89,465,0.08674241575384462
89,469,0.06987042392665072
89,481,0.09839369022967205
89,493,0.08990974684782686
89,494,0.08639512415233638
89,500,0.07206741933434521
89,502,0.06868238520482897
89,520,0.08611664915122393
89,521,0.08885125082435674
89,525,0.07570571849683731
89,527,0.09094817334031104
177,7,0.09724143098411986
177,10,0.08210195488897283
177,38,0.08145298182685057
177,52,0.07487083022150655
177,73,0.08174517243232239
177,103,0.08187974592922548
177,118,0.08082126259110485
177,131,0.07668145897310298
177,150,0.08657677838210602
177,151,0.0863423432234296
177,163,0.09007578643988648
177,166,0.08241047914956517
177,185,0.07550013646326677
177,219,0.07878108447156582
177,224,0.0851307879388085
177,236,0.08070110632242167
177,294,0.07877405987839242
177,300,0.08508416876658777
177,305,0.0854559714623763
177,324,0.055584449838236155
177,341,0.08517362266298394
177,358,0.058138153454905014
177,387,0.08896472441574703
177,410,0.08701193547425652
177,413,0.08876224419063675
177,416,0.06773717353703672
177,468,0.07423083773555585
177,474,0.08221259053924955
177,504,0.0835671696947408
177,530,0.05614369401609097
237,24,0.07313972508319655
237,46,0.08371579165742692
237,60,0.06786167758886
237,81,0.07136477751074116
237,84,0.06418727251041396
237,125,0.06533210579816072
237,179,0.07041529857825364
237,202,0.0647076056718691
237,204,0.06670986340612459
237,216,0.06978172887191735
237,238,0.07352719867718915
237,279,0.06769693838200791
237,323,0.0819634672510801
237,339,0.06886913742529382
237,426,0.06559055439459976
237,466,0.06526795641805662
237,468,0.06841109902079463
237,480,0.0705363533113146
237,499,0.0726006294231736
237,516,0.0657367946924302
321,6,0.11077390137707163
321,7,0.1084078600455491
321,26,0.11646306612787133
321,45,0.11100298916238766
321,64,0.09551876919377497
321,79,0.1192270959038512
321,80,0.08633687524890948
321,98,0.10104178980487075
321,132,0.1262645375505729
321,139,0.12876814079185017
321,151,0.1113833879024334
321,173,0.12001081250894013
321,183,0.09401560563219735
321,205,0.12129396979768153
321,213,0.1142659213197973
321,231,0.09964861658085511
321,254,0.08191972307310225
321,259,0.12938314664398973
321,318,0.08213466010904498
321,348,0.1058372504472663
321,374,0.10915531670981225
321,387,0.11852210567088715
321,413,0.10679867696942452
321,442,0.11716730756910573
321,449,0.10980373807771511
321,487,0.12548216089293465
321,498,0.12161505030154178
321,504,0.1179838782454363
321,507,0.09762413862548243
321,510,0.10395427169226168
227,26,0.07627560532802279
227,30,0.08121536175671401
227,35,0.07672972303978705
227,60,0.07573931461851918
227,137,0.07675450967979461
227,179,0.07642825437950536
227,194,0.07639372335172666
227,207,0.08607615324718397
227,209,0.07836693506962633
227,230,0.08514435121113174
227,305,0.07634135221545603
227,306,0.07831696172868932
227,332,0.0767756254667854
227,339,0.07803229972933862
227,359,0.07685756580223695
227,370,0.08313826586446557
227,402,0.078050201440377
227,426,0.07686084100455322
227,475,0.0780096536338696
227,499,0.08073773752348223
227,523,0.07965446268588626
261,19,0.10503854059936935
261,75,0.11322085020507956
261,78,0.10997229027721742
261,95,0.11000254368971817
261,96,0.10569885702833351
261,108,0.1142785985826887
261,126,0.10353459588809949
261,158,0.10727403233532518
261,229,0.11017836520008663
261,292,0.10709386242517295
261,350,0.096053595636651
261,366,0.10902698488952565
261,371,0.10597273308780568
261,372,0.10794449611778811
261,389,0.1155690466180875
261,414,0.10419540777138302
261,461,0.1045788857161671
261,483,0.11390968219641905
261,484,0.11517056830623795
261,490,0.1089306979052494
261,509,0.11158228135828305
386,4,0.07241425091665744
386,38,0.0832464860758572
386,46,0.08801175902732011
386,73,0.08070788614353103
386,86,0.07814952223716734
386,93,0.09078641350924496
386,125,0.07872691827729653
386,155,0.09067121999849613
386,170,0.06867074920044876
386,179,0.08012752740588726
386,217,0.08800369102486078
386,219,0.08894516380566357
386,249,0.08545255504761896
386,253,0.07841371383296172
386,258,0.07133962947211485
386,287,0.07919369608789538
386,295,0.07791860225645722
386,311,0.07971680833966513
386,347,0.07739019840421557
386,358,0.05867403207916461
386,426,0.08511621912118283
386,427,0.0854083625370002
386,476,0.08261522153701471
386,513,0.07693894217038377
386,524,0.07965193286220887
502,2,0.06995274184867736
502,9,0.05672756424073077
502,12,0.07230024558336125
502,89,0.06868238520482897
502,124,0.06878335057716277
502,143,0.05601721599926309
502,186,0.07676532298432234
502,188,0.07395800226923838
502,223,0.07198142939721913
502,232,0.07918154642868228
502,249,0.0737529427718053
502,257,0.08245929165288822
502,266,0.0723897698645221
502,283,0.06979240745619648
502,341,0.07071145751239771
502,367,0.06963936937750564
502,393,0.07745594561017902
502,429,0.07085042030776556
502,432,0.0692574158764976
502,469,0.07871817289449605
502,495,0.07030606319929988
502,506,0.06044937323252696
502,521,0.07009264429435702
69,19,0.11786342346804467
69,21,0.12905134559070675
69,59,0.11874905835284164
69,87,0.12168865927267877
69,99,0.1369170445382576
69,133,0.1311563641348322
69,160,0.12747927522447217
69,162,0.131584081903963
69,197,0.11845590505228036
69,244,0.11979112016865155
69,245,0.12779773838323047
69,255,0.09367604672205865
69,301,0.1152888261348548
69,312,0.11495929062418038
69,316,0.1330771862053101
69,319,0.12514103476352495
69,328,0.10209626649026798
69,336,0.1204050057063123
69,394,0.13139145509250058
69,398,0.11804093583849895
69,490,0.12436659574730449
69,511,0.12484917381240486
122,25,0.08808628537421925
122,66,0.09093170889253943
122,73,0.08807324697914158
122,86,0.08327362724866293
122,124,0.08643185983148638
122,146,0.09306621614703714
122,155,0.08328776223144291
122,157,0.08291612153483481
122,163,0.08522050769423925
122,174,0.08576836894923025
122,208,0.07411925546256236
122,220,0.09943383364926885
122,230,0.07917403403352408
122,239,0.0674227287871426
122,263,0.0920658236285054
122,269,0.09705834317612996
122,275,0.07346313992763887
122,283,0.0834126940767174
122,329,0.07474551556160797
122,338,0.08423339192821418
122,343,0.07358227157339044
122,353,0.08201671240142419
122,357,0.08182988423475225
122,377,0.08102125383509118
122,417,0.0824460206437284
122,444,0.0938627600411779
122,451,0.07020430646238492
122,457,0.0726275176358405
122,460,0.0926633276626747
122,464,0.08631986838411465
122,481,0.08562404968615996
122,515,0.0898733957789774
122,521,0.0836569740378848
123,8,0.13695010811320682
123,34,0.12281150844515873
123,50,0.11812698259398009
123,61,0.12306546637961013
123,87,0.13304245399663575
123,99,0.13256525112044423
123,133,0.12842464427233072
123,168,0.11349144035213006
123,197,0.13033680295407415
123,240,0.1346244663638763
123,244,0.11923669384306541
123,277,0.12516206493699394
123,304,0.1220506322318911
123,319,0.12131950732365314
123,336,0.11924137276252555
123,373,0.10302035961349985
123,382,0.11686170306059523
123,390,0.10033343733973304
123,428,0.1443029467513129
123,437,0.12527671487884015
123,461,0.13103922555892217
123,473,0.1292475458626884
123,479,0.13808886363526313
123,489,0.12512212645347454
123,526,0.11885694339875673
123,529,0.11735279781498699
298,21,0.11281999193585676
298,34,0.11328233851072497
298,53,0.13296970132448543
298,61,0.11268143733894723
298,87,0.1131871439231671
298,112,0.11816905559032458
298,173,0.12206221030378832
298,197,0.11373318487080768
298,277,0.11737632874044002
298,278,0.12367591938284588
298,280,0.11511794474466276
298,295,0.09444626587830171
298,318,0.08081566233777845
298,398,0.11631047977904072
298,402,0.10091296066948204
298,407,0.11866560832400279
298,414,0.1174590152513471
298,428,0.11370471180350883
298,449,0.11657179942357869
298,461,0.1299079718884854
298,473,0.11636003455578842
298,487,0.09979074147528244
298,490,0.12854955965295686
298,510,0.11523713598839042
390,8,0.1182369700161875
390,99,0.10836993857670234
390,123,0.10033343733973304
390,133,0.10290234909915379
390,158,0.11033964926643004
390,160,0.10832185347377532
390,162,0.11456731537561408
390,168,0.103653137853127
390,197,0.10284385170948517
390,244,0.10436760382289204
390,245,0.12762171691076882
390,288,0.1347802232258934
390,304,0.10082924058280665
390,382,0.11188695352586517
390,428,0.10907955473359046
390,437,0.10558312215406229
390,461,0.10122564519034045
390,479,0.11125719432368422
390,489,0.10095985201680989
390,529,0.11115436774979084
119,21,0.11445801423553735
119,34,0.13724774134633289
119,48,0.11110781944820852
119,91,0.11368271628769665
119,120,0.11074488605706892
119,234,0.1248853273759923
119,276,0.09389802070021125
119,277,0.11845405830418122
119,278,0.11197394309747478
119,280,0.11085895029920188
119,336,0.11857818629247385
119,337,0.11841068754958199
119,384,0.11797863102338765
119,385,0.11395798456078428
119,407,0.11123103144112821
119,437,0.12386551274086093
119,439,0.11526850770402623
119,479,0.11772886681357828
119,489,0.11033975561040217
119,501,0.113315549330066
119,511,0.10946126061946479
320,7,0.09795565282732845
320,26,0.0847639035031737
320,51,0.09056429746557385
320,54,0.0740775967951347
320,79,0.08331351383716477
320,86,0.0912041658330102
320,107,0.07351747126367601
320,117,0.06098194718175866
320,118,0.07498084826578594
320,126,0.08701051294099682
320,129,0.07028078484065367
320,151,0.08352878711361546
320,165,0.08360845235656297
320,171,0.08394978638444993
320,183,0.09063524613551392
320,201,0.08471594314842458
320,208,0.07290251008497627
320,213,0.08583943191640082
320,231,0.08702974870936656
320,267,0.060876604469625846
320,300,0.08971060839504054
320,338,0.10116147118711505
320,354,0.08705476939658674
320,374,0.08735572062160925
320,413,0.09104645908565313
320,414,0.08525866119683105
320,504,0.08749766338608969
320,512,0.07364766380156702
320,515,0.08088293022291697
320,522,0.07648407604127941
498,6,0.10220064047609446
498,26,0.09569565228536803
498,45,0.09350874692595937
498,79,0.1029692745685878
498,98,0.0928473200274385
498,132,0.10588306214210787
498,139,0.10139300373485768
498,142,0.09909294629977512
498,151,0.10156428569274599
498,173,0.10131725333465659
498,231,0.09354418139189465
498,259,0.10477529408427406
498,321,0.12161505030154178
498,326,0.09554230666315629
498,374,0.10430264686075054
498,387,0.1082426526075119
498,410,0.10269426563917192
498,413,0.09859068002703841
498,442,0.09826518702473515
498,504,0.09791184072503584
498,507,0.0895024073719748
498,510,0.09916522138499365
376,3,0.06854604407597834
376,124,0.07227064507945109
376,125,0.06991700069573419
376,128,0.07482270836074799
376,134,0.07100629409031232
376,136,0.05777742272110863
376,155,0.06894979543199498
376,179,0.06934433441006176
376,216,0.06862807426523956
376,233,0.07029411436736281
376,238,0.06918149411506137
376,250,0.07814964376169767
376,322,0.061694178364430204
376,370,0.06875167088717235
376,375,0.07035272501840044
376,379,0.07027527752008582
376,395,0.07225629816703384
376,397,0.07542477527231146
376,418,0.07048278950696335
376,427,0.07418592683715741
376,516,0.0705154654501351
376,524,0.07897129922156898
394,11,0.11104131131700336
394,16,0.10475658896150432
394,19,0.13485303785431724
394,21,0.13984558616756276
394,69,0.13139145509250058
394,78,0.1307639010922827
394,99,0.13626910271519294
394,102,0.12879288464770805
394,104,0.12054802605110593
394,106,0.07624786801133782
394,110,0.14657739749815246
394,111,0.1362098034060428
394,112,0.14610787307665205
394,120,0.1335437027966161
394,159,0.12880242260903593
394,160,0.12313447427533783
394,162,0.1363559138364414
394,165,0.13748409336556028
394,221,0.12188444945388786
394,240,0.13915934982856476
394,242,0.1115279142074182
394,244,0.16926835629118606
394,245,0.13867725321364294
394,247,0.10667587077804135
394,272,0.1199114586698754
394,277,0.14828191839909055
394,280,0.1417053030606757
394,292,0.11790218578677644
394,297,0.11852171358811128
394,304,0.1554772568058022
394,312,0.12602417259054638
394,315,0.1411784552155996
394,319,0.13214312002190465
394,336,0.13997549735771092
394,371,0.14130378920932668
394,372,0.13065129117062757
394,384,0.12360323028346215
394,385,0.13127719570543195
394,388,0.1257138329830959
394,398,0.17356918465964946
394,414,0.142233153544289
394,420,0.1530503638840217
394,425,0.14547425485079227
394,428,0.15876960369111504
394,456,0.14201901899031893
394,461,0.145152561821156
394,483,0.13590194224611996
394,484,0.13465973287501065
394,490,0.1518169054860157
394,526,0.14509579972503506
394,531,0.10866909071330629
408,3,0.07861090663727817
408,13,0.0730621524904675
408,25,0.07164675030316785
408,37,0.07283804370857874
408,39,0.0769773731397504
408,68,0.07513066934839525
408,72,0.08899960661011476
408,81,0.07500470513610716
408,109,0.07021429920333429
408,136,0.05533529842063567
408,138,0.06943656682320237
408,140,0.07239194364834074
408,163,0.075331516858446
408,196,0.0722546954977393
408,252,0.062962056887262
408,283,0.07272930107989808
408,287,0.0721453007514633
408,335,0.07739006063724992
408,339,0.07102411041108918
408,448,0.0706594855607144
408,485,0.07159459450542795
408,518,0.07187022015394968
40,10,0.080571422374951
40,23,0.0855745670269465
40,62,0.07541146793375418
40,87,0.08182642434329415
40,103,0.0859760727451426
40,118,0.07481561364114278
40,135,0.08533389503894487
40,137,0.08975342534654256
40,169,0.0811218607581291
40,224,0.10030202393979609
40,244,0.08551262776488931
40,255,0.08394090485290374
40,289,0.0854251539759064
40,319,0.08321237917408444
40,330,0.08006669312767724
40,331,0.0837867954798023
40,345,0.0801496035962347
40,361,0.07355608656194121
40,398,0.08195007439815416
40,409,0.08092504484075795
40,476,0.0834374844684909
40,492,0.0840040570224844
40,519,0.08537170685910003
86,13,0.0810919802669654
86,25,0.08390987867829713
86,29,0.08056191918087136
86,39,0.07785224494179088
86,41,0.09436933452803765
86,54,0.07772965508401018
86,68,0.08010556363047103
86,89,0.0864492842444952
86,90,0.09679017409926136
86,107,0.07376589118411912
86,114,0.06921868508125466
86,115,0.07473765894589267
86,122,0.08327362724866293
86,129,0.07528841572757634
86,143,0.052029484858944486
86,155,0.08717510792279354
86,157,0.08041644510104866
86,171,0.08701534694041553
86,172,0.08722732632625754
86,175,0.07518430105375806
86,184,0.08785449101969814
86,208,0.07539763432440894
86,217,0.08836182776676663
86,239,0.06670528287527511
86,249,0.09489883659278145
86,260,0.08742461642589203
86,263,0.09779086703451358
86,267,0.059213820025310594
86,268,0.07958945146613101
86,283,0.0879196612529977
86,287,0.09312378675878928
86,291,0.09471321409458971
86,293,0.06928940610422822
86,311,0.07545789221526944
86,320,0.0912041658330102
86,327,0.09134262327620371
86,338,0.08217005339598321
86,339,0.08723046148200601
86,351,0.07246258041875218
86,352,0.0846071753598836
86,353,0.07954385224339415
86,357,0.08545145715424791
86,370,0.08761500690776447
86,378,0.09048610108859688
86,386,0.07814952223716734
86,415,0.09290229546392247
86,424,0.08608587352083566
86,441,0.08461187937976135
86,444,0.08878756445769428
86,454,0.09467920738365619
86,457,0.06941464086088384
86,464,0.08966560054797575
86,469,0.06877687890102083
86,508,0.06478404812015424
86,515,0.0904922843117933
241,8,0.10966181367248798
241,22,0.10869273071084332
241,28,0.11015661489136462
241,48,0.11303380883340894
241,50,0.10702036600129515
241,56,0.11035043222092487
241,59,0.1091996041274501
241,61,0.10531183842634544
241,112,0.11187565653193048
241,197,0.10579331475125081
241,234,0.10516595196243314
241,277,0.11128982900664688
241,366,0.13239475051895727
241,428,0.11359305438889478
241,437,0.11261000348867314
241,456,0.10441692249575685
241,473,0.11268776477211191
241,483,0.1152741603683653
241,489,0.10860470466593797
241,526,0.11192984422793074
243,43,0.06711056071364442
243,46,0.07232609601941424
243,84,0.07219001936187427
243,105,0.07004907911096378
243,136,0.05597153502910237
243,189,0.07043049372954442
243,194,0.07054010616953092
243,204,0.0725235938416291
243,219,0.0746397355804243
243,224,0.06815558372958311
243,250,0.06681404206057946
243,290,0.06669969702898558
243,296,0.06855707047944178
243,305,0.06732765325959864
243,436,0.0668705561715843
243,462,0.07502465521088061
243,467,0.07286744273950484
243,468,0.06889825593321668
243,480,0.07073904837432209
243,485,0.0696917651654924
243,528,0.07117510219995028
243,530,0.06169825398267665
319,21,0.1281566852741977
319,23,0.10490412977472362
319,28,0.13164896296562473
319,34,0.14758421689365928
319,40,0.08321237917408444
319,59,0.1293057748014478
319,61,0.14025908821331798
319,69,0.12514103476352495
319,87,0.1352102909791978
319,123,0.12131950732365314
319,133,0.1489345369279197
319,137,0.10334134357923012
319,160,0.12671064214517033
319,161,0.13205306921037416
319,162,0.13854272473674614
319,197,0.14600440618190738
319,224,0.10042095674031687
319,240,0.1484642868469326
319,244,0.13123733230743473
319,255,0.10215414187832532
319,289,0.08886144412263348
319,301,0.10937439618764068
319,312,0.1273481235198239
319,325,0.09276887705046998
319,330,0.11455646997305434
319,331,0.08434095168374872
319,334,0.07808304109176123
319,336,0.13542672805190195
319,373,0.09397761221917246
319,385,0.16113792098546595
319,394,0.13214312002190465
319,398,0.13985909631379403
319,409,0.08729359264777387
319,437,0.15617141219431027
319,456,0.13858031104770563
319,479,0.1344255057991531
319,489,0.1279117961992682
319,519,0.08999673173452011
319,531,0.11716602934257946
529,8,0.12969061522082329
529,34,0.11193517349156297
529,50,0.12655505615585194
529,87,0.10968801483063988
529,123,0.11735279781498699
529,133,0.12023329133828872
529,158,0.11772693109415065
529,162,0.11709485685183017
529,168,0.10995351374618585
529,197,0.12324028967423364
529,234,0.11230962694334644
529,245,0.10752771115420284
529,288,0.11516901095668622
529,373,0.10083821900022791
529,382,0.11256848913828997
529,390,0.11115436774979084
529,428,0.10826715520073121
529,437,0.12193617507577514
529,461,0.11259607535702647
529,473,0.10763291280013967
529,479,0.11661756776514454
196,3,0.08430731491592339
196,5,0.06808918292891218
196,25,0.0836652084048082
196,37,0.07299670245191806
196,39,0.0791745254340496
196,41,0.0818968210668094
196,72,0.07713400073673704
196,124,0.1013464592214389
196,140,0.08531444436038947
196,143,0.05373114597707143
196,145,0.07560100610651661
196,179,0.07919003780871538
196,184,0.08439232229803158
196,210,0.08918445472974576
196,252,0.05850051116132696
196,262,0.06550215850841276
196,263,0.08138448581005736
196,283,0.08666349624905519
196,302,0.0843202408567908
196,314,0.0524902159564627
196,339,0.08810368717684228
196,343,0.0900310458262418
196,352,0.07960501156149935
196,355,0.07187009385982561
196,383,0.07892218817592765
196,408,0.0722546954977393
196,412,0.07504316461957518
196,417,0.07712250125871546
196,418,0.08332677633445654
196,432,0.08800087866230948
196,435,0.07625881063836933
196,445,0.06510443591451391
196,448,0.07157799251943063
196,465,0.07989277672795002
196,495,0.07558330199436421
196,503,0.08858299275772359
196,508,0.06486764280699502
196,515,0.08002324485676784
196,518,0.08049584911052539
421,2,0.07920979774069495
421,9,0.053447881981768454
421,29,0.08179201693646605
421,166,0.07271954193596601
421,186,0.0749241930954569
421,188,0.0682332461144334
421,217,0.07298586274066629
421,230,0.08379603488637052
421,232,0.07424356362413655
421,235,0.07700645861526963
421,264,0.06771088115771032
421,267,0.06059999847382503
421,268,0.09466800127090881
421,269,0.07651260224970051
421,299,0.08192820609503464
421,305,0.07652186510793102
421,369,0.07299710384625109
421,378,0.07110573134829858
421,397,0.07444868872204066
421,427,0.07333448540730166
421,445,0.06430221488759923
421,460,0.07354548286595333
421,466,0.07183398500315198
421,469,0.06741632954875085
421,481,0.07627672393771517
421,506,0.060821191747643194
421,521,0.07812626556661872
33,41,0.07165795717039587
33,46,0.07071768238946197
33,68,0.06989685676802411
33,103,0.0668301993737047
33,114,0.06741793573836474
33,138,0.0689117277673101
33,147,0.06976762659971288
33,155,0.08019011048845666
33,179,0.06703879660953731
33,180,0.06728185698144801
33,226,0.05457607402437961
33,238,0.06734564871296107
33,279,0.06637167999237015
33,365,0.05803898876367348
33,379,0.06708412879342243
33,418,0.06666527927795078
33,424,0.07162661401376427
33,426,0.07913368229204078
33,427,0.07086735057399848
33,460,0.06683423289259188
33,466,0.075528671216395
33,524,0.06906449253401993
66,15,0.08821974176248025
66,31,0.07416365825829238
66,38,0.08788070897416592
66,41,0.09029302480689318
66,49,0.07860498359484196
66,57,0.08383034385549432
66,71,0.06522663221879471
66,85,0.07200180539889928
66,89,0.08853462353215255
66,122,0.09093170889253943
66,128,0.07654332621086879
66,134,0.09487845254801937
66,147,0.0901721647004598
66,151,0.09070924009424323
66,157,0.07869291375502362
66,174,0.0950936997909916
66,222,0.09041540356544456
66,233,0.08780174274845323
66,253,0.08231700614136515
66,286,0.07981916266377961
66,290,0.07929574774355545
66,294,0.0817475003014265
66,299,0.08533796336362698
66,305,0.09525636228631876
66,314,0.053087537255517986
66,332,0.11234873914717249
66,338,0.07933108532526387
66,357,0.08234100702078763
66,369,0.09400696505594286
66,370,0.09347520577595855
66,378,0.09013553147305883
66,400,0.08404830630998697
66,406,0.08096167034650421
66,411,0.07854983750848075
66,413,0.09143707624168333
66,424,0.09435821084874996
66,426,0.08139647411494545
66,440,0.0854450058589066
66,444,0.11028833085887842
66,459,0.08210749864337225
66,460,0.08887498043057135
66,464,0.09241282148525154
66,481,0.09925084939134554
66,500,0.07370943764213826
66,512,0.0836498814610335
66,514,0.0936338209687682
66,517,0.083188915228752
66,520,0.07700439807403058
66,527,0.08307548208343976
176,2,0.09992983556464981
176,12,0.08193943983255536
176,41,0.09533924933615322
176,49,0.08352722589839998
176,85,0.07237492712237224
176,175,0.07298181198687151
176,187,0.0735071767436928
176,235,0.08539739848994661
176,238,0.08412569143740446
176,260,0.0818972439334228
176,282,0.06792355168751901
176,299,0.088784370358869
176,305,0.09173617613001667
176,309,0.0779270381366196
176,327,0.08670499491108523
176,332,0.08526370290410056
176,370,0.08364183736188566
176,397,0.08467158178226028
176,400,0.07979902996593648
176,424,0.09170690470359794
176,481,0.08147475829495462
176,494,0.0878888147370708
176,514,0.0825001577938732
176,516,0.08925899691188427
176,520,0.08232721714655106
176,527,0.08215077506817867
356,41,0.07370104825568347
356,46,0.0665132617356272
356,58,0.07484839544256067
356,60,0.06402554764028913
356,73,0.06938195925010979
356,81,0.06609292503172007
356,101,0.06663237321105198
356,179,0.06551357792902594
356,189,0.06784360902187338
356,248,0.06944462058520702
356,296,0.06675610982365944
356,324,0.055671783076836824
356,353,0.06406123843879663
356,379,0.0740478891143213
356,416,0.06490142693280256
356,426,0.06476313090451796
356,427,0.06352047055675762
356,467,0.06633984557483176
356,485,0.06506008861507959
356,486,0.06577912908049806
356,516,0.06825838346780412
425,17,0.11418689203981398
425,21,0.1547906334532145
425,22,0.11769820191046186
425,48,0.1341358850406286
425,78,0.1522013386603199
425,96,0.1626669048984813
425,99,0.13368355297018208
425,102,0.14522126285156955
425,110,0.16517067998156892
425,111,0.17155085742970813
425,112,0.14127582360533358
425,133,0.1434621184171424
425,141,0.12644582137692517
425,158,0.14758300565337412
425,168,0.11170025288675865
425,212,0.12348504156581475
425,221,0.12028500637635267
425,234,0.12570500417478114
425,240,0.17324996401442125
425,276,0.09614441500813983
425,280,0.1492321846660632
425,292,0.11943634863779144
425,297,0.11455278149647768
425,316,0.12590924187455035
425,337,0.1358047177031531
425,366,0.13398917213976574
425,371,0.1467421318215655
425,372,0.13833052732811804
425,384,0.14493774065086393
425,394,0.14547425485079227
425,420,0.15196696776379465
425,428,0.15240448114484104
425,430,0.12375278516680452
425,437,0.14126452194685568
425,446,0.09541479347726223
425,461,0.14083501139134288
425,478,0.12920626714195135
425,479,0.15913792720243028
425,490,0.1621099923168323
425,501,0.15273297394245985
425,511,0.15576929462179617
459,30,0.07720666529401893
459,66,0.08210749864337225
459,74,0.07539909157344887
459,85,0.07447494744541056
459,116,0.07837263661608773
459,147,0.07927718031237029
459,166,0.07642485904459181
459,171,0.08142789459166137
459,174,0.07512693801111406
459,238,0.07430081517796296
459,299,0.07605655689787885
459,332,0.0748892918478437
459,359,0.07438847899553255
459,424,0.07631106289769002
459,427,0.07496157815313156
459,444,0.07505591110789014
459,460,0.07644333527526297
459,464,0.07474327314262524
459,494,0.0754410227881224
459,512,0.07943431179300717
15,18,0.07000192244857033
15,20,0.07082066158241702
15,32,0.08413032774987224
15,41,0.08435685347931159
15,43,0.09655046501272277
15,46,0.08281395467506071
15,66,0.08821974176248025
15,85,0.07636976970131557
15,146,0.08001135158000176
15,155,0.08282671515928226
15,156,0.06356161205298848
15,166,0.08606633493034475
15,174,0.08284311905770088
15,179,0.09810580540229914
15,185,0.08065773271389112
15,236,0.08613482504763977
15,285,0.08405454844068148
15,290,0.0806195657492931
15,294,0.07676915277696703
15,296,0.0733624032398619
15,299,0.08279741343495939
15,308,0.08265849623337096
15,311,0.08251038071290862
15,357,0.08305613731263486
15,381,0.06811333955861373
15,406,0.08678802869372962
15,411,0.0754946337928499
15,426,0.08290085248764323
15,441,0.08205631253488876
15,464,0.09427057102264737
15,466,0.09040482388891911
15,482,0.07370617820825136
15,512,0.07753795742993973
15,521,0.08230216959802987
74,23,0.0836112253328043
74,30,0.08406912974673793
74,35,0.09102769985293373
74,103,0.08701246562404662
74,126,0.0849644983539703
74,137,0.08894190774352184
74,148,0.08503121841991315
74,161,0.09048071692924921
74,166,0.09035366346415381
74,174,0.08533790296073729
74,179,0.08624352507125693
74,195,0.0904892109249557
74,206,0.07983433859927512
74,284,0.081521909138702
74,311,0.07511772230279574
74,354,0.09346937995461935
74,396,0.08332609404524895
74,402,0.09333216051744486
74,409,0.08852799472860377
74,450,0.08666689431626906
74,459,0.07539909157344887
74,464,0.09066789489215939
74,470,0.08527684218319945
74,474,0.08743182606450152
74,492,0.0862389882801386
222,12,0.08282576574492319
222,26,0.08896448308331753
222,31,0.07103119794976424
222,32,0.09107194588122212
222,49,0.07875231240175395
222,57,0.09346153998827807
222,66,0.09041540356544456
222,89,0.0860257748567961
222,101,0.07735884200912195
222,107,0.0728455857590858
222,151,0.09913697470206743
222,157,0.07730980283015104
222,171,0.10484033008771573
222,174,0.10633688558271014
222,186,0.07959428962930343
222,187,0.0706082309259986
222,193,0.09315926129934256
222,223,0.08715421867795796
222,260,0.08509368179368869
222,271,0.0824224457572418
222,286,0.07866938434375977
222,305,0.10596072017282077
222,309,0.0762082326867468
222,327,0.08984186612529689
222,338,0.08116699596962251
222,342,0.07254566870944179
222,347,0.08589556738730475
222,349,0.07524179986868716
222,367,0.07803488099415719
222,369,0.08339730713129233
222,370,0.09991268940440155
222,374,0.09762750645315743
222,381,0.06658254718852144
222,400,0.08730280606718831
222,406,0.08648964798293533
222,411,0.07797399246511207
222,413,0.09653471482712721
222,440,0.08831214011900276
222,464,0.09592799209343995
222,465,0.08025487679174595
222,494,0.10320672168601996
222,507,0.0862373196624421
222,512,0.07893941261868243
222,514,0.09641316554849806
222,520,0.0778672915641925
222,522,0.08038829843382032
222,527,0.09045638971565167
385,17,0.11498375095973783
385,28,0.13464085680830515
385,50,0.11613968989413727
385,56,0.11615841034642548
385,61,0.13017598973783598
385,87,0.13280885094151298
385,111,0.13257444919254596
385,119,0.11395798456078428
385,133,0.12745897561255393
385,149,0.09783674653906065
385,160,0.12438505785552367
385,161,0.1311137318602297
385,169,0.08513132365350934
385,197,0.13932193575569365
385,200,0.10121339389838872
385,211,0.10270812020932607
385,234,0.12508615930200262
385,240,0.12971195074394035
385,245,0.14504760446679427
385,276,0.08983444648838505
385,277,0.12919632783447374
385,301,0.11495593982601036
385,304,0.13274319154715555
385,312,0.13253557459493656
385,319,0.16113792098546595
385,325,0.09445871751307439
385,336,0.14613314651933687
385,373,0.1115356153405864
385,394,0.13127719570543195
385,398,0.1442269770473823
385,402,0.09466362880780035
385,428,0.1325303958557895
385,437,0.1332438686819334
385,456,0.14666675887371894
385,473,0.12773158792129166
385,531,0.10791914056198737
468,38,0.07561756807854285
468,46,0.08285510388821193
468,73,0.07534673186323017
468,105,0.08239021174286282
468,147,0.07356097417504467
468,156,0.07503868946376803
468,170,0.06376028211605321
468,177,0.07423083773555585
468,179,0.07599170889293262
468,185,0.07043149444811801
468,189,0.07570035241185816
468,194,0.07781855430230447
468,204,0.07437431859906085
468,217,0.07604029421002916
468,219,0.0777815234113979
468,237,0.06841109902079463
468,243,0.06889825593321668
468,279,0.07360616787139676
468,305,0.07629596535514807
468,381,0.06662117757691381
468,395,0.07650094319835267
468,409,0.0745314966476125
468,426,0.07547546601834093
468,460,0.07655832860343013
468,499,0.07394414029137124
163,25,0.08546236566170201
163,39,0.08374882174009804
163,41,0.08807623329103612
163,43,0.08439865884041556
163,54,0.07266126069997071
163,68,0.07804070979247509
163,73,0.08978897080595429
163,81,0.08736498041197562
163,90,0.09233804341595558
163,100,0.0717199204142089
163,105,0.0753987518669128
163,109,0.09301384423715585
163,114,0.07243239573358921
163,122,0.08522050769423925
163,124,0.08913942674517056
163,125,0.09615724376987968
163,140,0.0852139229064269
163,154,0.09213202760907445
163,155,0.08668471022641468
163,171,0.08839791545475502
163,177,0.09007578643988648
163,184,0.09637562840754539
163,185,0.07182153796529783
163,217,0.08330168702299971
163,220,0.08460667160546376
163,263,0.09621910215463803
163,274,0.08819952235980513
163,294,0.0772801884026319
163,324,0.05813338054198403
163,329,0.07910608176339187
163,339,0.09167155322062254
163,341,0.08650724633770243
163,347,0.08666258542519657
163,352,0.082364741819473
163,358,0.059370718799391924
163,375,0.07457441734595792
163,391,0.07976208877643727
163,395,0.08222311494085714
163,397,0.09346376194722901
163,408,0.075331516858446
163,412,0.07300803970323799
163,416,0.07059185048718145
163,417,0.08453717104348636
163,419,0.06540669556966244
163,423,0.08587972190248462
163,427,0.09021328264563465
163,433,0.08187825153187774
163,435,0.07459552325344414
163,436,0.07314627863839376
163,441,0.08687720243820382
163,444,0.09217548790393212
163,445,0.06359819690349701
163,448,0.0715399677817969
163,457,0.07017522365607398
163,458,0.08216897671676603
163,485,0.07493336735605667
163,503,0.08649746071926626
292,11,0.12096907948362118
292,75,0.13541898439376912
292,78,0.11728086911191672
292,96,0.1424413691908164
292,104,0.13444889092119713
292,108,0.1264937247188631
292,110,0.13999190053818655
292,111,0.13145664874224855
292,112,0.13214074339839205
292,201,0.12141433407462025
292,221,0.14359161336713594
292,261,0.10709386242517295
292,265,0.12004057667063785
292,280,0.13789542537073127
292,350,0.0978536922548285
292,371,0.11858110043026232
292,389,0.11635131641371566
292,394,0.11790218578677644
292,398,0.11638082668933837
292,414,0.13570861720157917
292,425,0.11943634863779144
292,490,0.12742817386424032
315,6,0.10725665166380097
315,16,0.10811063211694244
315,64,0.09404262300126706
315,70,0.0790636760167454
315,75,0.12534828065185388
315,79,0.14110745129113145
315,88,0.0979587808380911
315,94,0.11573838891014812
315,106,0.07825613742121952
315,112,0.14070479863457824
315,139,0.14573594974121562
315,150,0.10780483701640325
315,152,0.08033185460106448
315,161,0.13356077218051712
315,165,0.13338326565155645
315,173,0.12587285802086728
315,203,0.10301326871706319
315,205,0.13555580773053624
315,229,0.1312222464241666
315,240,0.13702462567660678
315,242,0.1160868533966681
315,244,0.13623893184012636
315,247,0.12154442630718007
315,251,0.09696035278619351
315,277,0.14944406004481817
315,280,0.1427242065784717
315,303,0.08547767352710443
315,304,0.15259230906112292
315,312,0.14348991134148045
315,326,0.1092276140013878
315,368,0.08830145854187194
315,388,0.12824449384656267
315,392,0.13426756955524552
315,394,0.1411784552155996
315,398,0.14238134821521362
315,401,0.0788913706571905
315,403,0.09182283019277368
315,405,0.10868901039719955
315,420,0.13641623440962053
315,428,0.1477714397259935
315,442,0.15700012445212227
315,443,0.1018045722870656
315,461,0.1376156019218775
315,473,0.135632414351029
315,487,0.10684974643776901
315,490,0.15024686650442207
315,504,0.1378608498327278
315,505,0.13980556671140698
315,509,0.11412132779912214
286,31,0.07644538004831836
286,43,0.0718447897363062
286,66,0.07981916266377961
286,116,0.07571218416416207
286,157,0.07706539082661197
286,193,0.0749363091028385
286,222,0.07866938434375977
286,231,0.07170527032309307
286,260,0.08458148407209143
286,267,0.05882929209432216
286,305,0.07975628397982526
286,327,0.07283553849374953
286,332,0.07635617910507861
286,338,0.07429150237920638
286,342,0.0637007593786241
286,353,0.07417712634176223
286,357,0.07308094473810209
286,370,0.07362360239684232
286,400,0.07715638481167687
286,406,0.08292113643786574
286,514,0.08542575056168203
286,527,0.07979453029785785
453,14,0.1049203104479209
453,67,0.08635722366942253
453,79,0.12675402918484063
453,94,0.12084326124746514
453,113,0.10228961263489302
453,142,0.12093693812808362
453,167,0.08619732431984548
453,181,0.10212726387044248
453,183,0.09099405289211676
453,190,0.10243219170433593
453,192,0.13087182288541485
453,198,0.15623559207401858
453,214,0.08270367535643967
453,215,0.12949410638773634
453,218,0.11254953765546155
453,225,0.12704019410034867
453,228,0.10301646728352333
453,273,0.09088961142374967
453,281,0.08235260957129635
453,307,0.08769026434301379
453,310,0.10302520576803821
453,340,0.10469579200941546
453,346,0.1093164852658027
453,364,0.07031404516446682
453,387,0.12612991075974614
453,410,0.11511572201019928
453,431,0.12303148014923322
453,434,0.11836582602555
453,438,0.11313788561135761
453,452,0.07116097527227064
453,463,0.10823416808695573
453,472,0.13161699601195762
453,488,0.11916934355991182
453,491,0.14354481629193647
453,497,0.14259047122049942
453,504,0.11205578872555744
519,21,0.0866517898496171
519,26,0.08579628538504004
519,28,0.09217941407148159
519,35,0.08477560902211206
519,40,0.08537170685910003
519,59,0.08557369592005588
519,87,0.09284735984003868
519,131,0.07603158982109491
519,137,0.10325920748867368
519,144,0.07591863031390932
519,161,0.08560018271283039
519,197,0.08681958204864856
519,224,0.10405816711835579
519,255,0.0900018088760818
519,289,0.08953446984234191
519,319,0.08999673173452011
519,409,0.08734930106550232
519,473,0.08491623610612835
519,474,0.09483659292344897
519,476,0.08822776147777255
519,492,0.09100784805646159
519,505,0.08673750768464629
521,2,0.08606695772684063
521,4,0.07648085733016904
521,15,0.08230216959802987
521,32,0.08329571828757647
521,73,0.08327603572328857
521,85,0.07701546613038532
521,89,0.08885125082435674
521,107,0.07549826705504026
521,115,0.07618841936196812
521,122,0.0836569740378848
521,134,0.08246012035549452
521,155,0.08228941525226392
521,166,0.08395998206738137
521,174,0.09058152896999694
521,188,0.0677949910892986
521,191,0.07699312836608076
521,208,0.07468296535750606
521,220,0.07622061603340681
521,230,0.0793740273843271
521,235,0.09282265846875608
521,257,0.06857706368513838
521,264,0.07032298390242778
521,285,0.07318978545469611
521,290,0.0789026465925763
521,293,0.06699058969403723
521,299,0.08718945692493393
521,305,0.08746492207671319
521,343,0.07834389810974617
521,351,0.077782762147345
521,357,0.08099088803407366
521,367,0.0824222742047828
521,369,0.09518173828890851
521,370,0.0871866230644883
521,377,0.0803893267692499
521,381,0.06857368915491195
521,421,0.07812626556661872
521,427,0.08316306609827762
521,444,0.08223734725741146
521,451,0.07086006098937368
521,460,0.08553490300147179
521,466,0.08101003819589413
521,481,0.08799336927788273
521,482,0.07554622578164574
521,502,0.07009264429435702
521,525,0.07110635251896823
35,10,0.1018722681675347
35,21,0.09595262769921065
35,26,0.11824183388011907
35,28,0.0939265638329561
35,65,0.07579331737554909
35,74,0.09102769985293373
35,82,0.07990338244769574
35,135,0.09364220026748395
35,153,0.08258390146588532
35,161,0.11319067300339115
35,166,0.09011456696384137
35,195,0.10172032792299568
35,205,0.0972682885616703
35,209,0.09674394090587446
35,227,0.07672972303978705
35,277,0.09963537195857412
35,278,0.09354540404627305
35,306,0.08684815729756727
35,354,0.10655990833711358
35,367,0.07435384321995896
35,398,0.09630581947512791
35,402,0.10092085692433314
35,409,0.0958392200841838
35,414,0.0950596682631489
35,436,0.07606561367909362
35,454,0.09307874481543768
35,474,0.10226548913885909
35,492,0.11099764558728596
35,504,0.09689571501267058
35,519,0.08477560902211206
92,22,0.11495752866806992
92,42,0.11935446659267207
92,87,0.11399434471192417
92,99,0.1100426819955255
92,133,0.11334576866899859
92,141,0.12322467098755935
92,158,0.1384380952330263
92,168,0.11228505994772593
92,200,0.09898118929542275
92,234,0.11364290568720332
92,245,0.11838610859305707
92,276,0.09171648001242749
92,277,0.10928791816401344
92,278,0.10967004818177574
92,288,0.12940457860617824
92,366,0.10948173095542332
92,428,0.11340527685834606
92,456,0.11356237333988368
92,473,0.11390524236766737
92,478,0.11211588183924594
92,484,0.10892888821318493
92,511,0.1099508279623385
172,10,0.08880618117185038
172,26,0.0865258062176408
172,86,0.08722732632625754
172,135,0.08522443204380041
172,161,0.08334470599247851
172,165,0.08602892501429533
172,201,0.08252544649287503
172,209,0.08664562118976953
172,263,0.09005078091187763
172,291,0.09239678860442566
172,326,0.08374435555535184
172,345,0.08338814625544577
172,358,0.05565410143569543
172,404,0.08455356703000716
172,447,0.0869037307571529
172,456,0.0860914617223424
172,470,0.08611201448560704
172,471,0.0873933972238478
172,504,0.08569688080082855
172,505,0.08325526909986682
172,524,0.08991972243088166
199,7,0.0702199825060588
199,55,0.07414795108107072
199,70,0.1055055894197911
199,106,0.11561982114196408
199,127,0.07094435061178918
199,132,0.0711016812991978
199,139,0.07594400218877338
199,144,0.07841213413513956
199,152,0.14464353914453784
199,173,0.06989429424979007
199,203,0.07059573942700886
199,205,0.07469284221494879
199,303,0.09733293228264162
199,326,0.07207989387635641
199,368,0.09446285098563842
199,401,0.11726561896837498
199,403,0.10986852891661138
199,442,0.07104391915256472
199,447,0.07273720149871016
199,487,0.07024008228281349
354,6,0.11361159620914092
354,7,0.11764193226251318
354,10,0.12441602445194455
354,16,0.10341838155998469
354,19,0.13060535117337319
354,23,0.12089577583482478
354,26,0.143832592103296
354,34,0.12802170155356235
354,35,0.10655990833711358
354,45,0.11373389962406047
354,65,0.07349410359879308
354,74,0.09346937995461935
354,76,0.09904445230708855
354,87,0.12824808399275578
354,97,0.08365520317490623
354,98,0.08261113916631582
354,103,0.09605014419263001
354,117,0.05868502725535241
354,126,0.1222623906051607
354,127,0.1095504437443136
354,132,0.13578710934181953
354,137,0.10920363350654791
354,139,0.13837515895874045
354,144,0.07929952781257821
354,148,0.0950748792536565
354,161,0.1646613173349071
354,164,0.07830218820890217
354,165,0.12908076640059601
354,166,0.08853489344381028
354,169,0.08589541902891269
354,173,0.13843671125824922
354,195,0.12054046077827459
354,203,0.0936914354706749
354,205,0.13995525032138242
354,209,0.10834856787487158
354,224,0.10477847530367229
354,231,0.10041696903209109
354,249,0.09007739608070474
354,277,0.1379189033588323
354,278,0.1442168532017366
354,289,0.08859460128959183
354,295,0.10313028998655062
354,300,0.12113750836064588
354,301,0.11333503116404631
354,320,0.08705476939658674
354,326,0.11262317573072624
354,331,0.08780221809069273
354,334,0.07881795742651651
354,336,0.13054086800033182
354,345,0.09964036545557263
354,361,0.0766185274709818
354,398,0.1371266590390137
354,399,0.08946276405378248
354,402,0.1007295535939186
354,404,0.10469136491799291
354,407,0.12860938098179553
354,409,0.09441861102558838
354,413,0.12031725139685193
354,442,0.1254211053345262
354,449,0.11085059221694128
354,464,0.09207868430453878
354,470,0.11149160321126213
354,474,0.10667281441758318
354,487,0.10477243025058815
354,492,0.1303353060893923
354,504,0.12941916324897315
354,505,0.1325157397380878
354,523,0.0818631414503331
354,531,0.11491715234415108
463,14,0.1159790790600372
463,67,0.09177914586210348
463,94,0.12249518179543523
463,113,0.13669286423304508
463,167,0.10820318915947312
463,181,0.11666416202192867
463,190,0.12472551010199259
463,192,0.11853809866130231
463,198,0.10734729711291306
463,214,0.10220772440941915
463,215,0.13512450069280676
463,218,0.10368456671277092
463,225,0.12043310256783903
463,273,0.14737318361236032
463,340,0.10480337919070133
463,362,0.08077123429129986
463,364,0.08722985885279687
463,431,0.10167824469411123
463,434,0.12122015981249887
463,438,0.12137523987907864
463,452,0.09025995782540594
463,453,0.10823416808695573
463,472,0.14632256854554773
463,488,0.12725610613709334
463,491,0.11939076851550037
463,497,0.11828779535218663
266,2,0.07364504849724637
266,9,0.05545790556843883
266,12,0.07442650550132499
266,27,0.08367765897184841
266,89,0.07303606824235519
266,151,0.0730768868395019
266,186,0.07413760782404265
266,188,0.06879076195332123
266,191,0.07796755223613347
266,232,0.07356329700454368
266,256,0.0711009308230536
266,264,0.06860528897670488
266,305,0.07181280188829067
266,307,0.07297972708154724
266,341,0.08461856996866662
266,393,0.08479277407968101
266,444,0.07183397356003161
266,451,0.07650960781915198
266,469,0.06852440815140286
266,481,0.07367688721809347
266,493,0.07813626009229227
266,500,0.07614502801663094
266,502,0.0723897698645221
266,506,0.06339520937582231
266,525,0.0749360926271721
407,19,0.12385707437330663
407,34,0.1223889416737647
407,42,0.12291102396974453
407,45,0.10371436619523292
407,48,0.12329334166974006
407,59,0.11727646745807033
407,61,0.11924565101043054
407,87,0.11839515470784583
407,112,0.12873048652617325
407,119,0.11123103144112821
407,121,0.11483049472967759
407,173,0.11959166866908244
407,209,0.11269493796172741
407,277,0.12926911985083162
407,278,0.13312742664287489
407,298,0.11866560832400279
407,336,0.1319554539762821
407,354,0.12860938098179553
407,414,0.12320616572193915
407,437,0.12080231373391422
407,456,0.12170974308143792
407,490,0.12143584615691214
407,511,0.11883931134409574
407,526,0.12867136522019645
458,58,0.06667104606408791
458,72,0.07452072211019291
458,73,0.08519051344140643
458,81,0.08001701740288857
458,93,0.07588982501316949
458,124,0.07368479328527187
458,147,0.07674570066246905
458,163,0.08216897671676603
458,184,0.08296533759690403
458,189,0.07696740940842343
458,250,0.09914635142723797
458,324,0.05619749907176355
458,352,0.07763426895374573
458,363,0.07420699469277417
458,379,0.07413006339080731
458,396,0.07364639419137453
458,412,0.07354900439880857
458,427,0.07494324385355673
458,445,0.06625194764488627
458,481,0.07734414456415603
458,485,0.07456831657306222
458,486,0.07609573434376198
458,516,0.07748990627630177
93,38,0.08497410702290062
93,57,0.08737173735579186
93,73,0.08833044609897811
93,97,0.08431272012194524
93,101,0.07951193972623456
93,130,0.07997857725688483
93,147,0.08685506087123146
93,170,0.061394930344460676
93,171,0.09269905147588792
93,174,0.0904174053711179
93,207,0.08106407785265772
93,217,0.08541085079782111
93,253,0.07958957756195317
93,257,0.06787041057799785
93,258,0.07043888312987356
93,285,0.0723566891152062
93,294,0.0816007147472328
93,311,0.07146927954374396
93,359,0.08403483207902401
93,370,0.1037005964900218
93,379,0.08810981847921051
93,386,0.09078641350924496
93,395,0.08456262651877809
93,402,0.09387732624095846
93,411,0.08333163971162302
93,415,0.0892355399780285
93,426,0.08798615077464594
93,427,0.09470795715208033
93,441,0.0802973160451507
93,458,0.07588982501316949
93,460,0.08598592848252813
93,464,0.08459932071302
93,494,0.09865629388703291
93,517,0.08784203044170825
109,3,0.07457501458479839
109,37,0.07404512692081272
109,72,0.07338493410530031
109,100,0.07552744119663785
109,101,0.08169198061009937
109,116,0.07206636786071541
109,125,0.07546109686420874
109,163,0.09301384423715585
109,171,0.0723921520960944
109,184,0.07770222709167018
109,302,0.07259291989374418
109,333,0.055564933568787236
109,339,0.07637894057929207
109,341,0.0785163346054852
109,347,0.07810520195731809
109,355,0.07136438849822373
109,370,0.0798431944617776
109,397,0.07899115392506151
109,408,0.07021429920333429
109,440,0.07849751416071922
109,503,0.08242086007040932
109,515,0.07521407478062735
109,518,0.07589498108573761
118,7,0.07731991754834834
118,40,0.07481561364114278
118,60,0.07071699214375077
118,65,0.07235270309468231
118,81,0.07442448548491055
118,124,0.07299541650245694
118,137,0.07233663703414508
118,140,0.07227535206876683
118,169,0.07275810584340701
118,170,0.06069794617418607
118,177,0.08082126259110485
118,216,0.07375766518475631
118,217,0.07275619845901131
118,254,0.08014301990572098
118,310,0.07332406373861135
118,320,0.07498084826578594
118,339,0.0742293205885367
118,359,0.08256407135986409
118,374,0.07423333158113472
118,413,0.07579852043807614
118,440,0.07237613553336403
118,476,0.07402129026982027
234,8,0.12031115438537064
234,21,0.11898557676884494
234,42,0.12979712133977858
234,48,0.1270656972328067
234,82,0.07650076858424414
234,92,0.11364290568720332
234,110,0.11832444121168731
234,111,0.12722879894736608
234,119,0.1248853273759923
234,121,0.11786837782018014
234,148,0.09569405814970583
234,197,0.12426891301941259
234,200,0.10198981577269908
234,241,0.10516595196243314
234,245,0.12018362243764848
234,276,0.11053213355691947
234,277,0.13648162788320972
234,278,0.11831921362376026
234,317,0.1108011133282468
234,337,0.13252474169492154
234,371,0.12944344026409949
234,385,0.12508615930200262
234,425,0.12570500417478114
234,428,0.14062064391029702
234,437,0.13627325616809122
234,456,0.14224738142564614
234,478,0.12067836608807442
234,501,0.11989613442106703
234,529,0.11230962694334644
436,35,0.07606561367909362
436,60,0.07219200798867957
436,136,0.06108496426907196
436,163,0.07314627863839376
436,166,0.07571615918260656
436,179,0.07694628748299788
436,194,0.08250043760454902
436,195,0.07926909406886924
436,204,0.08071074935589667
436,206,0.09100388529108137
436,216,0.07327381419160804
436,217,0.07278986276090949
436,243,0.0668705561715843
436,249,0.07321462878013707
436,250,0.07400167566646272
436,274,0.0819724120047004
436,279,0.07270764645293026
436,367,0.07498318148862992
436,395,0.09510005918682336
436,419,0.0673126189465961
436,440,0.07405042711196774
436,455,0.08863883305846862
436,462,0.0740208482286947
436,474,0.07473502421409214
185,15,0.08065773271389112
185,39,0.07120417339398
185,46,0.07982895950460886
185,73,0.0716619472174164
185,124,0.06947074544742513
185,137,0.07068863676912904
185,156,0.06918918855592393
185,163,0.07182153796529783
185,177,0.07550013646326677
185,194,0.0710575478656808
185,224,0.07009374598013314
185,296,0.0708181995536512
185,308,0.0745521155371615
185,339,0.06953871386091932
185,396,0.0690858499174564
185,426,0.07022025456170579
185,466,0.07131652083423672
185,468,0.07043149444811801
185,476,0.07185552306715483
185,485,0.06933928029241952
185,508,0.06660785565642217
364,94,0.07068306166882939
364,113,0.10270672498135343
364,142,0.06985746692969491
364,190,0.09312870957462241
364,192,0.08718655303032032
364,215,0.07497009636347947
364,218,0.07194244180361356
364,225,0.07707684119256573
364,273,0.0735467817891823
364,340,0.07414486620053878
364,362,0.08557481654869317
364,431,0.08929980146187187
364,438,0.09739916340118746
364,452,0.13337113086608057
364,453,0.07031404516446682
364,463,0.08722985885279687
364,472,0.07959649611003322
364,488,0.08795077568614634
364,491,0.07335113190067606
364,497,0.07522567993772714
470,7,0.10598149607449932
470,21,0.10378415411204252
470,26,0.10533519409539166
470,52,0.07355040207420793
470,59,0.1040329872874337
470,74,0.08527684218319945
470,76,0.09819742974868474
470,97,0.08651039221940734
470,103,0.1089857506639524
470,126,0.11233358147197813
470,131,0.0775783829088607
470,137,0.11374113744526382
470,148,0.10239159952004748
470,161,0.12339198179932845
470,165,0.119004879231707
470,172,0.08611201448560704
470,201,0.10671726504602505
470,205,0.11838420697680346
470,212,0.1099601922926945
470,255,0.09281658784558237
470,275,0.06950971043473621
470,291,0.098112157677184
470,331,0.08777290012472092
470,337,0.10467070033178198
470,354,0.11149160321126213
470,361,0.07316177900688166
470,378,0.09220269332727092
470,396,0.08600893655544009
470,401,0.07588114142306672
470,409,0.08423408886685371
470,415,0.10624977448669108
470,439,0.10531084237696102
470,447,0.08610594000404174
470,454,0.10094999161125018
470,471,0.08279396235539066
470,474,0.10431421043971502
470,482,0.07305118707130738
470,492,0.11430039283080884
470,504,0.10790043780969984
470,505,0.10601496593950513
5,41,0.07122744814659808
5,49,0.07067154020796586
5,73,0.06779394048229576
5,81,0.0718749872416292
5,115,0.06533294655946582
5,124,0.06875692088146006
5,138,0.06587375857170097
5,146,0.07049253115826477
5,184,0.0672671296955549
5,196,0.06808918292891218
5,248,0.06824260122494312
5,343,0.06463541081775838
5,353,0.07608892194326786
5,396,0.06546727769746477
5,416,0.0648274271542295
5,418,0.06683643524428604
5,466,0.0653710014282925
5,486,0.06636894891888188
5,515,0.06753088110254289
5,516,0.06608508129907208
13,3,0.07926513629052656
13,7,0.07953976840751602
13,37,0.07572627247700137
13,39,0.07561371002963446
13,41,0.0845421978343914
13,46,0.07880832968129033
13,72,0.07614679713073495
13,81,0.09227640374168683
13,86,0.0810919802669654
13,124,0.07993708197352202
13,125,0.08646484544792944
13,140,0.0868763748546524
13,155,0.07951586929834818
13,194,0.08000021320838661
13,254,0.07847751198162019
13,262,0.07186006844645985
13,283,0.07953557438332928
13,314,0.0521717794706327
13,322,0.06318275587789263
13,333,0.058172134024173885
13,339,0.08976941843625244
13,341,0.08818829618740966
13,408,0.0730621524904675
13,419,0.06861453747741107
13,422,0.0845475380738046
13,424,0.07944111600138398
13,426,0.08551687148311607
13,513,0.07861652719088867
13,516,0.07996240997286558
117,7,0.06079567428494928
117,28,0.05897330217687919
117,80,0.058759433014205595
117,91,0.059291816695559316
117,107,0.05939000310836037
117,205,0.06175832862716195
117,213,0.06002540562695415
117,231,0.06111041607733953
117,275,0.060655368316128146
117,300,0.06037192432016757
117,307,0.06120948819864349
117,320,0.06098194718175866
117,331,0.059883245002881544
117,341,0.05958770285194542
117,346,0.0586106945751899
117,354,0.05868502725535241
117,359,0.06595394980984426
117,413,0.0636633672557389
117,449,0.059020837331812584
117,474,0.05855571933608838
297,19,0.115870164298101
297,21,0.10952736233903718
297,51,0.0931616995624995
297,76,0.10485538590173828
297,112,0.11168296401151424
297,148,0.09765033828345539
297,165,0.11577151627421829
297,182,0.11161621081288155
297,201,0.10874025507383074
297,244,0.1362691695906997
297,272,0.11138655517005529
297,277,0.1111628547236058
297,291,0.09959561625159613
297,344,0.09098016195721094
297,389,0.11345956721681957
297,394,0.11852171358811128
297,398,0.11320640816793788
297,414,0.11084730468997296
297,415,0.10301934979197051
297,425,0.11455278149647768
297,428,0.11958980501712567
297,446,0.09765223317478716
297,456,0.11095790435882275
297,471,0.08565898147901867
297,483,0.10919758499172844
297,490,0.1127852800610578
297,492,0.10956948739861161
297,526,0.11598811097757099
483,42,0.13129484652322845
483,44,0.12617295473160478
483,48,0.1251711245344473
483,56,0.12285045403198362
483,61,0.142248093034178
483,78,0.13547255151144819
483,88,0.09461678482627604
483,95,0.11195662243229049
483,104,0.11892467431457275
483,108,0.126586734008973
483,111,0.13514012543668596
483,112,0.16289430566918484
483,121,0.11656411353881414
483,126,0.13458428889377066
483,141,0.11982678470194809
483,159,0.13139112547080498
483,160,0.12696051422308516
483,164,0.07630929130277103
483,182,0.14134884811728674
483,197,0.13155730602954802
483,201,0.14066518017101912
483,209,0.10727643821822178
483,241,0.1152741603683653
483,242,0.10850523735790807
483,244,0.1349466979611946
483,261,0.11390968219641905
483,277,0.14664704298169706
483,297,0.10919758499172844
483,350,0.09940743307767885
483,366,0.14067015005840078
483,389,0.15754311740986218
483,394,0.13590194224611996
483,398,0.13619768272629534
483,428,0.15103302176130562
483,446,0.1038175732287148
483,450,0.13115991937214042
483,456,0.1474612329571962
483,484,0.13665366689652206
483,492,0.14098140670404577
483,509,0.12036470680942007
483,511,0.13517663769515573
483,526,0.14064793212241794
526,8,0.13688296886866766
526,19,0.1625900608366246
526,21,0.13823922396788996
526,44,0.1300152962968079
526,48,0.1336972117225794
526,59,0.14032246777310972
526,61,0.1365543680012132
526,83,0.1116287780162793
526,102,0.12809972519881596
526,110,0.1398802084472539
526,112,0.1493299616865185
526,123,0.11885694339875673
526,158,0.13216232713889642
526,197,0.14272236754915935
526,212,0.1265479205042573
526,241,0.11192984422793074
526,244,0.15427035945122317
526,251,0.09859220938480863
526,277,0.163393708058795
526,297,0.11598811097757099
526,304,0.14392409623253308
526,317,0.11089498140107483
526,328,0.1033540148967517
526,366,0.14373658877624426
526,372,0.1566470939277056
526,389,0.1329069567954489
526,392,0.13763465776372083
526,394,0.14509579972503506
526,407,0.12867136522019645
526,420,0.138342302346377
526,428,0.1682730224899194
526,437,0.15292781074055903
526,461,0.14249218304744388
526,473,0.14323814265577334
526,483,0.14064793212241794
526,490,0.14105399609103245
526,501,0.12628549682587487
210,30,0.07277406008346066
210,39,0.07618267547066303
210,47,0.07290651126906506
210,90,0.08237682239277881
210,124,0.0712146048381663
210,129,0.06849728809957727
210,196,0.08918445472974576
210,249,0.07020173111177835
210,263,0.07564790634766363
210,274,0.07381050755152138
210,302,0.07274703110336415
210,339,0.07690876151462046
210,343,0.07689401049669932
210,345,0.07102886211208184
210,432,0.07174435307229578
210,444,0.07277092944256079
210,465,0.07925373687248657
210,466,0.07098429814282302
210,480,0.07522972700600229
210,503,0.07169194139364941
210,518,0.07422579580251129
307,7,0.08810006607391829
307,26,0.0858241342562851
307,27,0.06700494481820095
307,79,0.09114756747765917
307,117,0.06120948819864349
307,151,0.09843037719073038
307,183,0.09036761293002976
307,205,0.08747755315541911
307,213,0.10438951661395476
307,225,0.0865969701281664
307,229,0.08861441455954981
307,266,0.07297972708154724
307,280,0.08700444114957949
307,300,0.08774160294790759
307,310,0.09484316767384363
307,374,0.08836872711605523
307,387,0.08961398728406071
307,410,0.09441088712936897
307,413,0.09723454137844517
307,442,0.09343074666384056
307,443,0.09041674911861856
307,453,0.08769026434301379
307,493,0.07393357786710679
307,496,0.08296158952514116
307,504,0.10327830932201648
406,2,0.08448384247519118
406,15,0.08678802869372962
406,43,0.08809619544081691
406,52,0.07264310991491833
406,66,0.08096167034650421
406,85,0.07694417183051831
406,115,0.07465524553466937
406,116,0.08665033999460146
406,128,0.07655968498911618
406,166,0.08410426882924632
406,187,0.076355846191068
406,194,0.08638691258558152
406,222,0.08648964798293533
406,223,0.08020629422095041
406,285,0.07743416381338751
406,286,0.08292113643786574
406,290,0.07784428257576209
406,299,0.0957344176637793
406,305,0.09111385802611509
406,357,0.08834298243103623
406,367,0.08259236313813016
406,369,0.08478480137112156
406,370,0.08933103546282974
406,377,0.07901220380829274
406,395,0.09708634777832263
406,440,0.08155221015860516
406,441,0.07913823027694754
406,462,0.0730871150520712
406,464,0.10203619874046482
406,480,0.07881210326161858
406,481,0.08214339582559733
406,514,0.09075613699420441
409,23,0.09668434119134996
409,26,0.0862012145614361
409,35,0.0958392200841838
409,40,0.08092504484075795
409,62,0.07546098300083617
409,74,0.08852799472860377
409,137,0.08948330452002295
409,161,0.09177586504143918
409,165,0.08801498473677055
409,166,0.08488737635164331
409,195,0.08807425399788278
409,219,0.08191607727720121
409,224,0.09943483826855803
409,240,0.08455137938621196
409,284,0.08434823735062043
409,289,0.09573818877628283
409,319,0.08729359264777387
409,354,0.09441861102558838
409,402,0.08991129292921461
409,468,0.0745314966476125
409,470,0.08423408886685371
409,476,0.08457259173865787
409,492,0.08737668535827407
409,517,0.08268465802911235
409,519,0.08734930106550232
51,26,0.09487411136195725
51,104,0.10020248933607433
51,106,0.07543575554664304
51,112,0.09511243816836668
51,126,0.09670785492125053
51,165,0.098031720295895
51,182,0.09487603724897309
51,201,0.11161233490916019
51,209,0.09418695185435322
51,244,0.09854242096530817
51,269,0.08398718059781271
51,277,0.09433508036839724
51,280,0.09510589389017961
51,297,0.0931616995624995
51,304,0.09356584024457064
51,320,0.09056429746557385
51,325,0.0903716223466069
51,336,0.09374906595501344
51,361,0.0715481021302427
51,368,0.0901996276603306
51,389,0.09865941739359715
51,401,0.0743432628251592
51,414,0.10097012761368263
51,456,0.09648594831864896
51,471,0.09432293792419855
51,492,0.09426839772464042
51,505,0.10149864901381203
55,8,0.098913008169534
55,19,0.11477325339055201
55,21,0.11004013758212527
55,34,0.11200346405626022
55,44,0.09642138664324483
55,83,0.09988256196430816
55,87,0.11841115156675537
55,99,0.1005240887053647
55,133,0.09895122080041804
55,158,0.10324701946719261
55,197,0.10277530159849844
55,199,0.07414795108107072
55,244,0.10297568097549058
55,277,0.10611004573403152
55,278,0.1125681405477089
55,288,0.1036310245523762
55,403,0.10072470147872589
55,420,0.10075413249487557
55,428,0.09654826855846253
55,473,0.11353106859581319
55,478,0.09635523652591009
153,24,0.08186224854439544
153,35,0.08258390146588532
153,46,0.07994110573729797
153,52,0.07382004854551724
153,124,0.08154424811562266
153,150,0.08167493869261577
153,166,0.08285158420062828
153,194,0.08502587612955266
153,216,0.08011884625261637
153,238,0.08329054390643792
153,289,0.0797516469528243
153,305,0.09188604340973439
153,306,0.08161181273815123
153,323,0.08056179890330423
153,339,0.08295315227981738
153,381,0.06660707814153101
153,395,0.08153800331222016
153,460,0.0857502023933261
153,475,0.1024431286338861
153,486,0.08065574782499008
153,504,0.08143683340580928
153,514,0.08602323050749293
153,530,0.05646420163432225
153,532,0.06113776844754734
272,11,0.11515123390024593
272,53,0.11178727002028153
272,78,0.11831170838045617
272,82,0.07809907470111016
272,95,0.11117478992195155
272,108,0.13109926166736924
272,112,0.11990023870251193
272,126,0.12378544739938224
272,165,0.1303951881677412
272,201,0.1277910262680851
272,205,0.11813811690093759
272,229,0.1187381018332975
272,244,0.11522948286976623
272,280,0.12021577273252786
272,297,0.11138655517005529
272,300,0.11849080817246568
272,371,0.12576891658495945
272,394,0.1199114586698754
272,414,0.1567630898163614
272,428,0.11553210041245332
272,442,0.12362033543031666
272,449,0.13211008586721648
272,490,0.1249188578367061
272,504,0.12367957615034192
152,70,0.11980859611381993
152,99,0.07964149562441275
152,106,0.10412093943372741
152,127,0.08092659746275907
152,139,0.0830032724938873
152,144,0.08591825794994547
152,165,0.082234670261754
152,173,0.08161454208818104
152,199,0.14464353914453784
152,205,0.08712302253129907
152,229,0.08185945926990597
152,303,0.11707066704665929
152,315,0.08033185460106448
152,368,0.09799789025294268
152,401,0.11312246128143612
152,403,0.1201012083837763
152,430,0.08113055472057573
152,442,0.07991935233606991
152,447,0.0802826849106833
152,505,0.08389885019958081
184,5,0.0672671296955549
184,25,0.08151049458107006
184,37,0.07123165285302335
184,41,0.08960263541599356
184,73,0.09037852800413083
184,86,0.08785449101969814
184,90,0.09710922205100624
184,101,0.0764240918452655
184,109,0.07770222709167018
184,124,0.10049736502426737
184,129,0.07130285201409033
184,143,0.05412956134527411
184,154,0.08241682441151256
184,157,0.07628827442658083
184,163,0.09637562840754539
184,171,0.0865254489897625
184,196,0.08439232229803158
184,208,0.08592157386135273
184,233,0.08071109794581928
184,249,0.09213005540339773
184,262,0.06876041895329034
184,263,0.09373590284353675
184,269,0.08582813821683624
184,283,0.08473465758873372
184,293,0.07228128937770681
184,324,0.05586282641428053
184,338,0.07893358421573478
184,351,0.07215808315786067
184,352,0.09496782762565936
184,355,0.07329361821291892
184,358,0.05800344246133242
184,383,0.07665987479286777
184,412,0.0752397958749113
184,416,0.06754328148159834
184,417,0.08447458856664489
184,427,0.09140772801928214
184,432,0.08589917370129699
184,435,0.07291043850988066
184,444,0.09230173874680973
184,457,0.07524618988486662
184,458,0.08296533759690403
184,464,0.08480076772380434
184,465,0.0920447394786274
184,481,0.08815522293665207
184,495,0.07993360325155528
184,500,0.07323299620948467
184,515,0.08539497639362068
184,518,0.0845261664889131
190,14,0.10008014173196296
190,94,0.11203271377608795
190,113,0.11532210465896583
190,142,0.10325830768240482
190,167,0.08820979876854765
190,181,0.09795624701519288
190,192,0.12507059061847317
190,198,0.09673198595122534
190,215,0.11109596877473876
190,218,0.10121765607910062
190,225,0.11925067282111314
190,273,0.10570745597382754
190,362,0.08526166539538374
190,364,0.09312870957462241
190,387,0.09973192463928986
190,431,0.11391407091861265
190,438,0.12524882134337026
190,452,0.08173869702584965
190,453,0.10243219170433593
190,463,0.12472551010199259
190,472,0.15336830007634145
190,488,0.135713718556795
190,491,0.11010926242729213
190,497,0.1154715420614671
